COD_RG;COD_PRES;AA_SDO;PROG_SDO;AA_DIM;COD_AZI;COM_RES;dt_amm;dt_dim;COD_DISD;DRG_RG;TIPO_DRG;ETA;ETA_GG;GG_DEG;GG_DEGOP;MOD_DIM;MPR;NEO_TRASF;COD_PAT1;FLAG_PAT;PESO_GR;PROV_RES;REGIME_R;RG_RES;SEX;SUB_COD;PROG_PAZ;patol2;patol3;patol4;patol5;patol6;interv1;interv2;interv3;interv4;interv5;interv6;interv7;interv8;interv9;interv10;interv11;ospedale;dt_nasc;dt_decesso;cohort;cedap_linked
190;190301;2023;19772683;2023;190201;035033;10/12/2023;14/12/2023;062;389;M;0;0;4;3;002;NA;NA;7756;005;3080;035;001;080;M;190301;28323340;77981;V3001;NA;NA;NA;8952;8872;NA;NA;NA;NA;NA;NA;NA;NA;NA;NON DEFINITO;NA;NA;NA;0
190;190301;2023;19772669;2023;190201;036040;26/05/2023;28/05/2023;031;391;M;0;0;2;2;002;NA;NA;V3000;005;3650;036;001;080;M;190301;28323340;V298;NA;NA;NA;NA;8872;8952;NA;NA;NA;NA;NA;NA;NA;NA;NA;NON DEFINITO;NA;NA;NA;0
190;190301;2023;19772671;2023;190201;034027;16/07/2023;18/07/2023;031;391;M;0;0;2;NA;002;NA;NA;V3000;005;3010;034;001;080;M;190301;28323340;NA;NA;NA;NA;NA;NA;NA;NA;NA;NA;NA;NA;NA;NA;NA;NA;NON DEFINITO;NA;NA;NA;0
190;190922;2023;19773006;2023;190922;033032;21/10/2023;25/10/2023;031;391;M;0;0;4;0;002;NA;NA;V3001;005;3970;033;001;080;M;19092204;28323340;NA;NA;NA;NA;NA;897;NA;NA;NA;NA;NA;NA;NA;NA;NA;NA;NON DEFINITO;NA;NA;NA;0
130;130001;2023;19762207;2023;130201;037006;22/01/2023;26/01/2023;031;391;M;0;0;4;NA;002;NA;NA;V3000;00;3416;037;001;080;F;130001;28323340;NA;NA;NA;NA;NA;NA;9549;NA;NA;NA;NA;NA;NA;NA;NA;NA;NON DEFINITO;NA;NA;NA;0
190;190345;2023;19772912;2023;190208;037006;04/07/2023;06/07/2023;031;391;M;0;0;2;1;002;NA;NA;V3000;005;3755;037;001;080;M;190345;28323340;NA;NA;NA;NA;NA;9541;9509;NA;NA;NA;NA;NA;NA;NA;NA;NA;NON DEFINITO;NA;NA;NA;0
190;190923;2023;19773017;2023;190923;039013;28/07/2023;31/07/2023;031;391;M;0;0;3;NA;002;NA;NA;V3000;005;2970;039;001;080;M;19092301;28323340;NA;NA;NA;NA;NA;NA;NA;NA;NA;NA;NA;NA;NA;NA;NA;NA;NON DEFINITO;NA;NA;NA;0
190;190925;2023;19773077;2023;190925;033032;08/09/2023;10/09/2023;031;391;M;0;0;2;NA;002;NA;NA;V3000;005;2540;033;001;080;F;190925;28323340;NA;NA;NA;NA;NA;NA;NA;NA;NA;NA;NA;NA;NA;NA;NA;NA;NON DEFINITO;NA;NA;NA;0
190;190923;2023;19773029;2023;190923;037006;01/02/2023;08/02/2023;062;386;M;0;0;7;7;002;NA;NA;769;005;2870;037;001;080;M;19092304;28323340;V3001;77189;76528;NA;NA;9390;9059;8966;9921;8871;8872;NA;NA;NA;NA;NA;NON DEFINITO;NA;NA;NA;0
190;190317;2023;19772736;2023;190203;036023;04/01/2023;08/01/2023;031;391;M;0;0;4;0;002;NA;NA;V3001;005;3370;036;001;080;M;190317;28323340;NA;NA;NA;NA;NA;9059;NA;NA;NA;NA;NA;NA;NA;NA;NA;NA;NON DEFINITO;NA;NA;NA;0
190;190301;2023;19772684;2023;190201;038008;20/12/2023;22/12/2023;031;391;M;0;0;2;NA;002;NA;NA;V3000;005;3370;038;001;080;F;190301;28323340;NA;NA;NA;NA;NA;NA;NA;NA;NA;NA;NA;NA;NA;NA;NA;NA;NON DEFINITO;NA;NA;NA;0
190;190306;2023;19772701;2023;190202;040007;13/06/2023;16/06/2023;031;391;M;0;0;3;1;002;NA;NA;V3001;005;3000;040;001;080;M;190306;28323340;NA;NA;NA;NA;NA;1621;9547;NA;NA;NA;NA;NA;NA;NA;NA;NA;NON DEFINITO;NA;NA;NA;0
190;190922;2023;19773009;2023;190922;036005;17/11/2023;20/11/2023;031;391;M;0;0;3;0;002;NA;NA;V3000;005;3070;036;001;080;M;19092204;28323340;V298;NA;NA;NA;NA;897;9059;NA;NA;NA;NA;NA;NA;NA;NA;NA;NON DEFINITO;NA;NA;NA;0
190;190925;2023;19773063;2023;190925;037024;09/01/2023;12/01/2023;062;389;M;0;0;3;0;002;NA;NA;7756;005;2240;037;001;080;F;190925;28323340;7608;V7184;V3001;NA;NA;9033;8966;9929;9059;NA;NA;NA;NA;NA;NA;NA;NON DEFINITO;NA;NA;NA;0
190;190923;2023;19773043;2023;190923;034027;28/07/2023;31/07/2023;031;391;M;0;0;3;3;005;NA;NA;V3000;005;3530;034;001;080;F;19092304;28323340;NA;NA;NA;NA;NA;9509;NA;NA;NA;NA;NA;NA;NA;NA;NA;NA;NON DEFINITO;NA;NA;NA;0
190;190925;2023;19773073;2023;190925;036023;27/05/2023;08/08/2023;062;386;M;0;0;73;0;002;NA;NA;769;005;1220;036;001;080;M;190925;28323340;76514;75261;7455;7742;7766;9671;8744;3892;9915;8871;9983;NA;NA;NA;NA;NA;NON DEFINITO;NA;NA;NA;0
190;190345;2023;19772914;2023;190208;037006;05/08/2023;08/08/2023;031;391;M;0;0;3;2;002;NA;NA;V3001;005;3150;037;001;080;F;190345;28323340;NA;NA;NA;NA;NA;9541;9509;NA;NA;NA;NA;NA;NA;NA;NA;NA;NON DEFINITO;NA;NA;NA;0
190;190301;2023;19772678;2023;190201;036002;07/09/2023;09/09/2023;031;391;M;0;0;2;NA;002;NA;NA;V3000;005;3620;036;001;080;M;190301;28323340;NA;NA;NA;NA;NA;NA;NA;NA;NA;NA;NA;NA;NA;NA;NA;NA;NON DEFINITO;NA;NA;NA;0
190;190345;2023;19772916;2023;190208;037006;22/10/2023;25/10/2023;062;391;M;0;0;3;2;002;NA;NA;76408;005;2410;037;001;080;F;190345;28323340;NA;NA;NA;NA;NA;9509;9541;8871;9059;NA;NA;NA;NA;NA;NA;NA;NON DEFINITO;NA;NA;NA;0
130;130014;2023;19762515;2023;130204;037006;13/05/2023;15/05/2023;031;391;M;0;0;2;NA;002;NA;NA;76529;00;3535;037;001;080;F;130014;28323340;V3001;NA;NA;NA;NA;NA;NA;NA;NA;NA;NA;NA;NA;NA;NA;NA;NON DEFINITO;NA;NA;NA;0
190;190923;2023;19773038;2023;190923;038008;22/06/2023;25/06/2023;031;391;M;0;0;3;3;002;NA;NA;V3000;005;3640;038;001;080;M;19092304;28323340;NA;NA;NA;NA;NA;9547;9509;NA;NA;NA;NA;NA;NA;NA;NA;NA;NON DEFINITO;NA;NA;NA;0
190;190328;2023;19772787;2023;190205;099014;30/01/2023;02/02/2023;031;391;M;0;0;3;3;002;NA;NA;V3000;005;3650;099;001;080;F;190328;28323340;NA;NA;NA;NA;NA;9547;9503;NA;NA;NA;NA;NA;NA;NA;NA;NA;NON DEFINITO;NA;NA;NA;0
080;080902;2023;557366;2023;080902;002158;06/02/2023;07/02/2023;010;284;M;0;313;1;NA;002;NA;NA;7014;005;NA;002;001;010;M;080902;31285914;NA;NA;NA;NA;NA;9929;NA;NA;NA;NA;NA;NA;NA;NA;NA;NA;AOSPU OSPEDALI RIUNITI - PR;NA;NA;NA;0
080;080909;2023;3318;2023;080909;029033;17/02/2023;20/02/2023;039;087;M;0;295;3;NA;002;NA;NA;51881;005;NA;029;001;050;F;080909;31286938;51911;NA;NA;NA;NA;9396;3899;9059;9032;9394;8903;8959;NA;NA;NA;NA;AOSPU ARCISPEDALE S.ANNA - FE;NA;NA;NA;0
080;080960;2023;6571;2023;080960;026046;03/05/2023;05/06/2023;036;212;C;0;283;33;21;002;7985;NA;75430;005;NA;026;001;050;F;080960;31382920;75431;NA;NA;NA;NA;9321;7985;7985;7985;NA;NA;NA;NA;NA;NA;NA;IRCCS - ISTITUTO ORTOPEDICO RIZZOLI;NA;NA;NA;0
080;080960;2023;10318;2023;080960;026046;10/07/2023;13/07/2023;036;467;M;0;351;3;NA;002;NA;NA;V641;005;NA;026;001;050;F;080960;31382920;75431;NA;NA;NA;NA;8908;NA;NA;NA;NA;NA;NA;NA;NA;NA;NA;IRCCS - ISTITUTO ORTOPEDICO RIZZOLI;NA;NA;NA;0
080;080908;2023;510963;2023;080908;026046;07/03/2023;09/03/2023;039;256;M;0;226;2;NA;002;NA;NA;7569;005;NA;026;001;050;F;080908;31382920;78342;NA;NA;NA;NA;8891;8876;8872;8913;8891;8952;9926;NA;NA;NA;NA;IRCCS AOU BOLOGNA;NA;NA;NA;0
080;080908;2023;511768;2023;080908;089017;13/03/2023;29/05/2023;049;541;C;0;214;77;16;001;3965;NA;7453;005;NA;089;001;190;M;080908;31404660;99859;04111;5185;9975;NA;3965;3957;3961;3921;390;3834;3598;3799;390;3799;7851;IRCCS AOU BOLOGNA;NA;NA;NA;0
080;080908;2023;507102;2023;080908;089017;13/02/2023;01/03/2023;008;125;M;0;186;16;NA;002;NA;NA;7467;005;NA;089;001;190;M;080908;31404660;0090;NA;NA;NA;NA;3723;8872;8843;9929;NA;NA;NA;NA;NA;NA;NA;IRCCS AOU BOLOGNA;NA;NA;NA;0
080;080908;2023;505427;2023;080908;068041;02/02/2023;03/03/2023;011;108;C;0;189;29;11;002;3562;NA;74511;005;NA;068;001;130;M;080908;31407696;55010;75261;99859;7454;NA;3562;3961;3962;3963;8749;9053;9918;8904;8876;5302;9921;IRCCS AOU BOLOGNA;NA;NA;NA;0
080;080960;2023;1904;2023;080960;070046;07/02/2023;09/02/2023;036;256;M;0;202;2;NA;002;NA;NA;75430;005;NA;070;001;140;F;080960;31416524;NA;NA;NA;NA;NA;9304;8827;8879;NA;NA;NA;NA;NA;NA;NA;NA;IRCCS - ISTITUTO ORTOPEDICO RIZZOLI;NA;NA;NA;0
080;080960;2023;4491;2023;080960;070046;23/03/2023;25/03/2023;036;256;M;0;246;2;NA;002;NA;NA;75430;005;NA;070;001;140;F;080960;31416524;NA;NA;NA;NA;NA;9323;9324;NA;NA;NA;NA;NA;NA;NA;NA;NA;IRCCS - ISTITUTO ORTOPEDICO RIZZOLI;NA;NA;NA;0
080;080960;2023;30;2023;080960;070046;02/01/2023;05/01/2023;036;256;M;0;166;3;NA;002;NA;NA;75435;005;NA;070;001;140;F;080960;31416524;NA;NA;NA;NA;NA;7975;NA;NA;NA;NA;NA;NA;NA;NA;NA;NA;IRCCS - ISTITUTO ORTOPEDICO RIZZOLI;NA;NA;NA;0
080;080908;2023;500477;2023;080908;070046;04/01/2023;04/01/2023;011;466;M;0;168;1;NA;006;NA;NA;V5881;005;NA;070;001;140;F;080908;31416524;NA;NA;NA;NA;NA;8904;9918;897;8904;9789;NA;NA;NA;NA;NA;NA;IRCCS AOU BOLOGNA;NA;NA;NA;0
080;080095;2023;6145;2023;080114;041048;28/02/2023;01/03/2023;062;389;M;0;205;1;NA;002;NA;NA;7711;005;NA;041;001;110;F;08009501;31417284;7421;NA;NA;NA;NA;8891;8703;9926;897;9059;9032;3893;NA;NA;NA;NA;OSPEDALE RIMINI;NA;NA;NA;0
080;080153;2023;777158;2023;080105;999201;10/04/2023;10/04/2023;076;256;M;0;258;1;NA;007;NA;NA;7560;005;NA;999;001;201;M;080153;31418914;NA;NA;NA;NA;NA;8903;897;NA;NA;NA;NA;NA;NA;NA;NA;NA;IRCCS SCIENZE NEUROLOGICHE BO;NA;NA;NA;0
080;080908;2023;516317;2023;080908;999201;10/04/2023;15/04/2023;039;233;C;0;258;5;1;002;0201;NA;7560;005;NA;999;001;201;M;080908;31418914;2851;NA;NA;NA;NA;0201;0203;0204;9929;8744;9926;8961;9904;9921;NA;NA;IRCCS AOU BOLOGNA;NA;NA;NA;0
080;080004;2023;12080;2023;080101;098047;22/05/2023;23/05/2023;039;026;M;0;286;1;NA;002;NA;NA;78039;005;NA;098;001;030;F;08000401;31421205;8500;NA;NA;NA;NA;8914;8703;8913;NA;NA;NA;NA;NA;NA;NA;NA;OSPEDALE PIACENZA;NA;NA;NA;0
080;080902;2023;30145;2023;080902;020043;10/04/2023;12/04/2023;039;184;M;0;264;2;NA;002;NA;NA;00862;005;NA;020;001;030;M;080902;31422268;4789;NA;NA;NA;NA;9033;9039;9132;3899;9921;8903;3894;9394;8939;897;9918;AOSPU OSPEDALI RIUNITI - PR;NA;NA;NA;0
080;080902;2023;10903;2023;080902;019021;08/02/2023;10/02/2023;039;098;M;0;177;2;NA;002;NA;NA;46619;005;NA;019;001;030;M;080902;31422829;51884;NA;NA;NA;NA;9039;8939;897;8903;9396;9394;9039;NA;NA;NA;NA;AOSPU OSPEDALI RIUNITI - PR;NA;NA;NA;0
080;080902;2023;557851;2023;080902;074001;07/02/2023;14/02/2023;010;052;C;0;227;7;1;002;2754;NA;74901;005;NA;074;001;160;F;080902;31429566;NA;NA;NA;NA;NA;2762;2754;NA;NA;NA;NA;NA;NA;NA;NA;NA;AOSPU OSPEDALI RIUNITI - PR;NA;NA;NA;0
080;080909;2023;14855;2023;080909;029022;04/08/2023;06/08/2023;039;298;M;0;332;2;NA;002;NA;NA;27651;005;NA;029;001;050;F;080909;31429798;0091;NA;NA;NA;NA;8903;9918;3899;9059;9382;8959;9032;NA;NA;NA;NA;AOSPU ARCISPEDALE S.ANNA - FE;NA;NA;NA;0
080;080908;2023;501419;2023;080908;098011;10/01/2023;11/01/2023;049;256;M;0;156;1;NA;006;NA;NA;7560;005;NA;098;001;030;F;080908;31440358;2851;33818;NA;NA;NA;9904;9926;9921;9904;NA;NA;NA;NA;NA;NA;NA;IRCCS AOU BOLOGNA;NA;NA;NA;0
080;080153;2023;777015;2023;080105;098011;11/01/2023;14/01/2023;076;256;M;0;157;3;NA;002;NA;NA;7560;005;NA;098;001;030;F;080153;31440358;33818;NA;NA;NA;NA;9357;NA;NA;NA;NA;NA;NA;NA;NA;NA;NA;IRCCS SCIENZE NEUROLOGICHE BO;NA;NA;NA;0
080;080153;2023;777013;2023;080105;098011;09/01/2023;10/01/2023;076;234;C;0;155;1;1;006;0204;NA;7560;005;NA;098;001;030;F;080153;31440358;NA;NA;NA;NA;NA;0204;0206;0124;NA;NA;NA;NA;NA;NA;NA;NA;IRCCS SCIENZE NEUROLOGICHE BO;NA;NA;NA;0
080;080960;2023;1672;2023;080960;999201;02/02/2023;04/02/2023;036;225;C;0;178;2;1;002;8311;NA;75470;005;NA;999;001;201;M;080960;31448883;NA;NA;NA;NA;NA;8311;9354;NA;NA;NA;NA;NA;NA;NA;NA;NA;IRCCS - ISTITUTO ORTOPEDICO RIZZOLI;NA;NA;NA;0
080;080908;2023;507466;2023;080908;999201;14/02/2023;14/02/2023;011;467;M;0;250;1;NA;002;NA;NA;V643;005;NA;999;001;201;M;080908;31456207;5647;NA;NA;NA;NA;8906;8906;NA;NA;NA;NA;NA;NA;NA;NA;NA;IRCCS AOU BOLOGNA;NA;NA;NA;0
080;080908;2023;503572;2023;080908;999201;23/01/2023;08/02/2023;011;570;C;0;228;16;3;002;4595;NA;7513;005;NA;999;001;201;M;080908;31456207;9974;V6441;NA;NA;NA;4595;4604;4719;4849;5419;5421;0390;9915;9921;9926;9929;IRCCS AOU BOLOGNA;NA;NA;NA;0
080;080960;2022;17219;2023;080960;020068;27/12/2022;12/01/2023;036;256;M;0;160;16;NA;002;NA;NA;75430;005;NA;020;001;030;M;080960;31467614;NA;NA;NA;NA;NA;7975;9354;NA;NA;NA;NA;NA;NA;NA;NA;NA;IRCCS - ISTITUTO ORTOPEDICO RIZZOLI;NA;NA;NA;0
080;080960;2023;2338;2023;080960;020068;14/02/2023;16/02/2023;036;256;M;0;209;2;NA;002;NA;NA;75435;005;NA;020;001;030;M;080960;31467614;NA;NA;NA;NA;NA;7975;9354;8826;NA;NA;NA;NA;NA;NA;NA;NA;IRCCS - ISTITUTO ORTOPEDICO RIZZOLI;NA;NA;NA;0
080;080960;2023;5859;2023;080960;020068;18/04/2023;20/04/2023;036;256;M;0;272;2;NA;002;NA;NA;75431;005;NA;020;001;030;M;080960;31467614;NA;NA;NA;NA;NA;9713;NA;NA;NA;NA;NA;NA;NA;NA;NA;NA;IRCCS - ISTITUTO ORTOPEDICO RIZZOLI;NA;NA;NA;0
080;080960;2023;4079;2023;080960;020068;16/03/2023;17/03/2023;036;256;M;0;239;1;NA;002;NA;NA;75430;005;NA;020;001;030;M;080960;31467614;NA;NA;NA;NA;NA;9712;NA;NA;NA;NA;NA;NA;NA;NA;NA;NA;IRCCS - ISTITUTO ORTOPEDICO RIZZOLI;NA;NA;NA;0
080;080095;2022;27458;2023;080114;041035;13/10/2022;26/01/2023;062;386;M;0;0;105;NA;002;NA;NA;769;005;2500;041;001;110;M;08009501;31473294;3599;46619;NA;NA;NA;9671;9390;8891;3893;3892;NA;NA;NA;NA;NA;NA;OSPEDALE RIMINI;NA;NA;NA;0
080;080095;2022;34537;2023;080114;041044;27/12/2022;02/01/2023;039;087;M;0;99;6;NA;002;NA;NA;51881;005;NA;041;001;110;F;08009501;31473840;7705;4801;46611;NA;NA;8744;9059;9396;9133;8744;NA;NA;NA;NA;NA;NA;OSPEDALE RIMINI;NA;NA;NA;0
080;080908;2023;502810;2023;080908;042045;18/01/2023;19/01/2023;011;102;M;0;100;1;NA;002;NA;NA;74860;005;NA;042;001;110;M;080908;31485266;NA;NA;NA;NA;NA;8904;897;8952;NA;NA;NA;NA;NA;NA;NA;NA;IRCCS AOU BOLOGNA;NA;NA;NA;0
080;080908;2023;510564;2023;080908;042045;05/03/2023;09/03/2023;011;075;C;0;146;4;1;002;3229;NA;74860;005;NA;042;001;110;M;080908;31485266;NA;NA;NA;NA;NA;3229;3421;9926;8744;9929;8904;9921;897;9918;NA;NA;IRCCS AOU BOLOGNA;NA;NA;NA;0
080;080908;2023;506420;2023;080908;042045;08/02/2023;09/02/2023;011;102;M;0;121;1;NA;002;NA;NA;7484;005;NA;042;001;110;M;080908;31485266;NA;NA;NA;NA;NA;8741;8741;897;8904;9918;NA;NA;NA;NA;NA;NA;IRCCS AOU BOLOGNA;NA;NA;NA;0
080;080004;2023;2903;2023;080101;075077;03/02/2023;05/02/2023;039;049;C;0;299;2;0;002;2098;NA;38911;005;NA;075;001;160;F;08000401;31492410;NA;NA;NA;NA;NA;2098;NA;NA;NA;NA;NA;NA;NA;NA;NA;NA;OSPEDALE PIACENZA;NA;NA;NA;0
080;080960;2023;11792;2023;080960;069089;21/08/2023;23/08/2023;036;225;C;0;326;2;1;002;8311;NA;73672;005;NA;069;001;130;M;080960;31495816;75530;NA;NA;NA;NA;8311;NA;NA;NA;NA;NA;NA;NA;NA;NA;NA;IRCCS - ISTITUTO ORTOPEDICO RIZZOLI;NA;NA;NA;0
080;080908;2023;513001;2023;080908;081008;20/03/2023;31/03/2023;011;146;C;0;262;11;3;002;4849;NA;7515;005;NA;081;001;190;F;080908;31505573;99889;NA;NA;NA;NA;4849;8904;8939;9918;8744;8908;9039;NA;NA;NA;NA;IRCCS AOU BOLOGNA;NA;NA;NA;0
080;080004;2022;29431;2023;080101;018048;29/12/2022;06/01/2023;039;098;M;0;45;8;NA;002;NA;NA;46611;005;NA;018;001;030;F;08000401;31507897;51882;NA;NA;NA;NA;9396;8872;NA;NA;NA;NA;NA;NA;NA;NA;NA;OSPEDALE PIACENZA;NA;NA;NA;0
080;080909;2023;3907;2023;080909;029033;25/02/2023;02/03/2023;039;087;M;0;101;5;NA;002;NA;NA;51881;005;NA;029;001;050;M;080909;31508679;46619;0790;NA;NA;NA;9032;8903;8959;9390;9396;9653;9052;9918;NA;NA;NA;AOSPU ARCISPEDALE S.ANNA - FE;NA;NA;NA;0
080;080908;2023;525654;2023;080908;087015;12/06/2023;14/06/2023;008;125;M;0;361;2;NA;002;NA;NA;74561;005;NA;087;001;190;M;080908;31509206;7454;NA;NA;NA;NA;3723;8872;8853;9929;NA;NA;NA;NA;NA;NA;NA;IRCCS AOU BOLOGNA;NA;NA;NA;0
080;080004;2023;3469;2023;080101;009064;10/02/2023;12/02/2023;039;049;C;0;355;2;0;002;2098;NA;38911;005;NA;009;001;070;F;08000401;31518855;NA;NA;NA;NA;NA;2098;NA;NA;NA;NA;NA;NA;NA;NA;NA;NA;OSPEDALE PIACENZA;NA;NA;NA;0
120;120905;2023;19751763;2023;120201;037041;15/01/2023;20/01/2023;039;098;M;0;98;5;0;002;NA;NA;46611;005;0;037;001;080;F;12090501;31521264;0790;NA;NA;NA;NA;8938;8749;9396;9033;NA;NA;NA;NA;NA;NA;NA;NON DEFINITO;NA;NA;NA;0
080;080904;2023;8427;2023;080904;999443;15/03/2023;17/03/2023;039;425;M;0;155;2;NA;003;NA;NA;3081;005;NA;999;001;443;M;08090401;31521276;NA;NA;NA;NA;NA;8952;8871;9002;8914;8872;NA;NA;NA;NA;NA;NA;AOSPU POLICLINICO - MO;NA;NA;NA;0
080;080904;2023;9104;2023;080904;999443;22/03/2023;05/04/2023;073;129;M;0;162;14;NA;001;NA;NA;4275;005;NA;999;001;443;M;08090401;31521276;78001;3485;NA;NA;NA;9960;9672;8914;9915;8891;3893;NA;NA;NA;NA;NA;AOSPU POLICLINICO - MO;NA;NA;NA;0
080;080004;2023;12105;2023;080101;082053;22/05/2023;25/05/2023;039;074;M;0;340;3;NA;002;NA;NA;38910;005;NA;082;001;190;F;08000401;31523334;NA;NA;NA;NA;NA;8703;8871;8874;9541;8891;NA;NA;NA;NA;NA;NA;OSPEDALE PIACENZA;NA;NA;NA;0
080;080902;2023;562700;2023;080902;087008;29/03/2023;07/04/2023;010;268;C;0;282;9;0;002;0851;NA;7449;005;NA;087;001;190;M;080902;31524584;V5849;NA;NA;NA;NA;2754;966;5794;8961;9671;8954;9396;0851;1698;859;9738;AOSPU OSPEDALI RIUNITI - PR;NA;NA;NA;0
080;080909;2023;2798;2023;080909;029033;10/02/2023;16/02/2023;039;098;M;0;82;6;NA;002;NA;NA;46611;005;NA;029;001;050;M;080909;31525271;51881;NA;NA;NA;NA;9390;8903;8959;9918;9032;9092;9382;9653;NA;NA;NA;AOSPU ARCISPEDALE S.ANNA - FE;NA;NA;NA;0
080;080904;2023;1287;2023;080904;088011;11/01/2023;17/01/2023;039;389;M;0;38;6;NA;002;NA;NA;77181;005;NA;088;001;190;M;08090401;31526348;77182;NA;NA;NA;NA;9921;8952;9918;8872;8876;NA;NA;NA;NA;NA;NA;AOSPU POLICLINICO - MO;NA;NA;NA;0
080;080904;2023;1416;2023;080904;036023;12/01/2023;16/01/2023;039;422;M;0;40;4;NA;002;NA;NA;04321;005;NA;036;001;080;F;08090401;31526353;30750;NA;NA;NA;NA;9918;3899;NA;NA;NA;NA;NA;NA;NA;NA;NA;AOSPU POLICLINICO - MO;NA;NA;NA;0
080;080095;2022;34909;2023;080114;041020;31/12/2022;08/01/2023;039;087;M;0;80;8;NA;002;NA;NA;51881;005;NA;041;001;110;F;08009501;31527569;46619;NA;NA;NA;NA;9396;9929;897;9394;8903;NA;NA;NA;NA;NA;NA;OSPEDALE RIMINI;NA;NA;NA;0
080;080904;2023;245;2023;080904;036023;02/01/2023;05/01/2023;039;432;M;0;28;3;NA;002;NA;NA;30750;005;NA;036;001;080;F;08090401;31529253;46611;NA;NA;NA;NA;8872;8744;8952;9394;8966;9918;3899;9396;NA;NA;NA;AOSPU POLICLINICO - MO;NA;NA;NA;0
080;080960;2023;2667;2023;080960;027029;20/02/2023;22/02/2023;036;225;C;0;90;2;1;002;8384;NA;75470;005;NA;027;001;050;F;080960;31529615;NA;NA;NA;NA;NA;8384;8384;NA;NA;NA;NA;NA;NA;NA;NA;NA;IRCCS - ISTITUTO ORTOPEDICO RIZZOLI;NA;NA;NA;0
080;080908;2023;501256;2023;080908;020065;10/01/2023;06/12/2023;039;301;M;0;31;9;NA;002;NA;NA;243;005;NA;020;002;030;F;080908;31530708;NA;NA;NA;NA;NA;9059;8872;8876;9059;9059;9059;9059;9059;9059;9059;9059;IRCCS AOU BOLOGNA;NA;NA;NA;0
080;080902;2023;560605;2023;080902;020066;06/03/2023;07/08/2023;002;184;M;0;286;4;NA;002;NA;NA;78907;005;NA;020;002;030;F;080902;31531115;NA;NA;NA;NA;NA;4525;897;4516;8939;8903;NA;NA;NA;NA;NA;NA;AOSPU OSPEDALI RIUNITI - PR;NA;NA;NA;0
080;080095;2023;12273;2023;080114;041068;03/05/2023;06/05/2023;039;298;M;0;335;3;NA;002;NA;NA;27651;005;NA;041;001;110;F;08009501;31532128;00861;NA;NA;NA;NA;9059;9929;NA;NA;NA;NA;NA;NA;NA;NA;NA;OSPEDALE RIMINI;NA;NA;NA;0
080;080004;2023;4918;2023;080101;018048;26/02/2023;28/02/2023;039;422;M;0;75;2;NA;002;NA;NA;4878;005;NA;018;001;030;F;08000401;31532847;27651;NA;NA;NA;NA;9918;NA;NA;NA;NA;NA;NA;NA;NA;NA;NA;OSPEDALE PIACENZA;NA;NA;NA;0
080;080004;2023;1525;2023;080101;098019;18/01/2023;21/01/2023;039;091;M;0;70;3;NA;005;NA;NA;4801;005;NA;098;001;030;F;08000401;31533370;NA;NA;NA;NA;NA;8873;9918;9394;NA;NA;NA;NA;NA;NA;NA;NA;OSPEDALE PIACENZA;NA;NA;NA;0
080;080908;2022;554779;2023;080908;021081;25/12/2022;04/01/2023;049;026;M;0;265;10;NA;006;NA;NA;3453;005;NA;021;001;041;F;080908;31534786;3308;NA;NA;NA;NA;3893;3893;9929;8914;9396;NA;NA;NA;NA;NA;NA;IRCCS AOU BOLOGNA;NA;NA;NA;0
080;080960;2023;463;2023;080960;068012;12/01/2023;12/01/2023;036;256;M;0;338;1;NA;002;NA;NA;73672;005;NA;068;002;130;F;080960;31536210;75489;NA;NA;NA;NA;9304;8913;NA;NA;NA;NA;NA;NA;NA;NA;NA;IRCCS - ISTITUTO ORTOPEDICO RIZZOLI;NA;NA;NA;0
080;080909;2022;24546;2023;080909;029041;26/12/2022;07/01/2023;039;098;M;0;14;12;NA;002;NA;NA;46611;005;NA;029;001;050;M;080909;31543180;51881;NA;NA;NA;NA;8873;9918;3898;8965;9921;9023;9399;8959;9390;9132;NA;AOSPU ARCISPEDALE S.ANNA - FE;NA;NA;NA;0
080;080909;2023;2950;2023;080909;029041;13/02/2023;22/02/2023;039;087;M;0;63;9;NA;002;NA;NA;51881;005;NA;029;001;050;M;080909;31543180;46619;NA;NA;NA;NA;3898;8965;8906;9022;9032;8952;9396;8959;9390;9921;NA;AOSPU ARCISPEDALE S.ANNA - FE;NA;NA;NA;0
080;080909;2022;24757;2023;080909;029033;29/12/2022;01/01/2023;011;156;C;0;32;3;0;002;433;NA;7505;005;NA;029;001;050;M;080909;31544284;5373;NA;NA;NA;NA;433;5421;5451;NA;NA;NA;NA;NA;NA;NA;NA;AOSPU ARCISPEDALE S.ANNA - FE;NA;NA;NA;0
080;080904;2022;37595;2023;080904;029032;31/12/2022;03/01/2023;031;391;M;0;0;3;NA;002;NA;NA;V3001;005;2625;029;001;050;F;08090401;31545224;NA;NA;NA;NA;NA;NA;NA;NA;NA;NA;NA;NA;NA;NA;NA;NA;AOSPU POLICLINICO - MO;NA;NA;NA;0
080;080909;2023;664;2023;080909;029033;11/01/2023;14/01/2023;039;098;M;0;27;3;NA;002;NA;NA;46619;005;NA;029;001;050;F;080909;31545348;51882;7793;NA;NA;NA;9390;9032;9918;9092;9099;9132;8959;8903;NA;NA;NA;AOSPU ARCISPEDALE S.ANNA - FE;NA;NA;NA;0
080;080095;2023;2573;2023;080114;041066;24/01/2023;28/01/2023;039;422;M;0;51;4;NA;002;NA;NA;7806;005;NA;041;001;110;M;08009501;31546473;NA;NA;NA;NA;NA;9059;9003;NA;NA;NA;NA;NA;NA;NA;NA;NA;OSPEDALE RIMINI;NA;NA;NA;0
080;080004;2023;32;2023;080101;098019;01/01/2023;04/01/2023;031;391;M;0;0;3;NA;002;NA;NA;V3000;005;3220;098;001;030;F;08000401;31547828;NA;NA;NA;NA;NA;NA;NA;NA;NA;NA;NA;NA;NA;NA;NA;NA;OSPEDALE PIACENZA;NA;NA;NA;762
080;080909;2023;111;2023;080909;029033;02/01/2023;04/01/2023;031;391;M;0;0;2;NA;002;NA;NA;V3000;005;3680;029;001;050;M;080909;31547874;NA;NA;NA;NA;NA;9059;9541;9501;NA;NA;NA;NA;NA;NA;NA;NA;AOSPU ARCISPEDALE S.ANNA - FE;NA;NA;NA;25785
080;080960;2023;964;2023;080960;070029;22/01/2023;24/01/2023;036;225;C;0;126;2;1;002;8311;NA;75470;005;NA;070;001;140;F;080960;31550519;NA;NA;NA;NA;NA;8311;NA;NA;NA;NA;NA;NA;NA;NA;NA;NA;IRCCS - ISTITUTO ORTOPEDICO RIZZOLI;NA;NA;NA;0
080;080908;2023;514439;2023;080908;076063;28/03/2023;28/03/2023;011;467;M;0;211;1;NA;002;NA;NA;V5390;005;NA;076;001;170;M;080908;31551006;27701;NA;NA;NA;NA;8904;9789;897;8904;9918;NA;NA;NA;NA;NA;NA;IRCCS AOU BOLOGNA;NA;NA;NA;0
080;080908;2023;500871;2023;080908;076063;07/01/2023;27/02/2023;011;570;C;0;131;51;37;002;4562;NA;V554;005;NA;076;001;170;M;080908;31551006;V5881;27701;2851;99859;99832;4562;3893;4651;8876;9929;8904;9918;9921;8819;9357;9904;IRCCS AOU BOLOGNA;NA;NA;NA;0
080;080095;2022;34911;2023;080114;041036;31/12/2022;02/01/2023;039;087;M;0;31;2;NA;002;NA;NA;51881;005;NA;041;001;110;M;08009501;31553231;46611;NA;NA;NA;NA;9396;NA;NA;NA;NA;NA;NA;NA;NA;NA;NA;OSPEDALE RIMINI;NA;NA;NA;0
080;080095;2022;34670;2023;080114;041068;29/12/2022;06/01/2023;039;087;M;0;196;8;NA;002;NA;NA;51881;005;NA;041;001;110;F;08009501;31553263;4801;NA;NA;NA;NA;9396;9394;8903;897;8873;NA;NA;NA;NA;NA;NA;OSPEDALE RIMINI;NA;NA;NA;0
080;080902;2023;552574;2023;080902;034027;04/01/2023;05/01/2023;011;163;C;0;83;1;0;002;539;NA;55092;005;NA;034;001;080;M;080902;31554725;NA;NA;NA;NA;NA;539;3899;9192;8961;8952;8903;9921;9918;897;8929;9449;AOSPU OSPEDALI RIUNITI - PR;NA;NA;NA;0
080;080904;2023;377;2023;080904;999443;03/01/2023;11/01/2023;039;099;M;0;57;8;NA;002;NA;NA;78605;005;NA;999;001;443;M;08090401;31554997;46619;7711;NA;NA;NA;9396;8744;8966;8952;3899;8871;NA;NA;NA;NA;NA;AOSPU POLICLINICO - MO;NA;NA;NA;0
080;080904;2023;9562;2023;080904;999443;26/03/2023;29/03/2023;039;087;M;0;139;3;NA;002;NA;NA;51881;005;NA;999;001;443;M;08090401;31554997;NA;NA;NA;NA;NA;3899;8749;9449;9921;9396;8966;NA;NA;NA;NA;NA;AOSPU POLICLINICO - MO;NA;NA;NA;0
080;080053;2023;6437;2023;080105;037006;10/01/2023;16/01/2023;031;391;M;0;0;6;NA;002;NA;NA;V3000;005;2620;037;001;080;F;08005301;31556149;NA;NA;NA;NA;NA;NA;NA;NA;NA;NA;NA;NA;NA;NA;NA;NA;OSPEDALE MAGGIORE;NA;NA;NA;7055
080;080908;2023;511171;2023;080908;041051;08/03/2023;08/03/2023;011;477;C;0;229;1;NA;007;5421;NA;75251;005;NA;041;002;110;M;080908;31557779;NA;NA;NA;NA;NA;5421;9918;897;8904;NA;NA;NA;NA;NA;NA;NA;IRCCS AOU BOLOGNA;NA;NA;NA;0
080;080908;2023;511255;2023;080908;041051;08/03/2023;09/03/2023;011;466;M;0;229;1;NA;002;NA;NA;V5849;005;NA;041;001;110;M;080908;31557779;NA;NA;NA;NA;NA;8904;9918;897;8904;9929;NA;NA;NA;NA;NA;NA;IRCCS AOU BOLOGNA;NA;NA;NA;0
080;080004;2023;989;2023;080101;098019;12/01/2023;15/01/2023;062;390;M;0;0;3;NA;002;NA;NA;77083;005;2780;098;001;030;F;08000401;31558803;77981;NA;NA;NA;NA;3892;8744;8952;NA;NA;NA;NA;NA;NA;NA;NA;OSPEDALE PIACENZA;NA;NA;NA;236
080;080909;2023;8934;2023;080909;028032;10/05/2023;12/05/2023;034;042;C;0;317;1;1;002;1199;NA;36720;005;NA;028;001;050;M;080909;31558924;NA;NA;NA;NA;NA;1199;NA;NA;NA;NA;NA;NA;NA;NA;NA;NA;AOSPU ARCISPEDALE S.ANNA - FE;NA;NA;NA;0
080;080909;2023;1698;2023;080909;028032;25/01/2023;27/01/2023;034;042;C;0;212;2;1;002;1164;NA;74343;005;NA;028;001;050;M;080909;31558924;NA;NA;NA;NA;NA;1164;NA;NA;NA;NA;NA;NA;NA;NA;NA;NA;AOSPU ARCISPEDALE S.ANNA - FE;NA;NA;NA;0
080;080909;2023;2719;2023;080909;028032;09/02/2023;10/02/2023;034;041;C;0;227;1;0;002;9504;NA;V425;005;NA;028;001;050;M;080909;31558924;NA;NA;NA;NA;NA;9504;NA;NA;NA;NA;NA;NA;NA;NA;NA;NA;AOSPU ARCISPEDALE S.ANNA - FE;NA;NA;NA;0
080;080904;2023;1144;2023;080904;036023;09/01/2023;13/01/2023;031;388;M;0;0;4;NA;002;NA;NA;76528;005;2875;036;001;080;F;08090401;31559053;NA;NA;NA;NA;NA;8871;NA;NA;NA;NA;NA;NA;NA;NA;NA;NA;AOSPU POLICLINICO - MO;NA;NA;NA;20106
080;080960;2023;2182;2023;080960;075092;12/02/2023;14/02/2023;036;225;C;0;71;2;1;002;8384;NA;75470;005;NA;075;001;160;M;080960;31559780;NA;NA;NA;NA;NA;8384;NA;NA;NA;NA;NA;NA;NA;NA;NA;NA;IRCCS - ISTITUTO ORTOPEDICO RIZZOLI;NA;NA;NA;0
080;080909;2023;1205;2023;080909;029037;18/01/2023;20/01/2023;039;184;M;0;128;2;NA;002;NA;NA;78703;005;NA;029;001;050;M;080909;31560039;0092;NA;NA;NA;NA;8903;9059;3899;9099;9132;8906;NA;NA;NA;NA;NA;AOSPU ARCISPEDALE S.ANNA - FE;NA;NA;NA;0
080;080004;2023;1937;2023;080101;018099;23/01/2023;27/01/2023;039;389;M;0;26;4;NA;002;NA;NA;77189;005;NA;018;001;030;M;08000401;31562919;69589;NA;NA;NA;NA;9921;NA;NA;NA;NA;NA;NA;NA;NA;NA;NA;OSPEDALE PIACENZA;NA;NA;NA;0
080;080902;2023;561064;2023;080902;075084;09/03/2023;10/03/2023;011;322;M;0;110;1;NA;002;NA;NA;5933;005;NA;075;001;160;F;080902;31568288;NA;NA;NA;NA;NA;8897;8961;8903;3899;9918;8939;8929;9921;9929;3894;897;AOSPU OSPEDALI RIUNITI - PR;NA;NA;NA;0
080;080902;2023;573384;2023;080902;075084;18/07/2023;19/07/2023;011;322;M;0;241;1;NA;002;NA;NA;5933;005;NA;075;001;160;F;080902;31568288;NA;NA;NA;NA;NA;5732;3899;9929;897;9921;8903;9918;NA;NA;NA;NA;AOSPU OSPEDALI RIUNITI - PR;NA;NA;NA;0
080;080902;2023;570315;2023;080902;075084;15/06/2023;19/06/2023;011;305;C;0;208;4;0;002;5587;NA;5933;005;NA;075;001;160;F;080902;31568288;NA;NA;NA;NA;NA;5587;897;9929;9921;8875;8903;3899;9918;8929;598;5794;AOSPU OSPEDALI RIUNITI - PR;NA;NA;NA;0
080;080909;2023;16643;2023;080909;058091;01/09/2023;02/09/2023;034;042;C;0;329;1;0;002;1179;NA;37100;005;NA;058;001;120;F;080909;31569299;NA;NA;NA;NA;NA;1179;NA;NA;NA;NA;NA;NA;NA;NA;NA;NA;AOSPU ARCISPEDALE S.ANNA - FE;NA;NA;NA;0
080;080909;2023;1682;2023;080909;058091;25/01/2023;27/01/2023;034;041;C;0;110;2;1;002;9504;NA;37157;005;NA;058;001;120;F;080909;31569299;NA;NA;NA;NA;NA;9504;NA;NA;NA;NA;NA;NA;NA;NA;NA;NA;AOSPU ARCISPEDALE S.ANNA - FE;NA;NA;NA;0
080;080909;2023;8921;2023;080909;058091;10/05/2023;12/05/2023;034;042;C;0;215;2;1;002;1199;NA;36720;005;NA;058;001;120;F;080909;31569299;NA;NA;NA;NA;NA;1199;NA;NA;NA;NA;NA;NA;NA;NA;NA;NA;AOSPU ARCISPEDALE S.ANNA - FE;NA;NA;NA;0
080;080909;2023;12395;2023;080909;058091;29/06/2023;30/06/2023;034;042;C;0;265;1;0;002;1179;NA;37189;005;NA;058;001;120;F;080909;31569299;NA;NA;NA;NA;NA;1179;NA;NA;NA;NA;NA;NA;NA;NA;NA;NA;AOSPU ARCISPEDALE S.ANNA - FE;NA;NA;NA;0
080;080909;2023;6669;2023;080909;058091;05/04/2023;07/04/2023;034;042;C;0;180;2;1;002;1160;NA;74343;005;NA;058;001;120;F;080909;31569299;NA;NA;NA;NA;NA;1160;NA;NA;NA;NA;NA;NA;NA;NA;NA;NA;AOSPU ARCISPEDALE S.ANNA - FE;NA;NA;NA;0
080;080909;2023;4183;2023;080909;058091;01/03/2023;04/03/2023;034;042;C;0;145;3;1;002;1169;NA;37156;005;NA;058;001;120;F;080909;31569299;NA;NA;NA;NA;NA;1169;NA;NA;NA;NA;NA;NA;NA;NA;NA;NA;AOSPU ARCISPEDALE S.ANNA - FE;NA;NA;NA;0
080;080909;2023;1660;2023;080909;029005;25/01/2023;27/01/2023;031;390;M;0;0;2;NA;002;NA;NA;V3000;005;3340;029;001;050;M;080909;31569353;7609;NA;NA;NA;NA;9501;9541;9059;NA;NA;NA;NA;NA;NA;NA;NA;AOSPU ARCISPEDALE S.ANNA - FE;NA;NA;NA;25337
080;080072;2022;27229;2023;080114;999404;31/12/2022;05/01/2023;039;467;M;0;18;5;NA;002;NA;NA;V608;005;NA;999;001;404;M;080072;31569639;NA;NA;NA;NA;NA;8879;1811;9059;NA;NA;NA;NA;NA;NA;NA;NA;OSPEDALE RAVENNA;NA;NA;NA;0
080;080904;2023;3224;2023;080904;036030;27/01/2023;29/01/2023;031;391;M;0;0;2;NA;002;NA;NA;V3000;005;2800;036;001;080;M;08090401;31570585;NA;NA;NA;NA;NA;NA;NA;NA;NA;NA;NA;NA;NA;NA;NA;NA;AOSPU POLICLINICO - MO;NA;NA;NA;20011
080;080909;2023;1807;2023;080909;029022;27/01/2023;30/01/2023;031;390;M;0;0;3;NA;002;NA;NA;V3000;005;3560;029;001;050;M;080909;31570703;77984;7609;75510;37272;NA;9501;9541;9059;NA;NA;NA;NA;NA;NA;NA;NA;AOSPU ARCISPEDALE S.ANNA - FE;NA;NA;NA;25654
080;080904;2023;3276;2023;080904;023096;27/01/2023;30/01/2023;031;391;M;0;0;3;NA;002;NA;NA;V3000;005;2810;023;001;050;F;08090401;31571046;NA;NA;NA;NA;NA;NA;NA;NA;NA;NA;NA;NA;NA;NA;NA;NA;AOSPU POLICLINICO - MO;NA;NA;NA;20029
080;080095;2023;2647;2023;080114;041019;25/01/2023;29/01/2023;039;087;M;0;58;4;NA;002;NA;NA;51881;005;NA;041;001;110;M;08009501;31573932;46611;NA;NA;NA;NA;9396;9394;NA;NA;NA;NA;NA;NA;NA;NA;NA;OSPEDALE RIMINI;NA;NA;NA;0
080;080095;2023;25802;2023;080114;041068;20/09/2023;22/09/2023;039;087;M;0;271;2;NA;002;NA;NA;51881;005;NA;041;001;110;F;08009501;31573939;46619;NA;NA;NA;NA;9396;9032;8903;897;9394;NA;NA;NA;NA;NA;NA;OSPEDALE RIMINI;NA;NA;NA;0
080;080095;2023;772;2023;080114;043012;09/01/2023;16/01/2023;039;087;M;0;280;7;NA;002;NA;NA;51881;005;NA;043;001;110;F;08009501;31574039;46611;NA;NA;NA;NA;9396;NA;NA;NA;NA;NA;NA;NA;NA;NA;NA;OSPEDALE RIMINI;NA;NA;NA;0
080;080095;2023;2929;2023;080114;041068;27/01/2023;03/02/2023;039;087;M;0;142;7;NA;002;NA;NA;51881;005;NA;041;001;110;F;08009501;31574041;46611;NA;NA;NA;NA;9396;9394;9929;9059;8903;NA;NA;NA;NA;NA;NA;OSPEDALE RIMINI;NA;NA;NA;0
080;080095;2023;1809;2023;080114;041044;17/01/2023;20/01/2023;039;098;M;0;9;3;NA;002;NA;NA;46619;005;NA;041;001;110;F;08009501;31574058;NA;NA;NA;NA;NA;9059;NA;NA;NA;NA;NA;NA;NA;NA;NA;NA;OSPEDALE RIMINI;NA;NA;NA;16531
080;080095;2023;974;2023;080114;041044;08/01/2023;10/01/2023;031;391;M;0;0;2;NA;002;NA;NA;V3000;005;4390;041;001;110;F;08009501;31574058;NA;NA;NA;NA;NA;NA;NA;NA;NA;NA;NA;NA;NA;NA;NA;NA;OSPEDALE RIMINI;NA;NA;NA;16531
110;110001;2023;19755986;2023;110301;099020;12/01/2023;14/01/2023;031;391;M;0;0;2;1;002;NA;NA;V3000;005;3920;099;001;080;M;11000101;31574074;NA;NA;NA;NA;NA;9544;9502;9059;NA;NA;NA;NA;NA;NA;NA;NA;NON DEFINITO;NA;NA;NA;0
080;080095;2023;665;2023;080114;041044;07/01/2023;22/01/2023;062;390;M;0;11;15;NA;002;NA;NA;77089;005;NA;041;001;110;M;08009501;31574085;46611;NA;NA;NA;NA;9390;9059;9921;9396;8749;8871;8952;NA;NA;NA;NA;OSPEDALE RIMINI;NA;NA;NA;0
080;080095;2023;1150;2023;080114;041020;11/01/2023;15/01/2023;031;391;M;0;0;4;NA;002;NA;NA;V3000;005;3780;041;001;110;M;08009501;31574141;NA;NA;NA;NA;NA;NA;NA;NA;NA;NA;NA;NA;NA;NA;NA;NA;OSPEDALE RIMINI;NA;NA;NA;16149
080;080095;2023;1318;2023;080114;041013;13/01/2023;14/01/2023;011;158;C;0;35;1;0;002;4901;NA;566;005;NA;041;001;110;M;08009501;31574145;0063;NA;NA;NA;NA;4901;NA;NA;NA;NA;NA;NA;NA;NA;NA;NA;OSPEDALE RIMINI;NA;NA;NA;0
080;080004;2023;1722;2023;080101;019076;20/01/2023;22/01/2023;031;391;M;0;0;2;NA;002;NA;NA;V3000;005;3640;019;001;030;M;08000401;31574361;NA;NA;NA;NA;NA;NA;NA;NA;NA;NA;NA;NA;NA;NA;NA;NA;OSPEDALE PIACENZA;NA;NA;NA;1388
080;080013;2023;777;2023;080102;034003;19/01/2023;21/01/2023;031;390;M;0;0;2;NA;002;NA;NA;V3000;005;2890;034;001;080;M;08001301;31574550;76419;7730;NA;NA;NA;8959;9546;8965;NA;NA;NA;NA;NA;NA;NA;NA;OSPEDALE FIDENZA;NA;NA;NA;1844
080;080013;2023;1245;2023;080102;019052;28/01/2023;30/01/2023;031;391;M;0;0;2;NA;002;NA;NA;V3000;005;3840;019;001;030;M;08001301;31574563;NA;NA;NA;NA;NA;9546;9307;897;8905;8959;8965;NA;NA;NA;NA;NA;OSPEDALE FIDENZA;NA;NA;NA;2435
080;080031;2023;332;2023;080104;036038;12/01/2023;20/01/2023;039;386;M;0;0;8;NA;002;NA;NA;76519;005;2258;036;001;080;M;08003104;31574889;7756;769;7742;NA;NA;9390;9918;9542;897;8965;9983;NA;NA;NA;NA;NA;OSPEDALE CARPI;NA;NA;NA;5153
080;080095;2022;34785;2023;080114;043044;30/12/2022;02/01/2023;062;390;M;0;0;3;NA;002;NA;NA;7686;005;4000;043;001;110;M;08009501;31575183;66041;7678;NA;NA;NA;8914;8871;9059;8906;9547;NA;NA;NA;NA;NA;NA;OSPEDALE RIMINI;NA;NA;NA;0
080;080095;2022;34925;2023;080114;041044;31/12/2022;12/01/2023;062;074;M;0;0;12;NA;002;NA;NA;74423;005;3340;041;001;110;F;08009501;31575511;75551;7454;NA;NA;NA;8872;9503;8952;8729;8703;8891;NA;NA;NA;NA;NA;OSPEDALE RIMINI;NA;NA;NA;0
080;080004;2023;465;2023;080101;033011;06/01/2023;09/01/2023;031;391;M;0;0;3;NA;002;NA;NA;V3000;005;3360;033;001;080;F;08000401;31575612;NA;NA;NA;NA;NA;NA;NA;NA;NA;NA;NA;NA;NA;NA;NA;NA;OSPEDALE PIACENZA;NA;NA;NA;1011
080;080095;2023;1083;2023;080114;041044;11/01/2023;14/01/2023;062;467;M;0;0;3;NA;002;NA;NA;V299;005;3333;041;001;110;F;08009501;31575677;NA;NA;NA;NA;NA;8965;8901;NA;NA;NA;NA;NA;NA;NA;NA;NA;OSPEDALE RIMINI;NA;NA;NA;0
080;080021;2023;383;2023;080103;020055;05/01/2023;08/01/2023;062;391;M;0;0;3;NA;002;NA;NA;77439;005;3242;020;001;030;M;08002106;31575996;NA;NA;NA;NA;NA;9983;3899;8871;NA;NA;NA;NA;NA;NA;NA;NA;OSPEDALE S.MARIA NUOVA - RE;NA;NA;NA;3757
080;080021;2023;826;2023;080103;020055;11/01/2023;20/01/2023;062;390;M;0;6;9;NA;002;NA;NA;7740;005;NA;020;001;030;M;08002106;31575996;NA;NA;NA;NA;NA;9983;3899;8871;8874;NA;NA;NA;NA;NA;NA;NA;OSPEDALE S.MARIA NUOVA - RE;NA;NA;NA;3757
080;080902;2023;552396;2023;080902;020066;03/01/2023;05/01/2023;031;391;M;0;0;2;NA;002;NA;NA;V3000;005;3370;020;001;030;M;080902;31576161;NA;NA;NA;NA;NA;9307;9546;8903;897;8939;NA;NA;NA;NA;NA;NA;AOSPU OSPEDALI RIUNITI - PR;NA;NA;NA;18784
080;080902;2023;556182;2023;080902;075035;26/01/2023;27/01/2023;011;333;M;0;240;1;NA;002;NA;NA;75323;005;NA;075;001;160;M;080902;31576177;NA;NA;NA;NA;NA;5732;3899;9918;8952;9929;3894;8939;8903;897;NA;NA;AOSPU OSPEDALI RIUNITI - PR;NA;NA;NA;0
080;080902;2022;585757;2023;080902;020066;30/12/2022;01/01/2023;031;391;M;0;0;2;NA;002;NA;NA;V3000;005;3000;020;001;030;M;080902;31576255;NA;NA;NA;NA;NA;9307;9546;897;8939;8903;NA;NA;NA;NA;NA;NA;AOSPU OSPEDALI RIUNITI - PR;NA;NA;NA;0
080;080004;2023;522;2023;080101;098019;08/01/2023;10/01/2023;031;389;M;0;0;2;NA;002;NA;NA;V3000;005;3300;098;001;030;M;08000401;31576591;7712;NA;NA;NA;NA;9959;9914;NA;NA;NA;NA;NA;NA;NA;NA;NA;OSPEDALE PIACENZA;NA;NA;NA;894
080;080021;2023;510;2023;080103;020066;08/01/2023;10/01/2023;031;391;M;0;0;2;NA;002;NA;NA;V3000;005;3642;020;001;030;M;08002106;31577610;NA;NA;NA;NA;NA;8904;NA;NA;NA;NA;NA;NA;NA;NA;NA;NA;OSPEDALE S.MARIA NUOVA - RE;NA;NA;NA;0
080;080909;2022;24574;2023;080909;029033;26/12/2022;05/01/2023;073;389;M;0;0;10;NA;002;NA;NA;7687;005;3370;029;001;050;F;080909;31580310;76529;7706;7672;7454;NA;9981;9915;8959;8872;9929;9390;8914;8952;8891;9546;NA;AOSPU ARCISPEDALE S.ANNA - FE;NA;NA;NA;0
080;080004;2023;525;2023;080101;019044;08/01/2023;10/01/2023;031;391;M;0;0;2;NA;002;NA;NA;V3000;005;3540;019;001;030;F;08000401;31580700;NA;NA;NA;NA;NA;NA;NA;NA;NA;NA;NA;NA;NA;NA;NA;NA;OSPEDALE PIACENZA;NA;NA;NA;1276
080;080004;2023;778;2023;080101;098062;10/01/2023;13/01/2023;031;391;M;0;0;3;NA;002;NA;NA;V3001;005;3090;098;001;030;F;08000401;31580709;NA;NA;NA;NA;NA;NA;NA;NA;NA;NA;NA;NA;NA;NA;NA;NA;OSPEDALE PIACENZA;NA;NA;NA;583
080;080004;2023;2435;2023;080101;098051;29/01/2023;31/01/2023;031;391;M;0;0;2;NA;002;NA;NA;V3000;005;3120;098;001;030;F;08000401;31580711;NA;NA;NA;NA;NA;NA;NA;NA;NA;NA;NA;NA;NA;NA;NA;NA;OSPEDALE PIACENZA;NA;NA;NA;627
080;080004;2023;2362;2023;080101;098010;27/01/2023;30/01/2023;031;391;M;0;0;3;NA;002;NA;NA;V3000;005;3330;098;001;030;F;08000401;31580715;NA;NA;NA;NA;NA;NA;NA;NA;NA;NA;NA;NA;NA;NA;NA;NA;OSPEDALE PIACENZA;NA;NA;NA;960
080;080004;2023;1098;2023;080101;098010;13/01/2023;16/01/2023;031;391;M;0;0;3;NA;002;NA;NA;V3000;005;3200;098;001;030;F;08000401;31580719;NA;NA;NA;NA;NA;NA;NA;NA;NA;NA;NA;NA;NA;NA;NA;NA;OSPEDALE PIACENZA;NA;NA;NA;729
080;080004;2023;1058;2023;080101;098010;13/01/2023;16/01/2023;031;391;M;0;0;3;NA;002;NA;NA;V3001;005;4060;098;001;030;F;08000401;31580731;NA;NA;NA;NA;NA;NA;NA;NA;NA;NA;NA;NA;NA;NA;NA;NA;OSPEDALE PIACENZA;NA;NA;NA;1673
080;080004;2023;135;2023;080101;098010;02/01/2023;05/01/2023;031;391;M;0;0;3;NA;002;NA;NA;V3000;005;3020;098;001;030;F;08000401;31580733;NA;NA;NA;NA;NA;NA;NA;NA;NA;NA;NA;NA;NA;NA;NA;NA;OSPEDALE PIACENZA;NA;NA;NA;488
080;080004;2023;882;2023;080101;098010;11/01/2023;14/01/2023;031;391;M;0;0;3;NA;002;NA;NA;V3000;005;2930;098;001;030;M;08000401;31580739;NA;NA;NA;NA;NA;NA;NA;NA;NA;NA;NA;NA;NA;NA;NA;NA;OSPEDALE PIACENZA;NA;NA;NA;364
080;080004;2023;524;2023;080101;098019;08/01/2023;10/01/2023;031;391;M;0;0;2;NA;002;NA;NA;V3000;005;3881;098;001;030;M;08000401;31580748;NA;NA;NA;NA;NA;NA;NA;NA;NA;NA;NA;NA;NA;NA;NA;NA;OSPEDALE PIACENZA;NA;NA;NA;0
080;080004;2023;2658;2023;080101;098054;31/01/2023;07/02/2023;039;390;M;0;9;7;NA;002;NA;NA;7716;005;NA;098;001;030;F;08000401;31580753;7602;07798;NA;NA;NA;9921;9503;NA;NA;NA;NA;NA;NA;NA;NA;NA;OSPEDALE PIACENZA;NA;NA;NA;670
080;080004;2023;1810;2023;080101;098054;22/01/2023;25/01/2023;031;391;M;0;0;3;NA;002;NA;NA;V3000;005;3160;098;001;030;F;08000401;31580753;NA;NA;NA;NA;NA;NA;NA;NA;NA;NA;NA;NA;NA;NA;NA;NA;OSPEDALE PIACENZA;NA;NA;NA;670
080;080004;2023;2399;2023;080101;098029;28/01/2023;05/02/2023;039;098;M;0;18;8;NA;002;NA;NA;46611;005;NA;098;001;030;F;08000401;31580757;NA;NA;NA;NA;NA;9396;9394;NA;NA;NA;NA;NA;NA;NA;NA;NA;OSPEDALE PIACENZA;NA;NA;NA;347
080;080004;2023;730;2023;080101;098029;10/01/2023;12/01/2023;031;391;M;0;0;2;NA;002;NA;NA;V3000;005;2910;098;001;030;F;08000401;31580757;NA;NA;NA;NA;NA;NA;NA;NA;NA;NA;NA;NA;NA;NA;NA;NA;OSPEDALE PIACENZA;NA;NA;NA;347
080;080004;2023;2009;2023;080101;023097;24/01/2023;27/01/2023;039;087;M;0;246;3;NA;002;NA;NA;51881;005;NA;023;001;050;F;08000401;31580760;46619;NA;NA;NA;NA;9396;9394;8873;NA;NA;NA;NA;NA;NA;NA;NA;OSPEDALE PIACENZA;NA;NA;NA;0
080;080004;2023;1250;2023;080101;033032;16/01/2023;20/01/2023;031;391;M;0;0;4;NA;002;NA;NA;V3001;005;3240;033;001;080;F;08000401;31580761;NA;NA;NA;NA;NA;NA;NA;NA;NA;NA;NA;NA;NA;NA;NA;NA;OSPEDALE PIACENZA;NA;NA;NA;799
080;080004;2023;321;2023;080101;098026;04/01/2023;07/01/2023;031;391;M;0;0;3;NA;002;NA;NA;V3000;005;3280;098;001;030;F;08000401;31580764;NA;NA;NA;NA;NA;NA;NA;NA;NA;NA;NA;NA;NA;NA;NA;NA;OSPEDALE PIACENZA;NA;NA;NA;865
080;080004;2023;967;2023;080101;098010;12/01/2023;14/01/2023;031;391;M;0;0;2;NA;002;NA;NA;V3000;005;3180;098;001;030;F;08000401;31580767;NA;NA;NA;NA;NA;NA;NA;NA;NA;NA;NA;NA;NA;NA;NA;NA;OSPEDALE PIACENZA;NA;NA;NA;700
080;080004;2023;1099;2023;080101;018004;14/01/2023;16/01/2023;031;391;M;0;0;2;NA;002;NA;NA;V3000;005;2620;018;001;030;M;08000401;31580769;NA;NA;NA;NA;NA;NA;NA;NA;NA;NA;NA;NA;NA;NA;NA;NA;OSPEDALE PIACENZA;NA;NA;NA;143
080;080004;2023;609;2023;080101;098057;09/01/2023;14/01/2023;031;391;M;0;0;5;NA;002;NA;NA;V3001;005;3230;098;001;030;M;08000401;31580783;NA;NA;NA;NA;NA;NA;NA;NA;NA;NA;NA;NA;NA;NA;NA;NA;OSPEDALE PIACENZA;NA;NA;NA;785
080;080004;2023;1591;2023;080101;098019;19/01/2023;21/01/2023;031;391;M;0;0;2;NA;002;NA;NA;V3000;005;3480;098;001;030;M;08000401;31580789;NA;NA;NA;NA;NA;NA;NA;NA;NA;NA;NA;NA;NA;NA;NA;NA;OSPEDALE PIACENZA;NA;NA;NA;1185
080;080095;2023;4615;2023;080114;041068;13/02/2023;15/02/2023;039;087;M;0;55;2;NA;002;NA;NA;51881;005;NA;041;001;110;F;08009501;31580839;46619;NA;NA;NA;NA;9396;NA;NA;NA;NA;NA;NA;NA;NA;NA;NA;OSPEDALE RIMINI;NA;NA;NA;0
080;080095;2022;33691;2023;080114;042021;17/12/2022;04/01/2023;039;087;M;0;36;18;NA;002;NA;NA;51881;005;NA;042;001;110;F;08009501;31580872;46619;NA;NA;NA;NA;9396;9032;9394;9918;NA;NA;NA;NA;NA;NA;NA;OSPEDALE RIMINI;NA;NA;NA;0
080;080909;2023;1589;2023;080909;029033;24/01/2023;26/01/2023;031;390;M;0;0;2;NA;002;NA;NA;V3000;005;3290;029;001;050;F;080909;31581307;7609;NA;NA;NA;NA;9501;9059;9541;NA;NA;NA;NA;NA;NA;NA;NA;AOSPU ARCISPEDALE S.ANNA - FE;NA;NA;NA;25265
080;080909;2023;1870;2023;080909;029033;27/01/2023;29/01/2023;073;391;M;0;3;2;NA;002;NA;NA;7793;005;NA;029;001;050;F;080909;31581307;V298;NA;NA;NA;NA;8968;8965;9053;9093;8871;NA;NA;NA;NA;NA;NA;AOSPU ARCISPEDALE S.ANNA - FE;NA;NA;NA;25265
080;080031;2023;1154;2023;080104;020065;08/02/2023;11/02/2023;031;389;M;0;0;3;NA;002;NA;NA;V3000;005;4116;020;001;030;M;08003104;31581425;75501;7756;NA;NA;NA;8965;8906;897;9542;NA;NA;NA;NA;NA;NA;NA;OSPEDALE CARPI;NA;NA;NA;6084
080;080068;2023;1318;2023;080109;029011;09/02/2023;12/02/2023;031;391;M;0;0;3;NA;002;NA;NA;V3001;005;3380;029;001;050;M;08006806;31582026;NA;NA;NA;NA;NA;9541;9501;NA;NA;NA;NA;NA;NA;NA;NA;NA;OSPEDALE CENTO;NA;NA;NA;9944
080;080091;2023;500673;2023;080114;055032;10/01/2023;23/01/2023;039;098;M;0;29;13;NA;002;NA;NA;46611;005;NA;055;001;100;M;08009101;31582274;51881;V462;NA;NA;NA;9396;8939;9059;8901;NA;NA;NA;NA;NA;NA;NA;OSPEDALE CESENA;NA;NA;NA;0
080;080908;2023;508766;2023;080908;063016;22/02/2023;23/02/2023;039;074;M;0;173;1;NA;002;NA;NA;7483;005;NA;063;001;150;F;080908;31582677;7455;7454;NA;NA;NA;3142;9723;3142;897;8906;8907;8903;NA;NA;NA;NA;IRCCS AOU BOLOGNA;NA;NA;NA;0
080;080053;2023;24761;2023;080105;037006;08/02/2023;10/02/2023;062;298;M;0;0;2;NA;002;NA;NA;7833;005;2560;037;001;080;F;08005301;31582947;76429;NA;NA;NA;NA;897;NA;NA;NA;NA;NA;NA;NA;NA;NA;NA;OSPEDALE MAGGIORE;NA;NA;NA;7024
080;080908;2023;507004;2023;080908;047014;12/02/2023;14/02/2023;031;391;M;0;0;2;NA;002;NA;NA;V3000;005;3370;047;001;090;M;080908;31583208;NA;NA;NA;NA;NA;8903;8965;8903;9059;9059;9509;897;9547;8619;8871;NA;IRCCS AOU BOLOGNA;NA;NA;NA;23605
080;080082;2023;800104;2023;080114;039010;04/01/2023;08/01/2023;031;391;M;0;0;4;NA;002;NA;NA;V3001;005;3640;039;001;080;M;080082;31583456;NA;NA;NA;NA;NA;NA;NA;NA;NA;NA;NA;NA;NA;NA;NA;NA;OSPEDALE FAENZA;NA;NA;NA;11566
080;080902;2023;4129;2023;080902;011002;16/01/2023;18/01/2023;039;422;M;0;88;2;NA;002;NA;NA;7806;005;NA;011;001;070;F;080902;31583642;4659;7424;NA;NA;NA;8939;8908;8879;8913;NA;NA;NA;NA;NA;NA;NA;AOSPU OSPEDALI RIUNITI - PR;NA;NA;NA;0
080;080053;2023;29052;2023;080105;037006;14/02/2023;17/02/2023;031;391;M;0;0;3;NA;002;NA;NA;V3000;005;3215;037;001;080;M;08005301;31584670;NA;NA;NA;NA;NA;897;NA;NA;NA;NA;NA;NA;NA;NA;NA;NA;OSPEDALE MAGGIORE;NA;NA;NA;8073
080;080960;2023;4661;2023;080960;073027;27/03/2023;05/04/2023;036;256;M;0;137;9;NA;002;NA;NA;75432;005;NA;073;001;160;F;080960;31585677;NA;NA;NA;NA;NA;7975;9354;NA;NA;NA;NA;NA;NA;NA;NA;NA;IRCCS - ISTITUTO ORTOPEDICO RIZZOLI;NA;NA;NA;0
080;080960;2023;10118;2023;080960;073027;06/07/2023;07/07/2023;036;256;M;0;238;1;NA;002;NA;NA;75430;005;NA;073;001;160;F;080960;31585677;NA;NA;NA;NA;NA;9305;NA;NA;NA;NA;NA;NA;NA;NA;NA;NA;IRCCS - ISTITUTO ORTOPEDICO RIZZOLI;NA;NA;NA;0
080;080960;2023;8496;2023;080960;073027;07/06/2023;09/06/2023;036;256;M;0;209;2;NA;002;NA;NA;75430;005;NA;073;001;160;F;080960;31585677;NA;NA;NA;NA;NA;9712;NA;NA;NA;NA;NA;NA;NA;NA;NA;NA;IRCCS - ISTITUTO ORTOPEDICO RIZZOLI;NA;NA;NA;0
080;080960;2023;6779;2023;080960;073027;07/05/2023;09/05/2023;036;256;M;0;178;2;NA;002;NA;NA;75430;005;NA;073;001;160;F;080960;31585677;NA;NA;NA;NA;NA;7975;NA;NA;NA;NA;NA;NA;NA;NA;NA;NA;IRCCS - ISTITUTO ORTOPEDICO RIZZOLI;NA;NA;NA;0
080;080902;2023;554460;2023;080902;020066;14/01/2023;17/01/2023;031;391;M;0;0;3;NA;002;NA;NA;V3000;005;2705;020;001;030;F;080902;31586310;NA;NA;NA;NA;NA;8952;897;8903;8939;9307;9546;NA;NA;NA;NA;NA;AOSPU OSPEDALI RIUNITI - PR;NA;NA;NA;18002
080;080908;2023;510410;2023;080908;090035;03/03/2023;03/03/2023;011;186;M;0;200;1;NA;002;NA;NA;7500;005;NA;090;002;200;M;080908;31586510;NA;NA;NA;NA;NA;897;897;8904;2591;NA;NA;NA;NA;NA;NA;NA;IRCCS AOU BOLOGNA;NA;NA;NA;0
080;080053;2023;31770;2023;080105;072006;18/02/2023;17/03/2023;062;386;M;0;0;27;NA;002;NA;NA;769;005;1900;072;001;160;F;08005301;31587679;76517;7742;76526;NA;NA;9390;9671;8871;8872;9502;9547;9915;9053;9921;8879;NA;OSPEDALE MAGGIORE;NA;NA;NA;0
080;080904;2023;5769;2023;080904;036007;20/02/2023;22/02/2023;031;391;M;0;0;2;NA;002;NA;NA;V3000;005;4120;036;001;080;F;08090401;31587933;NA;NA;NA;NA;NA;NA;NA;NA;NA;NA;NA;NA;NA;NA;NA;NA;AOSPU POLICLINICO - MO;NA;NA;NA;22186
080;080909;2023;782;2023;080909;029033;12/01/2023;15/01/2023;031;390;M;0;0;3;NA;002;NA;NA;V3000;005;2640;029;001;050;F;080909;31588572;76429;NA;NA;NA;NA;9501;9541;9059;NA;NA;NA;NA;NA;NA;NA;NA;AOSPU ARCISPEDALE S.ANNA - FE;NA;NA;NA;24638
080;080960;2023;4615;2023;080960;071056;26/03/2023;28/03/2023;036;225;C;0;53;2;1;002;8384;NA;75470;005;NA;071;001;160;F;080960;31592875;NA;NA;NA;NA;NA;8384;9354;NA;NA;NA;NA;NA;NA;NA;NA;NA;IRCCS - ISTITUTO ORTOPEDICO RIZZOLI;NA;NA;NA;0
080;080904;2023;6148;2023;080904;035020;22/02/2023;24/02/2023;031;391;M;0;0;2;NA;002;NA;NA;V3000;005;3500;035;001;080;M;08090401;31593361;NA;NA;NA;NA;NA;NA;NA;NA;NA;NA;NA;NA;NA;NA;NA;NA;AOSPU POLICLINICO - MO;NA;NA;NA;21384
080;080909;2023;2677;2023;080909;029041;08/02/2023;13/02/2023;031;390;M;0;0;5;NA;002;NA;NA;V3001;005;3240;029;001;050;F;080909;31593538;7609;6851;NA;NA;NA;9541;9059;9501;NA;NA;NA;NA;NA;NA;NA;NA;AOSPU ARCISPEDALE S.ANNA - FE;NA;NA;NA;25189
080;080904;2023;18343;2023;080904;023096;22/06/2023;22/06/2023;039;074;M;0;309;1;NA;002;NA;NA;38910;005;NA;023;002;050;M;08090401;31593918;NA;NA;NA;NA;NA;3899;9541;8703;8891;NA;NA;NA;NA;NA;NA;NA;AOSPU POLICLINICO - MO;NA;NA;NA;0
080;080053;2023;35221;2023;080105;004211;23/02/2023;25/02/2023;031;391;M;0;0;2;NA;002;NA;NA;V3000;005;3780;004;001;010;M;08005301;31594283;NA;NA;NA;NA;NA;9547;897;NA;NA;NA;NA;NA;NA;NA;NA;NA;OSPEDALE MAGGIORE;NA;NA;NA;9394
080;080908;2023;509054;2023;080908;088012;23/02/2023;23/03/2023;062;386;M;0;0;28;NA;002;NA;NA;769;005;2932;088;001;190;F;080908;31594331;76526;7661;7742;7793;7766;9390;3893;897;8901;9390;9604;9929;8744;9396;9983;9903;IRCCS AOU BOLOGNA;NA;NA;NA;0
080;080053;2023;35418;2023;080105;011016;23/02/2023;26/02/2023;031;391;M;0;0;3;NA;002;NA;NA;V3000;005;4040;011;001;070;M;08005307;31594363;NA;NA;NA;NA;NA;897;NA;NA;NA;NA;NA;NA;NA;NA;NA;NA;OSPEDALE BENTIVOGLIO;NA;NA;NA;0
080;080021;2023;72;2023;080103;035033;02/01/2023;05/01/2023;062;390;M;0;0;3;NA;002;NA;NA;7741;005;3145;035;001;080;F;08002106;31594635;NA;NA;NA;NA;NA;9983;3899;NA;NA;NA;NA;NA;NA;NA;NA;NA;OSPEDALE S.MARIA NUOVA - RE;NA;NA;NA;3526
080;080053;2023;154000;2023;080105;999436;20/08/2023;31/08/2023;039;030;M;0;281;11;NA;002;NA;NA;85401;005;NA;999;001;436;F;08005301;31594722;NA;NA;NA;NA;NA;8891;8902;8938;8952;9059;8908;9918;897;9926;NA;NA;OSPEDALE MAGGIORE;NA;NA;NA;0
080;080004;2023;3687;2023;080101;033032;13/02/2023;16/02/2023;031;391;M;0;0;3;NA;002;NA;NA;V3001;005;3060;033;001;080;F;08000401;31599111;NA;NA;NA;NA;NA;NA;NA;NA;NA;NA;NA;NA;NA;NA;NA;NA;OSPEDALE PIACENZA;NA;NA;NA;549
080;080004;2023;3555;2023;080101;033039;10/02/2023;13/02/2023;031;391;M;0;0;3;NA;002;NA;NA;V3000;005;3670;033;001;080;F;08000401;31599739;NA;NA;NA;NA;NA;NA;NA;NA;NA;NA;NA;NA;NA;NA;NA;NA;OSPEDALE PIACENZA;NA;NA;NA;1428
080;080909;2023;2888;2023;080909;029041;11/02/2023;16/02/2023;031;390;M;0;0;5;NA;002;NA;NA;V3001;005;2595;029;001;050;M;080909;31602423;7706;7609;NA;NA;NA;3898;8959;8965;9501;9390;9541;9059;NA;NA;NA;NA;AOSPU ARCISPEDALE S.ANNA - FE;NA;NA;NA;24626
080;080021;2023;504670;2023;080103;020066;12/02/2023;14/02/2023;031;391;M;0;0;2;NA;002;NA;NA;V3000;005;3290;020;001;030;M;08002106;31603162;NA;NA;NA;NA;NA;8903;NA;NA;NA;NA;NA;NA;NA;NA;NA;NA;OSPEDALE S.MARIA NUOVA - RE;NA;NA;NA;3876
080;080021;2023;501152;2023;080103;030049;19/01/2023;22/01/2023;031;391;M;0;0;3;NA;002;NA;NA;V3000;005;3768;030;001;060;M;08002106;31603421;NA;NA;NA;NA;NA;8903;NA;NA;NA;NA;NA;NA;NA;NA;NA;NA;OSPEDALE S.MARIA NUOVA - RE;NA;NA;NA;4746
080;080021;2023;502306;2023;080103;082073;29/01/2023;31/01/2023;031;391;M;0;0;2;NA;002;NA;NA;V3000;005;3874;082;001;190;F;08002106;31603423;NA;NA;NA;NA;NA;8903;NA;NA;NA;NA;NA;NA;NA;NA;NA;NA;OSPEDALE S.MARIA NUOVA - RE;NA;NA;NA;4876
080;080004;2023;17400;2023;080101;020066;26/07/2023;25/10/2023;039;299;M;0;162;3;NA;002;NA;NA;2700;005;NA;020;002;030;F;08000401;31603550;NA;NA;NA;NA;NA;8906;8906;8952;NA;NA;NA;NA;NA;NA;NA;NA;OSPEDALE PIACENZA;NA;NA;NA;3952
080;080021;2023;505091;2023;080103;020066;14/02/2023;18/02/2023;031;391;M;0;0;4;NA;002;NA;NA;V3000;005;3320;020;001;030;F;08002103;31603550;NA;NA;NA;NA;NA;897;8903;NA;NA;NA;NA;NA;NA;NA;NA;NA;OSPEDALE MONTECCHIO EMILIA;NA;NA;NA;3952
080;080908;2023;509573;2023;080908;073026;27/02/2023;03/03/2023;031;391;M;0;0;4;NA;002;NA;NA;V3001;005;2640;073;001;160;F;080908;31603742;NA;NA;NA;NA;NA;897;8965;8903;897;9059;9509;9547;8619;NA;NA;NA;IRCCS AOU BOLOGNA;NA;NA;NA;22529
080;080004;2023;737;2023;080101;999243;10/01/2023;13/01/2023;031;391;M;0;0;3;NA;002;NA;NA;V3000;005;3200;999;001;243;F;08000401;31604120;NA;NA;NA;NA;NA;NA;NA;NA;NA;NA;NA;NA;NA;NA;NA;NA;OSPEDALE PIACENZA;NA;NA;NA;0
080;080021;2023;660;2023;080103;999360;10/01/2023;13/01/2023;039;098;M;0;242;3;NA;002;NA;NA;46611;005;NA;999;001;360;M;08002106;31604121;78609;7833;4658;V759;NA;9396;9394;8903;9653;9039;NA;NA;NA;NA;NA;NA;OSPEDALE S.MARIA NUOVA - RE;NA;NA;NA;0
080;080053;2023;6905;2023;080105;999243;11/01/2023;14/01/2023;031;391;M;0;0;3;NA;002;NA;NA;V3000;005;2850;999;001;243;F;08005301;31604124;NA;NA;NA;NA;NA;897;NA;NA;NA;NA;NA;NA;NA;NA;NA;NA;OSPEDALE MAGGIORE;NA;NA;NA;7259
080;080004;2023;4276;2023;080101;098062;19/02/2023;25/02/2023;039;098;M;0;70;6;NA;002;NA;NA;46611;005;NA;098;001;030;F;08000401;31605511;51882;NA;NA;NA;NA;9396;9394;NA;NA;NA;NA;NA;NA;NA;NA;NA;OSPEDALE PIACENZA;NA;NA;NA;0
080;080004;2023;2287;2023;080101;033032;27/01/2023;17/02/2023;062;390;M;0;0;21;NA;002;NA;NA;76072;005;2800;033;001;080;M;08000401;31605549;76419;NA;NA;NA;NA;8891;NA;NA;NA;NA;NA;NA;NA;NA;NA;NA;OSPEDALE PIACENZA;NA;NA;NA;250
080;080004;2023;2461;2023;080101;098013;29/01/2023;01/02/2023;031;391;M;0;0;3;NA;002;NA;NA;V3000;005;3450;098;001;030;M;08000401;31605690;NA;NA;NA;NA;NA;NA;NA;NA;NA;NA;NA;NA;NA;NA;NA;NA;OSPEDALE PIACENZA;NA;NA;NA;0
080;080004;2023;9709;2023;080101;098013;23/04/2023;02/05/2023;039;098;M;0;84;9;NA;002;NA;NA;46619;005;NA;098;001;030;M;08000401;31605690;0793;51882;5990;27909;NA;9396;9394;9918;9921;9929;NA;NA;NA;NA;NA;NA;OSPEDALE PIACENZA;NA;NA;NA;0
080;080004;2023;6217;2023;080101;084011;13/03/2023;16/03/2023;039;074;M;0;189;3;NA;002;NA;NA;38914;005;NA;084;001;190;M;08000401;31605720;NA;NA;NA;NA;NA;8703;8871;8874;9541;8891;NA;NA;NA;NA;NA;NA;OSPEDALE PIACENZA;NA;NA;NA;0
080;080004;2023;10562;2023;080101;084011;04/05/2023;06/05/2023;038;049;C;0;241;2;0;002;2098;NA;38911;005;NA;084;001;190;M;08000401;31605720;NA;NA;NA;NA;NA;2098;NA;NA;NA;NA;NA;NA;NA;NA;NA;NA;OSPEDALE PIACENZA;NA;NA;NA;0
080;080004;2023;2520;2023;080101;098010;30/01/2023;02/02/2023;031;391;M;0;0;3;NA;002;NA;NA;V3001;005;3050;098;001;030;F;08000401;31605736;NA;NA;NA;NA;NA;NA;NA;NA;NA;NA;NA;NA;NA;NA;NA;NA;OSPEDALE PIACENZA;NA;NA;NA;521
080;080095;2023;6594;2023;080114;041019;05/03/2023;10/03/2023;039;390;M;0;85;5;NA;002;NA;NA;77082;005;NA;041;001;110;M;08009501;31606424;NA;NA;NA;NA;NA;8914;8871;8872;NA;NA;NA;NA;NA;NA;NA;NA;OSPEDALE RIMINI;NA;NA;NA;0
080;080095;2023;719;2023;080114;041013;08/01/2023;23/01/2023;062;386;M;0;0;15;NA;002;NA;NA;769;005;2340;041;001;110;M;08009501;31606980;76518;7455;7470;NA;NA;9390;8965;8744;8871;9983;8872;NA;NA;NA;NA;NA;OSPEDALE RIMINI;NA;NA;NA;14415
080;080095;2023;709;2023;080114;041065;08/01/2023;10/01/2023;062;389;M;0;0;2;NA;002;NA;NA;7702;005;3090;041;001;110;F;08009501;31606983;NA;NA;NA;NA;NA;8749;8873;NA;NA;NA;NA;NA;NA;NA;NA;NA;OSPEDALE RIMINI;NA;NA;NA;14975
080;080095;2023;28345;2023;080114;041065;16/10/2023;22/10/2023;011;075;C;0;281;6;0;002;324;NA;74860;005;NA;041;001;110;F;08009501;31606983;NA;NA;NA;NA;NA;324;3421;NA;NA;NA;NA;NA;NA;NA;NA;NA;OSPEDALE RIMINI;NA;NA;NA;14975
080;080095;2023;21714;2023;080114;041065;07/08/2023;07/08/2023;011;102;M;0;211;1;NA;002;NA;NA;7484;005;NA;041;002;110;F;08009501;31606983;NA;NA;NA;NA;NA;8741;9926;NA;NA;NA;NA;NA;NA;NA;NA;NA;OSPEDALE RIMINI;NA;NA;NA;14975
080;080095;2023;650;2023;080114;041036;07/01/2023;09/01/2023;031;391;M;0;0;2;NA;002;NA;NA;V3000;005;3000;041;001;110;F;08009501;31607019;NA;NA;NA;NA;NA;NA;NA;NA;NA;NA;NA;NA;NA;NA;NA;NA;OSPEDALE RIMINI;NA;NA;NA;14834
080;080095;2023;416;2023;080114;041044;04/01/2023;07/01/2023;031;391;M;0;0;3;NA;002;NA;NA;V3000;005;3660;041;001;110;F;08009501;31607177;NA;NA;NA;NA;NA;NA;NA;NA;NA;NA;NA;NA;NA;NA;NA;NA;OSPEDALE RIMINI;NA;NA;NA;15987
080;080004;2023;2628;2023;080101;098047;31/01/2023;02/02/2023;031;391;M;0;0;2;NA;002;NA;NA;V3000;005;2880;098;001;030;F;08000401;31607287;NA;NA;NA;NA;NA;NA;NA;NA;NA;NA;NA;NA;NA;NA;NA;NA;OSPEDALE PIACENZA;NA;NA;NA;312
080;080095;2023;1677;2023;080114;041044;16/01/2023;18/01/2023;031;391;M;0;0;2;NA;002;NA;NA;V3000;005;3205;041;001;110;M;08009501;31607596;NA;NA;NA;NA;NA;NA;NA;NA;NA;NA;NA;NA;NA;NA;NA;NA;OSPEDALE RIMINI;NA;NA;NA;15173
080;080095;2023;5859;2023;080114;041068;25/02/2023;01/03/2023;062;391;M;0;0;4;NA;002;NA;NA;76409;005;2680;041;001;110;F;08009501;31607680;NA;NA;NA;NA;NA;9059;8901;NA;NA;NA;NA;NA;NA;NA;NA;NA;OSPEDALE RIMINI;NA;NA;NA;14544
080;080095;2023;18035;2023;080114;041068;30/06/2023;30/06/2023;011;190;M;0;125;1;NA;002;NA;NA;56949;005;NA;041;001;110;F;08009501;31607680;NA;NA;NA;NA;NA;9623;NA;NA;NA;NA;NA;NA;NA;NA;NA;NA;OSPEDALE RIMINI;NA;NA;NA;14544
080;080082;2023;800449;2023;080114;048026;15/01/2023;17/01/2023;031;391;M;0;0;2;NA;002;NA;NA;V3000;005;3400;048;001;090;F;080082;31607750;NA;NA;NA;NA;NA;NA;NA;NA;NA;NA;NA;NA;NA;NA;NA;NA;OSPEDALE FAENZA;NA;NA;NA;11494
080;080153;2023;777090;2023;080105;999466;01/03/2023;03/03/2023;076;532;C;0;246;2;2;007;034;NA;74103;005;NA;999;001;466;M;080153;31608150;3313;NA;NA;NA;NA;034;NA;NA;NA;NA;NA;NA;NA;NA;NA;NA;IRCCS SCIENZE NEUROLOGICHE BO;NA;NA;NA;0
080;080902;2023;559291;2023;080902;019036;21/02/2023;21/02/2023;002;184;M;0;113;1;NA;002;NA;NA;78703;005;NA;019;002;030;M;080902;31610430;NA;NA;NA;NA;NA;4516;897;8939;8903;NA;NA;NA;NA;NA;NA;NA;AOSPU OSPEDALI RIUNITI - PR;NA;NA;NA;0
080;080095;2023;5782;2023;080114;042034;24/02/2023;26/02/2023;031;391;M;0;0;2;NA;002;NA;NA;V3000;005;3330;042;001;110;M;08009501;31610709;NA;NA;NA;NA;NA;NA;NA;NA;NA;NA;NA;NA;NA;NA;NA;NA;OSPEDALE RIMINI;NA;NA;NA;15383
080;080908;2023;510713;2023;080908;037032;06/03/2023;08/03/2023;031;390;M;0;0;2;NA;002;NA;NA;V3001;005;3330;037;001;080;M;080908;31611120;7630;7750;NA;NA;NA;8903;8965;8903;9509;9059;897;9547;8619;NA;NA;NA;IRCCS AOU BOLOGNA;NA;NA;NA;23533
080;080004;2023;13085;2023;080101;098029;02/06/2023;06/06/2023;039;429;M;0;90;4;NA;002;NA;NA;78002;005;NA;098;001;030;M;08000401;31611252;NA;NA;NA;NA;NA;8914;8952;8871;8913;NA;NA;NA;NA;NA;NA;NA;OSPEDALE PIACENZA;NA;NA;NA;1319
080;080004;2023;5477;2023;080101;098029;04/03/2023;06/03/2023;031;391;M;0;0;2;NA;002;NA;NA;V3000;005;3580;098;001;030;M;08000401;31611252;NA;NA;NA;NA;NA;NA;NA;NA;NA;NA;NA;NA;NA;NA;NA;NA;OSPEDALE PIACENZA;NA;NA;NA;1319
080;080904;2023;7453;2023;080904;036021;07/03/2023;10/03/2023;031;391;M;0;0;3;NA;002;NA;NA;V3001;005;3370;036;001;080;M;08090401;31611697;NA;NA;NA;NA;NA;NA;NA;NA;NA;NA;NA;NA;NA;NA;NA;NA;AOSPU POLICLINICO - MO;NA;NA;NA;21104
080;080908;2023;511056;2023;080908;043030;07/03/2023;09/03/2023;039;102;M;0;336;2;NA;002;NA;NA;9341;005;NA;043;001;110;F;080908;31612221;NA;NA;NA;NA;NA;3323;3323;8903;8952;897;9926;8744;NA;NA;NA;NA;IRCCS AOU BOLOGNA;NA;NA;NA;0
080;080053;2023;42932;2023;080105;063063;07/03/2023;16/03/2023;039;087;M;0;77;9;NA;002;NA;NA;51881;005;NA;063;001;150;F;08005301;31612381;46611;NA;NA;NA;NA;9139;9396;9033;9039;8938;8744;NA;NA;NA;NA;NA;OSPEDALE MAGGIORE;NA;NA;NA;0
080;080004;2023;3025;2023;080101;003149;05/02/2023;09/02/2023;039;098;M;0;189;4;NA;002;NA;NA;46611;005;NA;003;001;010;M;08000401;31612616;0793;NA;NA;NA;NA;9396;9394;8744;NA;NA;NA;NA;NA;NA;NA;NA;OSPEDALE PIACENZA;NA;NA;NA;0
080;080095;2023;4502;2023;080114;017088;13/02/2023;15/02/2023;039;087;M;0;233;2;NA;002;NA;NA;51881;005;NA;017;001;030;F;08009501;31612834;4871;NA;NA;NA;NA;9396;NA;NA;NA;NA;NA;NA;NA;NA;NA;NA;OSPEDALE RIMINI;NA;NA;NA;0
080;080091;2023;503071;2023;080114;067035;10/02/2023;13/02/2023;031;391;M;0;0;3;NA;002;NA;NA;V3000;005;3325;067;001;130;F;08009101;31613398;NA;NA;NA;NA;NA;NA;NA;NA;NA;NA;NA;NA;NA;NA;NA;NA;OSPEDALE CESENA;NA;NA;NA;13447
080;080908;2023;511466;2023;080908;016117;10/03/2023;12/03/2023;031;390;M;0;0;2;NA;002;NA;NA;V3000;005;3550;016;001;030;F;080908;31614579;7750;NA;NA;NA;NA;8903;8965;8903;9509;9059;897;9547;8619;NA;NA;NA;IRCCS AOU BOLOGNA;NA;NA;NA;23904
080;080902;2023;32633;2023;080902;020066;17/04/2023;20/04/2023;039;098;M;0;90;3;NA;002;NA;NA;46619;005;NA;020;001;030;M;080902;31615371;NA;NA;NA;NA;NA;9396;9394;8939;8903;897;NA;NA;NA;NA;NA;NA;AOSPU OSPEDALI RIUNITI - PR;NA;NA;NA;0
080;080902;2023;15386;2023;080902;020066;22/02/2023;27/02/2023;039;098;M;0;36;5;NA;002;NA;NA;46619;005;NA;020;001;030;M;080902;31615371;0415;NA;NA;NA;NA;9394;8903;8939;897;9033;9039;9918;NA;NA;NA;NA;AOSPU OSPEDALI RIUNITI - PR;NA;NA;NA;0
080;080902;2023;554859;2023;080902;020066;17/01/2023;20/01/2023;062;391;M;0;0;3;NA;002;NA;NA;77439;005;4000;020;001;030;M;080902;31615371;7661;NA;NA;NA;NA;9983;8939;9307;9546;8903;897;3899;NA;NA;NA;NA;AOSPU OSPEDALI RIUNITI - PR;NA;NA;NA;0
080;080902;2023;28275;2023;080902;019021;05/04/2023;07/04/2023;039;070;M;0;43;2;NA;002;NA;NA;4789;005;NA;019;001;030;M;080902;31615404;NA;NA;NA;NA;NA;9132;9092;9099;9039;9033;3894;9394;9915;8939;897;NA;AOSPU OSPEDALI RIUNITI - PR;NA;NA;NA;0
080;080013;2023;1488;2023;080102;034015;02/02/2023;07/02/2023;031;391;M;0;0;5;NA;002;NA;NA;7793;005;3330;034;001;080;M;08001301;31615568;V3001;NA;NA;NA;NA;8879;8965;8908;8903;8939;897;NA;NA;NA;NA;NA;OSPEDALE FIDENZA;NA;NA;NA;2131
080;080004;2023;3365;2023;080101;098035;08/02/2023;10/02/2023;039;389;M;0;8;2;NA;002;NA;NA;77189;005;NA;098;001;030;F;08000401;31616194;7714;NA;NA;NA;NA;9921;NA;NA;NA;NA;NA;NA;NA;NA;NA;NA;OSPEDALE PIACENZA;NA;NA;NA;0
080;080004;2023;2594;2023;080101;098035;31/01/2023;02/02/2023;031;391;M;0;0;2;NA;002;NA;NA;V3000;005;3790;098;001;030;F;08000401;31616194;NA;NA;NA;NA;NA;NA;NA;NA;NA;NA;NA;NA;NA;NA;NA;NA;OSPEDALE PIACENZA;NA;NA;NA;0
080;080004;2023;3418;2023;080101;098019;09/02/2023;14/02/2023;039;100;M;0;222;5;NA;002;NA;NA;51882;005;NA;098;001;030;F;08000401;31616210;46619;NA;NA;NA;NA;9396;9394;NA;NA;NA;NA;NA;NA;NA;NA;NA;OSPEDALE PIACENZA;NA;NA;NA;0
080;080004;2023;4268;2023;080101;098028;19/02/2023;22/02/2023;031;391;M;0;0;3;NA;002;NA;NA;V3001;005;3850;098;001;030;M;08000401;31617352;NA;NA;NA;NA;NA;NA;NA;NA;NA;NA;NA;NA;NA;NA;NA;NA;OSPEDALE PIACENZA;NA;NA;NA;1573
080;080004;2023;4323;2023;080101;098029;20/02/2023;22/02/2023;031;391;M;0;0;2;NA;002;NA;NA;V3000;005;3250;098;001;030;F;08000401;31617355;NA;NA;NA;NA;NA;8871;9503;8872;NA;NA;NA;NA;NA;NA;NA;NA;OSPEDALE PIACENZA;NA;NA;NA;812
080;080004;2023;4499;2023;080101;098019;22/02/2023;25/02/2023;031;391;M;0;0;3;NA;002;NA;NA;V3000;005;3250;098;001;030;F;08000401;31617356;NA;NA;NA;NA;NA;NA;NA;NA;NA;NA;NA;NA;NA;NA;NA;NA;OSPEDALE PIACENZA;NA;NA;NA;0
080;080004;2023;2876;2023;080101;018058;02/02/2023;05/02/2023;031;391;M;0;0;3;NA;002;NA;NA;V3000;005;2550;018;001;030;M;08000401;31617362;NA;NA;NA;NA;NA;NA;NA;NA;NA;NA;NA;NA;NA;NA;NA;NA;OSPEDALE PIACENZA;NA;NA;NA;111
080;080004;2023;2960;2023;080101;098010;03/02/2023;06/02/2023;031;391;M;0;0;3;NA;002;NA;NA;V3001;005;2920;098;001;030;F;08000401;31617370;NA;NA;NA;NA;NA;NA;NA;NA;NA;NA;NA;NA;NA;NA;NA;NA;OSPEDALE PIACENZA;NA;NA;NA;356
080;080004;2023;4065;2023;080101;098054;16/02/2023;19/02/2023;031;390;M;0;0;3;NA;002;NA;NA;V3001;005;3190;098;001;030;F;08000401;31617376;7455;NA;NA;NA;NA;8872;NA;NA;NA;NA;NA;NA;NA;NA;NA;NA;OSPEDALE PIACENZA;NA;NA;NA;719
080;080004;2023;3769;2023;080101;098014;14/02/2023;17/02/2023;031;391;M;0;0;3;NA;002;NA;NA;V3001;005;3540;098;001;030;M;08000401;31617378;NA;NA;NA;NA;NA;NA;NA;NA;NA;NA;NA;NA;NA;NA;NA;NA;OSPEDALE PIACENZA;NA;NA;NA;1278
080;080004;2023;4188;2023;080101;098029;18/02/2023;23/02/2023;031;391;M;0;0;5;NA;002;NA;NA;V3000;005;2790;098;001;030;M;08000401;31617379;77439;NA;NA;NA;NA;8871;9503;9983;NA;NA;NA;NA;NA;NA;NA;NA;OSPEDALE PIACENZA;NA;NA;NA;244
080;080095;2023;1954;2023;080114;051035;19/01/2023;21/01/2023;031;391;M;0;0;2;NA;002;NA;NA;V3000;005;3610;051;001;090;F;08009501;31617448;NA;NA;NA;NA;NA;NA;NA;NA;NA;NA;NA;NA;NA;NA;NA;NA;OSPEDALE RIMINI;NA;NA;NA;15896
080;080095;2023;4427;2023;080114;042045;11/02/2023;14/02/2023;031;391;M;0;0;3;NA;002;NA;NA;V3000;005;3410;042;001;110;F;08009501;31617450;NA;NA;NA;NA;NA;NA;NA;NA;NA;NA;NA;NA;NA;NA;NA;NA;OSPEDALE RIMINI;NA;NA;NA;15532
080;080095;2023;4240;2023;080114;041023;10/02/2023;12/02/2023;031;391;M;0;0;2;NA;002;NA;NA;V3000;005;3120;041;001;110;F;08009501;31617452;NA;NA;NA;NA;NA;NA;NA;NA;NA;NA;NA;NA;NA;NA;NA;NA;OSPEDALE RIMINI;NA;NA;NA;15015
080;080095;2023;1152;2023;080114;109006;11/01/2023;14/01/2023;031;391;M;0;0;3;NA;002;NA;NA;V3000;005;3605;109;001;110;F;08009501;31617453;NA;NA;NA;NA;NA;NA;NA;NA;NA;NA;NA;NA;NA;NA;NA;NA;OSPEDALE RIMINI;NA;NA;NA;15891
080;080095;2023;5171;2023;080114;041020;19/02/2023;21/02/2023;031;391;M;0;0;2;NA;002;NA;NA;V3000;005;3090;041;001;110;F;08009501;31617454;NA;NA;NA;NA;NA;NA;NA;NA;NA;NA;NA;NA;NA;NA;NA;NA;OSPEDALE RIMINI;NA;NA;NA;14978
080;080095;2023;3023;2023;080114;041044;29/01/2023;04/02/2023;062;389;M;0;0;6;NA;002;NA;NA;7661;005;4480;041;001;110;F;08009501;31617455;7756;NA;NA;NA;NA;9059;8901;8871;9053;9547;8619;NA;NA;NA;NA;NA;OSPEDALE RIMINI;NA;NA;NA;16538
080;080095;2022;34938;2023;080114;041020;31/12/2022;02/01/2023;031;391;M;0;0;2;NA;002;NA;NA;V3000;005;2930;041;001;110;F;08009501;31617457;NA;NA;NA;NA;NA;NA;NA;NA;NA;NA;NA;NA;NA;NA;NA;NA;OSPEDALE RIMINI;NA;NA;NA;0
080;080095;2023;3752;2023;080114;041020;05/02/2023;10/02/2023;039;087;M;0;36;5;NA;002;NA;NA;51881;005;NA;041;001;110;F;08009501;31617457;46611;NA;NA;NA;NA;9396;9073;NA;NA;NA;NA;NA;NA;NA;NA;NA;OSPEDALE RIMINI;NA;NA;NA;0
080;080095;2023;660;2023;080114;041044;07/01/2023;10/01/2023;062;391;M;0;0;3;NA;002;NA;NA;7661;005;4215;041;001;110;F;08009501;31617459;NA;NA;NA;NA;NA;9059;NA;NA;NA;NA;NA;NA;NA;NA;NA;NA;OSPEDALE RIMINI;NA;NA;NA;16478
080;080095;2023;3686;2023;080114;041023;04/02/2023;08/02/2023;062;391;M;0;0;4;NA;002;NA;NA;77430;005;3360;041;001;110;F;08009501;31617460;NA;NA;NA;NA;NA;9983;8903;9059;9547;NA;NA;NA;NA;NA;NA;NA;OSPEDALE RIMINI;NA;NA;NA;15441
080;080095;2023;3030;2023;080114;041036;30/01/2023;02/02/2023;031;391;M;0;0;3;NA;002;NA;NA;V3001;005;3500;041;001;110;M;08009501;31617461;NA;NA;NA;NA;NA;NA;NA;NA;NA;NA;NA;NA;NA;NA;NA;NA;OSPEDALE RIMINI;NA;NA;NA;0
080;080095;2023;3296;2023;080114;042045;01/02/2023;03/02/2023;031;391;M;0;0;2;NA;002;NA;NA;V3000;005;3000;042;001;110;F;08009501;31617463;NA;NA;NA;NA;NA;NA;NA;NA;NA;NA;NA;NA;NA;NA;NA;NA;OSPEDALE RIMINI;NA;NA;NA;0
080;080095;2023;5029;2023;080114;041044;17/02/2023;19/02/2023;031;391;M;0;0;2;NA;002;NA;NA;V3000;005;3360;041;001;110;F;08009501;31617464;NA;NA;NA;NA;NA;NA;NA;NA;NA;NA;NA;NA;NA;NA;NA;NA;OSPEDALE RIMINI;NA;NA;NA;15442
080;080095;2023;3699;2023;080114;041044;04/02/2023;06/02/2023;031;391;M;0;0;2;NA;002;NA;NA;V3000;005;3670;041;001;110;M;08009501;31617466;NA;NA;NA;NA;NA;NA;NA;NA;NA;NA;NA;NA;NA;NA;NA;NA;OSPEDALE RIMINI;NA;NA;NA;16011
080;080095;2023;2386;2023;080114;041068;23/01/2023;25/01/2023;062;390;M;0;0;2;NA;002;NA;NA;76419;005;2780;041;001;110;M;08009501;31617468;NA;NA;NA;NA;NA;9059;NA;NA;NA;NA;NA;NA;NA;NA;NA;NA;OSPEDALE RIMINI;NA;NA;NA;14600
080;080095;2023;2237;2023;080114;041051;20/01/2023;23/01/2023;031;391;M;0;0;3;NA;002;NA;NA;V3001;005;3620;041;001;110;M;08009501;31617469;NA;NA;NA;NA;NA;NA;NA;NA;NA;NA;NA;NA;NA;NA;NA;NA;OSPEDALE RIMINI;NA;NA;NA;15916
080;080095;2023;4229;2023;080114;041068;09/02/2023;12/02/2023;031;391;M;0;0;3;NA;002;NA;NA;V3000;005;3805;041;001;110;M;08009501;31617470;NA;NA;NA;NA;NA;NA;NA;NA;NA;NA;NA;NA;NA;NA;NA;NA;OSPEDALE RIMINI;NA;NA;NA;16186
080;080095;2023;5895;2023;080114;041065;26/02/2023;28/02/2023;062;391;M;0;0;2;NA;002;NA;NA;7661;005;3890;041;001;110;M;08009501;31617471;NA;NA;NA;NA;NA;9059;NA;NA;NA;NA;NA;NA;NA;NA;NA;NA;OSPEDALE RIMINI;NA;NA;NA;16275
080;080095;2023;5785;2023;080114;041044;24/02/2023;27/02/2023;031;391;M;0;0;3;NA;002;NA;NA;V3000;005;3590;041;001;110;F;08009501;31617473;NA;NA;NA;NA;NA;NA;NA;NA;NA;NA;NA;NA;NA;NA;NA;NA;OSPEDALE RIMINI;NA;NA;NA;15848
080;080095;2023;5162;2023;080114;041044;19/02/2023;21/02/2023;031;391;M;0;0;2;NA;002;NA;NA;V3000;005;3840;041;001;110;M;08009501;31617474;NA;NA;NA;NA;NA;NA;NA;NA;NA;NA;NA;NA;NA;NA;NA;NA;OSPEDALE RIMINI;NA;NA;NA;16219
080;080095;2023;2234;2023;080114;041044;21/01/2023;23/01/2023;031;391;M;0;0;2;NA;002;NA;NA;V3000;005;3690;041;001;110;M;08009501;31617476;NA;NA;NA;NA;NA;NA;NA;NA;NA;NA;NA;NA;NA;NA;NA;NA;OSPEDALE RIMINI;NA;NA;NA;16041
080;080095;2023;1454;2023;080114;041013;14/01/2023;17/01/2023;031;391;M;0;0;3;NA;002;NA;NA;V3000;005;3500;041;001;110;F;08009501;31617477;NA;NA;NA;NA;NA;NA;NA;NA;NA;NA;NA;NA;NA;NA;NA;NA;OSPEDALE RIMINI;NA;NA;NA;15693
080;080095;2023;3;2023;080114;041044;01/01/2023;03/01/2023;031;391;M;0;0;2;NA;002;NA;NA;V3000;005;3315;041;001;110;M;08009501;31617480;NA;NA;NA;NA;NA;NA;NA;NA;NA;NA;NA;NA;NA;NA;NA;NA;OSPEDALE RIMINI;NA;NA;NA;15351
080;080095;2023;1028;2023;080114;041044;10/01/2023;12/01/2023;062;390;M;0;0;2;NA;002;NA;NA;7672;005;3120;041;001;110;F;08009501;31617484;NA;NA;NA;NA;NA;8743;NA;NA;NA;NA;NA;NA;NA;NA;NA;NA;OSPEDALE RIMINI;NA;NA;NA;0
080;080095;2023;4274;2023;080114;042002;10/02/2023;12/02/2023;031;391;M;0;0;2;NA;002;NA;NA;V3000;005;3300;042;001;110;F;08009501;31617486;NA;NA;NA;NA;NA;NA;NA;NA;NA;NA;NA;NA;NA;NA;NA;NA;OSPEDALE RIMINI;NA;NA;NA;15322
080;080095;2023;4196;2023;080114;042045;09/02/2023;13/02/2023;031;391;M;0;0;4;NA;002;NA;NA;V3000;005;3580;042;001;110;F;08009501;31617488;NA;NA;NA;NA;NA;NA;NA;NA;NA;NA;NA;NA;NA;NA;NA;NA;OSPEDALE RIMINI;NA;NA;NA;0
080;080095;2023;4640;2023;080114;041009;14/02/2023;21/02/2023;031;391;M;0;0;7;NA;002;NA;NA;V3000;005;3415;041;001;110;F;08009501;31617490;NA;NA;NA;NA;NA;NA;NA;NA;NA;NA;NA;NA;NA;NA;NA;NA;OSPEDALE RIMINI;NA;NA;NA;15543
080;080095;2023;3148;2023;080114;041035;30/01/2023;02/02/2023;031;391;M;0;0;3;NA;002;NA;NA;V3001;005;3060;041;001;110;F;08009501;31617491;NA;NA;NA;NA;NA;NA;NA;NA;NA;NA;NA;NA;NA;NA;NA;NA;OSPEDALE RIMINI;NA;NA;NA;14938
080;080095;2023;2940;2023;080114;041023;27/01/2023;30/01/2023;031;391;M;0;0;3;NA;002;NA;NA;V3000;005;3980;041;001;110;M;08009501;31617492;NA;NA;NA;NA;NA;NA;NA;NA;NA;NA;NA;NA;NA;NA;NA;NA;OSPEDALE RIMINI;NA;NA;NA;16355
080;080095;2023;1956;2023;080114;043055;19/01/2023;23/01/2023;062;390;M;0;0;4;NA;002;NA;NA;7706;005;3140;043;001;110;M;08009501;31617493;NA;NA;NA;NA;NA;9390;3892;9059;8871;9921;8952;NA;NA;NA;NA;NA;OSPEDALE RIMINI;NA;NA;NA;15047
080;080095;2023;2995;2023;080114;041019;29/01/2023;31/01/2023;031;391;M;0;0;2;NA;002;NA;NA;V3000;005;3065;041;001;110;F;08009501;31617494;NA;NA;NA;NA;NA;NA;NA;NA;NA;NA;NA;NA;NA;NA;NA;NA;OSPEDALE RIMINI;NA;NA;NA;14946
080;080095;2023;4495;2023;080114;041027;12/02/2023;14/02/2023;031;391;M;0;0;2;NA;002;NA;NA;V3000;005;3650;041;001;110;M;08009501;31617495;NA;NA;NA;NA;NA;NA;NA;NA;NA;NA;NA;NA;NA;NA;NA;NA;OSPEDALE RIMINI;NA;NA;NA;15972
080;080095;2023;4242;2023;080114;041065;10/02/2023;12/02/2023;031;391;M;0;0;2;NA;002;NA;NA;V3000;005;2620;041;001;110;F;08009501;31617496;NA;NA;NA;NA;NA;NA;NA;NA;NA;NA;NA;NA;NA;NA;NA;NA;OSPEDALE RIMINI;NA;NA;NA;14509
080;080095;2023;310;2023;080114;041044;03/01/2023;06/01/2023;031;391;M;0;0;3;NA;002;NA;NA;V3001;005;3100;041;001;110;M;08009501;31617497;NA;NA;NA;NA;NA;NA;NA;NA;NA;NA;NA;NA;NA;NA;NA;NA;OSPEDALE RIMINI;NA;NA;NA;14989
080;080095;2023;1510;2023;080114;043042;15/01/2023;17/01/2023;031;391;M;0;0;2;NA;002;NA;NA;V3001;005;3280;043;001;110;M;08009501;31617498;NA;NA;NA;NA;NA;NA;NA;NA;NA;NA;NA;NA;NA;NA;NA;NA;OSPEDALE RIMINI;NA;NA;NA;15287
080;080095;2023;2245;2023;080114;041044;21/01/2023;24/01/2023;031;391;M;0;0;3;NA;002;NA;NA;V3001;005;3200;041;001;110;F;08009501;31617499;NA;NA;NA;NA;NA;NA;NA;NA;NA;NA;NA;NA;NA;NA;NA;NA;OSPEDALE RIMINI;NA;NA;NA;15150
080;080095;2023;5167;2023;080114;042018;19/02/2023;21/02/2023;031;391;M;0;0;2;NA;002;NA;NA;V3000;005;2770;042;001;110;F;08009501;31617500;NA;NA;NA;NA;NA;NA;NA;NA;NA;NA;NA;NA;NA;NA;NA;NA;OSPEDALE RIMINI;NA;NA;NA;14594
080;080095;2023;4958;2023;080114;041044;17/02/2023;20/02/2023;062;389;M;0;0;3;NA;002;NA;NA;7731;005;3800;041;001;110;M;08009501;31617501;7756;NA;NA;NA;NA;9983;9059;8901;NA;NA;NA;NA;NA;NA;NA;NA;OSPEDALE RIMINI;NA;NA;NA;16173
080;080095;2023;618;2023;080114;042008;06/01/2023;10/01/2023;031;391;M;0;0;4;NA;002;NA;NA;V3000;005;3480;042;001;110;F;08009501;31617505;NA;NA;NA;NA;NA;NA;NA;NA;NA;NA;NA;NA;NA;NA;NA;NA;OSPEDALE RIMINI;NA;NA;NA;15657
080;080095;2023;720;2023;080114;041013;08/01/2023;23/01/2023;062;386;M;0;0;15;NA;002;NA;NA;769;005;1880;041;001;110;F;08009501;31617506;7742;76517;7756;NA;NA;9390;8965;3892;8744;8871;9983;NA;NA;NA;NA;NA;OSPEDALE RIMINI;NA;NA;NA;14362
080;080095;2023;4191;2023;080114;041044;09/02/2023;13/02/2023;031;391;M;0;0;4;NA;002;NA;NA;V3000;005;2940;041;001;110;M;08009501;31617507;NA;NA;NA;NA;NA;NA;NA;NA;NA;NA;NA;NA;NA;NA;NA;NA;OSPEDALE RIMINI;NA;NA;NA;14761
080;080095;2023;2975;2023;080114;041009;28/01/2023;30/01/2023;031;391;M;0;0;2;NA;002;NA;NA;V3000;005;2835;041;001;110;M;08009501;31617508;NA;NA;NA;NA;NA;NA;NA;NA;NA;NA;NA;NA;NA;NA;NA;NA;OSPEDALE RIMINI;NA;NA;NA;14655
080;080095;2023;9227;2023;080114;063060;31/03/2023;01/04/2023;011;163;C;0;69;1;0;002;5302;NA;55090;005;NA;063;001;150;M;08009501;31617509;75261;NA;NA;NA;NA;5302;NA;NA;NA;NA;NA;NA;NA;NA;NA;NA;OSPEDALE RIMINI;NA;NA;NA;15784
080;080095;2023;4144;2023;080114;063060;09/02/2023;11/02/2023;011;163;C;0;19;2;0;002;5302;NA;55010;005;NA;063;001;150;M;08009501;31617509;NA;NA;NA;NA;NA;5302;NA;NA;NA;NA;NA;NA;NA;NA;NA;NA;OSPEDALE RIMINI;NA;NA;NA;15784
080;080095;2023;2222;2023;080114;063060;21/01/2023;23/01/2023;031;391;M;0;0;2;NA;002;NA;NA;V3000;005;3550;063;001;150;M;08009501;31617509;NA;NA;NA;NA;NA;NA;NA;NA;NA;NA;NA;NA;NA;NA;NA;NA;OSPEDALE RIMINI;NA;NA;NA;15784
080;080095;2023;5563;2023;080114;042045;22/02/2023;25/02/2023;062;390;M;0;0;3;NA;002;NA;NA;76419;005;2795;042;001;110;M;08009501;31617511;NA;NA;NA;NA;NA;9059;NA;NA;NA;NA;NA;NA;NA;NA;NA;NA;OSPEDALE RIMINI;NA;NA;NA;14621
080;080095;2023;317;2023;080114;041044;03/01/2023;06/01/2023;031;391;M;0;0;3;NA;002;NA;NA;V3000;005;3560;041;001;110;F;08009501;31617512;NA;NA;NA;NA;NA;NA;NA;NA;NA;NA;NA;NA;NA;NA;NA;NA;OSPEDALE RIMINI;NA;NA;NA;15806
080;080095;2023;1884;2023;080114;041036;18/01/2023;21/01/2023;031;391;M;0;0;3;NA;002;NA;NA;V3000;005;3700;041;001;110;M;08009501;31617513;NA;NA;NA;NA;NA;NA;NA;NA;NA;NA;NA;NA;NA;NA;NA;NA;OSPEDALE RIMINI;NA;NA;NA;16052
080;080095;2023;207;2023;080114;041044;03/01/2023;05/01/2023;031;391;M;0;0;2;NA;002;NA;NA;V3000;005;3650;041;001;110;F;08009501;31617514;NA;NA;NA;NA;NA;NA;NA;NA;NA;NA;NA;NA;NA;NA;NA;NA;OSPEDALE RIMINI;NA;NA;NA;0
080;080095;2023;1408;2023;080114;044007;13/01/2023;17/01/2023;031;391;M;0;0;4;NA;002;NA;NA;V3001;005;3600;044;001;110;M;08009501;31617515;NA;NA;NA;NA;NA;9511;8871;NA;NA;NA;NA;NA;NA;NA;NA;NA;OSPEDALE RIMINI;NA;NA;NA;15866
080;080095;2022;34929;2023;080114;041038;31/12/2022;03/01/2023;062;391;M;0;0;3;NA;002;NA;NA;7661;005;4425;041;001;110;M;08009501;31617516;NA;NA;NA;NA;NA;9059;8901;9547;8619;NA;NA;NA;NA;NA;NA;NA;OSPEDALE RIMINI;NA;NA;NA;0
080;080095;2023;3454;2023;080114;041020;02/02/2023;03/02/2023;031;391;M;0;0;1;NA;002;NA;NA;V3000;005;3160;041;001;110;F;08009501;31617517;NA;NA;NA;NA;NA;NA;NA;NA;NA;NA;NA;NA;NA;NA;NA;NA;OSPEDALE RIMINI;NA;NA;NA;15074
080;080909;2023;5221;2023;080909;029033;16/03/2023;18/03/2023;031;390;M;0;0;2;NA;002;NA;NA;V3000;005;3555;029;001;050;M;080909;31619046;59389;NA;NA;NA;NA;8875;9501;9059;9541;NA;NA;NA;NA;NA;NA;NA;AOSPU ARCISPEDALE S.ANNA - FE;NA;NA;NA;25648
080;080004;2023;4283;2023;080101;018048;20/02/2023;20/02/2023;062;385;M;0;0;1;NA;006;NA;NA;769;005;3320;018;001;030;F;08000401;31619142;7686;77012;NA;NA;NA;9390;8744;NA;NA;NA;NA;NA;NA;NA;NA;NA;OSPEDALE PIACENZA;NA;NA;NA;941
080;080902;2023;559141;2023;080902;033032;20/02/2023;28/02/2023;062;389;M;0;0;8;NA;002;NA;1;77084;005;NA;033;001;080;F;080902;31619142;77012;NA;NA;NA;NA;9671;8744;8872;9921;8965;3898;9390;9546;NA;NA;NA;AOSPU OSPEDALI RIUNITI - PR;NA;NA;NA;941
080;080068;2023;2531;2023;080109;038004;16/03/2023;19/03/2023;031;391;M;0;0;3;NA;002;NA;NA;V3000;005;3480;038;001;080;F;08006806;31619245;NA;NA;NA;NA;NA;9501;9541;NA;NA;NA;NA;NA;NA;NA;NA;NA;OSPEDALE CENTO;NA;NA;NA;9957
080;080902;2023;551748;2023;080902;999404;01/01/2023;27/01/2023;062;385;M;0;0;26;NA;006;NA;NA;77084;005;1380;999;001;404;F;080902;31619610;76515;76526;7742;NA;NA;9390;3892;8744;9921;9915;8871;8965;9502;NA;NA;NA;AOSPU OSPEDALI RIUNITI - PR;NA;NA;NA;17805
080;080004;2023;2340;2023;080101;999404;27/01/2023;06/02/2023;062;387;M;0;26;10;NA;002;NA;NA;76515;005;NA;999;001;404;F;08000401;31619610;7766;76415;NA;NA;NA;8871;9059;9503;NA;NA;NA;NA;NA;NA;NA;NA;OSPEDALE PIACENZA;NA;NA;NA;17805
080;080904;2023;8674;2023;080904;017067;17/03/2023;20/03/2023;062;389;M;0;0;3;NA;002;NA;NA;77084;005;3620;017;001;030;F;08090401;31619957;NA;NA;NA;NA;NA;8871;9390;NA;NA;NA;NA;NA;NA;NA;NA;NA;AOSPU POLICLINICO - MO;NA;NA;NA;21635
080;080909;2023;5413;2023;080909;029045;19/03/2023;22/03/2023;031;390;M;0;0;3;NA;002;NA;NA;V3001;005;3495;029;001;050;M;080909;31620137;7609;7500;NA;NA;NA;2592;9059;9501;9541;NA;NA;NA;NA;NA;NA;NA;AOSPU ARCISPEDALE S.ANNA - FE;NA;NA;NA;25569
080;080082;2023;801684;2023;080114;048026;23/02/2023;27/02/2023;031;391;M;0;0;4;NA;002;NA;NA;V3001;005;3100;048;001;090;M;080082;31623991;NA;NA;NA;NA;NA;NA;NA;NA;NA;NA;NA;NA;NA;NA;NA;NA;OSPEDALE FAENZA;NA;NA;NA;11392
080;080904;2023;9479;2023;080904;003106;24/03/2023;26/03/2023;031;391;M;0;0;2;NA;002;NA;NA;V3000;005;3505;003;001;010;F;08090401;31626319;NA;NA;NA;NA;NA;NA;NA;NA;NA;NA;NA;NA;NA;NA;NA;NA;AOSPU POLICLINICO - MO;NA;NA;NA;21409
080;080904;2023;9489;2023;080904;018110;24/03/2023;26/03/2023;031;391;M;0;0;2;NA;002;NA;NA;V3000;005;3400;018;001;030;F;08090401;31626325;NA;NA;NA;NA;NA;NA;NA;NA;NA;NA;NA;NA;NA;NA;NA;NA;AOSPU POLICLINICO - MO;NA;NA;NA;21171
080;080031;2023;2575;2023;080104;020065;24/03/2023;27/03/2023;031;391;M;0;0;3;NA;002;NA;NA;V3000;005;2760;020;001;030;F;08003104;31626681;NA;NA;NA;NA;NA;897;9542;8965;NA;NA;NA;NA;NA;NA;NA;NA;OSPEDALE CARPI;NA;NA;NA;5236
080;080053;2023;13931;2023;080105;999460;23/01/2023;25/01/2023;031;391;M;0;0;2;NA;002;NA;NA;V3000;005;3240;999;001;460;F;08005301;31626956;NA;NA;NA;NA;NA;897;9547;NA;NA;NA;NA;NA;NA;NA;NA;NA;OSPEDALE MAGGIORE;NA;NA;NA;8135
080;080004;2023;3864;2023;080101;999243;15/02/2023;20/02/2023;039;098;M;0;68;5;NA;002;NA;NA;46611;005;NA;999;001;243;M;08000401;31627129;51882;NA;NA;NA;NA;9396;9394;NA;NA;NA;NA;NA;NA;NA;NA;NA;OSPEDALE PIACENZA;NA;NA;NA;0
080;080004;2023;3398;2023;080101;098043;09/02/2023;15/02/2023;062;386;M;0;0;6;NA;002;NA;NA;769;005;2610;098;001;030;F;08000401;31627813;76519;7686;7742;NA;NA;9390;8744;8965;9983;NA;NA;NA;NA;NA;NA;NA;OSPEDALE PIACENZA;NA;NA;NA;137
080;080909;2023;660;2023;080909;029033;10/01/2023;13/01/2023;031;390;M;0;0;3;NA;002;NA;NA;V3000;005;3825;029;001;050;F;080909;31628213;7609;NA;NA;NA;NA;9501;9059;9541;NA;NA;NA;NA;NA;NA;NA;NA;AOSPU ARCISPEDALE S.ANNA - FE;NA;NA;NA;25907
080;080053;2023;56765;2023;080105;031009;27/03/2023;30/03/2023;062;390;M;0;0;3;NA;002;NA;NA;7731;005;3415;031;001;060;F;08005301;31628240;NA;NA;NA;NA;NA;9983;897;NA;NA;NA;NA;NA;NA;NA;NA;NA;OSPEDALE MAGGIORE;NA;NA;NA;8623
080;080909;2023;377;2023;080909;029012;06/01/2023;09/01/2023;031;390;M;0;0;3;NA;002;NA;NA;V3001;005;3710;029;001;050;F;080909;31628286;77984;NA;NA;NA;NA;9501;9541;9059;NA;NA;NA;NA;NA;NA;NA;NA;AOSPU ARCISPEDALE S.ANNA - FE;NA;NA;NA;25816
080;080004;2023;11852;2023;080101;098019;18/05/2023;24/05/2023;039;422;M;0;52;6;NA;002;NA;NA;075;005;NA;098;001;030;M;08000401;31628310;V1204;27651;NA;NA;NA;9918;9921;NA;NA;NA;NA;NA;NA;NA;NA;NA;OSPEDALE PIACENZA;NA;NA;NA;1344
080;080004;2023;7517;2023;080101;098019;27/03/2023;29/03/2023;031;391;M;0;0;2;NA;002;NA;NA;V3000;005;3600;098;001;030;M;08000401;31628310;NA;NA;NA;NA;NA;NA;NA;NA;NA;NA;NA;NA;NA;NA;NA;NA;OSPEDALE PIACENZA;NA;NA;NA;1344
080;080908;2023;514415;2023;080908;028072;28/03/2023;04/04/2023;011;467;M;0;341;7;NA;002;NA;NA;V7219;005;NA;028;001;050;M;080908;31628365;NA;NA;NA;NA;NA;9543;9543;8904;897;NA;NA;NA;NA;NA;NA;NA;IRCCS AOU BOLOGNA;NA;NA;NA;0
080;080021;2023;506756;2023;080103;020066;23/02/2023;28/02/2023;062;388;M;0;0;5;NA;002;NA;NA;76518;005;2425;020;001;030;F;08002106;31628551;76528;7742;NA;NA;NA;9983;NA;NA;NA;NA;NA;NA;NA;NA;NA;NA;OSPEDALE S.MARIA NUOVA - RE;NA;NA;NA;2676
080;080021;2023;503885;2023;080103;020066;07/02/2023;10/02/2023;031;391;M;0;0;3;NA;002;NA;NA;V3000;005;3560;020;001;030;M;08002103;31628557;77430;NA;NA;NA;NA;897;9983;8903;NA;NA;NA;NA;NA;NA;NA;NA;OSPEDALE MONTECCHIO EMILIA;NA;NA;NA;4421
080;080909;2023;824;2023;080909;029033;12/01/2023;15/01/2023;031;391;M;0;0;3;NA;002;NA;NA;V3000;005;3320;029;001;050;F;080909;31628848;NA;NA;NA;NA;NA;9501;9541;9059;NA;NA;NA;NA;NA;NA;NA;NA;AOSPU ARCISPEDALE S.ANNA - FE;NA;NA;NA;25319
080;080909;2023;6187;2023;080909;029021;29/03/2023;03/04/2023;031;390;M;0;0;5;NA;002;NA;NA;V3000;005;3305;029;001;050;F;080909;31628864;7609;NA;NA;NA;NA;9059;9541;9501;NA;NA;NA;NA;NA;NA;NA;NA;AOSPU ARCISPEDALE S.ANNA - FE;NA;NA;NA;25293
080;080004;2023;4285;2023;080101;999401;20/02/2023;25/02/2023;031;391;M;0;0;5;NA;002;NA;NA;V3000;005;3420;999;001;401;M;08000401;31629736;77439;NA;NA;NA;NA;9983;NA;NA;NA;NA;NA;NA;NA;NA;NA;NA;OSPEDALE PIACENZA;NA;NA;NA;0
080;080004;2023;2931;2023;080101;999201;03/02/2023;06/02/2023;031;391;M;0;0;3;NA;002;NA;NA;V3000;005;3690;999;001;201;F;08000401;31629737;NA;NA;NA;NA;NA;NA;NA;NA;NA;NA;NA;NA;NA;NA;NA;NA;OSPEDALE PIACENZA;NA;NA;NA;1439
080;080004;2023;3008;2023;080101;999201;04/02/2023;06/02/2023;031;391;M;0;0;2;NA;002;NA;NA;V3000;005;3060;999;001;201;F;08000401;31629738;NA;NA;NA;NA;NA;NA;NA;NA;NA;NA;NA;NA;NA;NA;NA;NA;OSPEDALE PIACENZA;NA;NA;NA;548
080;080021;2023;503288;2023;080103;999411;03/02/2023;06/02/2023;031;391;M;0;0;3;NA;002;NA;NA;V3000;005;4428;999;001;411;F;08002106;31629740;NA;NA;NA;NA;NA;8903;NA;NA;NA;NA;NA;NA;NA;NA;NA;NA;OSPEDALE S.MARIA NUOVA - RE;NA;NA;NA;5126
080;080908;2023;506744;2023;080908;999443;10/02/2023;12/02/2023;031;390;M;0;0;2;NA;002;NA;NA;V3001;005;3115;999;001;443;M;080908;31629749;7750;NA;NA;NA;NA;8903;8965;8903;9059;9059;897;9509;8619;NA;NA;NA;IRCCS AOU BOLOGNA;NA;NA;NA;23118
080;080004;2023;20111;2023;080101;084038;04/09/2023;07/09/2023;039;074;M;0;279;3;NA;002;NA;NA;38910;005;NA;084;001;190;F;08000401;31630580;NA;NA;NA;NA;NA;8703;9541;8872;8891;NA;NA;NA;NA;NA;NA;NA;OSPEDALE PIACENZA;NA;NA;NA;0
080;080095;2023;6220;2023;080114;041019;01/03/2023;04/03/2023;062;390;M;0;0;3;NA;002;NA;NA;7793;005;2940;041;001;110;F;08009501;31630613;78340;NA;NA;NA;NA;9059;NA;NA;NA;NA;NA;NA;NA;NA;NA;NA;OSPEDALE RIMINI;NA;NA;NA;14763
080;080004;2023;5196;2023;080101;098062;01/03/2023;07/03/2023;062;386;M;0;0;6;NA;002;NA;NA;769;005;3240;098;001;030;M;08000401;31631075;5121;75251;NA;NA;NA;9390;8744;NA;NA;NA;NA;NA;NA;NA;NA;NA;OSPEDALE PIACENZA;NA;NA;NA;800
080;080902;2023;42220;2023;080902;020054;18/05/2023;19/05/2023;039;184;M;0;103;1;NA;002;NA;NA;53081;005;NA;020;001;030;F;080902;31631383;NA;NA;NA;NA;NA;9132;8929;8876;897;8903;8939;8908;NA;NA;NA;NA;AOSPU OSPEDALI RIUNITI - PR;NA;NA;NA;0
080;080902;2023;25822;2023;080902;020054;27/03/2023;28/03/2023;058;184;M;0;51;1;NA;002;NA;NA;53081;005;NA;020;001;030;F;080902;31631383;2788;NA;NA;NA;NA;4516;9929;3899;897;8939;8903;9918;NA;NA;NA;NA;AOSPU OSPEDALI RIUNITI - PR;NA;NA;NA;0
080;080095;2023;6519;2023;080114;041044;04/03/2023;06/03/2023;031;391;M;0;0;2;NA;002;NA;NA;V3000;005;3425;041;001;110;M;08009501;31631476;NA;NA;NA;NA;NA;NA;NA;NA;NA;NA;NA;NA;NA;NA;NA;NA;OSPEDALE RIMINI;NA;NA;NA;15563
080;080004;2023;5131;2023;080101;098011;28/02/2023;03/03/2023;031;391;M;0;0;3;NA;002;NA;NA;V3000;005;3360;098;001;030;M;08000401;31631510;NA;NA;NA;NA;NA;NA;NA;NA;NA;NA;NA;NA;NA;NA;NA;NA;OSPEDALE PIACENZA;NA;NA;NA;1012
080;080095;2023;12925;2023;080114;089017;09/05/2023;11/05/2023;062;035;M;0;120;2;NA;002;NA;NA;7421;005;NA;089;001;190;F;08009501;31631897;V291;NA;NA;NA;NA;8891;9503;8914;NA;NA;NA;NA;NA;NA;NA;NA;OSPEDALE RIMINI;NA;NA;NA;0
080;080902;2023;556497;2023;080902;019052;26/01/2023;28/01/2023;031;391;M;0;0;2;NA;002;NA;NA;V3000;005;3100;019;001;030;M;080902;31632087;NA;NA;NA;NA;NA;9307;9546;897;8939;8903;NA;NA;NA;NA;NA;NA;AOSPU OSPEDALI RIUNITI - PR;NA;NA;NA;0
080;080095;2023;6033;2023;080114;041044;28/02/2023;02/03/2023;031;391;M;0;0;2;NA;002;NA;NA;V3000;005;3695;041;001;110;F;08009501;31632096;NA;NA;NA;NA;NA;NA;NA;NA;NA;NA;NA;NA;NA;NA;NA;NA;OSPEDALE RIMINI;NA;NA;NA;16049
080;080909;2023;9575;2023;080909;038001;21/05/2023;24/05/2023;011;390;M;0;55;3;NA;002;NA;NA;7765;005;NA;038;001;080;F;080909;31633748;NA;NA;NA;NA;NA;8607;NA;NA;NA;NA;NA;NA;NA;NA;NA;NA;AOSPU ARCISPEDALE S.ANNA - FE;NA;NA;NA;24586
080;080909;2023;5985;2023;080909;038001;27/03/2023;04/05/2023;073;387;M;0;0;38;NA;002;NA;NA;76527;005;2490;038;001;080;F;080909;31633748;76518;7706;7780;7765;7793;3892;8744;9921;9390;9059;9541;8872;8952;9503;9904;8891;AOSPU ARCISPEDALE S.ANNA - FE;NA;NA;NA;24586
080;080053;2023;59588;2023;080105;037006;30/03/2023;31/03/2023;073;385;M;0;0;1;NA;001;NA;NA;77084;005;2500;037;001;080;M;08005301;31633804;7613;7135;7790;7791;NA;9918;3892;9390;8952;9926;NA;NA;NA;NA;NA;NA;OSPEDALE MAGGIORE;NA;NA;NA;0
080;080013;2023;3366;2023;080102;019021;16/03/2023;18/03/2023;031;391;M;0;0;2;NA;002;NA;NA;V3000;005;3380;019;001;030;M;08001301;31634125;NA;NA;NA;NA;NA;9546;9307;8965;8905;897;8959;NA;NA;NA;NA;NA;OSPEDALE FIDENZA;NA;NA;NA;2174
080;080013;2023;2909;2023;080102;034014;06/03/2023;09/03/2023;031;389;M;0;0;3;NA;002;NA;NA;7756;005;3410;034;001;080;M;08001301;31634135;7609;V3000;NA;NA;NA;9546;9307;8965;8905;897;8959;8939;NA;NA;NA;NA;OSPEDALE FIDENZA;NA;NA;NA;2202
080;080902;2023;566596;2023;080902;020043;08/05/2023;16/10/2023;002;184;M;0;101;3;NA;002;NA;NA;53019;005;NA;020;002;030;M;080902;31634806;NA;NA;NA;NA;NA;4516;897;8908;8939;8903;9033;8872;NA;NA;NA;NA;AOSPU OSPEDALI RIUNITI - PR;NA;NA;NA;0
030;030056;2023;19649337;2023;030703;033032;23/03/2023;05/04/2023;062;422;M;0;12;13;0;002;NA;NA;0793;005;0;033;001;080;M;030056;31635227;77089;NA;NA;NA;NA;9671;3893;8872;8744;8913;8891;NA;NA;NA;NA;NA;NON DEFINITO;NA;NA;NA;0
080;080085;2023;5596;2023;080114;039010;16/03/2023;18/03/2023;031;391;M;0;0;2;NA;002;NA;NA;V3000;005;4192;039;001;080;F;08008501;31635982;NA;NA;NA;NA;NA;NA;NA;NA;NA;NA;NA;NA;NA;NA;NA;NA;OSPEDALE FORLI';NA;NA;NA;12590
080;080909;2023;9902;2023;080909;054018;24/05/2023;26/05/2023;034;039;C;0;96;2;1;002;1341;NA;74330;005;NA;054;001;100;F;080909;31638061;NA;NA;NA;NA;NA;1371;1341;NA;NA;NA;NA;NA;NA;NA;NA;NA;AOSPU ARCISPEDALE S.ANNA - FE;NA;NA;NA;0
080;080091;2023;501695;2023;080114;041036;24/01/2023;30/01/2023;031;391;M;0;0;6;NA;002;NA;NA;V3001;005;3070;041;001;110;F;08009101;31638332;NA;NA;NA;NA;NA;NA;NA;NA;NA;NA;NA;NA;NA;NA;NA;NA;OSPEDALE CESENA;NA;NA;NA;13091
080;080909;2023;2043;2023;080909;029033;30/01/2023;02/02/2023;031;390;M;0;0;3;NA;002;NA;NA;V3001;005;3235;029;001;050;F;080909;31638857;77984;NA;NA;NA;NA;9541;9501;9059;NA;NA;NA;NA;NA;NA;NA;NA;AOSPU ARCISPEDALE S.ANNA - FE;NA;NA;NA;25177
080;080096;2023;3467;2023;080104;036015;05/04/2023;07/04/2023;031;391;M;0;0;2;NA;002;NA;NA;V3000;005;2880;036;001;080;M;080096;31639141;V290;NA;NA;NA;NA;9547;9059;8966;NA;NA;NA;NA;NA;NA;NA;NA;OSPEDALE CIVILE DI SASSUOLO S.P.A.;NA;NA;NA;16713
080;080902;2023;571515;2023;080902;999201;26/06/2023;14/07/2023;039;081;M;0;325;18;NA;002;NA;NA;27702;005;NA;999;001;201;M;080902;31640232;27651;2761;2639;NA;NA;9918;8873;9921;NA;NA;NA;NA;NA;NA;NA;NA;AOSPU OSPEDALI RIUNITI - PR;NA;NA;NA;0
080;080053;2023;28953;2023;080105;999443;14/02/2023;21/02/2023;062;388;M;0;0;7;NA;002;NA;NA;76528;005;3150;999;001;443;M;08005301;31640312;NA;NA;NA;NA;NA;897;NA;NA;NA;NA;NA;NA;NA;NA;NA;NA;OSPEDALE MAGGIORE;NA;NA;NA;7881
080;080053;2023;28949;2023;080105;999443;14/02/2023;10/03/2023;062;387;M;0;0;21;NA;002;NA;NA;7756;005;2020;999;001;443;F;08005301;31640315;7793;76528;76418;NA;NA;9915;9635;8872;8871;897;NA;NA;NA;NA;NA;NA;OSPEDALE MAGGIORE;NA;NA;NA;6885
080;080053;2023;58805;2023;080105;999443;29/03/2023;30/03/2023;062;467;M;0;43;1;NA;002;NA;NA;V291;005;NA;999;001;443;F;08005301;31640315;NA;NA;NA;NA;NA;8891;3899;NA;NA;NA;NA;NA;NA;NA;NA;NA;OSPEDALE MAGGIORE;NA;NA;NA;6885
080;080031;2023;2956;2023;080104;020042;06/04/2023;09/04/2023;031;391;M;0;0;3;NA;002;NA;NA;V3000;005;3145;020;001;030;M;08003104;31640656;NA;NA;NA;NA;NA;897;9542;8965;NA;NA;NA;NA;NA;NA;NA;NA;OSPEDALE CARPI;NA;NA;NA;5476
080;080153;2024;777141;2024;080105;041044;04/03/2024;05/03/2024;076;532;C;0;361;1;1;006;034;NA;74193;005;NA;041;001;110;M;080153;31645982;75617;NA;NA;NA;NA;034;NA;NA;NA;NA;NA;NA;NA;NA;NA;NA;IRCCS SCIENZE NEUROLOGICHE BO;NA;NA;NA;0
080;080908;2023;545297;2023;080908;041044;27/10/2023;28/10/2023;039;074;M;0;232;1;NA;005;NA;NA;32723;005;NA;041;001;110;M;080908;31645982;7580;NA;NA;NA;NA;8903;897;9059;8903;8917;NA;NA;NA;NA;NA;NA;IRCCS AOU BOLOGNA;NA;NA;NA;0
080;080153;2024;777145;2024;080105;041044;06/03/2024;10/03/2024;076;464;M;0;363;4;NA;002;NA;NA;33818;005;NA;041;001;110;M;080153;31645982;NA;NA;NA;NA;NA;897;9357;NA;NA;NA;NA;NA;NA;NA;NA;NA;IRCCS SCIENZE NEUROLOGICHE BO;NA;NA;NA;0
080;080908;2024;511041;2024;080908;041044;05/03/2024;06/03/2024;049;017;M;0;362;1;NA;006;NA;NA;34989;005;NA;041;001;110;M;080908;31645982;33818;NA;NA;NA;NA;9921;8906;9926;9921;NA;NA;NA;NA;NA;NA;NA;IRCCS AOU BOLOGNA;NA;NA;NA;0
080;080004;2023;8433;2023;080101;098010;07/04/2023;09/04/2023;031;390;M;0;0;2;NA;002;NA;NA;V3000;005;2880;098;001;030;M;08000401;31646007;7455;NA;NA;NA;NA;8872;NA;NA;NA;NA;NA;NA;NA;NA;NA;NA;OSPEDALE PIACENZA;NA;NA;NA;313
080;080004;2023;8419;2023;080101;098029;06/04/2023;09/04/2023;031;391;M;0;0;3;NA;002;NA;NA;V3001;005;2740;098;001;030;M;08000401;31646210;NA;NA;NA;NA;NA;NA;NA;NA;NA;NA;NA;NA;NA;NA;NA;NA;OSPEDALE PIACENZA;NA;NA;NA;208
080;080909;2023;5581;2023;080909;029022;21/03/2023;23/03/2023;031;391;M;0;0;2;NA;002;NA;NA;V3000;005;3285;029;001;050;F;080909;31646389;NA;NA;NA;NA;NA;9059;9501;9541;NA;NA;NA;NA;NA;NA;NA;NA;AOSPU ARCISPEDALE S.ANNA - FE;NA;NA;NA;25257
080;080072;2023;5191;2023;080114;020035;03/03/2023;06/03/2023;031;391;M;0;0;3;NA;002;NA;NA;V3000;005;3770;020;001;030;F;080072;31646962;NA;NA;NA;NA;NA;NA;NA;NA;NA;NA;NA;NA;NA;NA;NA;NA;OSPEDALE RAVENNA;NA;NA;NA;11088
080;080960;2023;6859;2023;080960;087015;08/05/2023;10/05/2023;036;225;C;0;63;2;1;002;8384;NA;75470;005;NA;087;001;190;M;080960;31648255;NA;NA;NA;NA;NA;8384;8384;NA;NA;NA;NA;NA;NA;NA;NA;NA;IRCCS - ISTITUTO ORTOPEDICO RIZZOLI;NA;NA;NA;0
080;080004;2023;8359;2023;080101;098019;06/04/2023;08/04/2023;031;391;M;0;0;2;NA;002;NA;NA;V3000;005;2960;098;001;030;M;08000401;31648341;NA;NA;NA;NA;NA;NA;NA;NA;NA;NA;NA;NA;NA;NA;NA;NA;OSPEDALE PIACENZA;NA;NA;NA;399
080;080902;2023;19208;2023;080902;020066;06/03/2023;10/03/2023;039;389;M;0;29;4;NA;002;NA;NA;77182;005;NA;020;001;030;M;080902;31648561;NA;NA;NA;NA;NA;9132;8876;9052;9921;9918;9033;3899;8903;NA;NA;NA;AOSPU OSPEDALI RIUNITI - PR;NA;NA;NA;0
080;080904;2023;11834;2023;080904;020065;15/04/2023;17/04/2023;031;391;M;0;0;2;NA;002;NA;NA;V3000;005;3840;020;001;030;M;08090401;31650216;NA;NA;NA;NA;NA;NA;NA;NA;NA;NA;NA;NA;NA;NA;NA;NA;AOSPU POLICLINICO - MO;NA;NA;NA;21967
080;080004;2023;5155;2023;080101;098049;01/03/2023;04/03/2023;031;391;M;0;0;3;NA;002;NA;NA;V3000;005;3450;098;001;030;M;08000401;31650551;NA;NA;NA;NA;NA;NA;NA;NA;NA;NA;NA;NA;NA;NA;NA;NA;OSPEDALE PIACENZA;NA;NA;NA;1142
080;080004;2023;5031;2023;080101;098049;28/02/2023;02/03/2023;031;391;M;0;0;2;NA;002;NA;NA;V3000;005;3780;098;001;030;M;08000401;31650555;NA;NA;NA;NA;NA;NA;NA;NA;NA;NA;NA;NA;NA;NA;NA;NA;OSPEDALE PIACENZA;NA;NA;NA;1523
080;080004;2023;5900;2023;080101;098019;09/03/2023;12/03/2023;031;391;M;0;0;3;NA;002;NA;NA;V3001;005;3750;098;001;030;M;08000401;31650556;NA;NA;NA;NA;NA;NA;NA;NA;NA;NA;NA;NA;NA;NA;NA;NA;OSPEDALE PIACENZA;NA;NA;NA;1501
080;080004;2023;6430;2023;080101;098014;15/03/2023;18/03/2023;031;391;M;0;0;3;NA;002;NA;NA;V3001;005;3740;098;001;030;M;08000401;31650557;NA;NA;NA;NA;NA;NA;NA;NA;NA;NA;NA;NA;NA;NA;NA;NA;OSPEDALE PIACENZA;NA;NA;NA;1490
080;080004;2023;7089;2023;080101;098019;23/03/2023;25/03/2023;031;391;M;0;0;2;NA;002;NA;NA;V3000;005;2940;098;001;030;F;08000401;31650560;NA;NA;NA;NA;NA;NA;NA;NA;NA;NA;NA;NA;NA;NA;NA;NA;OSPEDALE PIACENZA;NA;NA;NA;378
080;080004;2023;6144;2023;080101;098010;11/03/2023;15/03/2023;031;391;M;0;0;4;NA;002;NA;NA;V3000;005;2820;098;001;030;M;08000401;31650561;NA;NA;NA;NA;NA;NA;NA;NA;NA;NA;NA;NA;NA;NA;NA;NA;OSPEDALE PIACENZA;NA;NA;NA;0
080;080004;2023;7093;2023;080101;098051;23/03/2023;25/03/2023;031;391;M;0;0;2;NA;002;NA;NA;V3000;005;3870;098;001;030;M;08000401;31650562;NA;NA;NA;NA;NA;NA;NA;NA;NA;NA;NA;NA;NA;NA;NA;NA;OSPEDALE PIACENZA;NA;NA;NA;1589
080;080004;2023;6666;2023;080101;098054;17/03/2023;19/03/2023;031;391;M;0;0;2;NA;002;NA;NA;V3000;005;4100;098;001;030;M;08000401;31650564;NA;NA;NA;NA;NA;NA;NA;NA;NA;NA;NA;NA;NA;NA;NA;NA;OSPEDALE PIACENZA;NA;NA;NA;1684
080;080004;2023;7424;2023;080101;098019;27/03/2023;29/03/2023;031;391;M;0;0;2;NA;002;NA;NA;V3000;005;3660;098;001;030;M;08000401;31650565;NA;NA;NA;NA;NA;NA;NA;NA;NA;NA;NA;NA;NA;NA;NA;NA;OSPEDALE PIACENZA;NA;NA;NA;1416
080;080004;2023;7188;2023;080101;098006;23/03/2023;25/03/2023;031;391;M;0;0;2;NA;002;NA;NA;V3000;005;2970;098;001;030;F;08000401;31650567;NA;NA;NA;NA;NA;NA;NA;NA;NA;NA;NA;NA;NA;NA;NA;NA;OSPEDALE PIACENZA;NA;NA;NA;413
080;080004;2023;7400;2023;080101;098049;26/03/2023;28/03/2023;031;391;M;0;0;2;NA;002;NA;NA;V3000;005;2860;098;001;030;M;08000401;31650571;NA;NA;NA;NA;NA;NA;NA;NA;NA;NA;NA;NA;NA;NA;NA;NA;OSPEDALE PIACENZA;NA;NA;NA;296
080;080004;2023;6473;2023;080101;098002;15/03/2023;18/03/2023;031;391;M;0;0;3;NA;002;NA;NA;V3000;005;2840;098;001;030;F;08000401;31650572;NA;NA;NA;NA;NA;8871;9503;NA;NA;NA;NA;NA;NA;NA;NA;NA;OSPEDALE PIACENZA;NA;NA;NA;281
080;080004;2023;5950;2023;080101;098026;09/03/2023;13/03/2023;031;391;M;0;0;4;NA;002;NA;NA;V3000;005;3370;098;001;030;M;08000401;31650573;NA;NA;NA;NA;NA;NA;NA;NA;NA;NA;NA;NA;NA;NA;NA;NA;OSPEDALE PIACENZA;NA;NA;NA;1029
080;080004;2023;7300;2023;080101;098054;24/03/2023;29/03/2023;031;391;M;0;0;5;NA;002;NA;NA;V3000;005;3680;098;001;030;M;08000401;31650575;77439;75251;NA;NA;NA;9983;NA;NA;NA;NA;NA;NA;NA;NA;NA;NA;OSPEDALE PIACENZA;NA;NA;NA;0
080;080004;2023;6754;2023;080101;098014;19/03/2023;21/03/2023;031;390;M;0;0;2;NA;002;NA;NA;V3000;005;2440;098;001;030;F;08000401;31650579;7455;NA;NA;NA;NA;8872;NA;NA;NA;NA;NA;NA;NA;NA;NA;NA;OSPEDALE PIACENZA;NA;NA;NA;76
080;080004;2023;7423;2023;080101;098029;27/03/2023;30/03/2023;031;391;M;0;0;3;NA;002;NA;NA;V3000;005;2700;098;001;030;M;08000401;31650583;NA;NA;NA;NA;NA;NA;NA;NA;NA;NA;NA;NA;NA;NA;NA;NA;OSPEDALE PIACENZA;NA;NA;NA;181
080;080004;2023;30122;2024;080101;098029;30/12/2023;06/01/2024;039;098;M;0;278;7;NA;002;NA;NA;46611;005;NA;098;001;030;M;08000401;31650583;51882;NA;NA;NA;NA;9396;8873;9394;NA;NA;NA;NA;NA;NA;NA;NA;OSPEDALE PIACENZA;NA;NA;NA;181
080;080004;2023;5779;2023;080101;018110;08/03/2023;12/03/2023;031;391;M;0;0;4;NA;002;NA;NA;V3001;005;3010;018;001;030;F;08000401;31650584;77439;NA;NA;NA;NA;9983;NA;NA;NA;NA;NA;NA;NA;NA;NA;NA;OSPEDALE PIACENZA;NA;NA;NA;477
080;080904;2023;11873;2023;080904;001272;16/04/2023;18/04/2023;031;391;M;0;0;2;NA;002;NA;NA;V3000;005;3355;001;001;010;F;08090401;31650631;NA;NA;NA;NA;NA;NA;NA;NA;NA;NA;NA;NA;NA;NA;NA;NA;AOSPU POLICLINICO - MO;NA;NA;NA;21077
080;080909;2023;12355;2023;080909;021051;28/06/2023;30/06/2023;034;042;C;0;104;2;1;002;1472;NA;37926;005;NA;021;001;041;M;080909;31652564;NA;NA;NA;NA;NA;1472;NA;NA;NA;NA;NA;NA;NA;NA;NA;NA;AOSPU ARCISPEDALE S.ANNA - FE;NA;NA;NA;0
080;080909;2023;8419;2023;080909;021051;03/05/2023;05/05/2023;073;039;C;0;48;2;1;002;1311;NA;74334;005;NA;021;001;041;M;080909;31652564;NA;NA;NA;NA;NA;1311;8965;8906;8952;3898;9929;3899;8959;1471;9503;NA;AOSPU ARCISPEDALE S.ANNA - FE;NA;NA;NA;0
080;080904;2023;12119;2023;080904;036023;18/04/2023;21/04/2023;031;391;M;0;0;3;NA;002;NA;NA;V3001;005;3500;036;001;080;M;08090401;31652762;NA;NA;NA;NA;NA;NA;NA;NA;NA;NA;NA;NA;NA;NA;NA;NA;AOSPU POLICLINICO - MO;NA;NA;NA;21387
080;080095;2023;6149;2023;080114;042022;28/02/2023;02/03/2023;031;391;M;0;0;2;NA;002;NA;NA;V3000;005;3300;042;001;110;F;08009501;31652764;NA;NA;NA;NA;NA;NA;NA;NA;NA;NA;NA;NA;NA;NA;NA;NA;OSPEDALE RIMINI;NA;NA;NA;15323
080;080095;2023;6170;2023;080114;042018;01/03/2023;04/03/2023;031;391;M;0;0;3;NA;002;NA;NA;V3000;005;3540;042;001;110;M;08009501;31652766;NA;NA;NA;NA;NA;NA;NA;NA;NA;NA;NA;NA;NA;NA;NA;NA;OSPEDALE RIMINI;NA;NA;NA;15768
080;080095;2023;6748;2023;080114;041064;06/03/2023;08/03/2023;031;391;M;0;0;2;NA;002;NA;NA;V3000;005;3600;041;001;110;F;08009501;31652771;NA;NA;NA;NA;NA;NA;NA;NA;NA;NA;NA;NA;NA;NA;NA;NA;OSPEDALE RIMINI;NA;NA;NA;0
080;080095;2023;6537;2023;080114;041068;04/03/2023;06/03/2023;031;391;M;0;0;2;NA;002;NA;NA;V3000;005;3760;041;001;110;F;08009501;31652772;NA;NA;NA;NA;NA;NA;NA;NA;NA;NA;NA;NA;NA;NA;NA;NA;OSPEDALE RIMINI;NA;NA;NA;16132
080;080095;2023;6820;2023;080114;041036;07/03/2023;09/03/2023;031;391;M;0;0;2;NA;002;NA;NA;V3000;005;3100;041;001;110;F;08009501;31652773;NA;NA;NA;NA;NA;NA;NA;NA;NA;NA;NA;NA;NA;NA;NA;NA;OSPEDALE RIMINI;NA;NA;NA;14993
080;080095;2023;8383;2023;080114;042018;23/03/2023;25/03/2023;031;391;M;0;0;2;NA;002;NA;NA;V3000;005;3450;042;001;110;F;08009501;31652775;NA;NA;NA;NA;NA;NA;NA;NA;NA;NA;NA;NA;NA;NA;NA;NA;OSPEDALE RIMINI;NA;NA;NA;15613
080;080095;2023;7341;2023;080114;042047;13/03/2023;15/03/2023;031;391;M;0;0;2;NA;002;NA;NA;V3000;005;3450;042;001;110;M;08009501;31652776;NA;NA;NA;NA;NA;NA;NA;NA;NA;NA;NA;NA;NA;NA;NA;NA;OSPEDALE RIMINI;NA;NA;NA;15612
080;080095;2023;6031;2023;080114;042010;28/02/2023;02/03/2023;031;391;M;0;0;2;NA;002;NA;NA;V3000;005;3890;042;001;110;M;08009501;31652780;NA;NA;NA;NA;NA;NA;NA;NA;NA;NA;NA;NA;NA;NA;NA;NA;OSPEDALE RIMINI;NA;NA;NA;16276
080;080095;2023;8687;2023;080114;041020;25/03/2023;27/03/2023;031;391;M;0;0;2;NA;002;NA;NA;V3000;005;3350;041;001;110;M;08009501;31652781;NA;NA;NA;NA;NA;NA;NA;NA;NA;NA;NA;NA;NA;NA;NA;NA;OSPEDALE RIMINI;NA;NA;NA;15421
080;080095;2023;7700;2023;080114;041019;15/03/2023;17/03/2023;031;391;M;0;0;2;NA;002;NA;NA;V3000;005;3375;041;001;110;M;08009501;31652784;NA;NA;NA;NA;NA;NA;NA;NA;NA;NA;NA;NA;NA;NA;NA;NA;OSPEDALE RIMINI;NA;NA;NA;15481
080;080095;2023;7294;2023;080114;041044;11/03/2023;14/03/2023;031;391;M;0;0;3;NA;002;NA;NA;V3000;005;3000;041;001;110;F;08009501;31652788;NA;NA;NA;NA;NA;NA;NA;NA;NA;NA;NA;NA;NA;NA;NA;NA;OSPEDALE RIMINI;NA;NA;NA;14841
080;080095;2023;8550;2023;080114;042045;24/03/2023;26/03/2023;031;391;M;0;0;2;NA;002;NA;NA;V3000;005;3640;042;001;110;M;08009501;31652789;NA;NA;NA;NA;NA;NA;NA;NA;NA;NA;NA;NA;NA;NA;NA;NA;OSPEDALE RIMINI;NA;NA;NA;15954
080;080095;2023;6482;2023;080114;041014;03/03/2023;05/03/2023;031;391;M;0;0;2;NA;002;NA;NA;V3000;005;3600;041;001;110;F;08009501;31652792;NA;NA;NA;NA;NA;NA;NA;NA;NA;NA;NA;NA;NA;NA;NA;NA;OSPEDALE RIMINI;NA;NA;NA;15871
080;080095;2023;8086;2023;080114;042034;20/03/2023;22/03/2023;062;391;M;0;0;2;NA;002;NA;NA;7661;005;4120;042;001;110;M;08009501;31652795;NA;NA;NA;NA;NA;9059;8901;9547;8619;NA;NA;NA;NA;NA;NA;NA;OSPEDALE RIMINI;NA;NA;NA;16441
080;080095;2023;7961;2023;080114;041064;18/03/2023;20/03/2023;062;390;M;0;0;2;NA;002;NA;NA;7750;005;3730;041;001;110;M;08009501;31652796;7602;NA;NA;NA;NA;9059;NA;NA;NA;NA;NA;NA;NA;NA;NA;NA;OSPEDALE RIMINI;NA;NA;NA;16100
080;080095;2023;5914;2023;080114;041029;26/02/2023;01/03/2023;031;391;M;0;0;3;NA;002;NA;NA;V3000;005;3620;041;001;110;M;08009501;31652800;NA;NA;NA;NA;NA;NA;NA;NA;NA;NA;NA;NA;NA;NA;NA;NA;OSPEDALE RIMINI;NA;NA;NA;0
080;080095;2023;8318;2023;080114;041068;22/03/2023;26/03/2023;062;391;M;0;0;4;NA;002;NA;NA;7746;005;5080;041;001;110;M;08009501;31652801;7793;7661;NA;NA;NA;9983;9059;8901;8871;8619;NA;NA;NA;NA;NA;NA;OSPEDALE RIMINI;NA;NA;NA;16556
080;080095;2023;7459;2023;080114;042045;13/03/2023;17/03/2023;031;391;M;0;0;4;NA;002;NA;NA;V3000;005;3210;042;001;110;M;08009501;31652804;NA;NA;NA;NA;NA;NA;NA;NA;NA;NA;NA;NA;NA;NA;NA;NA;OSPEDALE RIMINI;NA;NA;NA;15179
080;080095;2023;6174;2023;080114;042021;01/03/2023;04/03/2023;031;391;M;0;0;3;NA;002;NA;NA;7661;005;4330;042;001;110;M;08009501;31652806;NA;NA;NA;NA;NA;9059;NA;NA;NA;NA;NA;NA;NA;NA;NA;NA;OSPEDALE RIMINI;NA;NA;NA;16519
080;080095;2023;7401;2023;080114;041035;13/03/2023;15/03/2023;062;390;M;0;0;2;NA;002;NA;NA;7672;005;3420;041;001;110;F;08009501;31652807;NA;NA;NA;NA;NA;8743;NA;NA;NA;NA;NA;NA;NA;NA;NA;NA;OSPEDALE RIMINI;NA;NA;NA;15551
080;080095;2023;7686;2023;080114;041044;15/03/2023;18/03/2023;062;388;M;0;0;3;NA;002;NA;NA;76419;005;3050;041;001;110;F;08009501;31652808;76528;NA;NA;NA;NA;9059;8901;NA;NA;NA;NA;NA;NA;NA;NA;NA;OSPEDALE RIMINI;NA;NA;NA;14927
080;080095;2023;7034;2023;080114;042032;09/03/2023;12/03/2023;031;391;M;0;0;3;NA;002;NA;NA;V3001;005;3820;042;001;110;M;08009501;31652809;NA;NA;NA;NA;NA;NA;NA;NA;NA;NA;NA;NA;NA;NA;NA;NA;OSPEDALE RIMINI;NA;NA;NA;16201
080;080095;2023;7535;2023;080114;041036;14/03/2023;16/03/2023;031;391;M;0;0;2;NA;002;NA;NA;V3000;005;3425;041;001;110;F;08009501;31652810;NA;NA;NA;NA;NA;NA;NA;NA;NA;NA;NA;NA;NA;NA;NA;NA;OSPEDALE RIMINI;NA;NA;NA;15564
080;080095;2023;8539;2023;080114;041044;24/03/2023;26/03/2023;031;391;M;0;0;2;NA;002;NA;NA;V3000;005;3490;041;001;110;M;08009501;31652811;NA;NA;NA;NA;NA;NA;NA;NA;NA;NA;NA;NA;NA;NA;NA;NA;OSPEDALE RIMINI;NA;NA;NA;15680
080;080095;2023;8643;2023;080114;041013;25/03/2023;28/03/2023;031;391;M;0;0;3;NA;002;NA;NA;V3001;005;4060;041;001;110;M;08009501;31652816;NA;NA;NA;NA;NA;NA;NA;NA;NA;NA;NA;NA;NA;NA;NA;NA;OSPEDALE RIMINI;NA;NA;NA;16412
080;080095;2023;8528;2023;080114;041044;24/03/2023;26/03/2023;031;391;M;0;0;2;NA;002;NA;NA;V3000;005;2620;041;001;110;M;08009501;31652820;NA;NA;NA;NA;NA;NA;NA;NA;NA;NA;NA;NA;NA;NA;NA;NA;OSPEDALE RIMINI;NA;NA;NA;14510
080;080095;2023;7086;2023;080114;041044;09/03/2023;14/03/2023;062;387;M;0;0;5;NA;002;NA;NA;76519;005;3065;041;001;110;M;08009501;31652821;76528;7756;7754;NA;NA;9918;3893;9059;8871;NA;NA;NA;NA;NA;NA;NA;OSPEDALE RIMINI;NA;NA;NA;14948
080;080095;2023;7078;2023;080114;041044;09/03/2023;14/03/2023;062;387;M;0;0;5;NA;002;NA;NA;76519;005;3000;041;001;110;M;08009501;31652822;76528;7756;7754;NA;NA;9918;9059;3893;8871;NA;NA;NA;NA;NA;NA;NA;OSPEDALE RIMINI;NA;NA;NA;0
080;080095;2023;6601;2023;080114;042002;05/03/2023;07/03/2023;031;391;M;0;0;2;NA;002;NA;NA;V3000;005;3950;042;001;110;F;08009501;31652823;NA;NA;NA;NA;NA;NA;NA;NA;NA;NA;NA;NA;NA;NA;NA;NA;OSPEDALE RIMINI;NA;NA;NA;16336
080;080095;2023;8371;2023;080114;041013;22/03/2023;24/03/2023;031;391;M;0;0;2;NA;002;NA;NA;V3000;005;3730;041;001;110;M;08009501;31652824;NA;NA;NA;NA;NA;NA;NA;NA;NA;NA;NA;NA;NA;NA;NA;NA;OSPEDALE RIMINI;NA;NA;NA;16101
080;080095;2023;6275;2023;080114;043054;01/03/2023;06/03/2023;062;390;M;0;0;5;NA;002;NA;NA;7793;005;2555;043;001;110;M;08009501;31652827;78340;76409;NA;NA;NA;9059;8965;9541;8901;NA;NA;NA;NA;NA;NA;NA;OSPEDALE RIMINI;NA;NA;NA;14476
080;080908;2023;518052;2023;080908;080096;20/04/2023;29/04/2023;062;389;M;0;0;9;NA;002;NA;NA;7746;005;3860;080;001;180;M;080908;31656113;74783;4241;NA;NA;NA;9396;3892;8901;8744;897;8966;8952;8872;9983;9396;9509;IRCCS AOU BOLOGNA;NA;NA;NA;24267
080;080908;2023;517941;2023;080908;061022;20/04/2023;23/04/2023;031;390;M;0;0;3;NA;002;NA;NA;V3001;005;3675;061;001;150;M;080908;31656401;7608;NA;NA;NA;NA;897;8619;8903;9547;897;9059;8965;NA;NA;NA;NA;IRCCS AOU BOLOGNA;NA;NA;NA;0
080;080004;2023;6440;2023;080101;098013;15/03/2023;19/03/2023;039;098;M;0;43;4;NA;002;NA;NA;46611;005;NA;098;001;030;F;08000401;31656463;51882;NA;NA;NA;NA;9396;9394;NA;NA;NA;NA;NA;NA;NA;NA;NA;OSPEDALE PIACENZA;NA;NA;NA;0
080;080904;2023;12534;2023;080904;015146;22/04/2023;26/04/2023;039;087;M;0;168;4;NA;002;NA;NA;51881;005;NA;015;001;030;F;08090401;31657281;46619;NA;NA;NA;NA;9396;9394;NA;NA;NA;NA;NA;NA;NA;NA;NA;AOSPU POLICLINICO - MO;NA;NA;NA;0
080;080909;2023;8159;2023;080909;029022;28/04/2023;30/04/2023;073;391;M;0;5;2;NA;002;NA;NA;7746;005;NA;029;001;050;M;080909;31657541;76529;NA;NA;NA;NA;9093;9983;8965;3898;8968;NA;NA;NA;NA;NA;NA;AOSPU ARCISPEDALE S.ANNA - FE;NA;NA;NA;25260
080;080909;2023;7798;2023;080909;029022;23/04/2023;26/04/2023;031;390;M;0;0;3;NA;002;NA;NA;V3000;005;3285;029;001;050;M;080909;31657541;7609;NA;NA;NA;NA;9059;9541;9501;NA;NA;NA;NA;NA;NA;NA;NA;AOSPU ARCISPEDALE S.ANNA - FE;NA;NA;NA;25260
080;080904;2023;12863;2023;080904;001272;26/04/2023;29/04/2023;031;391;M;0;0;3;NA;002;NA;NA;V3001;005;3655;001;001;010;M;08090401;31658475;NA;NA;NA;NA;NA;NA;NA;NA;NA;NA;NA;NA;NA;NA;NA;NA;AOSPU POLICLINICO - MO;NA;NA;NA;21694
080;080021;2023;507681;2023;080103;020066;01/03/2023;04/03/2023;062;390;M;0;0;3;NA;002;NA;NA;7731;005;3502;020;001;030;F;08002106;31659294;NA;NA;NA;NA;NA;9983;NA;NA;NA;NA;NA;NA;NA;NA;NA;NA;OSPEDALE S.MARIA NUOVA - RE;NA;NA;NA;4343
080;080021;2023;511222;2023;080103;034027;23/03/2023;26/03/2023;031;391;M;0;0;3;NA;002;NA;NA;V3000;005;3420;034;001;080;F;08002103;31659299;NA;NA;NA;NA;NA;897;8903;NA;NA;NA;NA;NA;NA;NA;NA;NA;OSPEDALE MONTECCHIO EMILIA;NA;NA;NA;4175
080;080021;2023;508543;2023;080103;075087;07/03/2023;10/03/2023;062;390;M;0;0;3;NA;002;NA;NA;7706;005;3052;075;001;160;M;08002106;31659306;NA;NA;NA;NA;NA;9396;8873;8872;8871;8874;NA;NA;NA;NA;NA;NA;OSPEDALE S.MARIA NUOVA - RE;NA;NA;NA;3333
080;080031;2023;3616;2023;080104;020035;30/04/2023;03/05/2023;031;391;M;0;0;3;NA;002;NA;NA;V3000;005;3665;020;001;030;M;08003104;31660663;NA;NA;NA;NA;NA;8965;897;NA;NA;NA;NA;NA;NA;NA;NA;NA;OSPEDALE CARPI;NA;NA;NA;5905
080;080021;2023;508794;2023;080103;999443;08/03/2023;10/03/2023;031;391;M;0;0;2;NA;002;NA;NA;V3000;005;3980;999;001;443;M;08002106;31660749;NA;NA;NA;NA;NA;8904;NA;NA;NA;NA;NA;NA;NA;NA;NA;NA;OSPEDALE S.MARIA NUOVA - RE;NA;NA;NA;4982
080;080004;2023;4916;2023;080101;999443;26/02/2023;04/03/2023;031;391;M;0;0;6;NA;002;NA;NA;V3000;005;2930;999;001;443;F;08000401;31660750;NA;NA;NA;NA;NA;NA;NA;NA;NA;NA;NA;NA;NA;NA;NA;NA;OSPEDALE PIACENZA;NA;NA;NA;367
080;080004;2023;5811;2023;080101;999201;08/03/2023;10/03/2023;031;391;M;0;0;2;NA;002;NA;NA;V3000;005;3600;999;001;201;F;08000401;31660753;NA;NA;NA;NA;NA;NA;NA;NA;NA;NA;NA;NA;NA;NA;NA;NA;OSPEDALE PIACENZA;NA;NA;NA;1342
080;080004;2023;6739;2023;080101;999615;19/03/2023;23/03/2023;031;391;M;0;0;4;NA;002;NA;NA;V3000;005;3270;999;001;615;M;08000401;31660754;NA;NA;NA;NA;NA;NA;NA;NA;NA;NA;NA;NA;NA;NA;NA;NA;OSPEDALE PIACENZA;NA;NA;NA;852
080;080053;2023;7036;2023;080105;999443;11/01/2023;15/01/2023;031;391;M;0;0;4;NA;002;NA;NA;V3000;005;3110;999;001;443;F;08005301;31660756;NA;NA;NA;NA;NA;NA;NA;NA;NA;NA;NA;NA;NA;NA;NA;NA;OSPEDALE MAGGIORE;NA;NA;NA;7786
080;080091;2023;508807;2023;080114;026069;29/04/2023;30/04/2023;039;045;M;0;232;1;NA;002;NA;NA;37941;005;NA;026;001;050;F;08009101;31661243;9070;NA;NA;NA;NA;8913;8954;NA;NA;NA;NA;NA;NA;NA;NA;NA;OSPEDALE CESENA;NA;NA;NA;0
080;080082;2023;800806;2023;080114;048026;26/01/2023;28/01/2023;031;391;M;0;0;2;NA;002;NA;NA;V3000;005;3450;048;001;090;M;080082;31661282;NA;NA;NA;NA;NA;NA;NA;NA;NA;NA;NA;NA;NA;NA;NA;NA;OSPEDALE FAENZA;NA;NA;NA;11509
080;080902;2023;562234;2023;080902;075035;20/03/2023;21/03/2023;002;184;M;0;185;2;NA;002;NA;NA;78703;005;NA;075;002;160;F;080902;31661895;NA;NA;NA;NA;NA;897;8939;8903;4516;NA;NA;NA;NA;NA;NA;NA;AOSPU OSPEDALI RIUNITI - PR;NA;NA;NA;0
080;080095;2023;10193;2023;080114;041019;10/04/2023;13/04/2023;031;391;M;0;0;3;NA;002;NA;NA;V3000;005;3100;041;001;110;F;08009501;31661998;NA;NA;NA;NA;NA;NA;NA;NA;NA;NA;NA;NA;NA;NA;NA;NA;OSPEDALE RIMINI;NA;NA;NA;0
080;080095;2023;9205;2023;080114;041066;30/03/2023;04/04/2023;031;391;M;0;0;5;NA;002;NA;NA;V3000;005;3315;041;001;110;F;08009501;31662123;NA;NA;NA;NA;NA;NA;NA;NA;NA;NA;NA;NA;NA;NA;NA;NA;OSPEDALE RIMINI;NA;NA;NA;15353
080;080095;2023;11153;2023;080114;041071;20/04/2023;22/04/2023;039;087;M;0;71;2;NA;002;NA;NA;51881;005;NA;041;001;110;F;08009501;31662367;46619;NA;NA;NA;NA;9396;9394;NA;NA;NA;NA;NA;NA;NA;NA;NA;OSPEDALE RIMINI;NA;NA;NA;0
080;080095;2023;11436;2023;080114;042002;23/04/2023;25/04/2023;031;391;M;0;0;2;NA;002;NA;NA;V3000;005;3700;042;001;110;M;08009501;31663100;NA;NA;NA;NA;NA;NA;NA;NA;NA;NA;NA;NA;NA;NA;NA;NA;OSPEDALE RIMINI;NA;NA;NA;16057
080;080095;2023;9893;2023;080114;041065;06/04/2023;08/04/2023;031;391;M;0;0;2;NA;002;NA;NA;V3000;005;3080;041;001;110;F;08009501;31663103;NA;NA;NA;NA;NA;NA;NA;NA;NA;NA;NA;NA;NA;NA;NA;NA;OSPEDALE RIMINI;NA;NA;NA;14961
080;080095;2023;11028;2023;080114;041014;19/04/2023;21/04/2023;031;391;M;0;0;2;NA;002;NA;NA;V3001;005;3240;041;001;110;M;08009501;31663108;NA;NA;NA;NA;NA;NA;NA;NA;NA;NA;NA;NA;NA;NA;NA;NA;OSPEDALE RIMINI;NA;NA;NA;15226
080;080095;2023;9409;2023;080114;041044;02/04/2023;04/04/2023;062;390;M;0;0;2;NA;002;NA;NA;7602;005;3445;041;001;110;M;08009501;31663109;NA;NA;NA;NA;NA;9059;NA;NA;NA;NA;NA;NA;NA;NA;NA;NA;OSPEDALE RIMINI;NA;NA;NA;15604
080;080095;2023;9750;2023;080114;041044;05/04/2023;09/04/2023;062;390;M;0;0;4;NA;002;NA;NA;7793;005;2960;041;001;110;F;08009501;31663111;78340;NA;NA;NA;NA;9059;8901;NA;NA;NA;NA;NA;NA;NA;NA;NA;OSPEDALE RIMINI;NA;NA;NA;14789
080;080095;2023;10522;2023;080114;041051;13/04/2023;18/04/2023;062;387;M;0;0;5;NA;002;NA;NA;77084;005;2780;041;001;110;M;08009501;31663127;7756;76519;NA;NA;NA;9390;9059;9396;8871;NA;NA;NA;NA;NA;NA;NA;OSPEDALE RIMINI;NA;NA;NA;14602
080;080095;2023;10709;2023;080114;099014;15/04/2023;21/04/2023;062;467;M;0;0;6;NA;002;NA;NA;V604;005;2920;099;001;080;M;08009501;31663134;V3000;NA;NA;NA;NA;9059;8879;8871;NA;NA;NA;NA;NA;NA;NA;NA;OSPEDALE RIMINI;NA;NA;NA;14734
080;080095;2023;9947;2023;080114;043042;07/04/2023;09/04/2023;031;391;M;0;0;2;NA;002;NA;NA;V3000;005;3630;043;001;110;F;08009501;31663138;NA;NA;NA;NA;NA;NA;NA;NA;NA;NA;NA;NA;NA;NA;NA;NA;OSPEDALE RIMINI;NA;NA;NA;15932
080;080095;2023;9903;2023;080114;041015;07/04/2023;10/04/2023;031;391;M;0;0;3;NA;002;NA;NA;V3001;005;3320;041;001;110;M;08009501;31663155;NA;NA;NA;NA;NA;NA;NA;NA;NA;NA;NA;NA;NA;NA;NA;NA;OSPEDALE RIMINI;NA;NA;NA;15361
080;080095;2023;11573;2023;080114;042002;24/04/2023;27/04/2023;031;391;M;0;0;3;NA;002;NA;NA;V3000;005;3550;042;001;110;M;08009501;31663161;NA;NA;NA;NA;NA;NA;NA;NA;NA;NA;NA;NA;NA;NA;NA;NA;OSPEDALE RIMINI;NA;NA;NA;15789
080;080095;2023;10275;2023;080114;041010;08/04/2023;15/04/2023;062;390;M;0;0;7;NA;002;NA;NA;7750;005;3240;041;001;110;F;08009501;31663167;NA;NA;NA;NA;NA;9059;NA;NA;NA;NA;NA;NA;NA;NA;NA;NA;OSPEDALE RIMINI;NA;NA;NA;15225
080;080095;2023;9099;2023;080114;042045;30/03/2023;01/04/2023;031;391;M;0;0;2;NA;002;NA;NA;V3000;005;3205;042;001;110;M;08009501;31663171;NA;NA;NA;NA;NA;NA;NA;NA;NA;NA;NA;NA;NA;NA;NA;NA;OSPEDALE RIMINI;NA;NA;NA;15175
080;080095;2023;11357;2023;080114;041006;22/04/2023;23/04/2023;031;391;M;0;0;1;NA;002;NA;NA;V3000;005;3260;041;001;110;F;08009501;31663173;NA;NA;NA;NA;NA;NA;NA;NA;NA;NA;NA;NA;NA;NA;NA;NA;OSPEDALE RIMINI;NA;NA;NA;15259
080;080095;2023;10642;2023;080114;042014;14/04/2023;16/04/2023;031;391;M;0;0;2;NA;002;NA;NA;V3000;005;3640;042;001;110;M;08009501;31663176;NA;NA;NA;NA;NA;NA;NA;NA;NA;NA;NA;NA;NA;NA;NA;NA;OSPEDALE RIMINI;NA;NA;NA;15955
080;080095;2023;9628;2023;080114;041067;04/04/2023;06/04/2023;062;333;M;0;0;2;NA;002;NA;NA;59389;005;3740;041;001;110;M;08009501;31663181;NA;NA;NA;NA;NA;8965;8901;9541;9059;8901;NA;NA;NA;NA;NA;NA;OSPEDALE RIMINI;NA;NA;NA;16112
080;080095;2023;11235;2023;080114;043044;20/04/2023;23/04/2023;031;391;M;0;0;3;NA;002;NA;NA;V3000;005;3740;043;001;110;F;08009501;31663195;NA;NA;NA;NA;NA;NA;NA;NA;NA;NA;NA;NA;NA;NA;NA;NA;OSPEDALE RIMINI;NA;NA;NA;16113
080;080095;2023;11459;2023;080114;027028;23/04/2023;25/04/2023;031;391;M;0;0;2;NA;002;NA;NA;V3000;005;3590;027;001;050;M;08009501;31663198;NA;NA;NA;NA;NA;NA;NA;NA;NA;NA;NA;NA;NA;NA;NA;NA;OSPEDALE RIMINI;NA;NA;NA;15849
080;080095;2023;10962;2023;080114;041065;18/04/2023;20/04/2023;031;391;M;0;0;2;NA;002;NA;NA;V3000;005;2960;041;001;110;M;08009501;31663213;NA;NA;NA;NA;NA;NA;NA;NA;NA;NA;NA;NA;NA;NA;NA;NA;OSPEDALE RIMINI;NA;NA;NA;14791
080;080095;2023;10610;2023;080114;041044;14/04/2023;15/04/2023;062;390;M;0;4;1;NA;002;NA;NA;7793;005;NA;041;001;110;M;08009501;31663217;78340;NA;NA;NA;NA;9059;8905;9059;NA;NA;NA;NA;NA;NA;NA;NA;OSPEDALE RIMINI;NA;NA;NA;15672
080;080095;2023;10175;2023;080114;041044;10/04/2023;12/04/2023;031;391;M;0;0;2;NA;002;NA;NA;V3000;005;3485;041;001;110;M;08009501;31663217;NA;NA;NA;NA;NA;NA;NA;NA;NA;NA;NA;NA;NA;NA;NA;NA;OSPEDALE RIMINI;NA;NA;NA;15672
080;080095;2023;10116;2023;080114;041023;09/04/2023;11/04/2023;031;391;M;0;0;2;NA;002;NA;NA;V3000;005;4070;041;001;110;M;08009501;31663218;NA;NA;NA;NA;NA;NA;NA;NA;NA;NA;NA;NA;NA;NA;NA;NA;OSPEDALE RIMINI;NA;NA;NA;16418
080;080095;2023;9717;2023;080114;041044;05/04/2023;08/04/2023;062;391;M;0;0;3;NA;002;NA;NA;7661;005;3880;041;001;110;F;08009501;31663220;NA;NA;NA;NA;NA;9059;8901;NA;NA;NA;NA;NA;NA;NA;NA;NA;OSPEDALE RIMINI;NA;NA;NA;16264
080;080095;2023;10159;2023;080114;024009;10/04/2023;12/04/2023;031;391;M;0;0;2;NA;002;NA;NA;V3000;005;3365;024;001;050;M;08009501;31663229;NA;NA;NA;NA;NA;NA;NA;NA;NA;NA;NA;NA;NA;NA;NA;NA;OSPEDALE RIMINI;NA;NA;NA;15461
080;080095;2023;9772;2023;080114;041044;05/04/2023;11/04/2023;062;184;M;0;16;4;NA;002;NA;NA;56400;005;NA;041;001;110;M;08009501;31663233;56481;NA;NA;NA;NA;9921;3893;9059;8907;8769;NA;NA;NA;NA;NA;NA;OSPEDALE RIMINI;NA;NA;NA;0
080;080095;2023;11679;2023;080114;041044;26/04/2023;28/04/2023;011;158;C;0;37;2;0;002;4899;NA;56409;005;NA;041;001;110;M;08009501;31663233;NA;NA;NA;NA;NA;4899;NA;NA;NA;NA;NA;NA;NA;NA;NA;NA;OSPEDALE RIMINI;NA;NA;NA;0
080;080095;2023;11371;2023;080114;042002;22/04/2023;24/04/2023;031;391;M;0;0;2;NA;002;NA;NA;V3000;005;3290;042;001;110;M;08009501;31663234;NA;NA;NA;NA;NA;NA;NA;NA;NA;NA;NA;NA;NA;NA;NA;NA;OSPEDALE RIMINI;NA;NA;NA;15308
080;080072;2023;13749;2023;080114;999201;27/06/2023;22/08/2023;039;012;M;0;297;3;NA;002;NA;NA;3313;005;NA;999;002;201;M;080072;31663580;NA;NA;NA;NA;NA;8952;897;8906;8891;8903;NA;NA;NA;NA;NA;NA;OSPEDALE RAVENNA;NA;NA;NA;0
080;080902;2023;562806;2023;080902;020059;27/03/2023;28/03/2023;031;391;M;0;0;1;NA;002;NA;NA;V3000;005;2630;020;001;030;M;080902;31663611;NA;NA;NA;NA;NA;9307;9546;897;8939;8903;NA;NA;NA;NA;NA;NA;AOSPU OSPEDALI RIUNITI - PR;NA;NA;NA;17954
080;080004;2023;7757;2023;080101;098019;30/03/2023;02/04/2023;031;391;M;0;0;3;NA;002;NA;NA;V3001;005;3880;098;001;030;M;08000401;31664227;NA;NA;NA;NA;NA;NA;NA;NA;NA;NA;NA;NA;NA;NA;NA;NA;OSPEDALE PIACENZA;NA;NA;NA;0
080;080004;2023;12117;2023;080101;098051;22/05/2023;26/05/2023;039;422;M;0;39;4;NA;002;NA;NA;0793;005;NA;098;001;030;M;08000401;31664508;32301;NA;NA;NA;NA;0331;9921;NA;NA;NA;NA;NA;NA;NA;NA;NA;OSPEDALE PIACENZA;NA;NA;NA;177
080;080004;2023;8939;2023;080101;098051;13/04/2023;17/04/2023;062;388;M;0;0;4;NA;002;NA;NA;76519;005;2690;098;001;030;M;08000401;31664508;7742;NA;NA;NA;NA;9983;NA;NA;NA;NA;NA;NA;NA;NA;NA;NA;OSPEDALE PIACENZA;NA;NA;NA;177
080;080013;2023;4303;2023;080102;034032;08/04/2023;13/04/2023;031;389;M;0;0;5;NA;002;NA;NA;V3001;005;2260;034;001;080;F;08001301;31665251;76418;7756;NA;NA;NA;8959;8965;9396;9915;9546;NA;NA;NA;NA;NA;NA;OSPEDALE FIDENZA;NA;NA;NA;1739
080;080902;2023;30817;2023;080902;999201;12/04/2023;21/04/2023;039;316;M;0;44;9;NA;002;NA;NA;5849;005;NA;999;001;201;M;080902;31665859;27651;2639;5920;NA;NA;9918;8876;8952;8939;8872;8913;8908;8871;NA;NA;NA;AOSPU OSPEDALI RIUNITI - PR;NA;NA;NA;0
080;080902;2023;580416;2023;080902;999201;11/10/2023;12/10/2023;039;298;M;0;226;1;NA;002;NA;NA;27651;005;NA;999;001;201;M;080902;31665859;5920;262;NA;NA;NA;8939;9139;8907;NA;NA;NA;NA;NA;NA;NA;NA;AOSPU OSPEDALI RIUNITI - PR;NA;NA;NA;0
080;080902;2023;49798;2023;080902;999201;09/06/2023;13/06/2023;039;298;M;0;102;4;NA;002;NA;NA;27651;005;NA;999;001;201;M;080902;31665859;00869;0790;0793;262;5920;9921;8939;9918;NA;NA;NA;NA;NA;NA;NA;NA;AOSPU OSPEDALI RIUNITI - PR;NA;NA;NA;0
080;080021;2023;508651;2023;080103;019021;08/03/2023;10/03/2023;062;389;M;0;0;2;NA;002;NA;NA;76418;005;2483;019;001;030;M;08002106;31666457;NA;NA;NA;NA;NA;8952;3899;NA;NA;NA;NA;NA;NA;NA;NA;NA;OSPEDALE S.MARIA NUOVA - RE;NA;NA;NA;2705
080;080072;2023;7875;2023;080114;039014;07/04/2023;09/04/2023;031;391;M;0;0;2;NA;002;NA;NA;V3000;005;2575;039;001;080;F;080072;31667157;NA;NA;NA;NA;NA;NA;NA;NA;NA;NA;NA;NA;NA;NA;NA;NA;OSPEDALE RAVENNA;NA;NA;NA;10081
080;080095;2023;9491;2023;080114;099017;03/04/2023;05/04/2023;062;391;M;0;0;2;NA;002;NA;NA;7661;005;4270;099;001;080;M;08009501;31667883;NA;NA;NA;NA;NA;9059;8901;NA;NA;NA;NA;NA;NA;NA;NA;NA;OSPEDALE RIMINI;NA;NA;NA;16506
080;080004;2023;9862;2023;080101;098058;25/04/2023;02/05/2023;062;184;M;0;0;7;NA;002;NA;NA;22804;005;3480;098;001;030;M;08000401;31669428;2761;77430;NA;NA;NA;9983;8874;NA;NA;NA;NA;NA;NA;NA;NA;NA;OSPEDALE PIACENZA;NA;NA;NA;1191
080;080909;2023;8483;2023;080909;029033;04/05/2023;06/05/2023;031;391;M;0;0;2;NA;002;NA;NA;V3000;005;2895;029;001;050;F;080909;31669455;NA;NA;NA;NA;NA;9501;9059;9541;NA;NA;NA;NA;NA;NA;NA;NA;AOSPU ARCISPEDALE S.ANNA - FE;NA;NA;NA;24785
080;080053;2023;54651;2023;080105;999425;23/03/2023;28/03/2023;031;391;M;0;0;5;NA;002;NA;NA;V3000;005;2680;999;001;425;F;08005301;31671453;NA;NA;NA;NA;NA;9547;897;NA;NA;NA;NA;NA;NA;NA;NA;NA;OSPEDALE MAGGIORE;NA;NA;NA;7088
080;080072;2023;7750;2023;080114;068028;06/04/2023;09/04/2023;031;391;M;0;0;3;NA;002;NA;NA;V3001;005;3970;068;001;130;M;080072;31672720;NA;NA;NA;NA;NA;NA;NA;NA;NA;NA;NA;NA;NA;NA;NA;NA;OSPEDALE RAVENNA;NA;NA;NA;11221
080;080902;2023;561538;2023;080902;034027;13/03/2023;23/03/2023;062;389;M;0;0;10;NA;002;NA;NA;77181;005;3930;034;001;080;M;080902;31674276;04102;NA;NA;NA;NA;9921;8744;8871;0331;9546;9053;8876;8872;9003;NA;NA;AOSPU OSPEDALI RIUNITI - PR;NA;NA;NA;0
080;080902;2023;29532;2023;080902;020066;07/04/2023;13/04/2023;062;098;M;0;46;6;NA;002;NA;NA;46619;005;NA;020;001;030;M;080902;31674430;NA;NA;NA;NA;NA;9396;9921;8744;9033;3898;8965;9039;9053;NA;NA;NA;AOSPU OSPEDALI RIUNITI - PR;NA;NA;NA;0
080;080909;2023;9349;2023;080909;083048;16/05/2023;19/05/2023;031;390;M;0;0;3;NA;002;NA;NA;V3001;005;3475;083;001;190;F;080909;31677632;7609;NA;NA;NA;NA;9501;9541;9059;8872;NA;NA;NA;NA;NA;NA;NA;AOSPU ARCISPEDALE S.ANNA - FE;NA;NA;NA;25548
080;080004;2023;8500;2023;080101;018176;07/04/2023;10/04/2023;039;389;M;0;12;3;NA;005;NA;NA;77189;005;NA;018;001;030;M;08000401;31678220;04321;27651;NA;NA;NA;9918;NA;NA;NA;NA;NA;NA;NA;NA;NA;NA;OSPEDALE PIACENZA;NA;NA;NA;0
080;080004;2023;9672;2023;080101;098019;22/04/2023;25/04/2023;062;390;M;0;0;3;NA;002;NA;NA;7706;005;3640;098;001;030;M;08000401;31678221;NA;NA;NA;NA;NA;9396;NA;NA;NA;NA;NA;NA;NA;NA;NA;NA;OSPEDALE PIACENZA;NA;NA;NA;1393
080;080004;2023;29388;2023;080101;019076;20/12/2023;24/12/2023;039;098;M;0;268;4;NA;002;NA;NA;46611;005;NA;019;001;030;M;08000401;31678225;51882;NA;NA;NA;NA;9396;9394;NA;NA;NA;NA;NA;NA;NA;NA;NA;OSPEDALE PIACENZA;NA;NA;NA;1379
080;080004;2023;7477;2023;080101;019076;27/03/2023;30/03/2023;031;390;M;0;0;3;NA;002;NA;NA;V3001;005;3630;019;001;030;M;08000401;31678225;7455;NA;NA;NA;NA;8872;NA;NA;NA;NA;NA;NA;NA;NA;NA;NA;OSPEDALE PIACENZA;NA;NA;NA;1379
080;080004;2023;9669;2023;080101;098054;22/04/2023;24/04/2023;031;391;M;0;0;2;NA;002;NA;NA;V3000;005;3250;098;001;030;F;08000401;31678226;NA;NA;NA;NA;NA;NA;NA;NA;NA;NA;NA;NA;NA;NA;NA;NA;OSPEDALE PIACENZA;NA;NA;NA;817
080;080004;2023;8736;2023;080101;098019;11/04/2023;13/04/2023;031;391;M;0;0;2;NA;002;NA;NA;V3000;005;2610;098;001;030;M;08000401;31678228;NA;NA;NA;NA;NA;NA;NA;NA;NA;NA;NA;NA;NA;NA;NA;NA;OSPEDALE PIACENZA;NA;NA;NA;139
080;080004;2023;9570;2023;080101;098062;21/04/2023;26/04/2023;031;391;M;0;0;5;NA;002;NA;NA;V3000;005;3360;098;001;030;M;08000401;31678230;77439;NA;NA;NA;NA;9983;NA;NA;NA;NA;NA;NA;NA;NA;NA;NA;OSPEDALE PIACENZA;NA;NA;NA;1015
080;080004;2023;9069;2023;080101;098010;15/04/2023;17/04/2023;031;391;M;0;0;2;NA;002;NA;NA;V3000;005;3410;098;001;030;F;08000401;31678236;NA;NA;NA;NA;NA;NA;NA;NA;NA;NA;NA;NA;NA;NA;NA;NA;OSPEDALE PIACENZA;NA;NA;NA;1094
080;080004;2023;10004;2023;080101;018114;26/04/2023;30/04/2023;031;391;M;0;0;4;NA;002;NA;NA;V3000;005;3360;018;001;030;F;08000401;31678238;NA;NA;NA;NA;NA;NA;NA;NA;NA;NA;NA;NA;NA;NA;NA;NA;OSPEDALE PIACENZA;NA;NA;NA;1017
080;080004;2023;9683;2023;080101;098010;22/04/2023;24/04/2023;031;390;M;0;0;2;NA;002;NA;NA;V3000;005;3100;098;001;030;M;08000401;31678244;75261;NA;NA;NA;NA;NA;NA;NA;NA;NA;NA;NA;NA;NA;NA;NA;OSPEDALE PIACENZA;NA;NA;NA;597
080;080004;2023;7925;2023;080101;019036;01/04/2023;03/04/2023;031;391;M;0;0;2;NA;002;NA;NA;V3000;005;3370;019;001;030;M;08000401;31678247;NA;NA;NA;NA;NA;9503;NA;NA;NA;NA;NA;NA;NA;NA;NA;NA;OSPEDALE PIACENZA;NA;NA;NA;1030
080;080004;2023;8158;2023;080101;098026;04/04/2023;06/04/2023;031;391;M;0;0;2;NA;002;NA;NA;V3001;005;3270;098;001;030;F;08000401;31678250;NA;NA;NA;NA;NA;NA;NA;NA;NA;NA;NA;NA;NA;NA;NA;NA;OSPEDALE PIACENZA;NA;NA;NA;0
080;080004;2023;9638;2023;080101;098014;21/04/2023;24/04/2023;031;390;M;0;0;3;NA;002;NA;NA;V3000;005;3400;098;001;030;M;08000401;31678251;7455;NA;NA;NA;NA;8872;8952;NA;NA;NA;NA;NA;NA;NA;NA;NA;OSPEDALE PIACENZA;NA;NA;NA;1078
080;080004;2023;7837;2023;080101;018114;31/03/2023;03/04/2023;031;391;M;0;0;3;NA;002;NA;NA;V3000;005;3900;018;001;030;M;08000401;31678257;NA;NA;NA;NA;NA;8871;9503;NA;NA;NA;NA;NA;NA;NA;NA;NA;OSPEDALE PIACENZA;NA;NA;NA;1608
080;080004;2023;7967;2023;080101;098049;02/04/2023;04/04/2023;031;391;M;0;0;2;NA;002;NA;NA;V3000;005;3500;098;001;030;F;08000401;31678258;NA;NA;NA;NA;NA;NA;NA;NA;NA;NA;NA;NA;NA;NA;NA;NA;OSPEDALE PIACENZA;NA;NA;NA;1220
080;080004;2023;9860;2023;080101;098014;25/04/2023;27/04/2023;031;391;M;0;0;2;NA;002;NA;NA;V3000;005;2800;098;001;030;F;08000401;31678259;NA;NA;NA;NA;NA;NA;NA;NA;NA;NA;NA;NA;NA;NA;NA;NA;OSPEDALE PIACENZA;NA;NA;NA;253
080;080053;2023;91404;2023;080105;029033;18/05/2023;20/05/2023;031;391;M;0;0;2;NA;002;NA;NA;V3000;005;2770;029;001;050;M;08005301;31679664;NA;NA;NA;NA;NA;897;NA;NA;NA;NA;NA;NA;NA;NA;NA;NA;OSPEDALE MAGGIORE;NA;NA;NA;7173
080;080004;2023;10983;2023;080101;098010;08/05/2023;10/05/2023;031;391;M;0;0;2;NA;002;NA;NA;V3000;005;3900;098;001;030;F;08000401;31680003;NA;NA;NA;NA;NA;NA;NA;NA;NA;NA;NA;NA;NA;NA;NA;NA;OSPEDALE PIACENZA;NA;NA;NA;1610
080;080908;2023;527028;2023;080908;043043;20/06/2023;21/06/2023;011;369;M;0;111;1;NA;002;NA;NA;6202;005;NA;043;001;110;F;080908;31680019;NA;NA;NA;NA;NA;8904;8897;9918;897;8904;NA;NA;NA;NA;NA;NA;IRCCS AOU BOLOGNA;NA;NA;NA;0
080;080908;2023;524765;2023;080908;043043;06/06/2023;07/06/2023;011;184;M;0;97;1;NA;002;NA;NA;53081;005;NA;043;001;110;F;080908;31680019;6202;NA;NA;NA;NA;8904;8819;897;8904;8952;8876;NA;NA;NA;NA;NA;IRCCS AOU BOLOGNA;NA;NA;NA;0
080;080909;2023;9600;2023;080909;029037;19/05/2023;22/05/2023;031;390;M;0;0;3;NA;002;NA;NA;V3001;005;3805;029;001;050;M;080909;31680065;V174;NA;NA;NA;NA;9501;9059;8952;9541;NA;NA;NA;NA;NA;NA;NA;AOSPU ARCISPEDALE S.ANNA - FE;NA;NA;NA;25892
080;080053;2023;93386;2023;080105;058091;21/05/2023;23/05/2023;031;391;M;0;0;2;NA;002;NA;NA;V3001;005;3340;058;001;120;M;08005301;31680506;NA;NA;NA;NA;NA;897;NA;NA;NA;NA;NA;NA;NA;NA;NA;NA;OSPEDALE MAGGIORE;NA;NA;NA;8422
080;080909;2023;9700;2023;080909;038008;21/05/2023;02/06/2023;073;390;M;0;0;12;NA;002;NA;NA;7706;005;2965;038;001;080;M;080909;31680544;76529;75481;NA;NA;NA;8965;3899;9921;9391;8959;3898;8873;9541;8906;9501;NA;AOSPU ARCISPEDALE S.ANNA - FE;NA;NA;NA;24852
080;080909;2023;9751;2023;080909;029004;22/05/2023;24/05/2023;031;391;M;0;0;2;NA;002;NA;NA;V3000;005;2955;029;001;050;F;080909;31681035;NA;NA;NA;NA;NA;9501;9541;9059;NA;NA;NA;NA;NA;NA;NA;NA;AOSPU ARCISPEDALE S.ANNA - FE;NA;NA;NA;24843
080;080095;2023;5875;2023;080114;999201;25/02/2023;27/02/2023;031;391;M;0;0;2;NA;002;NA;NA;V3000;005;3455;999;001;201;F;08009501;31681536;NA;NA;NA;NA;NA;NA;NA;NA;NA;NA;NA;NA;NA;NA;NA;NA;OSPEDALE RIMINI;NA;NA;NA;15624
080;080095;2023;11185;2023;080114;999201;20/04/2023;23/04/2023;039;184;M;0;54;3;NA;002;NA;NA;78703;005;NA;999;001;201;F;08009501;31681536;NA;NA;NA;NA;NA;9921;9918;NA;NA;NA;NA;NA;NA;NA;NA;NA;OSPEDALE RIMINI;NA;NA;NA;15624
080;080908;2023;550560;2023;080908;050004;30/11/2023;04/12/2023;011;341;C;0;246;4;0;002;5845;NA;75261;005;NA;050;001;090;M;080908;31688275;NA;NA;NA;NA;NA;5845;5794;8904;897;9921;NA;NA;NA;NA;NA;NA;IRCCS AOU BOLOGNA;NA;NA;NA;0
080;080053;2023;50754;2023;080105;999236;18/03/2023;21/03/2023;031;391;M;0;0;3;NA;002;NA;NA;V3000;005;3000;999;001;236;F;08005307;31690697;NA;NA;NA;NA;NA;897;1621;NA;NA;NA;NA;NA;NA;NA;NA;NA;OSPEDALE BENTIVOGLIO;NA;NA;NA;0
080;080031;2023;4363;2023;080104;036038;25/05/2023;27/05/2023;031;391;M;0;0;2;NA;002;NA;NA;V3000;005;2865;036;001;080;F;08003104;31692121;NA;NA;NA;NA;NA;8965;9542;897;NA;NA;NA;NA;NA;NA;NA;NA;OSPEDALE CARPI;NA;NA;NA;5277
080;080902;2023;28722;2023;080902;999201;04/04/2023;12/07/2023;039;087;M;0;342;99;NA;002;NA;NA;51881;005;NA;999;001;201;F;080902;31692178;4809;4299;2639;2468;34590;4311;5794;966;3322;8954;8961;3891;8965;8952;9607;8872;AOSPU OSPEDALI RIUNITI - PR;NA;NA;NA;0
080;080021;2023;509012;2023;080103;999360;09/03/2023;11/03/2023;031;391;M;0;0;2;NA;002;NA;NA;V3000;005;3490;999;001;360;F;08002106;31692194;NA;NA;NA;NA;NA;8903;NA;NA;NA;NA;NA;NA;NA;NA;NA;NA;OSPEDALE S.MARIA NUOVA - RE;NA;NA;NA;4315
080;080053;2023;65936;2023;080105;999460;10/04/2023;12/04/2023;031;391;M;0;0;2;NA;002;NA;NA;V3000;005;3150;999;001;460;F;08005301;31692219;NA;NA;NA;NA;NA;897;NA;NA;NA;NA;NA;NA;NA;NA;NA;NA;OSPEDALE MAGGIORE;NA;NA;NA;7884
080;080909;2023;10059;2023;080909;029041;26/05/2023;29/05/2023;031;390;M;0;0;3;NA;002;NA;NA;V3001;005;2995;029;001;050;M;080909;31692936;7609;NA;NA;NA;NA;9059;9541;9501;NA;NA;NA;NA;NA;NA;NA;NA;AOSPU ARCISPEDALE S.ANNA - FE;NA;NA;NA;24889
080;080044;2023;6962;2023;080106;048031;26/05/2023;28/05/2023;031;391;M;0;0;2;NA;002;NA;NA;V3000;005;4430;048;001;090;F;08004401;31693095;NA;NA;NA;NA;NA;NA;NA;NA;NA;NA;NA;NA;NA;NA;NA;NA;OSPEDALE IMOLA;NA;NA;NA;6827
080;080909;2023;10174;2023;080909;029033;27/05/2023;30/05/2023;031;390;M;0;0;3;NA;002;NA;NA;V3000;005;3185;029;001;050;M;080909;31693396;7609;V174;NA;NA;NA;9541;9501;9059;8952;NA;NA;NA;NA;NA;NA;NA;AOSPU ARCISPEDALE S.ANNA - FE;NA;NA;NA;25110
080;080053;2023;125245;2023;080105;037062;07/07/2023;10/07/2023;039;026;M;0;291;3;NA;002;NA;NA;78031;005;NA;037;001;080;M;08005304;31693944;07999;2801;NA;NA;NA;8914;8875;9918;8929;8876;3899;8913;NA;NA;NA;NA;OSPEDALE PORRETTA TERME;NA;NA;NA;0
080;080960;2023;13466;2023;080960;071024;21/09/2023;23/09/2023;036;256;M;0;195;2;NA;002;NA;NA;75563;005;NA;071;001;160;F;080960;31694016;NA;NA;NA;NA;NA;9712;NA;NA;NA;NA;NA;NA;NA;NA;NA;NA;IRCCS - ISTITUTO ORTOPEDICO RIZZOLI;NA;NA;NA;0
080;080960;2023;15363;2023;080960;071024;26/10/2023;28/10/2023;036;245;M;0;230;2;NA;002;NA;NA;7321;005;NA;071;001;160;F;080960;31694016;NA;NA;NA;NA;NA;8903;NA;NA;NA;NA;NA;NA;NA;NA;NA;NA;IRCCS - ISTITUTO ORTOPEDICO RIZZOLI;NA;NA;NA;0
080;080960;2023;11594;2023;080960;071024;10/08/2023;12/08/2023;036;256;M;0;153;2;NA;002;NA;NA;75430;005;NA;071;001;160;F;080960;31694016;NA;NA;NA;NA;NA;9354;NA;NA;NA;NA;NA;NA;NA;NA;NA;NA;IRCCS - ISTITUTO ORTOPEDICO RIZZOLI;NA;NA;NA;0
080;080960;2023;9568;2023;080960;071024;27/06/2023;10/07/2023;036;256;M;0;109;13;NA;002;NA;NA;75430;005;NA;071;001;160;F;080960;31694016;NA;NA;NA;NA;NA;7975;9354;NA;NA;NA;NA;NA;NA;NA;NA;NA;IRCCS - ISTITUTO ORTOPEDICO RIZZOLI;NA;NA;NA;0
080;080004;2023;12592;2023;080101;098010;27/05/2023;30/05/2023;031;391;M;0;0;3;NA;002;NA;NA;V3000;005;3520;098;001;030;M;08000401;31694070;NA;NA;NA;NA;NA;NA;NA;NA;NA;NA;NA;NA;NA;NA;NA;NA;OSPEDALE PIACENZA;NA;NA;NA;1255
080;080082;2023;804497;2023;080114;037032;26/05/2023;28/05/2023;031;391;M;0;0;2;NA;002;NA;NA;V3000;005;4150;037;001;080;M;080082;31695687;NA;NA;NA;NA;NA;NA;NA;NA;NA;NA;NA;NA;NA;NA;NA;NA;OSPEDALE FAENZA;NA;NA;NA;11636
080;080095;2023;11944;2023;080114;041020;28/04/2023;30/04/2023;031;391;M;0;0;2;NA;002;NA;NA;V3000;005;2800;041;001;110;M;08009501;31696875;NA;NA;NA;NA;NA;NA;NA;NA;NA;NA;NA;NA;NA;NA;NA;NA;OSPEDALE RIMINI;NA;NA;NA;14625
080;080902;2023;564180;2023;080902;020066;10/04/2023;12/04/2023;031;391;M;0;0;2;NA;002;NA;NA;V3000;005;4200;020;001;030;M;080902;31696883;NA;NA;NA;NA;NA;9307;9546;897;8939;8903;NA;NA;NA;NA;NA;NA;AOSPU OSPEDALI RIUNITI - PR;NA;NA;NA;19556
080;080095;2023;13035;2023;080114;041025;11/05/2023;13/05/2023;039;098;M;0;203;2;NA;002;NA;NA;46619;005;NA;041;001;110;F;08009501;31696884;NA;NA;NA;NA;NA;9394;9133;NA;NA;NA;NA;NA;NA;NA;NA;NA;OSPEDALE RIMINI;NA;NA;NA;0
080;080095;2023;28448;2023;080114;041025;17/10/2023;17/10/2023;011;256;M;0;362;1;NA;002;NA;NA;2155;005;NA;041;001;110;F;08009501;31696884;NA;NA;NA;NA;NA;863;NA;NA;NA;NA;NA;NA;NA;NA;NA;NA;OSPEDALE RIMINI;NA;NA;NA;0
080;080902;2023;566307;2023;080902;019021;04/05/2023;06/05/2023;031;391;M;0;0;2;NA;002;NA;NA;V3001;005;3340;019;001;030;F;080902;31697334;NA;NA;NA;NA;NA;9307;9546;897;8939;8903;NA;NA;NA;NA;NA;NA;AOSPU OSPEDALI RIUNITI - PR;NA;NA;NA;18732
080;080902;2023;566305;2023;080902;034027;04/05/2023;07/05/2023;031;389;M;0;0;3;NA;002;NA;NA;V3000;005;3365;034;001;080;M;080902;31697351;7421;NA;NA;NA;NA;9139;897;8903;8939;9307;9546;NA;NA;NA;NA;NA;AOSPU OSPEDALI RIUNITI - PR;NA;NA;NA;18779
080;080095;2023;12542;2023;080114;041057;05/05/2023;17/05/2023;062;390;M;0;0;12;NA;002;NA;NA;7687;005;4170;041;001;110;M;08009501;31697491;7661;7483;7455;NA;NA;9981;8871;3892;9921;8914;9503;8891;NA;NA;NA;NA;OSPEDALE RIMINI;NA;NA;NA;16464
080;080091;2023;515136;2023;080114;075030;25/07/2023;26/07/2023;073;408;C;0;110;1;0;002;864;NA;7596;005;NA;075;001;160;F;08009101;31697533;NA;NA;NA;NA;NA;864;8954;NA;NA;NA;NA;NA;NA;NA;NA;NA;OSPEDALE CESENA;NA;NA;NA;0
080;080902;2023;567497;2023;080902;019021;15/05/2023;18/05/2023;031;391;M;0;0;3;NA;002;NA;NA;V3000;005;3800;019;001;030;F;080902;31697690;NA;NA;NA;NA;NA;9307;9546;8903;897;8939;NA;NA;NA;NA;NA;NA;AOSPU OSPEDALI RIUNITI - PR;NA;NA;NA;19320
080;080004;2023;10563;2023;080101;098010;04/05/2023;07/05/2023;031;391;M;0;0;3;NA;002;NA;NA;V3001;005;3310;098;001;030;M;08000401;31697737;NA;NA;NA;NA;NA;NA;NA;NA;NA;NA;NA;NA;NA;NA;NA;NA;OSPEDALE PIACENZA;NA;NA;NA;926
080;080004;2023;11325;2023;080101;098019;12/05/2023;15/05/2023;031;391;M;0;0;3;NA;002;NA;NA;V3001;005;3850;098;001;030;F;08000401;31698076;NA;NA;NA;NA;NA;NA;NA;NA;NA;NA;NA;NA;NA;NA;NA;NA;OSPEDALE PIACENZA;NA;NA;NA;1577
080;080904;2023;16843;2023;080904;036040;03/06/2023;05/06/2023;031;391;M;0;0;2;NA;002;NA;NA;V3000;005;3895;036;001;080;F;08090401;31698327;NA;NA;NA;NA;NA;NA;NA;NA;NA;NA;NA;NA;NA;NA;NA;NA;AOSPU POLICLINICO - MO;NA;NA;NA;22026
080;080095;2023;10854;2023;080114;041068;17/04/2023;20/04/2023;062;391;M;0;0;3;NA;002;NA;NA;76408;005;2440;041;001;110;F;08009501;31698357;NA;NA;NA;NA;NA;9059;NA;NA;NA;NA;NA;NA;NA;NA;NA;NA;OSPEDALE RIMINI;NA;NA;NA;14442
080;080095;2023;11058;2023;080114;041047;19/04/2023;22/04/2023;062;391;M;0;0;3;NA;002;NA;NA;7661;005;4220;041;001;110;M;08009501;31698358;NA;NA;NA;NA;NA;9059;NA;NA;NA;NA;NA;NA;NA;NA;NA;NA;OSPEDALE RIMINI;NA;NA;NA;16482
080;080095;2023;11599;2023;080114;041013;25/04/2023;27/04/2023;062;391;M;0;0;2;NA;002;NA;NA;7661;005;3885;041;001;110;F;08009501;31698360;NA;NA;NA;NA;NA;9059;8901;9547;NA;NA;NA;NA;NA;NA;NA;NA;OSPEDALE RIMINI;NA;NA;NA;16274
080;080072;2023;11489;2023;080114;039017;28/05/2023;31/05/2023;031;391;M;0;0;3;NA;002;NA;NA;V3000;005;2970;039;001;080;F;080072;31699521;NA;NA;NA;NA;NA;NA;NA;NA;NA;NA;NA;NA;NA;NA;NA;NA;OSPEDALE RAVENNA;NA;NA;NA;10271
080;080004;2023;12672;2023;080101;033007;28/05/2023;01/06/2023;062;391;M;0;0;4;NA;002;NA;NA;7686;005;2410;033;001;080;M;08000401;31699813;NA;NA;NA;NA;NA;9929;NA;NA;NA;NA;NA;NA;NA;NA;NA;NA;OSPEDALE PIACENZA;NA;NA;NA;64
080;080004;2023;20915;2023;080101;033007;13/09/2023;19/09/2023;039;044;M;0;108;6;NA;002;NA;NA;37601;005;NA;033;001;080;M;08000401;31699813;0414;NA;NA;NA;NA;8906;9921;NA;NA;NA;NA;NA;NA;NA;NA;NA;OSPEDALE PIACENZA;NA;NA;NA;64
080;080909;2023;10599;2023;080909;029033;03/06/2023;05/06/2023;031;390;M;0;0;2;NA;002;NA;NA;V3000;005;2755;029;001;050;F;080909;31702698;7609;76409;NA;NA;NA;9059;9541;9501;NA;NA;NA;NA;NA;NA;NA;NA;AOSPU ARCISPEDALE S.ANNA - FE;NA;NA;NA;24693
080;080095;2023;11983;2023;080114;041044;29/04/2023;04/05/2023;062;386;M;0;0;5;NA;002;NA;NA;769;005;3020;041;001;110;M;08009501;31702978;V291;NA;NA;NA;NA;9390;8871;8914;8872;NA;NA;NA;NA;NA;NA;NA;OSPEDALE RIMINI;NA;NA;NA;14875
080;080908;2023;524871;2023;080908;029041;06/06/2023;08/06/2023;031;390;M;0;0;2;NA;002;NA;NA;V3001;005;3290;029;001;050;F;080908;31703732;7750;NA;NA;NA;NA;8903;8965;8903;9509;9059;897;9547;8619;NA;NA;NA;IRCCS AOU BOLOGNA;NA;NA;NA;23455
080;080004;2023;9127;2023;080101;999201;16/04/2023;18/04/2023;031;391;M;0;0;2;NA;002;NA;NA;V3000;005;3510;999;001;201;M;08000401;31704821;NA;NA;NA;NA;NA;NA;NA;NA;NA;NA;NA;NA;NA;NA;NA;NA;OSPEDALE PIACENZA;NA;NA;NA;1238
080;080004;2023;9985;2023;080101;999243;26/04/2023;29/04/2023;031;391;M;0;0;3;NA;002;NA;NA;V3000;005;3200;999;001;243;F;08000401;31704822;NA;NA;NA;NA;NA;NA;NA;NA;NA;NA;NA;NA;NA;NA;NA;NA;OSPEDALE PIACENZA;NA;NA;NA;735
080;080902;2023;565254;2023;080902;999201;20/04/2023;24/04/2023;062;390;M;0;0;4;NA;002;NA;NA;7602;005;3080;999;001;201;F;080902;31704830;NA;NA;NA;NA;NA;9002;8903;897;9307;8939;9546;NA;NA;NA;NA;NA;AOSPU OSPEDALI RIUNITI - PR;NA;NA;NA;0
080;080908;2023;516020;2023;080908;999252;06/04/2023;08/04/2023;031;390;M;0;0;2;NA;002;NA;NA;V3001;005;3045;999;001;252;F;080908;31704833;7852;NA;NA;NA;NA;897;8965;8903;897;9059;9509;9547;8619;NA;NA;NA;IRCCS AOU BOLOGNA;NA;NA;NA;22984
080;080909;2023;20343;2023;080909;028075;25/10/2023;27/10/2023;034;042;C;0;212;2;1;002;1179;NA;36720;005;NA;028;001;050;M;080909;31705009;NA;NA;NA;NA;NA;1179;NA;NA;NA;NA;NA;NA;NA;NA;NA;NA;AOSPU ARCISPEDALE S.ANNA - FE;NA;NA;NA;0
080;080909;2023;16613;2023;080909;028075;31/08/2023;02/09/2023;034;042;C;0;157;2;1;002;1179;NA;36720;005;NA;028;001;050;M;080909;31705009;NA;NA;NA;NA;NA;1179;NA;NA;NA;NA;NA;NA;NA;NA;NA;NA;AOSPU ARCISPEDALE S.ANNA - FE;NA;NA;NA;0
080;080909;2023;12449;2023;080909;028075;29/06/2023;03/07/2023;034;042;C;0;94;4;1;002;1164;NA;74342;005;NA;028;001;050;M;080909;31705009;NA;NA;NA;NA;NA;1164;NA;NA;NA;NA;NA;NA;NA;NA;NA;NA;AOSPU ARCISPEDALE S.ANNA - FE;NA;NA;NA;0
080;080908;2023;526797;2023;080908;042034;19/06/2023;24/06/2023;011;343;C;0;362;5;4;002;640;NA;605;005;NA;042;001;110;M;080908;31705271;NA;NA;NA;NA;NA;640;8904;8819;8875;9918;9921;NA;NA;NA;NA;NA;IRCCS AOU BOLOGNA;NA;NA;NA;0
080;080908;2023;525259;2023;080908;004130;08/06/2023;10/06/2023;031;391;M;0;0;2;NA;002;NA;NA;V3001;005;3490;004;001;010;M;080908;31706429;NA;NA;NA;NA;NA;8903;8965;8903;9509;9059;897;9547;8619;NA;NA;NA;IRCCS AOU BOLOGNA;NA;NA;NA;23820
080;080908;2023;525329;2023;080908;079137;08/06/2023;18/06/2023;062;386;M;0;0;10;NA;002;NA;NA;769;005;3300;079;001;180;F;080908;31706619;77012;79095;7746;77981;NA;8901;9390;3892;9672;9604;9929;9921;9907;9915;9983;9396;IRCCS AOU BOLOGNA;NA;NA;NA;23475
080;080053;2023;79355;2023;080105;999460;29/04/2023;02/05/2023;031;391;M;0;0;3;NA;002;NA;NA;V3000;005;3090;999;001;460;M;08005301;31707060;NA;NA;NA;NA;NA;897;NA;NA;NA;NA;NA;NA;NA;NA;NA;NA;OSPEDALE MAGGIORE;NA;NA;NA;7753
080;080902;2023;565966;2023;080902;019021;29/04/2023;01/05/2023;031;391;M;0;0;2;NA;002;NA;NA;V3000;005;3210;019;001;030;M;080902;31707096;NA;NA;NA;NA;NA;9307;9546;8903;897;8939;NA;NA;NA;NA;NA;NA;AOSPU OSPEDALI RIUNITI - PR;NA;NA;NA;18527
080;080902;2023;564949;2023;080902;020066;18/04/2023;20/04/2023;031;391;M;0;0;2;NA;002;NA;NA;V3001;005;3255;020;001;030;M;080902;31707262;NA;NA;NA;NA;NA;9307;9546;8903;897;8939;NA;NA;NA;NA;NA;NA;AOSPU OSPEDALI RIUNITI - PR;NA;NA;NA;18600
080;080902;2023;44973;2023;080902;020066;26/05/2023;27/05/2023;039;298;M;0;38;1;NA;002;NA;NA;7833;005;NA;020;001;030;M;080902;31707262;0793;NA;NA;NA;NA;9052;9033;9039;897;9918;8903;8939;8929;NA;NA;NA;AOSPU OSPEDALI RIUNITI - PR;NA;NA;NA;18600
080;080909;2023;8552;2023;080909;029047;05/05/2023;07/05/2023;031;391;M;0;0;2;NA;002;NA;NA;V3000;005;3795;029;001;050;F;080909;31707563;NA;NA;NA;NA;NA;9059;9541;9501;NA;NA;NA;NA;NA;NA;NA;NA;AOSPU ARCISPEDALE S.ANNA - FE;NA;NA;NA;25885
080;080004;2023;13309;2023;080101;098035;06/06/2023;08/06/2023;031;391;M;0;0;2;NA;002;NA;NA;V3000;005;2930;098;001;030;M;08000401;31707730;NA;NA;NA;NA;NA;8871;NA;NA;NA;NA;NA;NA;NA;NA;NA;NA;OSPEDALE PIACENZA;NA;NA;NA;373
080;080053;2023;107288;2023;080105;037009;10/06/2023;12/06/2023;031;391;M;0;0;2;NA;002;NA;NA;V3000;005;3900;037;001;080;M;08005301;31707919;NA;NA;NA;NA;NA;9547;897;NA;NA;NA;NA;NA;NA;NA;NA;NA;OSPEDALE MAGGIORE;NA;NA;NA;9585
080;080908;2023;525708;2023;080908;037006;12/06/2023;14/06/2023;031;390;M;0;0;2;NA;002;NA;NA;V3000;005;3365;037;001;080;F;080908;31708502;7608;NA;NA;NA;NA;8903;9059;8903;9509;9059;897;9547;8619;NA;NA;NA;IRCCS AOU BOLOGNA;NA;NA;NA;0
080;080908;2023;525987;2023;080908;041044;13/06/2023;15/06/2023;031;391;M;0;0;2;NA;002;NA;NA;V3001;005;3295;041;001;110;F;080908;31709176;NA;NA;NA;NA;NA;8903;8965;8903;9509;9059;897;9547;8619;NA;NA;NA;IRCCS AOU BOLOGNA;NA;NA;NA;23465
080;080908;2023;526539;2023;080908;098022;16/06/2023;08/09/2023;062;110;C;0;0;84;17;002;390;NA;74601;005;3045;098;001;030;M;080908;31711897;7454;77985;4820;7705;76529;390;9672;9604;9915;9921;0017;390;9907;9635;9903;9396;IRCCS AOU BOLOGNA;NA;NA;NA;22985
080;080004;2024;8041;2024;080101;098022;02/04/2024;05/04/2024;039;098;M;0;291;3;NA;002;NA;NA;4660;005;NA;098;001;030;M;08000401;31711897;0790;5990;0414;V151;NA;9918;9394;NA;NA;NA;NA;NA;NA;NA;NA;NA;OSPEDALE PIACENZA;NA;NA;NA;22985
080;080908;2024;507200;2024;080908;098022;12/02/2024;14/02/2024;008;111;C;0;241;2;1;002;3845;NA;99674;005;NA;098;001;030;M;080908;31711897;V151;NA;NA;NA;NA;3845;3721;8843;8872;8744;8952;8954;NA;NA;NA;NA;IRCCS AOU BOLOGNA;NA;NA;NA;22985
080;080908;2024;524941;2024;080908;098022;02/06/2024;14/06/2024;006;105;C;0;352;12;1;002;3525;NA;74609;005;NA;098;001;030;M;080908;31711897;7455;7454;99674;99889;4578;3525;3963;3961;3592;3553;8952;8873;8872;8744;8954;9929;IRCCS AOU BOLOGNA;NA;NA;NA;22985
080;080909;2023;13848;2023;080909;108007;20/07/2023;22/07/2023;034;042;C;0;55;2;1;002;1164;NA;37152;005;NA;108;001;030;F;080909;31711987;NA;NA;NA;NA;NA;1164;NA;NA;NA;NA;NA;NA;NA;NA;NA;NA;AOSPU ARCISPEDALE S.ANNA - FE;NA;NA;NA;0
080;080909;2023;16616;2023;080909;108007;31/08/2023;02/09/2023;034;042;C;0;97;2;1;002;1179;NA;36720;005;NA;108;001;030;F;080909;31711987;NA;NA;NA;NA;NA;1179;NA;NA;NA;NA;NA;NA;NA;NA;NA;NA;AOSPU ARCISPEDALE S.ANNA - FE;NA;NA;NA;0
080;080909;2024;1095;2024;080909;108007;18/01/2024;18/01/2024;034;042;C;0;237;1;0;002;1199;NA;36720;005;NA;108;001;030;F;080909;31711987;NA;NA;NA;NA;NA;1199;NA;NA;NA;NA;NA;NA;NA;NA;NA;NA;AOSPU ARCISPEDALE S.ANNA - FE;NA;NA;NA;0
080;080909;2023;11524;2023;080909;029024;16/06/2023;19/06/2023;031;390;M;0;0;3;NA;002;NA;NA;V3000;005;3235;029;001;050;F;080909;31712025;7609;NA;NA;NA;NA;9501;9541;9059;NA;NA;NA;NA;NA;NA;NA;NA;AOSPU ARCISPEDALE S.ANNA - FE;NA;NA;NA;25181
080;080909;2023;11589;2023;080909;108012;18/06/2023;20/06/2023;039;184;M;0;19;2;NA;002;NA;NA;0088;005;NA;108;001;030;F;080909;31712252;NA;NA;NA;NA;NA;9099;8903;9382;8959;NA;NA;NA;NA;NA;NA;NA;AOSPU ARCISPEDALE S.ANNA - FE;NA;NA;NA;0
080;080004;2023;15166;2023;080101;084028;27/06/2023;29/06/2023;039;074;M;0;295;2;NA;002;NA;NA;38910;005;NA;084;001;190;F;08000401;31712525;NA;NA;NA;NA;NA;8891;8704;8906;NA;NA;NA;NA;NA;NA;NA;NA;OSPEDALE PIACENZA;NA;NA;NA;0
080;080004;2023;11485;2023;080101;084028;15/05/2023;16/05/2023;039;074;M;0;252;1;NA;002;NA;NA;38914;005;NA;084;001;190;F;08000401;31712525;NA;NA;NA;NA;NA;8952;8872;8874;9541;8871;NA;NA;NA;NA;NA;NA;OSPEDALE PIACENZA;NA;NA;NA;0
080;080004;2023;10161;2023;080101;098019;28/04/2023;01/05/2023;031;391;M;0;0;3;NA;002;NA;NA;V3001;005;2750;098;001;030;F;08000401;31712529;NA;NA;NA;NA;NA;NA;NA;NA;NA;NA;NA;NA;NA;NA;NA;NA;OSPEDALE PIACENZA;NA;NA;NA;219
080;080004;2023;12028;2023;080101;098054;20/05/2023;23/05/2023;031;391;M;0;0;3;NA;002;NA;NA;V3001;005;2590;098;001;030;M;08000401;31712531;NA;NA;NA;NA;NA;8872;8871;NA;NA;NA;NA;NA;NA;NA;NA;NA;OSPEDALE PIACENZA;NA;NA;NA;125
080;080004;2023;12640;2023;080101;098010;28/05/2023;30/05/2023;031;391;M;0;0;2;NA;002;NA;NA;V3000;005;3520;098;001;030;F;08000401;31712534;NA;NA;NA;NA;NA;8872;NA;NA;NA;NA;NA;NA;NA;NA;NA;NA;OSPEDALE PIACENZA;NA;NA;NA;1256
080;080004;2023;11431;2023;080101;098010;14/05/2023;17/05/2023;031;391;M;0;0;3;NA;002;NA;NA;V3001;005;2850;098;001;030;M;08000401;31712545;NA;NA;NA;NA;NA;NA;NA;NA;NA;NA;NA;NA;NA;NA;NA;NA;OSPEDALE PIACENZA;NA;NA;NA;287
080;080004;2023;10942;2023;080101;098054;08/05/2023;22/05/2023;062;389;M;0;0;14;NA;002;NA;NA;76416;005;1710;098;001;030;M;08000401;31712547;NA;NA;NA;NA;NA;8871;3892;8744;9915;9059;8872;NA;NA;NA;NA;NA;OSPEDALE PIACENZA;NA;NA;NA;11
080;080004;2023;10938;2023;080101;098054;08/05/2023;22/05/2023;062;390;M;0;0;14;NA;002;NA;NA;76407;005;1750;098;001;030;M;08000401;31712548;NA;NA;NA;NA;NA;8871;8744;9921;9915;3892;9059;8872;NA;NA;NA;NA;OSPEDALE PIACENZA;NA;NA;NA;12
080;080004;2023;11873;2023;080101;018049;18/05/2023;20/05/2023;031;391;M;0;0;2;NA;002;NA;NA;V3000;005;3240;018;001;030;M;08000401;31712549;NA;NA;NA;NA;NA;NA;NA;NA;NA;NA;NA;NA;NA;NA;NA;NA;OSPEDALE PIACENZA;NA;NA;NA;803
080;080004;2023;10704;2023;080101;098010;05/05/2023;08/05/2023;031;391;M;0;0;3;NA;002;NA;NA;V3001;005;3250;098;001;030;M;08000401;31712550;NA;NA;NA;NA;NA;NA;NA;NA;NA;NA;NA;NA;NA;NA;NA;NA;OSPEDALE PIACENZA;NA;NA;NA;0
080;080004;2023;12241;2023;080101;098010;23/05/2023;25/05/2023;031;391;M;0;0;2;NA;002;NA;NA;V3000;005;2850;098;001;030;F;08000401;31712553;NA;NA;NA;NA;NA;NA;NA;NA;NA;NA;NA;NA;NA;NA;NA;NA;OSPEDALE PIACENZA;NA;NA;NA;288
080;080004;2023;10993;2023;080101;098062;08/05/2023;11/05/2023;031;391;M;0;0;3;NA;002;NA;NA;V3001;005;3350;098;001;030;M;08000401;31712554;NA;NA;NA;NA;NA;NA;NA;NA;NA;NA;NA;NA;NA;NA;NA;NA;OSPEDALE PIACENZA;NA;NA;NA;1002
080;080004;2023;11719;2023;080101;098019;17/05/2023;20/05/2023;031;391;M;0;0;3;NA;002;NA;NA;V3000;005;3250;098;001;030;F;08000401;31712555;NA;NA;NA;NA;NA;NA;NA;NA;NA;NA;NA;NA;NA;NA;NA;NA;OSPEDALE PIACENZA;NA;NA;NA;818
080;080004;2023;11534;2023;080101;098010;15/05/2023;19/05/2023;031;391;M;0;0;4;NA;002;NA;NA;V3000;005;3690;098;001;030;F;08000401;31712557;77439;NA;NA;NA;NA;9983;NA;NA;NA;NA;NA;NA;NA;NA;NA;NA;OSPEDALE PIACENZA;NA;NA;NA;1442
080;080004;2023;11505;2023;080101;098010;15/05/2023;18/05/2023;031;391;M;0;0;3;NA;002;NA;NA;V3001;005;3060;098;001;030;M;08000401;31712561;NA;NA;NA;NA;NA;NA;NA;NA;NA;NA;NA;NA;NA;NA;NA;NA;OSPEDALE PIACENZA;NA;NA;NA;0
080;080004;2023;11573;2023;080101;098002;15/05/2023;18/05/2023;031;391;M;0;0;3;NA;002;NA;NA;V3000;005;3830;098;001;030;M;08000401;31712562;NA;NA;NA;NA;NA;9503;NA;NA;NA;NA;NA;NA;NA;NA;NA;NA;OSPEDALE PIACENZA;NA;NA;NA;1558
080;080909;2023;11790;2023;080909;029033;20/06/2023;23/06/2023;031;390;M;0;0;3;NA;002;NA;NA;V3000;005;3470;029;001;050;F;080909;31713958;7609;NA;NA;NA;NA;9501;9541;9059;NA;NA;NA;NA;NA;NA;NA;NA;AOSPU ARCISPEDALE S.ANNA - FE;NA;NA;NA;25543
080;080031;2023;5217;2023;080104;020027;21/06/2023;23/06/2023;031;391;M;0;0;2;NA;002;NA;NA;V3000;005;2770;020;001;030;F;08003104;31714597;NA;NA;NA;NA;NA;8965;9542;897;NA;NA;NA;NA;NA;NA;NA;NA;OSPEDALE CARPI;NA;NA;NA;5239
080;080909;2023;11953;2023;080909;029033;22/06/2023;25/06/2023;031;391;M;0;0;3;NA;002;NA;NA;V3000;005;2975;029;001;050;F;080909;31715404;NA;NA;NA;NA;NA;9059;9541;9501;NA;NA;NA;NA;NA;NA;NA;NA;AOSPU ARCISPEDALE S.ANNA - FE;NA;NA;NA;24866
080;080004;2023;11614;2023;080101;015191;16/05/2023;25/05/2023;062;386;M;0;0;9;NA;002;NA;NA;769;005;3060;015;001;030;M;08000401;31719380;75452;75481;7454;V293;75501;8744;9390;8871;9921;8872;8874;9503;NA;NA;NA;NA;OSPEDALE PIACENZA;NA;NA;NA;552
080;080004;2023;14079;2023;080101;999450;14/06/2023;19/06/2023;039;467;M;0;37;5;NA;002;NA;NA;V608;005;NA;999;001;450;M;08000401;31720515;NA;NA;NA;NA;NA;8871;NA;NA;NA;NA;NA;NA;NA;NA;NA;NA;OSPEDALE PIACENZA;NA;NA;NA;385
080;080004;2023;10976;2023;080101;999450;08/05/2023;12/05/2023;031;391;M;0;0;4;NA;002;NA;NA;V3001;005;2950;999;001;450;M;08000401;31720515;NA;NA;NA;NA;NA;8872;NA;NA;NA;NA;NA;NA;NA;NA;NA;NA;OSPEDALE PIACENZA;NA;NA;NA;385
080;080904;2023;13128;2023;080904;999436;28/04/2023;01/05/2023;031;391;M;0;0;3;NA;002;NA;NA;V3001;005;3570;999;001;436;M;08090401;31720529;NA;NA;NA;NA;NA;NA;NA;NA;NA;NA;NA;NA;NA;NA;NA;NA;AOSPU POLICLINICO - MO;NA;NA;NA;21535
080;080053;2023;118457;2023;080105;041013;26/06/2023;29/06/2023;031;391;M;0;0;3;NA;002;NA;NA;V3001;005;3240;041;001;110;M;08005301;31720748;NA;NA;NA;NA;NA;897;NA;NA;NA;NA;NA;NA;NA;NA;NA;NA;OSPEDALE MAGGIORE;NA;NA;NA;8145
080;080095;2023;12703;2023;080114;041010;08/05/2023;10/05/2023;031;391;M;0;0;2;NA;002;NA;NA;V3000;005;3570;041;001;110;F;08009501;31721097;NA;NA;NA;NA;NA;NA;NA;NA;NA;NA;NA;NA;NA;NA;NA;NA;OSPEDALE RIMINI;NA;NA;NA;15824
080;080095;2023;14064;2023;080114;041009;20/05/2023;23/05/2023;062;391;M;0;0;3;NA;002;NA;NA;7661;005;4105;041;001;110;M;08009501;31721099;NA;NA;NA;NA;NA;9059;8901;NA;NA;NA;NA;NA;NA;NA;NA;NA;OSPEDALE RIMINI;NA;NA;NA;16435
080;080095;2023;14166;2023;080114;078119;22/05/2023;26/05/2023;062;389;M;0;0;4;NA;002;NA;NA;77084;005;3600;078;001;180;M;08009501;31721100;NA;NA;NA;NA;NA;9390;9059;8872;8873;8952;NA;NA;NA;NA;NA;NA;OSPEDALE RIMINI;NA;NA;NA;15877
080;080095;2023;14081;2023;080114;042034;21/05/2023;23/05/2023;031;391;M;0;0;2;NA;002;NA;NA;V3000;005;3505;042;001;110;M;08009501;31721103;NA;NA;NA;NA;NA;NA;NA;NA;NA;NA;NA;NA;NA;NA;NA;NA;OSPEDALE RIMINI;NA;NA;NA;15715
080;080095;2023;12663;2023;080114;041013;08/05/2023;10/05/2023;031;391;M;0;0;2;NA;002;NA;NA;V3000;005;3130;041;001;110;M;08009501;31721104;NA;NA;NA;NA;NA;NA;NA;NA;NA;NA;NA;NA;NA;NA;NA;NA;OSPEDALE RIMINI;NA;NA;NA;15034
080;080095;2023;13733;2023;080114;042004;17/05/2023;20/05/2023;031;391;M;0;0;3;NA;002;NA;NA;V3000;005;3940;042;001;110;M;08009501;31721106;NA;NA;NA;NA;NA;NA;NA;NA;NA;NA;NA;NA;NA;NA;NA;NA;OSPEDALE RIMINI;NA;NA;NA;16326
080;080095;2023;13870;2023;080114;041044;19/05/2023;21/05/2023;062;391;M;0;0;2;NA;002;NA;NA;7661;005;4335;041;001;110;M;08009501;31721107;NA;NA;NA;NA;NA;9059;NA;NA;NA;NA;NA;NA;NA;NA;NA;NA;OSPEDALE RIMINI;NA;NA;NA;16521
080;080095;2023;13811;2023;080114;041044;18/05/2023;20/05/2023;031;391;M;0;0;2;NA;002;NA;NA;V3000;005;3320;041;001;110;M;08009501;31721109;NA;NA;NA;NA;NA;NA;NA;NA;NA;NA;NA;NA;NA;NA;NA;NA;OSPEDALE RIMINI;NA;NA;NA;15363
080;080095;2023;14168;2023;080114;058091;22/05/2023;23/05/2023;062;391;M;0;0;1;NA;002;NA;NA;7661;005;4035;058;001;120;F;08009501;31721110;NA;NA;NA;NA;NA;9059;NA;NA;NA;NA;NA;NA;NA;NA;NA;NA;OSPEDALE RIMINI;NA;NA;NA;16397
080;080095;2023;12998;2023;080114;041068;10/05/2023;12/05/2023;031;391;M;0;0;2;NA;002;NA;NA;V3000;005;3365;041;001;110;F;08009501;31721111;NA;NA;NA;NA;NA;NA;NA;NA;NA;NA;NA;NA;NA;NA;NA;NA;OSPEDALE RIMINI;NA;NA;NA;15462
080;080095;2023;14766;2023;080114;042014;28/05/2023;30/05/2023;031;391;M;0;0;2;NA;002;NA;NA;V3000;005;2865;042;001;110;F;08009501;31721112;NA;NA;NA;NA;NA;NA;NA;NA;NA;NA;NA;NA;NA;NA;NA;NA;OSPEDALE RIMINI;NA;NA;NA;14684
080;080095;2023;13347;2023;080114;042010;14/05/2023;16/05/2023;031;391;M;0;0;2;NA;002;NA;NA;V3000;005;3810;042;001;110;M;08009501;31721116;NA;NA;NA;NA;NA;NA;NA;NA;NA;NA;NA;NA;NA;NA;NA;NA;OSPEDALE RIMINI;NA;NA;NA;16192
080;080095;2023;13506;2023;080114;041044;15/05/2023;18/05/2023;031;391;M;0;0;3;NA;002;NA;NA;V3001;005;2980;041;001;110;F;08009501;31721120;NA;NA;NA;NA;NA;NA;NA;NA;NA;NA;NA;NA;NA;NA;NA;NA;OSPEDALE RIMINI;NA;NA;NA;14812
080;080095;2023;14843;2023;080114;042014;29/05/2023;31/05/2023;031;391;M;0;0;2;NA;002;NA;NA;V3000;005;3000;042;001;110;M;08009501;31721126;NA;NA;NA;NA;NA;NA;NA;NA;NA;NA;NA;NA;NA;NA;NA;NA;OSPEDALE RIMINI;NA;NA;NA;0
080;080095;2023;13523;2023;080114;042002;15/05/2023;17/05/2023;062;390;M;0;21;2;NA;002;NA;NA;7742;005;NA;042;001;110;M;08009501;31721127;NA;NA;NA;NA;NA;9983;9059;NA;NA;NA;NA;NA;NA;NA;NA;NA;OSPEDALE RIMINI;NA;NA;NA;14364
080;080095;2023;11569;2023;080114;042002;24/04/2023;07/05/2023;062;387;M;0;0;13;NA;002;NA;NA;76517;005;1885;042;001;110;M;08009501;31721127;7742;7756;NA;NA;NA;8871;9059;9547;NA;NA;NA;NA;NA;NA;NA;NA;OSPEDALE RIMINI;NA;NA;NA;14364
080;080095;2023;12880;2023;080114;042014;09/05/2023;12/05/2023;062;137;M;0;0;3;NA;002;NA;NA;7454;005;4560;042;001;110;F;08009501;31721129;7661;NA;NA;NA;NA;8901;8901;8744;9059;8872;8952;9547;NA;NA;NA;NA;OSPEDALE RIMINI;NA;NA;NA;16547
080;080095;2023;13342;2023;080114;041069;14/05/2023;14/05/2023;062;385;M;0;0;1;NA;001;NA;NA;76502;005;535;041;001;110;M;08009501;31721132;NA;NA;NA;NA;NA;9604;NA;NA;NA;NA;NA;NA;NA;NA;NA;NA;OSPEDALE RIMINI;NA;NA;NA;14341
080;080095;2023;12641;2023;080114;042030;07/05/2023;09/05/2023;031;391;M;0;0;2;NA;002;NA;NA;V3000;005;3430;042;001;110;M;08009501;31721133;NA;NA;NA;NA;NA;NA;NA;NA;NA;NA;NA;NA;NA;NA;NA;NA;OSPEDALE RIMINI;NA;NA;NA;15570
080;080095;2023;12558;2023;080114;041044;06/05/2023;08/05/2023;062;390;M;0;0;2;NA;002;NA;NA;7602;005;3300;041;001;110;F;08009501;31721134;V0185;7661;NA;NA;NA;9059;NA;NA;NA;NA;NA;NA;NA;NA;NA;NA;OSPEDALE RIMINI;NA;NA;NA;0
080;080095;2023;17501;2023;080114;041036;24/06/2023;29/06/2023;039;423;M;0;36;5;NA;002;NA;NA;0419;005;NA;041;001;110;M;08009501;31721136;7806;NA;NA;NA;NA;9059;8903;9053;9133;9032;897;NA;NA;NA;NA;NA;OSPEDALE RIMINI;NA;NA;NA;14765
080;080095;2023;13980;2023;080114;041036;19/05/2023;21/05/2023;062;390;M;0;0;2;NA;002;NA;NA;76419;005;2940;041;001;110;M;08009501;31721136;NA;NA;NA;NA;NA;9059;NA;NA;NA;NA;NA;NA;NA;NA;NA;NA;OSPEDALE RIMINI;NA;NA;NA;14765
080;080095;2023;13974;2023;080114;041044;19/05/2023;21/05/2023;031;391;M;0;0;2;NA;002;NA;NA;V3000;005;3150;041;001;110;M;08009501;31721138;NA;NA;NA;NA;NA;NA;NA;NA;NA;NA;NA;NA;NA;NA;NA;NA;OSPEDALE RIMINI;NA;NA;NA;0
080;080095;2023;12622;2023;080114;041044;06/05/2023;09/05/2023;062;391;M;0;0;3;NA;002;NA;NA;7661;005;4215;041;001;110;F;08009501;31721142;NA;NA;NA;NA;NA;9059;NA;NA;NA;NA;NA;NA;NA;NA;NA;NA;OSPEDALE RIMINI;NA;NA;NA;16479
080;080095;2023;13586;2023;080114;043043;16/05/2023;19/05/2023;031;391;M;0;0;3;NA;002;NA;NA;V3001;005;3000;043;001;110;F;08009501;31721143;NA;NA;NA;NA;NA;NA;NA;NA;NA;NA;NA;NA;NA;NA;NA;NA;OSPEDALE RIMINI;NA;NA;NA;14842
080;080095;2023;13587;2023;080114;043043;16/05/2023;19/05/2023;031;391;M;0;0;3;NA;002;NA;NA;V3001;005;2880;043;001;110;F;08009501;31721144;NA;NA;NA;NA;NA;NA;NA;NA;NA;NA;NA;NA;NA;NA;NA;NA;OSPEDALE RIMINI;NA;NA;NA;14693
080;080095;2023;13466;2023;080114;042023;15/05/2023;17/05/2023;031;391;M;0;0;2;NA;002;NA;NA;V3000;005;3235;042;001;110;F;08009501;31721146;NA;NA;NA;NA;NA;NA;NA;NA;NA;NA;NA;NA;NA;NA;NA;NA;OSPEDALE RIMINI;NA;NA;NA;15220
080;080095;2023;16951;2023;080114;041044;19/06/2023;22/06/2023;039;423;M;0;48;3;NA;002;NA;NA;0414;005;NA;041;001;110;F;08009501;31721150;59080;NA;NA;NA;NA;9003;9059;9921;NA;NA;NA;NA;NA;NA;NA;NA;OSPEDALE RIMINI;NA;NA;NA;0
080;080095;2023;12115;2023;080114;041044;02/05/2023;05/05/2023;031;391;M;0;0;3;NA;002;NA;NA;V3000;005;3500;041;001;110;F;08009501;31721150;NA;NA;NA;NA;NA;NA;NA;NA;NA;NA;NA;NA;NA;NA;NA;NA;OSPEDALE RIMINI;NA;NA;NA;0
080;080095;2023;13803;2023;080114;041026;18/05/2023;20/05/2023;031;391;M;0;0;2;NA;002;NA;NA;V3000;005;3100;041;001;110;F;08009501;31721151;NA;NA;NA;NA;NA;NA;NA;NA;NA;NA;NA;NA;NA;NA;NA;NA;OSPEDALE RIMINI;NA;NA;NA;14995
080;080095;2023;13126;2023;080114;042002;11/05/2023;14/05/2023;031;391;M;0;0;3;NA;002;NA;NA;V3000;005;3190;042;001;110;M;08009501;31721153;NA;NA;NA;NA;NA;NA;NA;NA;NA;NA;NA;NA;NA;NA;NA;NA;OSPEDALE RIMINI;NA;NA;NA;15137
080;080095;2023;14349;2023;080114;041044;23/05/2023;26/05/2023;031;391;M;0;0;3;NA;002;NA;NA;V3001;005;3190;041;001;110;M;08009501;31721155;NA;NA;NA;NA;NA;NA;NA;NA;NA;NA;NA;NA;NA;NA;NA;NA;OSPEDALE RIMINI;NA;NA;NA;15138
080;080095;2023;14284;2023;080114;041019;23/05/2023;26/05/2023;062;390;M;0;0;3;NA;002;NA;NA;7793;005;3200;041;001;110;F;08009501;31721156;78340;77439;NA;NA;NA;9983;9059;NA;NA;NA;NA;NA;NA;NA;NA;NA;OSPEDALE RIMINI;NA;NA;NA;0
080;080095;2023;12073;2023;080114;041013;30/04/2023;04/05/2023;031;391;M;0;0;4;NA;002;NA;NA;V3001;005;3640;041;001;110;M;08009501;31721158;NA;NA;NA;NA;NA;NA;NA;NA;NA;NA;NA;NA;NA;NA;NA;NA;OSPEDALE RIMINI;NA;NA;NA;15956
080;080095;2023;10547;2023;080114;041013;14/04/2023;02/05/2023;062;386;M;0;0;18;NA;002;NA;NA;769;005;2222;041;001;110;F;08009501;31721159;76527;76516;NA;NA;NA;9390;8965;9929;9059;8871;8872;NA;NA;NA;NA;NA;OSPEDALE RIMINI;NA;NA;NA;0
080;080095;2023;14401;2023;080114;041065;24/05/2023;27/05/2023;062;389;M;0;0;3;NA;002;NA;NA;77084;005;2940;041;001;110;M;08009501;31721160;NA;NA;NA;NA;NA;9059;9390;NA;NA;NA;NA;NA;NA;NA;NA;NA;OSPEDALE RIMINI;NA;NA;NA;14766
080;080095;2023;24388;2023;080114;041013;05/09/2023;07/09/2023;039;030;M;0;114;2;NA;002;NA;NA;80001;005;NA;041;001;110;M;08009501;31721161;NA;NA;NA;NA;NA;8703;897;8903;8906;9059;NA;NA;NA;NA;NA;NA;OSPEDALE RIMINI;NA;NA;NA;14372
080;080095;2023;13366;2023;080114;041013;14/05/2023;24/05/2023;062;389;M;0;0;10;NA;002;NA;NA;76407;005;1970;041;001;110;M;08009501;31721161;7756;NA;NA;NA;NA;8871;9547;9059;NA;NA;NA;NA;NA;NA;NA;NA;OSPEDALE RIMINI;NA;NA;NA;14372
080;080908;2023;530407;2023;080908;008055;12/07/2023;12/07/2023;011;158;C;0;257;1;NA;002;4911;NA;5651;005;NA;008;002;070;M;080908;31722513;NA;NA;NA;NA;NA;4911;4973;4829;8904;897;9918;NA;NA;NA;NA;NA;IRCCS AOU BOLOGNA;NA;NA;NA;0
080;080908;2023;532074;2023;080908;008055;24/07/2023;28/07/2023;011;279;M;0;269;4;NA;002;NA;NA;68110;005;NA;008;001;070;M;080908;31722513;NA;NA;NA;NA;NA;8904;9918;9059;8904;897;9921;NA;NA;NA;NA;NA;IRCCS AOU BOLOGNA;NA;NA;NA;0
080;080031;2023;5744;2023;080104;036005;09/07/2023;11/07/2023;039;137;M;0;10;2;NA;002;NA;NA;74683;005;NA;036;001;080;F;08003104;31722793;7455;7454;NA;NA;NA;8872;8952;NA;NA;NA;NA;NA;NA;NA;NA;NA;OSPEDALE CARPI;NA;NA;NA;5157
080;080031;2023;5829;2023;080104;036005;12/07/2023;19/07/2023;039;322;M;0;13;7;NA;002;NA;NA;5990;005;NA;036;001;080;F;08003104;31722793;74602;NA;NA;NA;NA;9921;9131;9059;NA;NA;NA;NA;NA;NA;NA;NA;OSPEDALE CARPI;NA;NA;NA;5157
080;080031;2023;5480;2023;080104;093051;29/06/2023;03/07/2023;031;389;M;0;0;4;NA;002;NA;NA;76418;005;2310;093;001;060;F;08003104;31722793;V3000;NA;NA;NA;NA;9135;9133;897;9542;8965;NA;NA;NA;NA;NA;NA;OSPEDALE CARPI;NA;NA;NA;5157
080;080021;2023;520783;2023;080103;999201;23/05/2023;25/05/2023;031;391;M;0;0;2;NA;002;NA;NA;V3000;005;3775;999;001;201;M;08002106;31723554;NA;NA;NA;NA;NA;8903;NA;NA;NA;NA;NA;NA;NA;NA;NA;NA;OSPEDALE S.MARIA NUOVA - RE;NA;NA;NA;4760
080;080053;2023;98558;2023;080105;999460;28/05/2023;30/05/2023;031;391;M;0;0;2;NA;002;NA;NA;V3000;005;3830;999;001;460;F;08005301;31723558;NA;NA;NA;NA;NA;897;NA;NA;NA;NA;NA;NA;NA;NA;NA;NA;OSPEDALE MAGGIORE;NA;NA;NA;0
080;080909;2023;9669;2023;080909;999460;21/05/2023;26/05/2023;031;391;M;0;0;5;NA;002;NA;NA;V3000;005;4490;999;001;460;M;080909;31723559;7661;NA;NA;NA;NA;9501;9541;9059;NA;NA;NA;NA;NA;NA;NA;NA;AOSPU ARCISPEDALE S.ANNA - FE;NA;NA;NA;26056
080;080053;2023;108418;2023;080105;037011;11/06/2023;14/06/2023;031;391;M;0;0;3;NA;002;NA;NA;V3000;005;3810;037;001;080;M;08005301;31724107;NA;NA;NA;NA;NA;897;NA;NA;NA;NA;NA;NA;NA;NA;NA;NA;OSPEDALE MAGGIORE;NA;NA;NA;9463
080;080031;2023;5530;2023;080104;020035;02/07/2023;04/07/2023;031;391;M;0;0;2;NA;002;NA;NA;V3000;005;3760;020;001;030;F;08003104;31724226;NA;NA;NA;NA;NA;8965;9547;897;NA;NA;NA;NA;NA;NA;NA;NA;OSPEDALE CARPI;NA;NA;NA;5972
080;080095;2023;28461;2023;080114;041044;17/10/2023;17/10/2023;062;256;M;0;165;1;NA;002;NA;NA;75470;005;NA;041;001;110;M;08009501;31724330;V298;NA;NA;NA;NA;8952;9059;NA;NA;NA;NA;NA;NA;NA;NA;NA;OSPEDALE RIMINI;NA;NA;NA;14349
080;080095;2023;12485;2023;080114;041044;05/05/2023;07/06/2023;062;386;M;0;0;33;NA;002;NA;NA;76505;005;1300;041;001;110;M;08009501;31724330;75470;7742;NA;NA;NA;8871;9059;3892;9509;9547;NA;NA;NA;NA;NA;NA;OSPEDALE RIMINI;NA;NA;NA;14349
080;080902;2023;81984;2023;080902;019057;25/09/2023;28/09/2023;039;091;M;0;121;3;NA;002;NA;NA;4870;005;NA;019;001;030;M;080902;31724392;38100;NA;NA;NA;NA;9921;9918;9394;NA;NA;NA;NA;NA;NA;NA;NA;AOSPU OSPEDALI RIUNITI - PR;NA;NA;NA;19552
080;080902;2024;29232;2024;080902;019057;02/04/2024;04/04/2024;039;098;M;0;311;2;NA;002;NA;NA;4660;005;NA;019;001;030;M;080902;31724392;NA;NA;NA;NA;NA;9918;9929;9394;9099;9092;897;8939;8903;9039;9033;NA;AOSPU OSPEDALI RIUNITI - PR;NA;NA;NA;19552
080;080902;2023;568718;2023;080902;019057;27/05/2023;29/05/2023;031;391;M;0;0;2;NA;002;NA;NA;V3000;005;4190;019;001;030;M;080902;31724392;NA;NA;NA;NA;NA;9307;9546;897;8939;8903;NA;NA;NA;NA;NA;NA;AOSPU OSPEDALI RIUNITI - PR;NA;NA;NA;19552
080;080095;2023;12484;2023;080114;041044;05/05/2023;07/06/2023;062;388;M;0;0;33;NA;002;NA;NA;76517;005;1950;041;001;110;F;08009501;31724421;7742;NA;NA;NA;NA;8871;9059;9547;NA;NA;NA;NA;NA;NA;NA;NA;OSPEDALE RIMINI;NA;NA;NA;14368
080;080902;2023;562104;2023;080902;019021;19/03/2023;21/03/2023;031;391;M;0;0;2;NA;002;NA;NA;V3000;005;3640;019;001;030;M;080902;31724694;NA;NA;NA;NA;NA;9307;9546;897;8939;8903;NA;NA;NA;NA;NA;NA;AOSPU OSPEDALI RIUNITI - PR;NA;NA;NA;19173
080;080902;2023;565960;2023;080902;019021;28/04/2023;30/04/2023;031;391;M;0;0;2;NA;002;NA;NA;V3000;005;3210;019;001;030;M;080902;31724822;NA;NA;NA;NA;NA;9307;9546;8903;897;8939;NA;NA;NA;NA;NA;NA;AOSPU OSPEDALI RIUNITI - PR;NA;NA;NA;18526
080;080902;2023;568316;2023;080902;019021;23/05/2023;20/06/2023;062;388;M;0;17;28;NA;002;NA;NA;76515;005;NA;019;001;030;F;080902;31724962;76525;7615;77081;NA;NA;9502;8871;9546;8872;8876;8906;8903;9307;NA;NA;NA;AOSPU OSPEDALI RIUNITI - PR;NA;NA;NA;0
080;080902;2023;575364;2023;080902;019021;09/08/2023;05/10/2023;052;284;M;0;95;5;NA;002;NA;NA;22801;005;NA;019;002;030;F;080902;31724962;NA;NA;NA;NA;NA;8872;8901;8952;897;8906;8961;8961;8961;NA;NA;NA;AOSPU OSPEDALI RIUNITI - PR;NA;NA;NA;0
080;080902;2023;568313;2023;080902;019021;23/05/2023;20/06/2023;062;387;M;0;17;28;NA;002;NA;NA;76514;005;NA;019;001;030;F;080902;31724977;76525;7615;77081;7766;NA;8871;8872;8954;8903;9502;9546;8876;NA;NA;NA;NA;AOSPU OSPEDALI RIUNITI - PR;NA;NA;NA;0
080;080902;2023;567615;2023;080902;098019;16/05/2023;22/06/2023;062;386;M;0;0;37;NA;002;NA;NA;769;005;1740;098;001;030;F;080902;31725159;76516;76526;7742;77211;NA;9671;9605;9390;8744;3892;8871;8872;9502;NA;NA;NA;AOSPU OSPEDALI RIUNITI - PR;NA;NA;NA;17819
080;080004;2023;14388;2023;080101;098019;17/06/2023;21/06/2023;062;390;M;0;0;4;NA;002;NA;NA;7706;005;3730;098;001;030;F;08000401;31725319;NA;NA;NA;NA;NA;9396;9503;8872;8871;NA;NA;NA;NA;NA;NA;NA;OSPEDALE PIACENZA;NA;NA;NA;1483
080;080095;2023;17271;2023;080114;041019;22/06/2023;30/06/2023;062;561;M;0;17;5;NA;002;NA;NA;3229;005;NA;041;001;110;F;08009501;31725483;NA;NA;NA;NA;NA;0331;9059;8871;8914;8952;8891;NA;NA;NA;NA;NA;OSPEDALE RIMINI;NA;NA;NA;14603
080;080095;2023;15452;2023;080114;041019;05/06/2023;08/06/2023;062;390;M;0;0;3;NA;002;NA;NA;76419;005;2780;041;001;110;F;08009501;31725483;7793;78340;NA;NA;NA;9059;NA;NA;NA;NA;NA;NA;NA;NA;NA;NA;OSPEDALE RIMINI;NA;NA;NA;14603
080;080902;2023;108819;2023;080902;034027;20/12/2023;22/12/2023;039;087;M;0;204;2;NA;002;NA;NA;51881;005;NA;034;001;080;F;080902;31725494;46611;NA;NA;NA;NA;9396;9918;8939;NA;NA;NA;NA;NA;NA;NA;NA;AOSPU OSPEDALI RIUNITI - PR;NA;NA;NA;0
080;080095;2023;15318;2023;080114;099017;03/06/2023;05/06/2023;031;391;M;0;0;2;NA;002;NA;NA;V3000;005;3320;099;001;080;M;08009501;31725530;NA;NA;NA;NA;NA;NA;NA;NA;NA;NA;NA;NA;NA;NA;NA;NA;OSPEDALE RIMINI;NA;NA;NA;15364
080;080004;2023;27988;2023;080101;017067;04/12/2023;06/12/2023;039;074;M;0;286;2;NA;002;NA;NA;38910;005;NA;017;001;030;F;08000401;31726617;NA;NA;NA;NA;NA;8871;8875;9541;8906;9503;8872;NA;NA;NA;NA;NA;OSPEDALE PIACENZA;NA;NA;NA;0
080;080004;2023;12842;2023;080101;098010;30/05/2023;01/06/2023;031;391;M;0;0;2;NA;002;NA;NA;V3000;005;3410;098;001;030;F;08000401;31726639;NA;NA;NA;NA;NA;NA;NA;NA;NA;NA;NA;NA;NA;NA;NA;NA;OSPEDALE PIACENZA;NA;NA;NA;1096
080;080004;2023;12291;2023;080101;098019;23/05/2023;07/06/2023;062;386;M;0;0;15;NA;002;NA;NA;769;005;1900;098;001;030;F;08000401;31726713;76517;7742;NA;NA;NA;9390;8744;3892;9059;9929;9503;9921;9983;8871;8872;NA;OSPEDALE PIACENZA;NA;NA;NA;19
080;080004;2023;27456;2023;080101;098019;28/11/2023;28/11/2023;039;035;M;0;189;1;NA;002;NA;NA;78199;005;NA;098;002;030;F;08000401;31726713;V8279;NA;NA;NA;NA;8906;NA;NA;NA;NA;NA;NA;NA;NA;NA;NA;OSPEDALE PIACENZA;NA;NA;NA;19
080;080091;2023;508839;2023;080114;999201;30/04/2023;03/05/2023;031;391;M;0;0;3;NA;002;NA;NA;V3000;005;3705;999;001;201;F;08009101;31727212;NA;NA;NA;NA;NA;NA;NA;NA;NA;NA;NA;NA;NA;NA;NA;NA;OSPEDALE CESENA;NA;NA;NA;13966
080;080909;2023;12674;2023;080909;029033;03/07/2023;27/07/2023;073;386;M;0;0;24;NA;002;NA;NA;769;005;1445;029;001;050;F;080909;31727238;76505;7600;76526;7746;37230;9929;9390;8744;3892;8872;9059;9546;8875;8871;9509;NA;AOSPU ARCISPEDALE S.ANNA - FE;NA;NA;NA;24471
080;080013;2023;7126;2023;080102;063049;20/06/2023;22/06/2023;031;391;M;0;0;2;NA;002;NA;NA;V3001;005;2960;063;001;150;F;08001301;31727783;NA;NA;NA;NA;NA;8965;9546;8905;897;9307;NA;NA;NA;NA;NA;NA;OSPEDALE FIDENZA;NA;NA;NA;1882
080;080085;2023;12420;2023;080114;019092;26/06/2023;28/06/2023;039;422;M;0;78;2;NA;002;NA;NA;7806;005;NA;019;001;030;F;08008501;31728237;NA;NA;NA;NA;NA;9059;9918;897;NA;NA;NA;NA;NA;NA;NA;NA;OSPEDALE FORLI';NA;NA;NA;0
080;080091;2023;511373;2023;080114;017010;05/06/2023;06/06/2023;039;067;M;0;275;1;NA;002;NA;NA;46430;005;NA;017;001;030;M;08009101;31728281;NA;NA;NA;NA;NA;9059;9032;8906;8901;3141;8939;NA;NA;NA;NA;NA;OSPEDALE CESENA;NA;NA;NA;0
080;080909;2023;10528;2023;080909;065010;01/06/2023;09/06/2023;073;387;M;0;0;8;NA;002;NA;NA;7706;005;2750;065;001;150;M;080909;31729182;7754;7500;7611;76528;75470;8873;9391;2592;3898;8959;9059;9501;9541;8871;9546;NA;AOSPU ARCISPEDALE S.ANNA - FE;NA;NA;NA;24686
080;080085;2023;11701;2023;080114;040019;15/06/2023;18/06/2023;031;391;M;0;0;3;NA;002;NA;NA;V3000;005;2766;040;001;080;M;08008501;31731543;NA;NA;NA;NA;NA;NA;NA;NA;NA;NA;NA;NA;NA;NA;NA;NA;OSPEDALE FORLI';NA;NA;NA;11761
080;080072;2023;11349;2023;080114;039014;26/05/2023;01/07/2023;073;389;M;0;0;36;NA;002;NA;NA;7735;005;2615;039;001;080;M;080072;31733095;V201;NA;NA;NA;NA;3899;8876;9547;8872;8871;9511;NA;NA;NA;NA;NA;OSPEDALE RAVENNA;NA;NA;NA;10089
080;080902;2023;574389;2023;080902;039014;28/07/2023;27/10/2023;065;396;M;0;63;3;NA;002;NA;NA;2801;005;NA;039;002;080;M;080902;31733095;NA;NA;NA;NA;NA;3899;897;8903;3899;8939;897;3899;8939;NA;NA;NA;AOSPU OSPEDALI RIUNITI - PR;NA;NA;NA;10089
080;080909;2023;12780;2023;080909;019036;05/07/2023;11/07/2023;039;322;M;0;49;6;NA;002;NA;NA;5990;005;NA;019;001;030;M;080909;31734157;0414;NA;NA;NA;NA;9918;8903;9382;8959;3899;9921;9059;9052;9132;8875;NA;AOSPU ARCISPEDALE S.ANNA - FE;NA;NA;NA;0
080;080902;2023;572702;2023;080902;020065;19/07/2023;26/07/2023;010;052;C;0;170;7;1;002;2754;NA;74910;005;NA;020;001;030;F;080902;31736348;NA;NA;NA;NA;NA;2754;NA;NA;NA;NA;NA;NA;NA;NA;NA;NA;AOSPU OSPEDALI RIUNITI - PR;NA;NA;NA;0
080;080044;2023;8728;2023;080106;053009;07/07/2023;10/07/2023;031;391;M;0;0;3;NA;002;NA;NA;V3000;005;3140;053;001;090;M;08004401;31736675;NA;NA;NA;NA;NA;NA;NA;NA;NA;NA;NA;NA;NA;NA;NA;NA;OSPEDALE IMOLA;NA;NA;NA;6356
080;080004;2023;13155;2023;080101;098049;03/06/2023;09/06/2023;039;389;M;0;3;6;NA;002;NA;NA;77189;005;NA;098;001;030;M;08000401;31737322;5990;0414;04111;NA;NA;9918;9921;8875;NA;NA;NA;NA;NA;NA;NA;NA;OSPEDALE PIACENZA;NA;NA;NA;1643
080;080004;2023;14652;2023;080101;098049;20/06/2023;26/06/2023;039;389;M;0;20;6;NA;002;NA;NA;77189;005;NA;098;001;030;M;08000401;31737322;0478;0793;NA;NA;NA;0331;9918;9921;NA;NA;NA;NA;NA;NA;NA;NA;OSPEDALE PIACENZA;NA;NA;NA;1643
080;080004;2023;12896;2023;080101;098049;31/05/2023;02/06/2023;031;391;M;0;0;2;NA;002;NA;NA;V3000;005;3980;098;001;030;M;08000401;31737322;NA;NA;NA;NA;NA;NA;NA;NA;NA;NA;NA;NA;NA;NA;NA;NA;OSPEDALE PIACENZA;NA;NA;NA;1643
080;080004;2023;15608;2023;080101;098053;02/07/2023;04/07/2023;031;391;M;0;0;2;NA;002;NA;NA;V3000;005;2880;098;001;030;F;08000401;31737324;NA;NA;NA;NA;NA;NA;NA;NA;NA;NA;NA;NA;NA;NA;NA;NA;OSPEDALE PIACENZA;NA;NA;NA;0
080;080004;2023;14142;2023;080101;098010;14/06/2023;17/06/2023;031;391;M;0;0;3;NA;002;NA;NA;V3000;005;3530;098;001;030;M;08000401;31737326;NA;NA;NA;NA;NA;NA;NA;NA;NA;NA;NA;NA;NA;NA;NA;NA;OSPEDALE PIACENZA;NA;NA;NA;0
080;080004;2023;15590;2023;080101;098054;02/07/2023;04/07/2023;031;391;M;0;0;2;NA;002;NA;NA;V3000;005;2810;098;001;030;F;08000401;31737330;NA;NA;NA;NA;NA;NA;NA;NA;NA;NA;NA;NA;NA;NA;NA;NA;OSPEDALE PIACENZA;NA;NA;NA;264
080;080004;2024;8396;2024;080101;098054;06/04/2024;09/04/2024;039;087;M;0;279;3;NA;002;NA;NA;51881;005;NA;098;001;030;F;08000401;31737330;46619;0790;NA;NA;NA;9390;8744;8965;9929;9396;9394;NA;NA;NA;NA;NA;OSPEDALE PIACENZA;NA;NA;NA;264
080;080902;2023;577093;2023;080902;098029;02/09/2023;06/09/2023;011;156;C;0;65;4;1;002;433;NA;7505;005;NA;098;001;030;M;080902;31737331;NA;NA;NA;NA;NA;433;8903;9918;897;9921;9357;8961;9929;3894;8939;NA;AOSPU OSPEDALI RIUNITI - PR;NA;NA;NA;1690
080;080004;2023;15409;2023;080101;098029;29/06/2023;02/07/2023;031;391;M;0;0;3;NA;002;NA;NA;V3001;005;4120;098;001;030;M;08000401;31737331;NA;NA;NA;NA;NA;NA;NA;NA;NA;NA;NA;NA;NA;NA;NA;NA;OSPEDALE PIACENZA;NA;NA;NA;1690
080;080004;2023;14540;2023;080101;098019;19/06/2023;22/06/2023;031;391;M;0;0;3;NA;002;NA;NA;V3000;005;3970;098;001;030;F;08000401;31737332;NA;NA;NA;NA;NA;NA;NA;NA;NA;NA;NA;NA;NA;NA;NA;NA;OSPEDALE PIACENZA;NA;NA;NA;1637
080;080004;2023;13549;2023;080101;098049;08/06/2023;10/06/2023;031;391;M;0;0;2;NA;002;NA;NA;V3000;005;3330;098;001;030;M;08000401;31737345;NA;NA;NA;NA;NA;NA;NA;NA;NA;NA;NA;NA;NA;NA;NA;NA;OSPEDALE PIACENZA;NA;NA;NA;965
080;080004;2023;18545;2023;080101;098047;11/08/2023;16/08/2023;039;184;M;0;52;5;NA;002;NA;NA;00861;005;NA;098;001;030;F;08000401;31737357;27651;NA;NA;NA;NA;9918;9921;8744;NA;NA;NA;NA;NA;NA;NA;NA;OSPEDALE PIACENZA;NA;NA;NA;1636
080;080004;2023;14621;2023;080101;098047;20/06/2023;26/06/2023;031;391;M;0;0;6;NA;002;NA;NA;V3000;005;3960;098;001;030;F;08000401;31737357;NA;NA;NA;NA;NA;NA;NA;NA;NA;NA;NA;NA;NA;NA;NA;NA;OSPEDALE PIACENZA;NA;NA;NA;1636
080;080004;2023;22289;2023;080101;098047;29/09/2023;06/10/2023;039;322;M;0;101;7;NA;002;NA;NA;5990;005;NA;098;001;030;F;08000401;31737357;0414;0793;NA;NA;NA;9921;8875;8906;NA;NA;NA;NA;NA;NA;NA;NA;OSPEDALE PIACENZA;NA;NA;NA;1636
080;080004;2023;13002;2023;080101;098049;01/06/2023;03/06/2023;031;391;M;0;0;2;NA;002;NA;NA;V3000;005;3130;098;001;030;F;08000401;31737366;NA;NA;NA;NA;NA;NA;NA;NA;NA;NA;NA;NA;NA;NA;NA;NA;OSPEDALE PIACENZA;NA;NA;NA;648
080;080004;2023;13901;2023;080101;098049;12/06/2023;14/06/2023;039;391;M;0;11;2;NA;002;NA;NA;7793;005;NA;098;001;030;F;08000401;31737366;NA;NA;NA;NA;NA;8874;NA;NA;NA;NA;NA;NA;NA;NA;NA;NA;OSPEDALE PIACENZA;NA;NA;NA;648
080;080004;2023;14299;2023;080101;018048;16/06/2023;19/06/2023;031;391;M;0;0;3;NA;002;NA;NA;V3000;005;3560;018;001;030;M;08000401;31737382;NA;NA;NA;NA;NA;NA;NA;NA;NA;NA;NA;NA;NA;NA;NA;NA;OSPEDALE PIACENZA;NA;NA;NA;1305
080;080004;2023;15462;2023;080101;098019;30/06/2023;03/07/2023;031;391;M;0;0;3;NA;002;NA;NA;V3001;005;2750;098;001;030;F;08000401;31737384;NA;NA;NA;NA;NA;NA;NA;NA;NA;NA;NA;NA;NA;NA;NA;NA;OSPEDALE PIACENZA;NA;NA;NA;220
080;080004;2023;14909;2023;080101;098035;23/06/2023;25/06/2023;031;391;M;0;0;2;NA;002;NA;NA;V3000;005;3450;098;001;030;F;08000401;31737385;NA;NA;NA;NA;NA;NA;NA;NA;NA;NA;NA;NA;NA;NA;NA;NA;OSPEDALE PIACENZA;NA;NA;NA;1146
080;080004;2023;13528;2023;080101;098057;08/06/2023;10/06/2023;031;391;M;0;0;2;NA;002;NA;NA;V3000;005;3760;098;001;030;M;08000401;31737387;NA;NA;NA;NA;NA;NA;NA;NA;NA;NA;NA;NA;NA;NA;NA;NA;OSPEDALE PIACENZA;NA;NA;NA;1513
080;080004;2023;14984;2023;080101;098057;24/06/2023;27/06/2023;039;389;M;0;16;3;NA;002;NA;NA;77189;005;NA;098;001;030;M;08000401;31737387;684;NA;NA;NA;NA;9921;NA;NA;NA;NA;NA;NA;NA;NA;NA;NA;OSPEDALE PIACENZA;NA;NA;NA;1513
080;080902;2023;570424;2023;080902;098031;15/06/2023;22/06/2023;062;389;M;0;1;7;NA;002;NA;NA;77012;005;NA;098;001;030;M;080902;31738128;77084;7686;NA;NA;NA;9390;3892;9396;8744;8914;8871;9546;9053;NA;NA;NA;AOSPU OSPEDALI RIUNITI - PR;NA;NA;NA;1450
080;080004;2023;14138;2023;080101;098047;14/06/2023;15/06/2023;062;385;M;0;0;1;NA;006;NA;NA;769;005;3700;098;001;030;M;08000401;31738128;7686;NA;NA;NA;NA;8965;9390;8744;NA;NA;NA;NA;NA;NA;NA;NA;OSPEDALE PIACENZA;NA;NA;NA;1450
080;080004;2023;13418;2023;080101;013003;06/06/2023;12/06/2023;062;387;M;0;0;6;NA;002;NA;NA;76519;005;2910;013;001;030;F;08000401;31738130;7454;NA;NA;NA;NA;8871;8872;NA;NA;NA;NA;NA;NA;NA;NA;NA;OSPEDALE PIACENZA;NA;NA;NA;351
080;080004;2023;12818;2023;080101;098062;30/05/2023;07/06/2023;062;388;M;0;0;8;NA;002;NA;NA;76519;005;2600;098;001;030;F;08000401;31738132;NA;NA;NA;NA;NA;9503;9059;8871;8872;NA;NA;NA;NA;NA;NA;NA;OSPEDALE PIACENZA;NA;NA;NA;132
080;080004;2023;14328;2023;080101;098010;16/06/2023;21/06/2023;062;386;M;0;0;5;NA;002;NA;NA;769;005;3600;098;001;030;M;08000401;31738133;NA;NA;NA;NA;NA;9390;8744;9921;9059;NA;NA;NA;NA;NA;NA;NA;OSPEDALE PIACENZA;NA;NA;NA;1349
080;080004;2023;12821;2023;080101;098062;30/05/2023;07/06/2023;062;388;M;0;0;8;NA;002;NA;NA;76518;005;2380;098;001;030;M;08000401;31738135;NA;NA;NA;NA;NA;8871;9059;8872;9503;NA;NA;NA;NA;NA;NA;NA;OSPEDALE PIACENZA;NA;NA;NA;58
080;080908;2023;530198;2023;080908;010014;11/07/2023;26/07/2023;062;388;M;0;0;15;NA;002;NA;NA;76527;005;1831;010;001;070;M;080908;31740720;76517;7793;7742;7630;V0981;8966;897;9635;8966;8901;9053;9984;9983;9092;9929;9509;IRCCS AOU BOLOGNA;NA;NA;NA;22328
080;080908;2023;530455;2023;080908;048017;12/07/2023;14/07/2023;031;391;M;0;0;2;NA;002;NA;NA;V3000;005;3580;048;001;090;M;080908;31741874;7633;NA;NA;NA;NA;8903;8965;8903;9509;9059;897;9547;8619;NA;NA;NA;IRCCS AOU BOLOGNA;NA;NA;NA;23953
080;080153;2024;823436;2024;080105;048017;08/07/2024;18/07/2024;033;035;M;0;362;10;NA;002;NA;NA;7422;005;NA;048;001;090;M;080153;31741874;34830;NA;NA;NA;NA;8891;8703;8952;9408;8914;NA;NA;NA;NA;NA;NA;IRCCS SCIENZE NEUROLOGICHE BO;NA;NA;NA;23953
080;080908;2024;509427;2024;080908;048017;24/02/2024;28/02/2024;039;322;M;0;227;4;NA;002;NA;NA;5990;005;NA;048;001;090;M;080908;31741874;0414;319;NA;NA;NA;897;3899;9921;9032;8903;8906;897;8876;NA;NA;NA;IRCCS AOU BOLOGNA;NA;NA;NA;23953
080;080095;2023;20892;2023;080114;089013;28/07/2023;01/08/2023;039;423;M;0;116;4;NA;002;NA;NA;0414;005;NA;089;001;190;F;08009501;31742401;5990;NA;NA;NA;NA;9929;8903;897;9059;NA;NA;NA;NA;NA;NA;NA;OSPEDALE RIMINI;NA;NA;NA;0
080;080091;2023;512451;2023;080114;003058;18/06/2023;19/06/2023;039;030;M;0;208;1;NA;002;NA;NA;80001;005;NA;003;001;010;M;08009101;31742511;NA;NA;NA;NA;NA;8703;8903;897;8907;9059;8952;NA;NA;NA;NA;NA;OSPEDALE CESENA;NA;NA;NA;0
080;080095;2023;15778;2023;080114;041020;08/06/2023;10/06/2023;031;391;M;0;0;2;NA;002;NA;NA;V3000;005;3490;041;001;110;M;08009501;31742797;NA;NA;NA;NA;NA;NA;NA;NA;NA;NA;NA;NA;NA;NA;NA;NA;OSPEDALE RIMINI;NA;NA;NA;15683
080;080095;2023;17226;2023;080114;028060;22/06/2023;22/06/2023;011;157;C;0;351;1;0;002;4911;NA;5651;005;NA;028;001;050;M;08009501;31742995;566;NA;NA;NA;NA;4911;8604;NA;NA;NA;NA;NA;NA;NA;NA;NA;OSPEDALE RIMINI;NA;NA;NA;0
080;080095;2023;16240;2023;080114;062067;13/06/2023;15/06/2023;039;033;M;0;52;2;NA;002;NA;NA;8500;005;NA;062;001;150;F;08009501;31743060;NA;NA;NA;NA;NA;8907;NA;NA;NA;NA;NA;NA;NA;NA;NA;NA;OSPEDALE RIMINI;NA;NA;NA;0
080;080095;2023;16729;2023;080114;041044;17/06/2023;19/06/2023;031;391;M;0;0;2;NA;002;NA;NA;V3000;005;3000;041;001;110;M;08009501;31743648;NA;NA;NA;NA;NA;NA;NA;NA;NA;NA;NA;NA;NA;NA;NA;NA;OSPEDALE RIMINI;NA;NA;NA;0
080;080095;2023;16319;2023;080114;041026;13/06/2023;15/06/2023;031;391;M;0;0;2;NA;002;NA;NA;V3000;005;2860;041;001;110;M;08009501;31743651;NA;NA;NA;NA;NA;NA;NA;NA;NA;NA;NA;NA;NA;NA;NA;NA;OSPEDALE RIMINI;NA;NA;NA;14677
080;080095;2023;15311;2023;080114;041035;02/06/2023;06/06/2023;031;391;M;0;0;4;NA;002;NA;NA;V3000;005;3350;041;001;110;M;08009501;31743652;NA;NA;NA;NA;NA;NA;NA;NA;NA;NA;NA;NA;NA;NA;NA;NA;OSPEDALE RIMINI;NA;NA;NA;15422
080;080095;2023;17506;2023;080114;041044;25/06/2023;27/06/2023;062;391;M;0;0;2;NA;002;NA;NA;76719;005;3470;041;001;110;M;08009501;31743654;NA;NA;NA;NA;NA;8901;9547;8619;NA;NA;NA;NA;NA;NA;NA;NA;OSPEDALE RIMINI;NA;NA;NA;15649
080;080095;2023;17300;2023;080114;041014;22/06/2023;24/06/2023;031;391;M;0;0;2;NA;002;NA;NA;V3000;005;3200;041;001;110;M;08009501;31743656;NA;NA;NA;NA;NA;NA;NA;NA;NA;NA;NA;NA;NA;NA;NA;NA;OSPEDALE RIMINI;NA;NA;NA;0
080;080095;2023;17612;2023;080114;042002;26/06/2023;28/06/2023;031;391;M;0;0;2;NA;002;NA;NA;V3000;005;3030;042;001;110;F;08009501;31743657;NA;NA;NA;NA;NA;NA;NA;NA;NA;NA;NA;NA;NA;NA;NA;NA;OSPEDALE RIMINI;NA;NA;NA;14892
080;080095;2023;15363;2023;080114;041065;03/06/2023;06/06/2023;031;391;M;0;0;3;NA;002;NA;NA;V3001;005;3220;041;001;110;F;08009501;31743658;NA;NA;NA;NA;NA;NA;NA;NA;NA;NA;NA;NA;NA;NA;NA;NA;OSPEDALE RIMINI;NA;NA;NA;15193
080;080095;2023;15639;2023;080114;041013;06/06/2023;09/06/2023;031;391;M;0;0;3;NA;002;NA;NA;V3000;005;3200;041;001;110;M;08009501;31743662;NA;NA;NA;NA;NA;NA;NA;NA;NA;NA;NA;NA;NA;NA;NA;NA;OSPEDALE RIMINI;NA;NA;NA;15159
080;080095;2023;16464;2023;080114;041013;14/06/2023;18/06/2023;031;391;M;0;0;4;NA;002;NA;NA;V3000;005;3275;041;001;110;F;08009501;31743664;NA;NA;NA;NA;NA;NA;NA;NA;NA;NA;NA;NA;NA;NA;NA;NA;OSPEDALE RIMINI;NA;NA;NA;15283
080;080095;2023;17145;2023;080114;042018;21/06/2023;24/06/2023;062;390;M;0;0;3;NA;002;NA;NA;7731;005;3740;042;001;110;M;08009501;31743665;NA;NA;NA;NA;NA;9983;8952;9059;NA;NA;NA;NA;NA;NA;NA;NA;OSPEDALE RIMINI;NA;NA;NA;16118
080;080095;2023;17456;2023;080114;015242;24/06/2023;28/06/2023;062;388;M;0;0;4;NA;002;NA;NA;76519;005;2500;015;001;030;F;08009501;31743666;76527;NA;NA;NA;NA;9059;NA;NA;NA;NA;NA;NA;NA;NA;NA;NA;OSPEDALE RIMINI;NA;NA;NA;14461
080;080095;2023;16753;2023;080114;042021;17/06/2023;20/06/2023;031;391;M;0;0;3;NA;002;NA;NA;V3000;005;3440;042;001;110;M;08009501;31743668;NA;NA;NA;NA;NA;NA;NA;NA;NA;NA;NA;NA;NA;NA;NA;NA;OSPEDALE RIMINI;NA;NA;NA;15597
080;080095;2023;16243;2023;080114;042002;13/06/2023;15/06/2023;031;391;M;0;0;2;NA;002;NA;NA;V3000;005;2940;042;001;110;M;08009501;31743669;NA;NA;NA;NA;NA;NA;NA;NA;NA;NA;NA;NA;NA;NA;NA;NA;OSPEDALE RIMINI;NA;NA;NA;0
080;080095;2023;16961;2023;080114;041051;20/06/2023;22/06/2023;031;391;M;0;0;2;NA;002;NA;NA;V3000;005;3290;041;001;110;F;08009501;31743673;NA;NA;NA;NA;NA;NA;NA;NA;NA;NA;NA;NA;NA;NA;NA;NA;OSPEDALE RIMINI;NA;NA;NA;15310
080;080095;2023;16942;2023;080114;041044;19/06/2023;22/06/2023;062;389;M;0;0;3;NA;002;NA;NA;76418;005;2495;041;001;110;M;08009501;31743674;NA;NA;NA;NA;NA;8901;9059;8871;9547;NA;NA;NA;NA;NA;NA;NA;OSPEDALE RIMINI;NA;NA;NA;14459
080;080095;2023;16944;2023;080114;041044;19/06/2023;22/06/2023;062;390;M;0;0;3;NA;002;NA;NA;76419;005;2595;041;001;110;M;08009501;31743675;NA;NA;NA;NA;NA;8871;9059;8901;9547;NA;NA;NA;NA;NA;NA;NA;OSPEDALE RIMINI;NA;NA;NA;14495
080;080095;2023;16241;2023;080114;041044;12/06/2023;14/06/2023;031;391;M;0;0;2;NA;002;NA;NA;V3000;005;3800;041;001;110;M;08009501;31743676;NA;NA;NA;NA;NA;NA;NA;NA;NA;NA;NA;NA;NA;NA;NA;NA;OSPEDALE RIMINI;NA;NA;NA;16175
080;080095;2023;16793;2023;080114;041036;18/06/2023;20/06/2023;031;391;M;0;0;2;NA;002;NA;NA;V3000;005;3255;041;001;110;F;08009501;31743677;NA;NA;NA;NA;NA;NA;NA;NA;NA;NA;NA;NA;NA;NA;NA;NA;OSPEDALE RIMINI;NA;NA;NA;15252
080;080095;2023;15877;2023;080114;041023;08/06/2023;12/06/2023;062;387;M;0;0;4;NA;002;NA;NA;76508;005;2020;041;001;110;F;08009501;31743678;76528;76418;NA;NA;NA;8905;9059;9547;NA;NA;NA;NA;NA;NA;NA;NA;OSPEDALE RIMINI;NA;NA;NA;14377
080;080095;2023;15069;2023;080114;041044;31/05/2023;03/06/2023;031;391;M;0;0;3;NA;002;NA;NA;V3001;005;3740;041;001;110;M;08009501;31743679;NA;NA;NA;NA;NA;NA;NA;NA;NA;NA;NA;NA;NA;NA;NA;NA;OSPEDALE RIMINI;NA;NA;NA;16116
080;080095;2023;16714;2023;080114;041013;16/06/2023;19/06/2023;062;391;M;0;0;3;NA;002;NA;NA;7661;005;4740;041;001;110;M;08009501;31743681;NA;NA;NA;NA;NA;9059;8901;NA;NA;NA;NA;NA;NA;NA;NA;NA;OSPEDALE RIMINI;NA;NA;NA;16553
080;080095;2023;15529;2023;080114;041068;06/06/2023;08/06/2023;031;391;M;0;0;2;NA;002;NA;NA;V3000;005;3910;041;001;110;M;08009501;31743684;NA;NA;NA;NA;NA;NA;NA;NA;NA;NA;NA;NA;NA;NA;NA;NA;OSPEDALE RIMINI;NA;NA;NA;16300
080;080095;2023;15460;2023;080114;041013;05/06/2023;09/06/2023;062;388;M;0;0;4;NA;002;NA;NA;76508;005;2400;041;001;110;M;08009501;31743687;V3101;NA;NA;NA;NA;9059;8871;NA;NA;NA;NA;NA;NA;NA;NA;NA;OSPEDALE RIMINI;NA;NA;NA;14434
080;080095;2023;15462;2023;080114;041013;05/06/2023;09/06/2023;062;387;M;0;0;4;NA;002;NA;NA;76418;005;2080;041;001;110;M;08009501;31743688;V3101;76508;NA;NA;NA;9059;8871;NA;NA;NA;NA;NA;NA;NA;NA;NA;OSPEDALE RIMINI;NA;NA;NA;14385
080;080095;2023;14907;2023;080114;041015;30/05/2023;01/06/2023;031;391;M;0;0;2;NA;002;NA;NA;V3000;005;3005;041;001;110;F;08009501;31743689;NA;NA;NA;NA;NA;NA;NA;NA;NA;NA;NA;NA;NA;NA;NA;NA;OSPEDALE RIMINI;NA;NA;NA;0
080;080095;2023;15274;2023;080114;042021;01/06/2023;03/06/2023;062;391;M;0;0;2;NA;002;NA;NA;7661;005;4420;042;001;110;M;08009501;31743690;NA;NA;NA;NA;NA;9059;8903;NA;NA;NA;NA;NA;NA;NA;NA;NA;OSPEDALE RIMINI;NA;NA;NA;16533
080;080095;2023;15878;2023;080114;041020;09/06/2023;11/06/2023;031;391;M;0;0;2;NA;002;NA;NA;V3000;005;3500;041;001;110;M;08009501;31743691;NA;NA;NA;NA;NA;NA;NA;NA;NA;NA;NA;NA;NA;NA;NA;NA;OSPEDALE RIMINI;NA;NA;NA;0
080;080095;2023;15097;2023;080114;041013;31/05/2023;05/06/2023;062;390;M;0;0;5;NA;002;NA;NA;76419;005;2910;041;001;110;M;08009501;31743692;7459;NA;NA;NA;NA;8872;8871;8961;8952;NA;NA;NA;NA;NA;NA;NA;OSPEDALE RIMINI;NA;NA;NA;14723
080;080095;2023;16465;2023;080114;041044;14/06/2023;17/06/2023;031;391;M;0;0;3;NA;002;NA;NA;V3001;005;3180;041;001;110;F;08009501;31743694;NA;NA;NA;NA;NA;NA;NA;NA;NA;NA;NA;NA;NA;NA;NA;NA;OSPEDALE RIMINI;NA;NA;NA;15119
080;080095;2023;17206;2023;080114;041019;22/06/2023;24/06/2023;031;391;M;0;0;2;NA;002;NA;NA;V3000;005;3590;041;001;110;F;08009501;31743698;NA;NA;NA;NA;NA;NA;NA;NA;NA;NA;NA;NA;NA;NA;NA;NA;OSPEDALE RIMINI;NA;NA;NA;15851
080;080095;2023;16685;2023;080114;041013;16/06/2023;19/06/2023;062;390;M;0;0;3;NA;002;NA;NA;76419;005;2730;041;001;110;F;08009501;31743699;NA;NA;NA;NA;NA;9059;NA;NA;NA;NA;NA;NA;NA;NA;NA;NA;OSPEDALE RIMINI;NA;NA;NA;14564
080;080095;2023;15032;2023;080114;041013;31/05/2023;02/06/2023;062;391;M;0;0;2;NA;002;NA;NA;V3000;005;3990;041;001;110;F;08009501;31743701;NA;NA;NA;NA;NA;NA;NA;NA;NA;NA;NA;NA;NA;NA;NA;NA;OSPEDALE RIMINI;NA;NA;NA;16362
080;080095;2023;17021;2023;080114;041044;20/06/2023;22/06/2023;031;391;M;0;0;2;NA;002;NA;NA;V3000;005;3545;041;001;110;F;08009501;31743702;NA;NA;NA;NA;NA;NA;NA;NA;NA;NA;NA;NA;NA;NA;NA;NA;OSPEDALE RIMINI;NA;NA;NA;15780
080;080095;2023;16238;2023;080114;042027;12/06/2023;15/06/2023;031;391;M;0;0;3;NA;002;NA;NA;V3000;005;3410;042;001;110;M;08009501;31743703;NA;NA;NA;NA;NA;NA;NA;NA;NA;NA;NA;NA;NA;NA;NA;NA;OSPEDALE RIMINI;NA;NA;NA;15534
080;080095;2023;16104;2023;080114;041044;11/06/2023;17/06/2023;031;391;M;0;0;6;NA;002;NA;NA;V3001;005;4240;041;001;110;M;08009501;31743704;NA;NA;NA;NA;NA;NA;NA;NA;NA;NA;NA;NA;NA;NA;NA;NA;OSPEDALE RIMINI;NA;NA;NA;16493
080;080095;2023;15026;2023;080114;041065;31/05/2023;01/06/2023;031;391;M;0;0;1;NA;002;NA;NA;V3000;005;3240;041;001;110;F;08009501;31743706;NA;NA;NA;NA;NA;NA;NA;NA;NA;NA;NA;NA;NA;NA;NA;NA;OSPEDALE RIMINI;NA;NA;NA;15229
080;080095;2023;15030;2023;080114;041068;31/05/2023;02/06/2023;031;391;M;0;0;2;NA;002;NA;NA;V3000;005;3270;041;001;110;F;08009501;31743707;NA;NA;NA;NA;NA;NA;NA;NA;NA;NA;NA;NA;NA;NA;NA;NA;OSPEDALE RIMINI;NA;NA;NA;15273
080;080095;2023;16575;2023;080114;041013;15/06/2023;18/06/2023;031;391;M;0;0;3;NA;002;NA;NA;V3000;005;3085;041;001;110;F;08009501;31743708;NA;NA;NA;NA;NA;NA;NA;NA;NA;NA;NA;NA;NA;NA;NA;NA;OSPEDALE RIMINI;NA;NA;NA;14971
080;080095;2023;17733;2023;080114;042002;27/06/2023;30/06/2023;062;391;M;0;0;3;NA;002;NA;NA;7661;005;4180;042;001;110;F;08009501;31743710;NA;NA;NA;NA;NA;NA;NA;NA;NA;NA;NA;NA;NA;NA;NA;NA;OSPEDALE RIMINI;NA;NA;NA;16467
080;080095;2023;17504;2023;080114;041044;24/06/2023;27/06/2023;031;391;M;0;0;3;NA;002;NA;NA;V3000;005;3120;041;001;110;M;08009501;31743712;NA;NA;NA;NA;NA;NA;NA;NA;NA;NA;NA;NA;NA;NA;NA;NA;OSPEDALE RIMINI;NA;NA;NA;15020
080;080095;2023;16960;2023;080114;042050;20/06/2023;23/06/2023;031;391;M;0;0;3;NA;002;NA;NA;V3000;005;3185;042;001;110;M;08009501;31743717;NA;NA;NA;NA;NA;NA;NA;NA;NA;NA;NA;NA;NA;NA;NA;NA;OSPEDALE RIMINI;NA;NA;NA;15131
080;080095;2023;15749;2023;080114;042018;07/06/2023;10/06/2023;062;390;M;0;0;3;NA;002;NA;NA;76419;005;2740;042;001;110;M;08009501;31743721;NA;NA;NA;NA;NA;8871;8901;NA;NA;NA;NA;NA;NA;NA;NA;NA;OSPEDALE RIMINI;NA;NA;NA;0
080;080909;2023;12166;2023;080909;029041;26/06/2023;29/06/2023;031;391;M;0;0;3;NA;002;NA;NA;V3001;005;3045;029;001;050;M;080909;31743979;NA;NA;NA;NA;NA;9501;9541;9059;NA;NA;NA;NA;NA;NA;NA;NA;AOSPU ARCISPEDALE S.ANNA - FE;NA;NA;NA;24930
080;080021;2023;524980;2023;080103;001272;19/06/2023;30/06/2023;039;100;M;0;100;11;NA;002;NA;NA;78609;005;NA;001;001;010;M;08002106;31744273;7483;7455;2549;53081;V759;3142;8939;8741;8872;8871;9394;8809;8952;9926;9396;8744;OSPEDALE S.MARIA NUOVA - RE;NA;NA;NA;0
080;080908;2023;530777;2023;080908;093036;14/07/2023;15/07/2023;011;446;M;0;48;1;NA;002;NA;NA;9598;005;NA;093;001;060;F;080908;31744725;NA;NA;NA;NA;NA;8876;8876;8904;897;8722;9059;NA;NA;NA;NA;NA;IRCCS AOU BOLOGNA;NA;NA;NA;0
080;080031;2023;4909;2023;080104;020027;11/06/2023;13/06/2023;031;391;M;0;0;2;NA;002;NA;NA;V3000;005;3520;020;001;030;M;08003104;31745175;NA;NA;NA;NA;NA;8965;9542;897;NA;NA;NA;NA;NA;NA;NA;NA;OSPEDALE CARPI;NA;NA;NA;5797
080;080908;2023;531113;2023;080908;043013;17/07/2023;24/08/2023;039;110;C;0;42;38;10;002;3885;NA;7454;005;NA;043;001;110;F;080908;31746040;9971;4239;7833;NA;NA;3885;9907;9904;8907;8952;897;8903;9059;9929;8744;NA;IRCCS AOU BOLOGNA;NA;NA;NA;0
080;080091;2023;525705;2023;080114;043013;16/12/2023;17/12/2023;073;566;M;0;194;1;NA;006;NA;NA;51881;005;NA;043;001;110;F;08009101;31746040;0796;7454;NA;NA;NA;9390;9921;8872;9918;8954;9604;3893;9670;8744;NA;NA;OSPEDALE CESENA;NA;NA;NA;0
080;080908;2023;553085;2024;080908;043013;17/12/2023;08/01/2024;039;565;M;0;195;22;NA;002;NA;NA;51881;005;NA;043;001;110;F;080908;31746040;7454;7455;46611;NA;NA;9672;8741;9926;9921;8872;8914;8913;NA;NA;NA;NA;IRCCS AOU BOLOGNA;NA;NA;NA;0
080;080908;2024;521103;2024;080908;043013;08/05/2024;20/05/2024;006;108;C;0;338;12;1;002;3553;NA;7454;005;NA;043;001;110;F;080908;31746040;99889;9971;NA;NA;NA;3553;3961;3963;9929;8744;8954;8961;8965;NA;NA;NA;IRCCS AOU BOLOGNA;NA;NA;NA;0
080;080908;2023;530798;2023;080908;037006;15/07/2023;17/07/2023;031;390;M;0;0;2;NA;002;NA;NA;V3001;005;3030;037;001;080;F;080908;31746179;7731;NA;NA;NA;NA;8903;8965;8903;9509;9059;897;9547;8619;NA;NA;NA;IRCCS AOU BOLOGNA;NA;NA;NA;22961
080;080904;2023;21353;2023;080904;015146;17/07/2023;20/07/2023;031;391;M;0;0;3;NA;002;NA;NA;V3000;005;3290;015;001;030;M;08090401;31746298;NA;NA;NA;NA;NA;NA;NA;NA;NA;NA;NA;NA;NA;NA;NA;NA;AOSPU POLICLINICO - MO;NA;NA;NA;20907
080;080072;2023;13449;2023;080114;019045;23/06/2023;25/06/2023;031;391;M;0;0;2;NA;002;NA;NA;V3000;005;3300;019;001;030;F;080072;31746566;NA;NA;NA;NA;NA;NA;NA;NA;NA;NA;NA;NA;NA;NA;NA;NA;OSPEDALE RAVENNA;NA;NA;NA;10606
080;080072;2023;12183;2023;080114;097019;07/06/2023;13/06/2023;073;390;M;0;0;6;NA;002;NA;NA;7706;005;3030;097;001;030;M;080072;31746569;NA;NA;NA;NA;NA;9390;9929;3899;8744;8966;NA;NA;NA;NA;NA;NA;OSPEDALE RAVENNA;NA;NA;NA;10318
080;080004;2023;14983;2023;080101;033026;24/06/2023;27/06/2023;031;391;M;0;0;3;NA;002;NA;NA;V3000;005;3140;033;001;080;M;08000401;31746592;NA;NA;NA;NA;NA;NA;NA;NA;NA;NA;NA;NA;NA;NA;NA;NA;OSPEDALE PIACENZA;NA;NA;NA;659
080;080095;2023;19322;2023;080114;041020;12/07/2023;13/07/2023;062;021;M;0;35;1;NA;002;NA;NA;0471;005;NA;041;001;110;M;08009501;31746636;V291;NA;NA;NA;NA;8891;8952;NA;NA;NA;NA;NA;NA;NA;NA;NA;OSPEDALE RIMINI;NA;NA;NA;14131
080;080091;2023;511642;2023;080114;041020;07/06/2023;10/06/2023;031;391;M;0;0;3;NA;002;NA;NA;V3000;005;3890;041;001;110;M;08009101;31746636;NA;NA;NA;NA;NA;NA;NA;NA;NA;NA;NA;NA;NA;NA;NA;NA;OSPEDALE CESENA;NA;NA;NA;14131
080;080095;2023;18340;2023;080114;041020;03/07/2023;09/07/2023;039;021;M;0;26;6;NA;002;NA;NA;0479;005;NA;041;001;110;M;08009501;31746636;NA;NA;NA;NA;NA;8914;9059;NA;NA;NA;NA;NA;NA;NA;NA;NA;OSPEDALE RIMINI;NA;NA;NA;14131
080;080091;2023;511020;2023;080114;041068;30/05/2023;05/06/2023;031;391;M;0;0;6;NA;002;NA;NA;V3001;005;2600;041;001;110;F;08009101;31746639;NA;NA;NA;NA;NA;NA;NA;NA;NA;NA;NA;NA;NA;NA;NA;NA;OSPEDALE CESENA;NA;NA;NA;12776
080;080908;2023;525539;2023;080908;999460;10/06/2023;13/06/2023;039;184;M;0;289;3;NA;002;NA;NA;0090;005;NA;999;001;460;M;080908;31746803;04311;NA;NA;NA;NA;8903;3899;9918;8903;897;9059;9032;NA;NA;NA;NA;IRCCS AOU BOLOGNA;NA;NA;NA;0
080;080053;2023;133525;2023;080105;999436;18/07/2023;20/07/2023;031;391;M;0;0;2;NA;002;NA;NA;V3000;005;3490;999;001;436;F;08005307;31746944;NA;NA;NA;NA;NA;897;NA;NA;NA;NA;NA;NA;NA;NA;NA;NA;OSPEDALE BENTIVOGLIO;NA;NA;NA;8818
080;080909;2023;13766;2023;080909;029037;19/07/2023;21/07/2023;031;390;M;0;0;2;NA;002;NA;NA;V3000;005;3965;029;001;050;F;080909;31747747;7608;NA;NA;NA;NA;9501;9541;9059;NA;NA;NA;NA;NA;NA;NA;NA;AOSPU ARCISPEDALE S.ANNA - FE;NA;NA;NA;25971
080;080908;2023;531860;2023;080908;037052;22/07/2023;27/07/2023;062;390;M;0;0;5;NA;002;NA;NA;76419;005;2655;037;001;080;F;080908;31752134;7608;7746;NA;NA;NA;3899;9509;897;8901;9059;3899;NA;NA;NA;NA;NA;IRCCS AOU BOLOGNA;NA;NA;NA;22539
080;080909;2023;13867;2023;080909;076025;21/07/2023;23/07/2023;031;390;M;0;0;2;NA;002;NA;NA;V3000;005;3010;076;001;170;M;080909;31752264;7609;NA;NA;NA;NA;3898;9059;9501;9541;NA;NA;NA;NA;NA;NA;NA;AOSPU ARCISPEDALE S.ANNA - FE;NA;NA;NA;24906
080;080909;2023;6191;2023;080909;029045;29/03/2023;01/04/2023;031;390;M;0;0;3;NA;002;NA;NA;V3000;005;2820;029;001;050;M;080909;31752272;7609;7608;NA;NA;NA;9501;9541;9059;8952;NA;NA;NA;NA;NA;NA;NA;AOSPU ARCISPEDALE S.ANNA - FE;NA;NA;NA;24729
080;080909;2023;14019;2023;080909;029045;23/07/2023;26/07/2023;031;390;M;0;0;3;NA;002;NA;NA;V3000;005;3520;029;001;050;F;080909;31752630;7609;NA;NA;NA;NA;9501;9541;9059;NA;NA;NA;NA;NA;NA;NA;NA;AOSPU ARCISPEDALE S.ANNA - FE;NA;NA;NA;25596
080;080095;2023;17210;2023;080114;042045;22/06/2023;23/06/2023;031;391;M;0;0;1;NA;002;NA;NA;V3000;005;3025;042;001;110;F;08009501;31753587;NA;NA;NA;NA;NA;NA;NA;NA;NA;NA;NA;NA;NA;NA;NA;NA;OSPEDALE RIMINI;NA;NA;NA;14888
080;080095;2023;15623;2023;080114;041044;06/06/2023;08/06/2023;031;391;M;0;0;2;NA;002;NA;NA;V3000;005;3315;041;001;110;F;08009501;31753588;NA;NA;NA;NA;NA;NA;NA;NA;NA;NA;NA;NA;NA;NA;NA;NA;OSPEDALE RIMINI;NA;NA;NA;15355
080;080004;2023;17080;2023;080101;019081;22/07/2023;24/07/2023;031;391;M;0;0;2;NA;002;NA;NA;V3000;005;3590;019;001;030;M;08000401;31753773;NA;NA;NA;NA;NA;8871;8875;9503;NA;NA;NA;NA;NA;NA;NA;NA;OSPEDALE PIACENZA;NA;NA;NA;1334
080;080004;2023;17209;2023;080101;098054;24/07/2023;26/07/2023;031;391;M;0;0;2;NA;002;NA;NA;V3000;005;3390;098;001;030;M;08000401;31753996;NA;NA;NA;NA;NA;NA;NA;NA;NA;NA;NA;NA;NA;NA;NA;NA;OSPEDALE PIACENZA;NA;NA;NA;1066
080;080909;2023;14071;2023;080909;029022;24/07/2023;26/07/2023;031;390;M;0;0;2;NA;002;NA;NA;V3000;005;3295;029;001;050;M;080909;31754014;7609;NA;NA;NA;NA;9501;9541;9059;NA;NA;NA;NA;NA;NA;NA;NA;AOSPU ARCISPEDALE S.ANNA - FE;NA;NA;NA;25280
080;080909;2024;2743;2024;080909;029022;10/02/2024;12/02/2024;039;087;M;0;201;2;NA;002;NA;NA;51881;005;NA;029;001;050;M;080909;31754014;NA;NA;NA;NA;NA;9390;9382;9032;8959;8903;NA;NA;NA;NA;NA;NA;AOSPU ARCISPEDALE S.ANNA - FE;NA;NA;NA;25280
080;080908;2023;532313;2023;080908;042034;25/07/2023;03/08/2023;008;111;C;0;64;9;7;002;3865;NA;74710;005;NA;042;001;110;F;080908;31754663;4011;NA;NA;NA;NA;3865;3891;3722;8842;8744;8952;8954;NA;NA;NA;NA;IRCCS AOU BOLOGNA;NA;NA;NA;0
080;080908;2023;551967;2023;080908;042034;11/12/2023;13/12/2023;008;111;C;0;203;2;1;002;3865;NA;74710;005;NA;042;001;110;F;080908;31754663;NA;NA;NA;NA;NA;3865;3891;3722;8744;8872;8952;NA;NA;NA;NA;NA;IRCCS AOU BOLOGNA;NA;NA;NA;0
080;080904;2023;21872;2023;080904;036023;23/07/2023;31/07/2023;062;467;M;0;0;8;NA;002;NA;NA;V604;005;3320;036;001;080;F;08090401;31754728;NA;NA;NA;NA;NA;8871;NA;NA;NA;NA;NA;NA;NA;NA;NA;NA;AOSPU POLICLINICO - MO;NA;NA;NA;21000
080;080096;2023;6947;2023;080104;036019;16/07/2023;20/07/2023;031;391;M;0;0;4;NA;002;NA;NA;V3000;005;2990;036;001;080;M;080096;31754732;NA;NA;NA;NA;NA;9547;NA;NA;NA;NA;NA;NA;NA;NA;NA;NA;OSPEDALE CIVILE DI SASSUOLO S.P.A.;NA;NA;NA;0
080;080021;2023;525075;2023;080103;020066;20/06/2023;23/06/2023;031;391;M;0;0;3;NA;002;NA;NA;V3000;005;3336;020;001;030;M;08002106;31754967;NA;NA;NA;NA;NA;8903;NA;NA;NA;NA;NA;NA;NA;NA;NA;NA;OSPEDALE S.MARIA NUOVA - RE;NA;NA;NA;3992
080;080021;2023;522169;2023;080103;020066;31/05/2023;02/06/2023;031;391;M;0;0;2;NA;002;NA;NA;V3000;005;3300;020;001;030;F;08002106;31754976;NA;NA;NA;NA;NA;8903;NA;NA;NA;NA;NA;NA;NA;NA;NA;NA;OSPEDALE S.MARIA NUOVA - RE;NA;NA;NA;3904
080;080909;2023;14196;2023;080909;029045;26/07/2023;30/07/2023;031;391;M;0;0;4;NA;002;NA;NA;V3000;005;3505;029;001;050;F;080909;31755370;NA;NA;NA;NA;NA;9501;9541;9059;NA;NA;NA;NA;NA;NA;NA;NA;AOSPU ARCISPEDALE S.ANNA - FE;NA;NA;NA;25580
080;080031;2023;6267;2023;080104;020027;27/07/2023;29/07/2023;031;390;M;0;0;2;NA;002;NA;NA;V3000;005;3960;020;001;030;F;08003104;31755465;7661;7672;NA;NA;NA;8722;8965;897;NA;NA;NA;NA;NA;NA;NA;NA;OSPEDALE CARPI;NA;NA;NA;6046
080;080908;2023;532517;2023;080908;065027;27/07/2023;29/07/2023;031;390;M;0;0;2;NA;002;NA;NA;V3000;005;3630;065;001;150;M;080908;31755732;76719;7608;NA;NA;NA;8903;8965;8903;9509;9059;897;9547;8619;NA;NA;NA;IRCCS AOU BOLOGNA;NA;NA;NA;24028
080;080909;2023;7615;2023;080909;029031;20/04/2023;22/04/2023;031;391;M;0;0;2;NA;002;NA;NA;V3000;005;3755;029;001;050;F;080909;31755851;7661;NA;NA;NA;NA;9501;9059;9541;NA;NA;NA;NA;NA;NA;NA;NA;AOSPU ARCISPEDALE S.ANNA - FE;NA;NA;NA;25855
080;080909;2023;8032;2023;080909;029033;27/04/2023;29/04/2023;031;390;M;0;0;2;NA;002;NA;NA;V3000;005;3255;029;001;050;F;080909;31756299;7608;NA;NA;NA;NA;9501;9541;9059;NA;NA;NA;NA;NA;NA;NA;NA;AOSPU ARCISPEDALE S.ANNA - FE;NA;NA;NA;25220
080;080031;2023;10532;2023;080104;020027;16/12/2023;22/12/2023;039;087;M;0;141;6;NA;002;NA;NA;51881;005;NA;020;001;030;F;08003104;31756554;46619;NA;NA;NA;NA;9396;9390;NA;NA;NA;NA;NA;NA;NA;NA;NA;OSPEDALE CARPI;NA;NA;NA;19793
080;080904;2023;22451;2023;080904;036009;28/07/2023;01/08/2023;031;391;M;0;0;4;NA;002;NA;NA;V3101;005;2565;036;001;080;F;08090401;31756554;NA;NA;NA;NA;NA;NA;NA;NA;NA;NA;NA;NA;NA;NA;NA;NA;AOSPU POLICLINICO - MO;NA;NA;NA;19793
080;080904;2023;22488;2023;080904;029032;29/07/2023;31/07/2023;031;391;M;0;0;2;NA;002;NA;NA;V3000;005;3275;029;001;050;M;08090401;31756756;NA;NA;NA;NA;NA;NA;NA;NA;NA;NA;NA;NA;NA;NA;NA;NA;AOSPU POLICLINICO - MO;NA;NA;NA;20869
080;080904;2023;22449;2023;080904;036009;28/07/2023;01/08/2023;031;391;M;0;0;4;NA;002;NA;NA;V3101;005;2875;036;001;080;F;08090401;31756898;NA;NA;NA;NA;NA;NA;NA;NA;NA;NA;NA;NA;NA;NA;NA;NA;AOSPU POLICLINICO - MO;NA;NA;NA;20110
080;080004;2023;13691;2023;080101;999245;09/06/2023;13/06/2023;062;388;M;0;0;4;NA;002;NA;NA;76519;005;3370;999;001;245;M;08000401;31757075;NA;NA;NA;NA;NA;8871;8872;NA;NA;NA;NA;NA;NA;NA;NA;NA;OSPEDALE PIACENZA;NA;NA;NA;1032
080;080004;2023;14858;2023;080101;999245;22/06/2023;24/06/2023;031;391;M;0;0;2;NA;002;NA;NA;V3000;005;3610;999;001;245;F;08000401;31757077;NA;NA;NA;NA;NA;NA;NA;NA;NA;NA;NA;NA;NA;NA;NA;NA;OSPEDALE PIACENZA;NA;NA;NA;1360
080;080004;2023;15189;2023;080101;999201;27/06/2023;30/06/2023;031;391;M;0;0;3;NA;002;NA;NA;V3001;005;3160;999;001;201;F;08000401;31757078;NA;NA;NA;NA;NA;NA;NA;NA;NA;NA;NA;NA;NA;NA;NA;NA;OSPEDALE PIACENZA;NA;NA;NA;677
080;080908;2023;522273;2023;080908;999443;19/05/2023;28/06/2023;062;386;M;0;0;40;NA;002;NA;NA;769;005;1250;999;001;443;F;080908;31757083;76526;76415;77181;04110;7766;3892;3892;9390;9053;8901;897;9921;9093;9092;9915;9903;IRCCS AOU BOLOGNA;NA;NA;NA;22293
080;080902;2023;58874;2023;080902;058091;07/07/2023;12/07/2023;039;391;M;0;51;5;NA;002;NA;NA;7793;005;NA;058;001;120;F;080902;31758270;NA;NA;NA;NA;NA;8903;8939;897;9921;9039;8876;9394;8929;NA;NA;NA;AOSPU OSPEDALI RIUNITI - PR;NA;NA;NA;0
080;080004;2023;28813;2023;080101;010025;14/12/2023;16/12/2023;038;049;C;0;252;2;0;002;2098;NA;38912;005;NA;010;001;070;F;08000401;31759071;NA;NA;NA;NA;NA;2098;NA;NA;NA;NA;NA;NA;NA;NA;NA;NA;OSPEDALE PIACENZA;NA;NA;NA;0
080;080004;2023;26151;2023;080101;010025;13/11/2023;16/11/2023;039;074;M;0;221;3;NA;002;NA;NA;38911;005;NA;010;001;070;F;08000401;31759071;NA;NA;NA;NA;NA;8703;8871;8891;9541;NA;NA;NA;NA;NA;NA;NA;OSPEDALE PIACENZA;NA;NA;NA;0
080;080004;2024;7009;2024;080101;010025;21/03/2024;23/03/2024;038;049;C;0;350;2;0;002;2098;NA;38911;005;NA;010;001;070;F;08000401;31759071;NA;NA;NA;NA;NA;2098;NA;NA;NA;NA;NA;NA;NA;NA;NA;NA;OSPEDALE PIACENZA;NA;NA;NA;0
080;080902;2023;570305;2023;080902;019021;14/06/2023;16/06/2023;031;391;M;0;0;2;NA;002;NA;NA;V3000;005;3240;019;001;030;F;080902;31759688;NA;NA;NA;NA;NA;9307;9546;897;8939;8903;NA;NA;NA;NA;NA;NA;AOSPU OSPEDALI RIUNITI - PR;NA;NA;NA;0
080;080095;2023;18446;2023;080114;041019;04/07/2023;08/07/2023;062;388;M;0;0;4;NA;002;NA;NA;76518;005;2500;041;001;110;F;08009501;31759757;76528;NA;NA;NA;NA;9059;8901;9547;8619;NA;NA;NA;NA;NA;NA;NA;OSPEDALE RIMINI;NA;NA;NA;0
080;080902;2023;566785;2023;080902;020066;09/05/2023;13/05/2023;031;391;M;0;0;4;NA;002;NA;NA;V3001;005;4305;020;001;030;F;080902;31759776;7661;NA;NA;NA;NA;9307;9546;897;8939;8903;NA;NA;NA;NA;NA;NA;AOSPU OSPEDALI RIUNITI - PR;NA;NA;NA;19578
080;080908;2023;529616;2023;080908;999411;07/07/2023;12/07/2023;031;391;M;0;0;5;NA;002;NA;NA;V3000;005;3025;999;001;411;M;080908;31760075;75251;7746;NA;NA;NA;8903;8903;8965;897;8619;9059;9509;9547;NA;NA;NA;IRCCS AOU BOLOGNA;NA;NA;NA;0
080;080902;2023;569583;2023;080902;020066;06/06/2023;08/06/2023;031;391;M;0;0;2;NA;002;NA;NA;V3000;005;3575;020;001;030;M;080902;31760209;NA;NA;NA;NA;NA;9307;9546;897;8939;8903;NA;NA;NA;NA;NA;NA;AOSPU OSPEDALI RIUNITI - PR;NA;NA;NA;19085
080;080095;2023;20013;2023;080114;004040;19/07/2023;21/07/2023;039;422;M;0;63;2;NA;002;NA;NA;7806;005;NA;004;001;010;M;08009501;31760254;NA;NA;NA;NA;NA;9103;9133;NA;NA;NA;NA;NA;NA;NA;NA;NA;OSPEDALE RIMINI;NA;NA;NA;0
080;080004;2023;15949;2023;080101;098049;07/07/2023;10/07/2023;031;391;M;0;0;3;NA;002;NA;NA;V3000;005;3750;098;001;030;F;08000401;31760336;NA;NA;NA;NA;NA;9503;NA;NA;NA;NA;NA;NA;NA;NA;NA;NA;OSPEDALE PIACENZA;NA;NA;NA;1504
080;080902;2023;572490;2023;080902;019052;06/07/2023;08/07/2023;031;391;M;0;0;2;NA;002;NA;NA;V3000;005;3345;019;001;030;M;080902;31760511;NA;NA;NA;NA;NA;9307;9546;897;8939;8903;NA;NA;NA;NA;NA;NA;AOSPU OSPEDALI RIUNITI - PR;NA;NA;NA;18746
080;080902;2024;562664;2024;080902;019021;22/03/2024;23/03/2024;011;333;M;0;295;1;NA;002;NA;NA;59372;005;NA;019;001;030;M;080902;31760784;NA;NA;NA;NA;NA;5732;897;9929;8961;8903;3899;9918;8929;5794;9921;9764;AOSPU OSPEDALI RIUNITI - PR;NA;NA;NA;0
080;080902;2023;572173;2023;080902;019021;03/07/2023;07/07/2023;062;389;M;0;0;4;NA;002;NA;NA;76418;005;2420;019;001;030;F;080902;31760793;NA;NA;NA;NA;NA;9546;897;8939;9307;8903;NA;NA;NA;NA;NA;NA;AOSPU OSPEDALI RIUNITI - PR;NA;NA;NA;17890
080;080053;2023;139827;2023;080105;037048;27/07/2023;05/08/2023;073;385;M;0;0;9;NA;006;NA;NA;769;005;4105;037;001;080;M;08005301;31761355;76529;7771;NA;NA;NA;8819;8872;9449;9915;NA;NA;NA;NA;NA;NA;NA;OSPEDALE MAGGIORE;NA;NA;NA;9792
080;080908;2023;545521;2023;080908;037048;30/10/2023;07/11/2023;011;153;C;0;95;8;0;002;4825;NA;7513;005;NA;037;001;080;M;080908;31761355;NA;NA;NA;NA;NA;4825;5421;8904;9921;897;9918;NA;NA;NA;NA;NA;IRCCS AOU BOLOGNA;NA;NA;NA;9792
080;080908;2023;533616;2023;080908;037048;05/08/2023;18/08/2023;011;190;M;0;9;13;NA;005;NA;NA;7513;005;NA;037;001;080;M;080908;31761355;NA;NA;NA;NA;NA;8904;9639;9637;9637;9637;897;9637;9918;8904;NA;NA;IRCCS AOU BOLOGNA;NA;NA;NA;9792
080;080908;2024;504623;2024;080908;037048;27/01/2024;07/02/2024;011;149;C;0;184;11;2;002;4590;NA;7513;005;NA;037;001;080;M;080908;31761355;NA;NA;NA;NA;NA;4590;4841;5421;0390;3893;5794;9926;8744;9921;9904;9915;IRCCS AOU BOLOGNA;NA;NA;NA;9792
080;080908;2024;504116;2024;080908;037048;24/01/2024;25/01/2024;011;190;M;0;181;1;NA;002;NA;NA;7513;005;NA;037;001;080;M;080908;31761355;NA;NA;NA;NA;NA;8904;9918;8904;897;9059;NA;NA;NA;NA;NA;NA;IRCCS AOU BOLOGNA;NA;NA;NA;9792
030;030239;2023;19651998;2023;030725;036037;25/07/2023;29/07/2023;031;391;M;0;0;4;NA;002;NA;NA;V3001;005;3090;036;001;080;F;030239;31761554;NA;NA;NA;NA;NA;NA;NA;NA;NA;NA;NA;NA;NA;NA;NA;NA;NON DEFINITO;NA;NA;NA;0
080;080909;2023;12282;2023;080909;029022;27/06/2023;05/07/2023;073;387;M;0;0;8;NA;002;NA;NA;76528;005;1765;029;001;050;F;080909;31761606;76497;76417;NA;NA;NA;9032;9541;9059;3898;8871;8875;9501;NA;NA;NA;NA;AOSPU ARCISPEDALE S.ANNA - FE;NA;NA;NA;24482
080;080095;2023;19053;2023;080114;015146;10/07/2023;12/07/2023;039;423;M;0;46;2;NA;002;NA;NA;0419;005;NA;015;001;030;M;08009501;31762643;NA;NA;NA;NA;NA;9059;NA;NA;NA;NA;NA;NA;NA;NA;NA;NA;OSPEDALE RIMINI;NA;NA;NA;0
080;080095;2023;18631;2023;080114;097010;06/07/2023;13/07/2023;039;087;M;0;225;7;NA;002;NA;NA;51881;005;NA;097;001;030;M;08009501;31762885;486;NA;NA;NA;NA;9396;9059;NA;NA;NA;NA;NA;NA;NA;NA;NA;OSPEDALE RIMINI;NA;NA;NA;0
080;080095;2023;19624;2023;080114;015146;15/07/2023;21/07/2023;039;035;M;0;45;6;NA;002;NA;NA;7816;005;NA;015;001;030;M;08009501;31764069;0792;07989;NA;NA;NA;0331;9133;9059;NA;NA;NA;NA;NA;NA;NA;NA;OSPEDALE RIMINI;NA;NA;NA;0
080;080091;2023;515341;2023;080114;017018;27/07/2023;28/07/2023;039;446;M;0;172;1;NA;002;NA;NA;95901;005;NA;017;001;030;M;08009101;31764077;NA;NA;NA;NA;NA;897;8939;8903;8929;NA;NA;NA;NA;NA;NA;NA;OSPEDALE CESENA;NA;NA;NA;0
080;080095;2023;20817;2023;080114;022169;28/07/2023;30/07/2023;039;422;M;0;47;2;NA;002;NA;NA;7806;005;NA;022;001;042;M;08009501;31765072;NA;NA;NA;NA;NA;9059;8903;897;NA;NA;NA;NA;NA;NA;NA;NA;OSPEDALE RIMINI;NA;NA;NA;0
080;080095;2023;19628;2023;080114;041019;16/07/2023;18/07/2023;039;070;M;0;15;2;NA;002;NA;NA;4659;005;NA;041;001;110;F;08009501;31765285;NA;NA;NA;NA;NA;9394;897;8903;NA;NA;NA;NA;NA;NA;NA;NA;OSPEDALE RIMINI;NA;NA;NA;0
080;080095;2023;18160;2023;080114;041019;01/07/2023;03/07/2023;062;391;M;0;0;2;NA;002;NA;NA;V3000;005;3000;041;001;110;F;08009501;31765285;NA;NA;NA;NA;NA;8914;8871;NA;NA;NA;NA;NA;NA;NA;NA;NA;OSPEDALE RIMINI;NA;NA;NA;0
080;080095;2023;19177;2023;080114;007031;11/07/2023;13/07/2023;039;098;M;0;113;2;NA;002;NA;NA;46619;005;NA;007;001;020;F;08009501;31765306;NA;NA;NA;NA;NA;2202;9073;NA;NA;NA;NA;NA;NA;NA;NA;NA;OSPEDALE RIMINI;NA;NA;NA;0
080;080091;2023;513512;2023;080114;040007;02/07/2023;05/07/2023;039;298;M;0;2;3;NA;002;NA;NA;27651;005;NA;040;001;080;F;08009101;31765400;NA;NA;NA;NA;NA;8960;8929;9059;8901;NA;NA;NA;NA;NA;NA;NA;OSPEDALE CESENA;NA;NA;NA;13631
080;080091;2023;513413;2023;080114;040007;30/06/2023;02/07/2023;031;391;M;0;0;2;NA;002;NA;NA;V3000;005;3455;040;001;080;F;08009101;31765400;NA;NA;NA;NA;NA;NA;NA;NA;NA;NA;NA;NA;NA;NA;NA;NA;OSPEDALE CESENA;NA;NA;NA;13631
080;080902;2023;567802;2023;080902;020066;18/05/2023;20/05/2023;031;391;M;0;0;2;NA;002;NA;NA;V3000;005;3000;020;001;030;F;080902;31765958;NA;NA;NA;NA;NA;9307;9546;897;8939;8903;NA;NA;NA;NA;NA;NA;AOSPU OSPEDALI RIUNITI - PR;NA;NA;NA;0
080;080004;2023;16156;2023;080101;033013;10/07/2023;12/07/2023;031;390;M;0;0;2;NA;002;NA;NA;V3000;005;2760;033;001;080;F;08000401;31766453;7455;NA;NA;NA;NA;8872;NA;NA;NA;NA;NA;NA;NA;NA;NA;NA;OSPEDALE PIACENZA;NA;NA;NA;0
080;080053;2023;142236;2023;080105;037006;31/07/2023;03/08/2023;031;391;M;0;0;3;NA;002;NA;NA;V3000;005;3570;037;001;080;F;08005301;31769432;NA;NA;NA;NA;NA;897;NA;NA;NA;NA;NA;NA;NA;NA;NA;NA;OSPEDALE MAGGIORE;NA;NA;NA;9012
080;080909;2023;14885;2023;080909;029033;04/08/2023;07/08/2023;031;391;M;0;0;3;NA;002;NA;NA;V3000;005;2940;029;001;050;F;080909;31769477;NA;NA;NA;NA;NA;9501;9541;9059;NA;NA;NA;NA;NA;NA;NA;NA;AOSPU ARCISPEDALE S.ANNA - FE;NA;NA;NA;0
080;080031;2023;6487;2023;080104;020065;05/08/2023;08/08/2023;031;391;M;0;0;3;NA;002;NA;NA;V3000;005;3720;020;001;030;M;08003104;31769610;NA;NA;NA;NA;NA;9542;8965;897;NA;NA;NA;NA;NA;NA;NA;NA;OSPEDALE CARPI;NA;NA;NA;5942
080;080909;2023;14911;2023;080909;088008;05/08/2023;08/08/2023;031;391;M;0;0;3;NA;002;NA;NA;V3000;005;2745;088;001;190;M;080909;31769709;76409;NA;NA;NA;NA;3898;9059;9501;9541;NA;NA;NA;NA;NA;NA;NA;AOSPU ARCISPEDALE S.ANNA - FE;NA;NA;NA;24683
080;080031;2023;6519;2023;080104;020035;07/08/2023;13/08/2023;039;390;M;0;0;6;NA;002;NA;NA;V3000;005;2110;020;001;030;F;08003104;31769958;7742;NA;NA;NA;NA;8965;9542;9983;897;NA;NA;NA;NA;NA;NA;NA;OSPEDALE CARPI;NA;NA;NA;5149
080;080031;2023;6554;2023;080104;020065;08/08/2023;10/08/2023;031;391;M;0;0;2;NA;002;NA;NA;V3000;005;4380;020;001;030;M;08003104;31770973;NA;NA;NA;NA;NA;8965;9542;897;NA;NA;NA;NA;NA;NA;NA;NA;OSPEDALE CARPI;NA;NA;NA;6120
080;080091;2023;515639;2023;080114;040007;01/08/2023;04/08/2023;031;391;M;0;0;3;NA;002;NA;NA;76408;005;2440;040;001;080;F;08009101;31771249;NA;NA;NA;NA;NA;NA;NA;NA;NA;NA;NA;NA;NA;NA;NA;NA;OSPEDALE CESENA;NA;NA;NA;12710
080;080902;2023;571685;2023;080902;019021;27/06/2023;30/06/2023;031;391;M;0;0;3;NA;002;NA;NA;V3000;005;3340;019;001;030;M;080902;31771775;NA;NA;NA;NA;NA;9307;9546;897;8939;8903;NA;NA;NA;NA;NA;NA;AOSPU OSPEDALI RIUNITI - PR;NA;NA;NA;18735
080;080908;2023;533920;2023;080908;006118;08/08/2023;10/08/2023;031;390;M;0;0;2;NA;002;NA;NA;V3001;005;2560;006;001;010;F;080908;31772168;7852;NA;NA;NA;NA;8903;8903;8965;9059;8619;8952;897;9089;9509;9547;8906;IRCCS AOU BOLOGNA;NA;NA;NA;22482
080;080909;2023;14236;2023;080909;029041;26/07/2023;02/08/2023;031;388;M;0;0;7;NA;002;NA;NA;77089;005;2140;029;001;050;F;080909;31772258;76528;7742;7600;76518;V3001;8959;9390;8871;9541;9501;9059;NA;NA;NA;NA;NA;AOSPU ARCISPEDALE S.ANNA - FE;NA;NA;NA;24518
080;080153;2023;777453;2023;080105;015146;02/10/2023;03/10/2023;076;234;C;0;187;1;1;007;0201;NA;7560;005;NA;015;001;030;M;080153;31772497;NA;NA;NA;NA;NA;0201;NA;NA;NA;NA;NA;NA;NA;NA;NA;NA;IRCCS SCIENZE NEUROLOGICHE BO;NA;NA;NA;0
080;080153;2023;777459;2023;080105;015146;05/10/2023;08/10/2023;076;256;M;0;190;3;NA;002;NA;NA;7560;005;NA;015;001;030;M;080153;31772497;33818;NA;NA;NA;NA;9357;897;9918;NA;NA;NA;NA;NA;NA;NA;NA;IRCCS SCIENZE NEUROLOGICHE BO;NA;NA;NA;0
080;080908;2023;541448;2023;080908;015146;03/10/2023;05/10/2023;049;256;M;0;188;2;NA;006;NA;NA;7560;005;NA;015;001;030;M;080908;31772497;33818;2851;NA;NA;NA;9926;9739;9926;9921;9904;NA;NA;NA;NA;NA;NA;IRCCS AOU BOLOGNA;NA;NA;NA;0
080;080095;2023;18379;2023;080114;043044;04/07/2023;06/07/2023;062;390;M;0;0;2;NA;002;NA;NA;V3000;005;3930;043;001;110;M;08009501;31773339;7500;NA;NA;NA;NA;2591;NA;NA;NA;NA;NA;NA;NA;NA;NA;NA;OSPEDALE RIMINI;NA;NA;NA;16318
080;080095;2023;20429;2023;080114;041070;24/07/2023;27/07/2023;031;391;M;0;0;3;NA;002;NA;NA;V3000;005;2800;041;001;110;F;08009501;31773340;NA;NA;NA;NA;NA;NA;NA;NA;NA;NA;NA;NA;NA;NA;NA;NA;OSPEDALE RIMINI;NA;NA;NA;14627
080;080095;2023;20565;2023;080114;041036;25/07/2023;27/07/2023;031;391;M;0;0;2;NA;002;NA;NA;V3000;005;3710;041;001;110;F;08009501;31773341;NA;NA;NA;NA;NA;NA;NA;NA;NA;NA;NA;NA;NA;NA;NA;NA;OSPEDALE RIMINI;NA;NA;NA;16074
080;080095;2023;20329;2023;080114;015146;23/07/2023;25/07/2023;062;391;M;0;0;2;NA;002;NA;NA;7661;005;4120;015;001;030;M;08009501;31773344;NA;NA;NA;NA;NA;9059;NA;NA;NA;NA;NA;NA;NA;NA;NA;NA;OSPEDALE RIMINI;NA;NA;NA;16444
080;080095;2023;19067;2023;080114;043044;10/07/2023;12/07/2023;031;391;M;0;0;2;NA;002;NA;NA;V3000;005;3360;043;001;110;F;08009501;31773345;NA;NA;NA;NA;NA;NA;NA;NA;NA;NA;NA;NA;NA;NA;NA;NA;OSPEDALE RIMINI;NA;NA;NA;15448
080;080095;2023;18177;2023;080114;041025;01/07/2023;03/07/2023;031;391;M;0;0;2;NA;002;NA;NA;V3000;005;3410;041;001;110;M;08009501;31773346;NA;NA;NA;NA;NA;NA;NA;NA;NA;NA;NA;NA;NA;NA;NA;NA;OSPEDALE RIMINI;NA;NA;NA;15536
080;080095;2023;18220;2023;080114;041019;02/07/2023;04/07/2023;031;391;M;0;0;2;NA;002;NA;NA;V3000;005;2730;041;001;110;M;08009501;31773347;NA;NA;NA;NA;NA;NA;NA;NA;NA;NA;NA;NA;NA;NA;NA;NA;OSPEDALE RIMINI;NA;NA;NA;14565
080;080095;2024;14073;2024;080114;041019;17/05/2024;19/05/2024;039;398;M;0;320;2;NA;002;NA;NA;683;005;NA;041;001;110;M;08009501;31773347;7235;NA;NA;NA;NA;9059;9133;NA;NA;NA;NA;NA;NA;NA;NA;NA;OSPEDALE RIMINI;NA;NA;NA;14565
080;080095;2023;19642;2023;080114;041020;16/07/2023;21/07/2023;062;388;M;0;0;5;NA;002;NA;NA;76519;005;2855;041;001;110;F;08009501;31773349;76528;7742;75470;NA;NA;8908;9983;9059;NA;NA;NA;NA;NA;NA;NA;NA;OSPEDALE RIMINI;NA;NA;NA;14671
080;080095;2023;19304;2023;080114;041066;12/07/2023;14/07/2023;031;391;M;0;0;2;NA;002;NA;NA;V3000;005;3520;041;001;110;F;08009501;31773350;NA;NA;NA;NA;NA;NA;NA;NA;NA;NA;NA;NA;NA;NA;NA;NA;OSPEDALE RIMINI;NA;NA;NA;15733
080;080095;2023;18311;2023;080114;054051;03/07/2023;06/07/2023;031;391;M;0;0;3;NA;002;NA;NA;V3001;005;3660;054;001;100;M;08009501;31773351;NA;NA;NA;NA;NA;NA;NA;NA;NA;NA;NA;NA;NA;NA;NA;NA;OSPEDALE RIMINI;NA;NA;NA;15998
080;080095;2023;20639;2023;080114;041029;26/07/2023;28/07/2023;031;391;M;0;0;2;NA;002;NA;NA;V3001;005;3200;041;001;110;M;08009501;31773354;NA;NA;NA;NA;NA;NA;NA;NA;NA;NA;NA;NA;NA;NA;NA;NA;OSPEDALE RIMINI;NA;NA;NA;15164
080;080095;2023;19338;2023;080114;041065;12/07/2023;15/07/2023;031;391;M;0;0;3;NA;002;NA;NA;V3000;005;3230;041;001;110;M;08009501;31773355;NA;NA;NA;NA;NA;NA;NA;NA;NA;NA;NA;NA;NA;NA;NA;NA;OSPEDALE RIMINI;NA;NA;NA;15212
080;080095;2023;22821;2023;080114;041017;19/08/2023;23/08/2023;039;423;M;0;47;4;NA;002;NA;NA;0419;005;NA;041;001;110;F;08009501;31773356;7716;NA;NA;NA;NA;9921;9132;9052;9183;8901;897;9918;NA;NA;NA;NA;OSPEDALE RIMINI;NA;NA;NA;14894
080;080095;2023;18361;2023;080114;041017;03/07/2023;05/07/2023;031;391;M;0;0;2;NA;002;NA;NA;V3000;005;3030;041;001;110;F;08009501;31773356;NA;NA;NA;NA;NA;NA;NA;NA;NA;NA;NA;NA;NA;NA;NA;NA;OSPEDALE RIMINI;NA;NA;NA;14894
080;080095;2023;19233;2023;080114;041036;12/07/2023;15/07/2023;031;391;M;0;0;3;NA;002;NA;NA;V3000;005;3635;041;001;110;M;08009501;31773357;NA;NA;NA;NA;NA;NA;NA;NA;NA;NA;NA;NA;NA;NA;NA;NA;OSPEDALE RIMINI;NA;NA;NA;15944
080;080095;2023;18498;2023;080114;109037;05/07/2023;09/07/2023;062;390;M;0;0;4;NA;002;NA;NA;77439;005;3580;109;001;110;M;08009501;31773358;7793;78340;NA;NA;NA;9983;8901;9547;9059;NA;NA;NA;NA;NA;NA;NA;OSPEDALE RIMINI;NA;NA;NA;15838
080;080095;2023;18981;2023;080114;041019;10/07/2023;12/07/2023;062;391;M;0;0;2;NA;002;NA;NA;7661;005;3720;041;001;110;F;08009501;31773359;NA;NA;NA;NA;NA;9059;NA;NA;NA;NA;NA;NA;NA;NA;NA;NA;OSPEDALE RIMINI;NA;NA;NA;16091
080;080095;2023;18603;2023;080114;041044;05/07/2023;08/07/2023;031;391;M;0;0;3;NA;002;NA;NA;V3000;005;3570;041;001;110;F;08009501;31773362;V290;NA;NA;NA;NA;NA;NA;NA;NA;NA;NA;NA;NA;NA;NA;NA;OSPEDALE RIMINI;NA;NA;NA;15825
080;080095;2023;18515;2023;080114;041026;05/07/2023;07/07/2023;062;391;M;0;0;2;NA;002;NA;NA;7661;005;3890;041;001;110;M;08009501;31773364;NA;NA;NA;NA;NA;9059;8901;9547;8619;NA;NA;NA;NA;NA;NA;NA;OSPEDALE RIMINI;NA;NA;NA;16278
080;080095;2023;19914;2023;080114;042045;18/07/2023;21/07/2023;062;352;M;0;0;3;NA;002;NA;NA;75261;005;3300;042;001;110;M;08009501;31773366;7500;NA;NA;NA;NA;2591;8906;NA;NA;NA;NA;NA;NA;NA;NA;NA;OSPEDALE RIMINI;NA;NA;NA;15333
080;080095;2023;20534;2023;080114;041044;25/07/2023;27/07/2023;062;390;M;0;0;2;NA;002;NA;NA;76419;005;3000;041;001;110;M;08009501;31773368;NA;NA;NA;NA;NA;9059;NA;NA;NA;NA;NA;NA;NA;NA;NA;NA;OSPEDALE RIMINI;NA;NA;NA;14848
080;080095;2023;20912;2023;080114;015146;28/07/2023;30/07/2023;031;391;M;0;0;2;NA;002;NA;NA;V3000;005;3135;015;001;030;M;08009501;31773369;NA;NA;NA;NA;NA;NA;NA;NA;NA;NA;NA;NA;NA;NA;NA;NA;OSPEDALE RIMINI;NA;NA;NA;15046
080;080095;2023;17393;2023;080114;041010;23/06/2023;12/07/2023;062;387;M;0;0;19;NA;002;NA;NA;76515;005;1330;041;001;110;F;08009501;31773370;76527;76415;7793;7742;7756;3892;9915;8749;9983;9132;9635;8871;9059;NA;NA;NA;OSPEDALE RIMINI;NA;NA;NA;14350
080;080095;2023;17392;2023;080114;041010;23/06/2023;12/07/2023;062;386;M;0;0;19;NA;002;NA;NA;769;005;2060;041;001;110;F;08009501;31773371;76518;76527;7756;7793;7754;9390;3893;9918;9635;8871;9059;NA;NA;NA;NA;NA;OSPEDALE RIMINI;NA;NA;NA;14380
080;080095;2023;20320;2023;080114;041065;22/07/2023;25/07/2023;031;391;M;0;0;3;NA;002;NA;NA;V3001;005;3380;041;001;110;F;08009501;31773372;NA;NA;NA;NA;NA;NA;NA;NA;NA;NA;NA;NA;NA;NA;NA;NA;OSPEDALE RIMINI;NA;NA;NA;15488
080;080053;2023;147806;2023;080105;037021;09/08/2023;12/08/2023;031;391;M;0;0;3;NA;002;NA;NA;V3001;005;3040;037;001;080;F;08005301;31773552;NA;NA;NA;NA;NA;9547;897;NA;NA;NA;NA;NA;NA;NA;NA;NA;OSPEDALE MAGGIORE;NA;NA;NA;7643
080;080095;2023;20808;2023;080114;999404;27/07/2023;30/07/2023;039;098;M;0;148;3;NA;002;NA;NA;46619;005;NA;999;001;404;M;08009501;31773760;NA;NA;NA;NA;NA;9394;8903;897;NA;NA;NA;NA;NA;NA;NA;NA;OSPEDALE RIMINI;NA;NA;NA;0
080;080909;2023;15412;2023;080909;029012;12/08/2023;21/08/2023;073;390;M;0;0;9;NA;002;NA;NA;7706;005;3645;029;001;050;M;080909;31773815;76529;7609;7686;NA;NA;9390;9053;9093;9032;8871;9059;8875;9501;9546;9541;NA;AOSPU ARCISPEDALE S.ANNA - FE;NA;NA;NA;25750
080;080031;2023;6711;2023;080104;020065;14/08/2023;16/08/2023;031;389;M;0;0;2;NA;002;NA;NA;7756;005;3670;020;001;030;F;08003104;31774120;7750;NA;NA;NA;NA;8966;9547;897;NA;NA;NA;NA;NA;NA;NA;NA;OSPEDALE CARPI;NA;NA;NA;5910
080;080909;2023;14137;2023;080909;029033;25/07/2023;29/07/2023;031;391;M;0;0;4;NA;002;NA;NA;V3001;005;3085;029;001;050;F;080909;31774952;V3101;7630;NA;NA;NA;9541;9501;9059;8959;NA;NA;NA;NA;NA;NA;NA;AOSPU ARCISPEDALE S.ANNA - FE;NA;NA;NA;24975
080;080053;2023;175690;2023;080105;037005;23/09/2023;26/09/2023;039;422;M;0;39;3;NA;002;NA;NA;0793;005;NA;037;001;080;F;08005301;31775158;NA;NA;NA;NA;NA;9921;9918;897;8901;NA;NA;NA;NA;NA;NA;NA;OSPEDALE MAGGIORE;NA;NA;NA;0
080;080053;2023;152978;2023;080105;037005;18/08/2023;19/08/2023;039;389;M;0;3;1;NA;002;NA;NA;7756;005;NA;037;001;080;F;08005307;31775158;7793;NA;NA;NA;NA;897;NA;NA;NA;NA;NA;NA;NA;NA;NA;NA;OSPEDALE BENTIVOGLIO;NA;NA;NA;0
080;080053;2023;151220;2023;080105;037005;15/08/2023;17/08/2023;031;391;M;0;0;2;NA;002;NA;NA;V3000;005;3390;037;001;080;F;08005307;31775158;NA;NA;NA;NA;NA;897;NA;NA;NA;NA;NA;NA;NA;NA;NA;NA;OSPEDALE BENTIVOGLIO;NA;NA;NA;0
080;080909;2023;15530;2023;080909;029033;15/08/2023;15/08/2023;039;467;M;0;21;1;NA;002;NA;NA;V604;005;NA;029;001;050;F;080909;31775160;NA;NA;NA;NA;NA;NA;NA;NA;NA;NA;NA;NA;NA;NA;NA;NA;AOSPU ARCISPEDALE S.ANNA - FE;NA;NA;NA;25451
080;080909;2023;14138;2023;080909;029033;25/07/2023;29/07/2023;031;391;M;0;0;4;NA;002;NA;NA;V3001;005;3410;029;001;050;F;080909;31775160;7630;V3101;NA;NA;NA;9059;9541;9501;8959;NA;NA;NA;NA;NA;NA;NA;AOSPU ARCISPEDALE S.ANNA - FE;NA;NA;NA;25451
080;080091;2023;512642;2023;080114;040037;20/06/2023;11/07/2023;073;385;M;0;0;21;NA;001;NA;NA;7685;005;3166;040;001;080;M;08009101;31775663;7687;51884;5849;NA;NA;9672;9981;9915;3892;9905;9907;3893;8891;8876;9390;NA;OSPEDALE CESENA;NA;NA;NA;13236
080;080082;2023;805744;2023;080114;048031;11/07/2023;13/07/2023;031;391;M;0;0;2;NA;002;NA;NA;V3000;005;2725;048;001;090;M;080082;31775759;NA;NA;NA;NA;NA;NA;NA;NA;NA;NA;NA;NA;NA;NA;NA;NA;OSPEDALE FAENZA;NA;NA;NA;11321
080;080909;2023;13506;2023;080909;029041;16/07/2023;18/07/2023;031;390;M;0;0;2;NA;002;NA;NA;V3000;005;3195;029;001;050;M;080909;31775948;7609;NA;NA;NA;NA;9501;9541;9059;NA;NA;NA;NA;NA;NA;NA;NA;AOSPU ARCISPEDALE S.ANNA - FE;NA;NA;NA;25123
080;080095;2023;20719;2023;080114;041065;27/07/2023;29/07/2023;031;391;M;0;0;2;NA;002;NA;NA;V3000;005;3085;041;001;110;M;08009501;31776580;NA;NA;NA;NA;NA;NA;NA;NA;NA;NA;NA;NA;NA;NA;NA;NA;OSPEDALE RIMINI;NA;NA;NA;14972
080;080095;2023;20704;2023;080114;042001;26/07/2023;29/07/2023;062;391;M;0;0;3;NA;002;NA;NA;7661;005;3940;042;001;110;F;08009501;31776581;NA;NA;NA;NA;NA;9547;9059;NA;NA;NA;NA;NA;NA;NA;NA;NA;OSPEDALE RIMINI;NA;NA;NA;16328
080;080095;2023;19741;2023;080114;041065;17/07/2023;19/07/2023;031;391;M;0;0;2;NA;002;NA;NA;V3000;005;3470;041;001;110;F;08009501;31776582;NA;NA;NA;NA;NA;NA;NA;NA;NA;NA;NA;NA;NA;NA;NA;NA;OSPEDALE RIMINI;NA;NA;NA;15650
080;080095;2023;20723;2023;080114;041065;27/07/2023;29/07/2023;031;391;M;0;0;2;NA;002;NA;NA;V3000;005;3630;041;001;110;F;08009501;31776584;NA;NA;NA;NA;NA;NA;NA;NA;NA;NA;NA;NA;NA;NA;NA;NA;OSPEDALE RIMINI;NA;NA;NA;15935
080;080095;2023;19772;2023;080114;041065;17/07/2023;19/07/2023;031;391;M;0;0;2;NA;002;NA;NA;V3000;005;3870;041;001;110;M;08009501;31776585;NA;NA;NA;NA;NA;NA;NA;NA;NA;NA;NA;NA;NA;NA;NA;NA;OSPEDALE RIMINI;NA;NA;NA;16255
080;080908;2023;534943;2023;080908;065158;18/08/2023;21/08/2023;031;391;M;0;0;3;NA;002;NA;NA;V3001;005;3555;065;001;150;F;080908;31776808;NA;NA;NA;NA;NA;8903;8965;8952;8908;8903;9509;9059;897;8872;9547;8619;IRCCS AOU BOLOGNA;NA;NA;NA;23916
080;080031;2023;6826;2023;080104;020054;18/08/2023;20/08/2023;031;390;M;0;0;2;NA;002;NA;NA;V3000;005;2705;020;001;030;M;08003104;31776885;76419;NA;NA;NA;NA;8966;9546;897;NA;NA;NA;NA;NA;NA;NA;NA;OSPEDALE CARPI;NA;NA;NA;5222
080;080004;2023;16776;2023;080101;098019;18/07/2023;21/07/2023;031;391;M;0;0;3;NA;002;NA;NA;V3001;005;3000;098;001;030;F;08000401;31777202;NA;NA;NA;NA;NA;NA;NA;NA;NA;NA;NA;NA;NA;NA;NA;NA;OSPEDALE PIACENZA;NA;NA;NA;467
080;080004;2023;16003;2023;080101;098019;08/07/2023;10/07/2023;031;391;M;0;0;2;NA;002;NA;NA;V3000;005;3080;098;001;030;M;08000401;31777203;NA;NA;NA;NA;NA;NA;NA;NA;NA;NA;NA;NA;NA;NA;NA;NA;OSPEDALE PIACENZA;NA;NA;NA;573
080;080004;2023;16814;2023;080101;098010;18/07/2023;21/07/2023;062;388;M;0;0;3;NA;002;NA;NA;76519;005;2740;098;001;030;M;08000401;31777205;NA;NA;NA;NA;NA;9059;NA;NA;NA;NA;NA;NA;NA;NA;NA;NA;OSPEDALE PIACENZA;NA;NA;NA;212
080;080004;2023;17544;2023;080101;098049;27/07/2023;30/07/2023;031;391;M;0;0;3;NA;002;NA;NA;V3001;005;3910;098;001;030;F;08000401;31777210;NA;NA;NA;NA;NA;NA;NA;NA;NA;NA;NA;NA;NA;NA;NA;NA;OSPEDALE PIACENZA;NA;NA;NA;1617
080;080004;2023;15962;2023;080101;098047;07/07/2023;11/07/2023;062;389;M;0;0;4;NA;002;NA;NA;77011;005;3630;098;001;030;F;08000401;31777213;77189;NA;NA;NA;NA;8871;9921;9503;NA;NA;NA;NA;NA;NA;NA;NA;OSPEDALE PIACENZA;NA;NA;NA;1384
080;080004;2023;17135;2023;080101;098019;23/07/2023;28/07/2023;062;388;M;0;0;5;NA;002;NA;NA;76519;005;2820;098;001;030;M;08000401;31777216;NA;NA;NA;NA;NA;8871;8872;NA;NA;NA;NA;NA;NA;NA;NA;NA;OSPEDALE PIACENZA;NA;NA;NA;0
050;050505;2023;19710861;2023;050505;040008;22/02/2023;25/02/2023;031;388;M;0;0;3;2;002;NA;NA;V3000;005;2750;040;001;080;F;05050501;31782594;76528;NA;NA;NA;NA;9546;9503;8915;NA;NA;NA;NA;NA;NA;NA;NA;NON DEFINITO;NA;NA;NA;0
050;050901;2023;19715015;2023;050901;037006;15/04/2023;27/04/2023;049;541;C;0;1;12;0;001;3965;NA;77012;005;0;037;001;080;M;050901;31782599;77084;8602;NA;NA;NA;3965;3763;3965;3965;3402;3965;NA;NA;NA;NA;NA;NON DEFINITO;NA;NA;NA;0
080;080902;2023;574612;2023;080902;063049;31/07/2023;31/07/2023;049;003;C;0;163;1;0;001;0125;NA;80025;005;NA;063;001;150;M;080902;31785184;80010;8028;9584;51881;3485;0125;9904;9960;9671;9604;3893;9907;4192;8703;8838;NA;AOSPU OSPEDALI RIUNITI - PR;NA;NA;NA;0
080;080908;2023;535809;2023;080908;041067;25/08/2023;17/09/2023;006;108;C;0;64;23;13;002;3553;NA;7454;005;NA;041;001;110;M;080908;31785496;5849;27651;0091;NA;NA;3553;3963;3961;8744;8872;8961;8962;8965;9921;9671;9929;IRCCS AOU BOLOGNA;NA;NA;NA;0
080;080908;2023;535892;2023;080908;108006;27/08/2023;31/08/2023;039;003;C;0;104;4;0;002;0159;NA;3314;005;NA;108;001;030;M;080908;31785814;NA;NA;NA;NA;NA;0159;022;8891;8904;8906;897;9059;8891;NA;NA;NA;IRCCS AOU BOLOGNA;NA;NA;NA;0
080;080153;2023;777536;2023;080105;108006;06/11/2023;08/11/2023;076;035;M;0;175;2;NA;002;NA;NA;3480;005;NA;108;001;030;M;080153;31785814;NA;NA;NA;NA;NA;8891;8952;9918;897;NA;NA;NA;NA;NA;NA;NA;IRCCS SCIENZE NEUROLOGICHE BO;NA;NA;NA;0
080;080904;2023;24841;2023;080904;036023;28/08/2023;31/08/2023;031;396;M;0;0;3;NA;002;NA;NA;2827;005;3360;036;001;080;M;08090401;31786291;V3001;NA;NA;NA;NA;NA;NA;NA;NA;NA;NA;NA;NA;NA;NA;NA;AOSPU POLICLINICO - MO;NA;NA;NA;21092
080;080021;2023;530173;2023;080103;999404;25/07/2023;27/07/2023;039;298;M;0;307;2;NA;002;NA;NA;27651;005;NA;999;001;404;M;08002106;31786339;0413;07999;7590;4658;5990;9918;9133;8903;8876;9039;NA;NA;NA;NA;NA;NA;OSPEDALE S.MARIA NUOVA - RE;NA;NA;NA;0
080;080908;2023;530653;2023;080908;999235;13/07/2023;18/07/2023;011;184;M;0;216;5;NA;002;NA;NA;5589;005;NA;999;001;235;F;080908;31786344;7515;NA;NA;NA;NA;3893;3893;897;8904;9053;9918;NA;NA;NA;NA;NA;IRCCS AOU BOLOGNA;NA;NA;NA;0
080;080908;2022;552532;2023;080908;999235;09/12/2022;03/07/2023;011;386;M;0;0;206;NA;002;NA;NA;769;005;954;999;001;235;F;080908;31786344;7775;V552;99859;5185;56962;9671;4562;4621;4719;4651;9390;9915;9671;9789;9918;9921;IRCCS AOU BOLOGNA;NA;NA;NA;0
080;080908;2023;535686;2023;080908;999235;24/08/2023;04/09/2023;039;298;M;0;258;11;NA;002;NA;NA;78342;005;NA;999;001;235;F;080908;31786344;3159;76514;V1279;NA;NA;9059;9939;8906;9059;897;9032;8907;NA;NA;NA;NA;IRCCS AOU BOLOGNA;NA;NA;NA;0
080;080908;2024;506839;2024;080908;999404;09/02/2024;09/02/2024;011;186;M;0;254;1;NA;002;NA;NA;7500;005;NA;999;002;404;M;080908;31786412;NA;NA;NA;NA;NA;8904;2591;897;8904;NA;NA;NA;NA;NA;NA;NA;IRCCS AOU BOLOGNA;NA;NA;NA;0
080;080902;2023;575619;2023;080902;019021;12/08/2023;14/08/2023;031;390;M;0;0;2;NA;002;NA;NA;V3000;005;3125;019;001;030;M;080902;31786867;7706;75500;NA;NA;NA;8828;897;8903;8939;9307;9546;NA;NA;NA;NA;NA;AOSPU OSPEDALI RIUNITI - PR;NA;NA;NA;18420
080;080902;2023;575734;2023;080902;019021;15/08/2023;16/08/2023;062;391;M;0;3;1;NA;002;NA;NA;77439;005;NA;019;001;030;M;080902;31786867;NA;NA;NA;NA;NA;9983;3899;9307;8903;8939;897;NA;NA;NA;NA;NA;AOSPU OSPEDALI RIUNITI - PR;NA;NA;NA;18420
080;080021;2023;529837;2023;080103;020039;23/07/2023;25/07/2023;031;391;M;0;0;2;NA;002;NA;NA;V3000;005;3454;020;001;030;F;08002106;31787161;NA;NA;NA;NA;NA;8903;NA;NA;NA;NA;NA;NA;NA;NA;NA;NA;OSPEDALE S.MARIA NUOVA - RE;NA;NA;NA;4243
080;080091;2023;514502;2023;080114;017102;16/07/2023;18/07/2023;031;391;M;0;0;2;NA;002;NA;NA;V3000;005;3180;017;001;030;F;08009101;31787280;NA;NA;NA;NA;NA;NA;NA;NA;NA;NA;NA;NA;NA;NA;NA;NA;OSPEDALE CESENA;NA;NA;NA;13253
080;080004;2023;15937;2023;080101;999243;07/07/2023;10/07/2023;031;391;M;0;0;3;NA;002;NA;NA;V3000;005;2780;999;001;243;M;08000401;31788689;NA;NA;NA;NA;NA;8871;9503;NA;NA;NA;NA;NA;NA;NA;NA;NA;OSPEDALE PIACENZA;NA;NA;NA;238
080;080021;2023;527091;2023;080103;999404;03/07/2023;05/07/2023;031;391;M;0;0;2;NA;003;NA;NA;76409;005;2680;999;001;404;F;08002106;31788692;NA;NA;NA;NA;NA;8871;8872;NA;NA;NA;NA;NA;NA;NA;NA;NA;OSPEDALE S.MARIA NUOVA - RE;NA;NA;NA;2834
080;080021;2023;530399;2023;080103;999254;27/07/2023;29/07/2023;031;391;M;0;0;2;NA;002;NA;NA;V3000;005;2835;999;001;254;M;08002106;31788693;NA;NA;NA;NA;NA;8903;NA;NA;NA;NA;NA;NA;NA;NA;NA;NA;OSPEDALE S.MARIA NUOVA - RE;NA;NA;NA;2991
080;080908;2023;530896;2023;080908;999235;16/07/2023;18/07/2023;011;190;M;0;219;2;NA;002;NA;NA;56981;005;NA;999;001;235;M;080908;31788698;7515;NA;NA;NA;NA;8904;897;8904;NA;NA;NA;NA;NA;NA;NA;NA;IRCCS AOU BOLOGNA;NA;NA;NA;0
080;080908;2022;552529;2023;080908;999235;09/12/2022;03/07/2023;011;386;M;0;0;206;NA;002;NA;NA;769;005;1003;999;001;235;M;080908;31788698;5185;7775;99859;99889;V554;3892;4719;5411;4621;4611;4549;4534;4621;4590;4651;4674;IRCCS AOU BOLOGNA;NA;NA;NA;0
080;080908;2023;535679;2023;080908;999235;24/08/2023;04/09/2023;039;446;M;0;258;11;NA;002;NA;NA;95901;005;NA;999;001;235;M;080908;31788698;78342;3159;76514;9986;V1279;9939;8876;8871;8891;8894;8907;9939;9059;NA;NA;NA;IRCCS AOU BOLOGNA;NA;NA;NA;0
080;080908;2023;532653;2023;080908;999608;28/07/2023;30/07/2023;031;391;M;0;0;2;NA;002;NA;NA;V3000;005;3745;999;001;608;M;080908;31788699;NA;NA;NA;NA;NA;8903;8619;9059;8965;897;8903;NA;NA;NA;NA;NA;IRCCS AOU BOLOGNA;NA;NA;NA;24173
080;080902;2023;62395;2023;080902;999460;19/07/2023;21/07/2023;039;572;M;0;230;2;NA;002;NA;NA;0030;005;NA;999;001;460;M;080902;31788719;NA;NA;NA;NA;NA;8876;9099;9092;9039;9139;8961;9918;8903;897;8939;8929;AOSPU OSPEDALI RIUNITI - PR;NA;NA;NA;0
080;080908;2023;536569;2023;080908;058091;31/08/2023;28/09/2023;006;110;C;0;0;28;19;002;3885;NA;74511;005;2845;058;001;120;M;080908;31788931;7746;7455;99889;NA;NA;3885;8744;8961;8952;8954;9921;8872;NA;NA;NA;NA;IRCCS AOU BOLOGNA;NA;NA;NA;22706
080;080908;2024;504982;2024;080908;058091;30/01/2024;07/02/2024;006;108;C;0;152;8;1;002;3562;NA;74511;005;NA;058;001;120;M;080908;31788931;V151;NA;NA;NA;NA;3562;3999;3961;3962;3963;8872;8954;8961;8962;NA;NA;IRCCS AOU BOLOGNA;NA;NA;NA;22706
090;090604;2023;19778182;2023;090202;034049;06/05/2023;08/05/2023;031;391;M;0;0;2;2;002;NA;NA;V3000;005;3500;034;001;080;M;090604;31789372;NA;NA;NA;NA;NA;9543;1621;8959;8902;NA;NA;NA;NA;NA;NA;NA;NON DEFINITO;NA;NA;NA;0
090;090903;2023;19779042;2023;090903;038008;14/01/2023;17/01/2023;031;391;M;0;0;3;2;002;NA;NA;V3000;005;3830;038;001;080;M;090903;31789373;NA;NA;NA;NA;NA;9543;8959;1621;NA;NA;NA;NA;NA;NA;NA;NA;NON DEFINITO;NA;NA;NA;0
080;080902;2024;550085;2024;080902;020024;13/03/2024;20/03/2024;010;052;C;0;219;7;1;002;2762;NA;74900;005;NA;020;001;030;M;080902;31789675;2861;2869;NA;NA;NA;2762;3891;8961;9671;8952;9906;NA;NA;NA;NA;NA;AOSPU OSPEDALI RIUNITI - PR;NA;NA;NA;0
080;080095;2023;17871;2023;080114;041044;28/06/2023;13/08/2023;062;386;M;0;0;46;NA;002;NA;NA;769;005;1500;041;001;110;F;08009501;31790202;76525;76414;7742;22801;NA;9390;9059;8871;9915;3892;9391;8872;9983;NA;NA;NA;OSPEDALE RIMINI;NA;NA;NA;0
080;080095;2023;15942;2023;080114;041013;09/06/2023;27/08/2023;062;386;M;0;0;79;NA;002;NA;NA;769;005;700;041;001;110;M;08009501;31790216;76513;7742;7756;7455;7707;9604;8965;3892;9915;9983;8744;8871;8872;NA;NA;NA;OSPEDALE RIMINI;NA;NA;NA;14343
080;080095;2023;15944;2023;080114;041013;09/06/2023;27/08/2023;062;386;M;0;0;79;NA;002;NA;NA;769;005;1200;041;001;110;F;08009501;31790220;76515;7742;7455;7756;53081;9604;8965;3892;9915;9983;8871;8872;NA;NA;NA;NA;OSPEDALE RIMINI;NA;NA;NA;0
080;080095;2023;21752;2023;080114;021008;07/08/2023;10/08/2023;031;391;M;0;0;3;NA;002;NA;NA;V3001;005;3060;021;001;041;F;08009501;31790279;NA;NA;NA;NA;NA;NA;NA;NA;NA;NA;NA;NA;NA;NA;NA;NA;OSPEDALE RIMINI;NA;NA;NA;14943
080;080095;2023;15941;2023;080114;041013;09/06/2023;27/08/2023;062;386;M;0;0;79;NA;002;NA;NA;769;005;1000;041;001;110;M;08009501;31790334;76516;7742;7756;7455;53081;9604;8965;9915;9983;8871;8872;NA;NA;NA;NA;NA;OSPEDALE RIMINI;NA;NA;NA;0
080;080902;2023;68172;2023;080902;015146;07/08/2023;10/08/2023;039;422;M;0;125;3;NA;002;NA;NA;04321;005;NA;015;001;030;M;080902;31790414;4659;NA;NA;NA;NA;9039;8952;9918;3894;8903;897;3899;8939;NA;NA;NA;AOSPU OSPEDALI RIUNITI - PR;NA;NA;NA;0
080;080902;2023;572822;2023;080902;019116;10/07/2023;14/07/2023;062;391;M;0;0;4;NA;002;NA;NA;77439;005;3760;019;001;030;M;080902;31790711;NA;NA;NA;NA;NA;9983;8939;9546;9307;897;8903;NA;NA;NA;NA;NA;AOSPU OSPEDALI RIUNITI - PR;NA;NA;NA;19293
080;080004;2023;18381;2023;080101;098035;09/08/2023;11/08/2023;031;391;M;0;0;2;NA;002;NA;NA;V3000;005;3340;098;001;030;F;08000401;31790856;NA;NA;NA;NA;NA;NA;NA;NA;NA;NA;NA;NA;NA;NA;NA;NA;OSPEDALE PIACENZA;NA;NA;NA;987
080;080902;2023;575465;2023;080902;019021;10/08/2023;12/08/2023;031;391;M;0;0;2;NA;002;NA;NA;V3000;005;3240;019;001;030;M;080902;31790880;NA;NA;NA;NA;NA;9307;8903;897;9546;NA;NA;NA;NA;NA;NA;NA;AOSPU OSPEDALI RIUNITI - PR;NA;NA;NA;18581
080;080908;2023;534200;2023;080908;999344;10/08/2023;13/08/2023;062;390;M;0;9;3;NA;002;NA;NA;7746;005;NA;999;001;344;M;080908;31790888;78341;NA;NA;NA;NA;897;3899;897;8901;9983;9059;NA;NA;NA;NA;NA;IRCCS AOU BOLOGNA;NA;NA;NA;22768
080;080908;2023;533204;2023;080908;999344;01/08/2023;04/08/2023;031;390;M;0;0;3;NA;002;NA;NA;V3000;005;2900;999;001;344;M;080908;31790888;7731;7730;NA;NA;NA;8903;8965;8903;9509;9059;897;9547;8619;NA;NA;NA;IRCCS AOU BOLOGNA;NA;NA;NA;22768
080;080095;2023;23356;2023;080114;042045;25/08/2023;28/08/2023;031;391;M;0;0;3;NA;002;NA;NA;V3000;005;2980;042;001;110;M;08009501;31791005;NA;NA;NA;NA;NA;NA;NA;NA;NA;NA;NA;NA;NA;NA;NA;NA;OSPEDALE RIMINI;NA;NA;NA;14816
080;080902;2023;573893;2023;080902;999404;21/07/2023;03/08/2023;031;391;M;0;0;13;NA;002;NA;NA;V3000;005;3480;999;001;404;M;080902;31791374;NA;NA;NA;NA;NA;8952;8903;9546;9307;8939;897;NA;NA;NA;NA;NA;AOSPU OSPEDALI RIUNITI - PR;NA;NA;NA;0
080;080004;2024;12151;2024;080101;071029;20/05/2024;23/05/2024;039;074;M;0;313;3;NA;002;NA;NA;38910;005;NA;071;001;160;M;08000401;31791891;NA;NA;NA;NA;NA;8891;8875;9541;8952;8872;NA;NA;NA;NA;NA;NA;OSPEDALE PIACENZA;NA;NA;NA;0
080;080096;2023;8081;2023;080104;036040;29/08/2023;08/09/2023;039;391;M;0;0;10;NA;002;NA;NA;V3000;005;3500;036;001;080;M;080096;31791963;NA;NA;NA;NA;NA;9547;NA;NA;NA;NA;NA;NA;NA;NA;NA;NA;OSPEDALE CIVILE DI SASSUOLO S.P.A.;NA;NA;NA;0
080;080072;2023;16711;2023;080114;015146;04/08/2023;06/08/2023;073;184;M;0;37;2;NA;002;NA;NA;53081;005;NA;015;001;030;F;080072;31792329;78603;NA;NA;NA;NA;3899;8871;8744;8914;8872;NA;NA;NA;NA;NA;NA;OSPEDALE RAVENNA;NA;NA;NA;0
080;080072;2023;17867;2023;080114;001272;20/08/2023;23/08/2023;039;422;M;0;69;3;NA;002;NA;NA;7806;005;NA;001;001;010;M;080072;31792761;07999;NA;NA;NA;NA;9921;9052;9133;3899;8903;9059;897;NA;NA;NA;NA;OSPEDALE RAVENNA;NA;NA;NA;0
080;080091;2023;516429;2023;080114;015189;12/08/2023;13/08/2023;039;298;M;0;243;1;NA;002;NA;NA;27651;005;NA;015;001;030;M;08009101;31793051;NA;NA;NA;NA;NA;9918;8959;897;9009;8903;NA;NA;NA;NA;NA;NA;OSPEDALE CESENA;NA;NA;NA;0
080;080072;2023;17847;2023;080114;026006;20/08/2023;22/08/2023;039;070;M;0;116;2;NA;002;NA;NA;4658;005;NA;026;001;050;M;080072;31793791;2883;NA;NA;NA;NA;9394;9049;8903;9093;9059;897;NA;NA;NA;NA;NA;OSPEDALE RAVENNA;NA;NA;NA;0
080;080902;2023;575638;2023;080902;034027;13/08/2023;15/08/2023;031;390;M;0;0;2;NA;002;NA;NA;V3000;005;3425;034;001;080;M;080902;31795170;7602;NA;NA;NA;NA;9914;9959;8903;8939;897;9307;9546;NA;NA;NA;NA;AOSPU OSPEDALI RIUNITI - PR;NA;NA;NA;18873
080;080909;2023;16896;2023;080909;029033;05/09/2023;08/09/2023;073;391;M;0;0;3;NA;002;NA;NA;7746;005;3125;029;001;050;M;080909;31797048;76529;NA;NA;NA;NA;9501;9093;8968;8959;9983;9541;9059;NA;NA;NA;NA;AOSPU ARCISPEDALE S.ANNA - FE;NA;NA;NA;25036
080;080908;2023;537176;2023;080908;025016;06/09/2023;10/09/2023;062;389;M;0;0;4;NA;002;NA;NA;77084;005;3590;025;001;050;F;080908;31797079;77984;7633;NA;NA;NA;8871;9053;3893;9390;897;8901;9396;3899;8872;8871;NA;IRCCS AOU BOLOGNA;NA;NA;NA;23967
080;080021;2023;535144;2023;080103;081021;04/09/2023;06/09/2023;033;035;M;0;264;2;NA;002;NA;NA;79409;005;NA;081;001;190;F;08002106;31797500;7560;V8271;NA;NA;NA;8891;8703;8903;8914;8939;NA;NA;NA;NA;NA;NA;OSPEDALE S.MARIA NUOVA - RE;NA;NA;NA;0
080;080031;2023;7349;2023;080104;020066;06/09/2023;09/09/2023;031;391;M;0;0;3;NA;002;NA;NA;V3000;005;3570;020;001;030;F;08003104;31797638;NA;NA;NA;NA;NA;897;9542;8965;NA;NA;NA;NA;NA;NA;NA;NA;OSPEDALE CARPI;NA;NA;NA;5832
080;080095;2023;23201;2023;080114;041065;23/08/2023;26/08/2023;031;391;M;0;0;3;NA;002;NA;NA;V3000;005;3420;041;001;110;F;08009501;31798001;NA;NA;NA;NA;NA;NA;NA;NA;NA;NA;NA;NA;NA;NA;NA;NA;OSPEDALE RIMINI;NA;NA;NA;0
080;080031;2023;7393;2023;080104;020035;07/09/2023;10/09/2023;031;391;M;0;0;3;NA;002;NA;NA;V3000;005;3515;020;001;030;M;08003104;31799415;NA;NA;NA;NA;NA;8965;9542;897;NA;NA;NA;NA;NA;NA;NA;NA;OSPEDALE CARPI;NA;NA;NA;5792
080;080021;2023;532185;2023;080103;023051;10/08/2023;13/08/2023;031;391;M;0;0;3;NA;002;NA;NA;V3001;005;3954;023;001;050;M;08002106;31802994;NA;NA;NA;NA;NA;8903;NA;NA;NA;NA;NA;NA;NA;NA;NA;NA;OSPEDALE S.MARIA NUOVA - RE;NA;NA;NA;4964
080;080909;2023;17381;2023;080909;038008;12/09/2023;15/09/2023;031;390;M;0;0;3;NA;002;NA;NA;V3001;005;3220;038;001;080;M;080909;31804539;7609;NA;NA;NA;NA;3898;9541;9501;9059;8959;NA;NA;NA;NA;NA;NA;AOSPU ARCISPEDALE S.ANNA - FE;NA;NA;NA;25156
080;080909;2023;23404;2023;080909;038008;08/12/2023;13/12/2023;039;087;M;0;87;5;NA;002;NA;NA;51881;005;NA;038;001;080;M;080909;31804539;46611;NA;NA;NA;NA;8903;9382;8959;9032;9099;NA;NA;NA;NA;NA;NA;AOSPU ARCISPEDALE S.ANNA - FE;NA;NA;NA;25156
080;080072;2023;18269;2023;080114;048052;26/08/2023;29/08/2023;031;391;M;0;0;3;NA;002;NA;NA;V3000;005;3430;048;001;090;F;080072;31805810;NA;NA;NA;NA;NA;NA;NA;NA;NA;NA;NA;NA;NA;NA;NA;NA;OSPEDALE RAVENNA;NA;NA;NA;10761
080;080902;2023;566557;2023;080902;020066;05/05/2023;09/05/2023;062;391;M;0;0;4;NA;002;NA;NA;7686;005;3255;020;001;030;M;080902;31805822;NA;NA;NA;NA;NA;8914;8872;8871;9396;9053;3898;8965;9546;NA;NA;NA;AOSPU OSPEDALI RIUNITI - PR;NA;NA;NA;0
080;080902;2023;67666;2023;080902;006051;06/08/2023;08/08/2023;039;184;M;0;341;2;NA;002;NA;NA;00867;005;NA;006;001;010;F;080902;31805976;7806;78703;NA;NA;NA;9033;9039;9093;9099;9918;8903;8939;3899;3894;NA;NA;AOSPU OSPEDALI RIUNITI - PR;NA;NA;NA;0
080;080902;2023;574272;2023;080902;034027;27/07/2023;31/07/2023;062;389;M;0;0;4;NA;002;NA;NA;76418;005;2370;034;001;080;F;080902;31806015;7722;NA;NA;NA;NA;8871;9003;9005;8939;9307;8903;9546;897;NA;NA;NA;AOSPU OSPEDALI RIUNITI - PR;NA;NA;NA;17880
080;080902;2023;72597;2023;080902;034027;24/08/2023;31/08/2023;062;390;M;0;28;7;NA;002;NA;NA;7793;005;NA;034;001;080;F;080902;31806015;00869;NA;NA;NA;NA;8952;9033;8903;8966;9115;9092;9093;9032;9133;9053;3899;AOSPU OSPEDALI RIUNITI - PR;NA;NA;NA;17880
080;080909;2023;7284;2023;080909;037024;14/04/2023;16/04/2023;073;389;M;0;0;2;NA;007;NA;NA;77012;005;2500;037;001;080;M;080909;31807213;4168;7702;7687;76529;NA;5794;9981;9904;9907;9604;9921;3891;8872;8871;9671;NA;AOSPU ARCISPEDALE S.ANNA - FE;NA;NA;NA;0
080;080013;2023;8857;2023;080102;065095;03/08/2023;06/08/2023;031;391;M;0;0;3;NA;002;NA;NA;V3000;005;3270;065;001;150;M;08001301;31807605;NA;NA;NA;NA;NA;8965;9546;8905;897;9307;NA;NA;NA;NA;NA;NA;OSPEDALE FIDENZA;NA;NA;NA;2084
080;080021;2023;532806;2023;080103;020066;16/08/2023;19/08/2023;031;391;M;0;0;3;NA;002;NA;NA;V3000;005;3000;020;001;030;F;08002106;31807765;NA;NA;NA;NA;NA;8903;NA;NA;NA;NA;NA;NA;NA;NA;NA;NA;OSPEDALE S.MARIA NUOVA - RE;NA;NA;NA;0
080;080021;2023;552798;2023;080103;035017;27/12/2023;30/12/2023;039;087;M;0;121;3;NA;002;NA;NA;51881;005;NA;035;001;080;M;08002106;31807766;46619;78607;4658;07999;V462;9396;9394;8903;9039;9099;9653;NA;NA;NA;NA;NA;OSPEDALE S.MARIA NUOVA - RE;NA;NA;NA;2823
080;080021;2023;534276;2023;080103;035017;28/08/2023;31/08/2023;031;391;M;0;0;3;NA;002;NA;NA;V3001;005;2670;035;001;080;M;08002106;31807766;NA;NA;NA;NA;NA;8903;NA;NA;NA;NA;NA;NA;NA;NA;NA;NA;OSPEDALE S.MARIA NUOVA - RE;NA;NA;NA;2823
080;080902;2024;22121;2024;080902;035017;11/03/2024;14/03/2024;039;098;M;0;196;3;NA;002;NA;NA;46611;005;NA;035;001;080;M;080902;31807766;NA;NA;NA;NA;NA;9396;9394;9929;8903;897;8939;9039;9033;NA;NA;NA;AOSPU OSPEDALI RIUNITI - PR;NA;NA;NA;2823
080;080085;2023;15354;2023;080114;044014;10/08/2023;12/08/2023;031;391;M;0;0;2;NA;002;NA;NA;V3000;005;3420;044;001;110;M;08008501;31807790;NA;NA;NA;NA;NA;NA;NA;NA;NA;NA;NA;NA;NA;NA;NA;NA;OSPEDALE FORLI';NA;NA;NA;12224
080;080902;2024;550121;2024;080902;020030;19/03/2024;26/03/2024;010;052;C;0;187;7;1;002;2754;NA;74910;005;NA;020;001;030;M;080902;31808201;NA;NA;NA;NA;NA;2754;NA;NA;NA;NA;NA;NA;NA;NA;NA;NA;AOSPU OSPEDALI RIUNITI - PR;NA;NA;NA;0
080;080909;2023;17764;2023;080909;029022;18/09/2023;21/09/2023;073;390;M;0;0;3;NA;002;NA;NA;7706;005;3105;029;001;050;M;080909;31808573;7609;7764;NA;NA;NA;9501;3898;9918;9390;9053;9093;8871;9541;8906;9059;NA;AOSPU ARCISPEDALE S.ANNA - FE;NA;NA;NA;25001
080;080904;2023;23166;2023;080904;020042;07/08/2023;10/08/2023;031;390;M;0;0;3;NA;002;NA;NA;7764;005;3370;020;001;030;M;08090401;31808782;NA;NA;NA;NA;NA;NA;NA;NA;NA;NA;NA;NA;NA;NA;NA;NA;AOSPU POLICLINICO - MO;NA;NA;NA;21109
080;080095;2023;21138;2023;080114;041013;31/07/2023;03/08/2023;031;391;M;0;0;3;NA;002;NA;NA;V3000;005;3300;041;001;110;F;08009501;31808824;NA;NA;NA;NA;NA;NA;NA;NA;NA;NA;NA;NA;NA;NA;NA;NA;OSPEDALE RIMINI;NA;NA;NA;0
080;080095;2023;21569;2023;080114;041026;04/08/2023;06/08/2023;031;391;M;0;0;2;NA;002;NA;NA;V3000;005;3460;041;001;110;M;08009501;31808870;NA;NA;NA;NA;NA;NA;NA;NA;NA;NA;NA;NA;NA;NA;NA;NA;OSPEDALE RIMINI;NA;NA;NA;15638
080;080095;2023;22818;2023;080114;041044;19/08/2023;24/08/2023;062;387;M;0;0;5;NA;002;NA;NA;7706;005;2540;041;001;110;M;08009501;31808920;76518;7454;NA;NA;NA;9391;9059;8952;8876;8872;NA;NA;NA;NA;NA;NA;OSPEDALE RIMINI;NA;NA;NA;14473
080;080095;2023;23311;2023;080114;041020;25/08/2023;27/08/2023;062;390;M;0;0;2;NA;002;NA;NA;76419;005;3015;041;001;110;M;08009501;31809146;NA;NA;NA;NA;NA;NA;NA;NA;NA;NA;NA;NA;NA;NA;NA;NA;OSPEDALE RIMINI;NA;NA;NA;14869
080;080095;2023;23251;2023;080114;042021;24/08/2023;26/08/2023;062;391;M;0;0;2;NA;002;NA;NA;7661;005;3990;042;001;110;F;08009501;31809260;NA;NA;NA;NA;NA;9059;8901;8619;NA;NA;NA;NA;NA;NA;NA;NA;OSPEDALE RIMINI;NA;NA;NA;16366
080;080095;2023;23212;2023;080114;041020;23/08/2023;25/08/2023;031;391;M;0;0;2;NA;002;NA;NA;V3000;005;3200;041;001;110;M;08009501;31809368;NA;NA;NA;NA;NA;NA;NA;NA;NA;NA;NA;NA;NA;NA;NA;NA;OSPEDALE RIMINI;NA;NA;NA;15167
080;080095;2023;22463;2023;080114;041020;15/08/2023;21/08/2023;031;391;M;0;0;6;NA;002;NA;NA;V3001;005;3450;041;001;110;F;08009501;31809414;NA;NA;NA;NA;NA;NA;NA;NA;NA;NA;NA;NA;NA;NA;NA;NA;OSPEDALE RIMINI;NA;NA;NA;15618
080;080095;2023;22877;2023;080114;041020;20/08/2023;22/08/2023;031;391;M;0;0;2;NA;002;NA;NA;V3000;005;2970;041;001;110;F;08009501;31809538;NA;NA;NA;NA;NA;NA;NA;NA;NA;NA;NA;NA;NA;NA;NA;NA;OSPEDALE RIMINI;NA;NA;NA;14801
080;080095;2023;22613;2023;080114;041065;17/08/2023;20/08/2023;062;390;M;0;0;3;NA;002;NA;NA;76419;005;2800;041;001;110;F;08009501;31809611;NA;NA;NA;NA;NA;9059;NA;NA;NA;NA;NA;NA;NA;NA;NA;NA;OSPEDALE RIMINI;NA;NA;NA;14629
080;080095;2023;21145;2023;080114;042002;01/08/2023;03/08/2023;031;391;M;0;0;2;NA;002;NA;NA;V3000;005;3490;042;001;110;M;08009501;31809624;NA;NA;NA;NA;NA;NA;NA;NA;NA;NA;NA;NA;NA;NA;NA;NA;OSPEDALE RIMINI;NA;NA;NA;15685
080;080095;2023;22866;2023;080114;041026;20/08/2023;31/08/2023;031;391;M;0;0;11;NA;002;NA;NA;V3001;005;3500;041;001;110;M;08009501;31809671;NA;NA;NA;NA;NA;NA;NA;NA;NA;NA;NA;NA;NA;NA;NA;NA;OSPEDALE RIMINI;NA;NA;NA;0
080;080095;2023;25763;2023;080114;041015;19/09/2023;22/09/2023;011;156;C;0;37;3;1;002;433;NA;7505;005;NA;041;001;110;F;08009501;31809788;NA;NA;NA;NA;NA;433;NA;NA;NA;NA;NA;NA;NA;NA;NA;NA;OSPEDALE RIMINI;NA;NA;NA;14477
080;080095;2023;22273;2023;080114;041015;13/08/2023;15/08/2023;062;390;M;0;0;2;NA;002;NA;NA;76419;005;2555;041;001;110;F;08009501;31809788;NA;NA;NA;NA;NA;8871;9059;8901;NA;NA;NA;NA;NA;NA;NA;NA;OSPEDALE RIMINI;NA;NA;NA;14477
080;080095;2023;23576;2023;080114;041013;28/08/2023;30/08/2023;062;390;M;0;0;2;NA;002;NA;NA;7706;005;3800;041;001;110;F;08009501;31809913;7672;NA;NA;NA;NA;9390;8965;8743;9059;NA;NA;NA;NA;NA;NA;NA;OSPEDALE RIMINI;NA;NA;NA;0
080;080095;2023;21738;2023;080114;041044;07/08/2023;10/08/2023;031;391;M;0;0;3;NA;002;NA;NA;V3001;005;3380;041;001;110;F;08009501;31809935;NA;NA;NA;NA;NA;NA;NA;NA;NA;NA;NA;NA;NA;NA;NA;NA;OSPEDALE RIMINI;NA;NA;NA;15490
080;080095;2023;23363;2023;080114;017062;25/08/2023;05/09/2023;073;385;M;0;78;11;NA;006;NA;NA;769;005;NA;017;001;030;M;08009501;31809974;7790;04311;32721;2809;NA;9605;3893;9672;8871;9929;9059;8891;9903;NA;NA;NA;OSPEDALE RIMINI;NA;NA;NA;0
080;080095;2023;21960;2023;080114;041026;09/08/2023;12/08/2023;031;391;M;0;0;3;NA;002;NA;NA;V3001;005;3980;041;001;110;M;08009501;31810270;NA;NA;NA;NA;NA;NA;NA;NA;NA;NA;NA;NA;NA;NA;NA;NA;OSPEDALE RIMINI;NA;NA;NA;16359
080;080095;2023;20123;2023;080114;041013;20/07/2023;22/07/2023;031;391;M;0;0;2;NA;002;NA;NA;V3000;005;3100;041;001;110;F;08009501;31810319;NA;NA;NA;NA;NA;NA;NA;NA;NA;NA;NA;NA;NA;NA;NA;NA;OSPEDALE RIMINI;NA;NA;NA;14999
080;080095;2023;21153;2023;080114;041013;01/08/2023;03/08/2023;031;390;M;0;0;2;NA;002;NA;NA;76419;005;3005;041;001;110;M;08009501;31810378;NA;NA;NA;NA;NA;8901;9547;8619;9059;NA;NA;NA;NA;NA;NA;NA;OSPEDALE RIMINI;NA;NA;NA;14859
080;080095;2023;21915;2023;080114;108028;09/08/2023;10/08/2023;039;464;M;0;98;1;NA;002;NA;NA;7904;005;NA;108;001;030;F;08009501;31810382;V290;NA;NA;NA;NA;9059;NA;NA;NA;NA;NA;NA;NA;NA;NA;NA;OSPEDALE RIMINI;NA;NA;NA;0
080;080095;2023;21862;2023;080114;041044;08/08/2023;10/08/2023;031;391;M;0;0;2;NA;002;NA;NA;V3000;005;3810;041;001;110;F;08009501;31810409;NA;NA;NA;NA;NA;NA;NA;NA;NA;NA;NA;NA;NA;NA;NA;NA;OSPEDALE RIMINI;NA;NA;NA;16194
080;080095;2023;23475;2023;080114;098031;27/08/2023;29/08/2023;031;391;M;0;0;2;NA;002;NA;NA;V3000;005;3015;098;001;030;F;08009501;31810463;NA;NA;NA;NA;NA;NA;NA;NA;NA;NA;NA;NA;NA;NA;NA;NA;OSPEDALE RIMINI;NA;NA;NA;14870
080;080095;2024;14247;2024;080114;041047;18/05/2024;21/05/2024;039;423;M;0;286;3;NA;002;NA;NA;0419;005;NA;041;001;110;F;08009501;31810475;27651;NA;NA;NA;NA;9929;897;8875;9059;NA;NA;NA;NA;NA;NA;NA;OSPEDALE RIMINI;NA;NA;NA;15475
080;080095;2023;21691;2023;080114;041047;06/08/2023;08/08/2023;031;391;M;0;0;2;NA;002;NA;NA;V3000;005;3370;041;001;110;F;08009501;31810475;NA;NA;NA;NA;NA;NA;NA;NA;NA;NA;NA;NA;NA;NA;NA;NA;OSPEDALE RIMINI;NA;NA;NA;15475
080;080095;2023;21027;2023;080114;030009;31/07/2023;02/08/2023;031;391;M;0;0;2;NA;002;NA;NA;V3000;005;2880;030;001;060;F;08009501;31810529;NA;NA;NA;NA;NA;NA;NA;NA;NA;NA;NA;NA;NA;NA;NA;NA;OSPEDALE RIMINI;NA;NA;NA;14694
080;080095;2023;23112;2023;080114;041051;23/08/2023;25/08/2023;031;391;M;0;0;2;NA;002;NA;NA;V3000;005;3400;041;001;110;F;08009501;31810531;NA;NA;NA;NA;NA;NA;NA;NA;NA;NA;NA;NA;NA;NA;NA;NA;OSPEDALE RIMINI;NA;NA;NA;0
080;080095;2023;22362;2023;080114;041068;14/08/2023;16/08/2023;031;391;M;0;0;2;NA;002;NA;NA;V3000;005;3190;041;001;110;F;08009501;31810582;NA;NA;NA;NA;NA;NA;NA;NA;NA;NA;NA;NA;NA;NA;NA;NA;OSPEDALE RIMINI;NA;NA;NA;15141
080;080095;2023;22887;2023;080114;042002;21/08/2023;25/08/2023;031;391;M;0;0;4;NA;002;NA;NA;V3000;005;2725;042;001;110;M;08009501;31810594;NA;NA;NA;NA;NA;NA;NA;NA;NA;NA;NA;NA;NA;NA;NA;NA;OSPEDALE RIMINI;NA;NA;NA;14562
080;080095;2023;22886;2023;080114;042002;21/08/2023;25/08/2023;062;388;M;0;0;4;NA;002;NA;NA;76518;005;2460;042;001;110;F;08009501;31810599;NA;NA;NA;NA;NA;8901;9547;8916;NA;NA;NA;NA;NA;NA;NA;NA;OSPEDALE RIMINI;NA;NA;NA;14451
080;080095;2023;23631;2023;080114;041044;28/08/2023;30/08/2023;031;391;M;0;0;2;NA;002;NA;NA;V3000;005;3540;041;001;110;F;08009501;31810603;NA;NA;NA;NA;NA;NA;NA;NA;NA;NA;NA;NA;NA;NA;NA;NA;OSPEDALE RIMINI;NA;NA;NA;0
080;080095;2023;21309;2023;080114;041013;02/08/2023;05/08/2023;031;391;M;0;0;3;NA;002;NA;NA;V3001;005;3620;041;001;110;M;08009501;31810791;NA;NA;NA;NA;NA;NA;NA;NA;NA;NA;NA;NA;NA;NA;NA;NA;OSPEDALE RIMINI;NA;NA;NA;15924
080;080004;2023;18684;2023;080101;098010;14/08/2023;17/08/2023;031;391;M;0;0;3;NA;002;NA;NA;V3001;005;3580;098;001;030;M;08000401;31811007;NA;NA;NA;NA;NA;NA;NA;NA;NA;NA;NA;NA;NA;NA;NA;NA;OSPEDALE PIACENZA;NA;NA;NA;1323
080;080004;2023;18835;2023;080101;098047;16/08/2023;19/08/2023;031;391;M;0;0;3;NA;002;NA;NA;V3001;005;3050;098;001;030;F;08000401;31811011;NA;NA;NA;NA;NA;NA;NA;NA;NA;NA;NA;NA;NA;NA;NA;NA;OSPEDALE PIACENZA;NA;NA;NA;531
080;080004;2023;19100;2023;080101;098051;21/08/2023;23/08/2023;031;391;M;0;0;2;NA;002;NA;NA;V3000;005;3590;098;001;030;M;08000401;31811012;NA;NA;NA;NA;NA;NA;NA;NA;NA;NA;NA;NA;NA;NA;NA;NA;OSPEDALE PIACENZA;NA;NA;NA;1335
080;080004;2023;19034;2023;080101;015146;20/08/2023;23/08/2023;031;391;M;0;0;3;NA;002;NA;NA;V3001;005;3070;015;001;030;M;08000401;31811015;NA;NA;NA;NA;NA;NA;NA;NA;NA;NA;NA;NA;NA;NA;NA;NA;OSPEDALE PIACENZA;NA;NA;NA;560
080;080004;2023;19039;2023;080101;098026;20/08/2023;22/08/2023;031;391;M;0;0;2;NA;002;NA;NA;V3000;005;3120;098;001;030;F;08000401;31811016;NA;NA;NA;NA;NA;NA;NA;NA;NA;NA;NA;NA;NA;NA;NA;NA;OSPEDALE PIACENZA;NA;NA;NA;636
080;080004;2023;18156;2023;080101;098019;05/08/2023;07/08/2023;031;391;M;0;0;2;NA;002;NA;NA;V3000;005;3720;098;001;030;M;08000401;31811022;NA;NA;NA;NA;NA;NA;NA;NA;NA;NA;NA;NA;NA;NA;NA;NA;OSPEDALE PIACENZA;NA;NA;NA;1475
080;080004;2023;15272;2023;080101;018177;28/06/2023;30/06/2023;031;391;M;0;0;2;NA;002;NA;NA;V3000;005;3030;018;001;030;M;08000401;31811024;NA;NA;NA;NA;NA;NA;NA;NA;NA;NA;NA;NA;NA;NA;NA;NA;OSPEDALE PIACENZA;NA;NA;NA;503
080;080004;2023;17847;2023;080101;098022;01/08/2023;31/08/2023;062;386;M;0;0;30;NA;002;NA;NA;769;005;1780;098;001;030;F;08000401;31811025;76507;7742;30759;NA;NA;9390;3892;8744;8965;9983;9059;9921;8871;8872;9503;NA;OSPEDALE PIACENZA;NA;NA;NA;13
080;080004;2023;18619;2023;080101;098010;12/08/2023;15/08/2023;031;391;M;0;0;3;NA;002;NA;NA;V3000;005;2990;098;001;030;M;08000401;31811026;NA;NA;NA;NA;NA;NA;NA;NA;NA;NA;NA;NA;NA;NA;NA;NA;OSPEDALE PIACENZA;NA;NA;NA;446
080;080004;2023;18703;2023;080101;098010;14/08/2023;17/08/2023;031;391;M;0;0;3;NA;002;NA;NA;V3000;005;3730;098;001;030;M;08000401;31811028;NA;NA;NA;NA;NA;NA;NA;NA;NA;NA;NA;NA;NA;NA;NA;NA;OSPEDALE PIACENZA;NA;NA;NA;1485
080;080004;2023;18851;2023;080101;098019;17/08/2023;19/08/2023;031;391;M;0;0;2;NA;002;NA;NA;V3000;005;2900;098;001;030;F;08000401;31811030;NA;NA;NA;NA;NA;NA;NA;NA;NA;NA;NA;NA;NA;NA;NA;NA;OSPEDALE PIACENZA;NA;NA;NA;342
080;080004;2023;18778;2023;080101;045001;16/08/2023;19/08/2023;031;391;M;0;0;3;NA;002;NA;NA;V3001;005;2760;045;001;090;M;08000401;31811034;NA;NA;NA;NA;NA;8875;NA;NA;NA;NA;NA;NA;NA;NA;NA;NA;OSPEDALE PIACENZA;NA;NA;NA;227
080;080004;2023;17851;2023;080101;033032;01/08/2023;04/08/2023;031;391;M;0;0;3;NA;002;NA;NA;V3001;005;2730;033;001;080;F;08000401;31811037;NA;NA;NA;NA;NA;NA;NA;NA;NA;NA;NA;NA;NA;NA;NA;NA;OSPEDALE PIACENZA;NA;NA;NA;202
080;080004;2023;18321;2023;080101;018100;08/08/2023;11/08/2023;031;391;M;0;0;3;NA;002;NA;NA;V3001;005;2620;018;001;030;F;08000401;31811043;NA;NA;NA;NA;NA;NA;NA;NA;NA;NA;NA;NA;NA;NA;NA;NA;OSPEDALE PIACENZA;NA;NA;NA;148
080;080004;2023;18276;2023;080101;063049;07/08/2023;09/08/2023;031;391;M;0;0;2;NA;002;NA;NA;V3000;005;3370;063;001;150;M;08000401;31811044;NA;NA;NA;NA;NA;NA;NA;NA;NA;NA;NA;NA;NA;NA;NA;NA;OSPEDALE PIACENZA;NA;NA;NA;1033
080;080904;2023;26993;2023;080904;009056;19/09/2023;21/09/2023;031;391;M;0;0;2;NA;002;NA;NA;V3000;005;3920;009;001;070;M;08090401;31811045;NA;NA;NA;NA;NA;8871;NA;NA;NA;NA;NA;NA;NA;NA;NA;NA;AOSPU POLICLINICO - MO;NA;NA;NA;22056
080;080908;2023;539493;2023;080908;042031;20/09/2023;16/11/2023;006;110;C;0;0;57;9;002;390;1;7453;005;NA;042;001;110;M;080908;31820048;79902;7461;7473;NA;NA;390;0040;3950;9929;8842;3722;8744;8872;NA;NA;NA;IRCCS AOU BOLOGNA;NA;NA;NA;0
080;080908;2024;511866;2024;080908;042031;11/03/2024;22/03/2024;006;108;C;0;173;11;2;002;3598;NA;99672;005;NA;042;001;110;M;080908;31820048;74601;V151;79902;NA;NA;3598;3722;3721;8843;8872;3865;3961;3541;390;3963;9904;IRCCS AOU BOLOGNA;NA;NA;NA;0
080;080031;2023;7829;2023;080104;020035;22/09/2023;25/09/2023;031;391;M;0;0;3;NA;002;NA;NA;V3000;005;3545;020;001;030;M;08003104;31821035;NA;NA;NA;NA;NA;8965;897;9542;NA;NA;NA;NA;NA;NA;NA;NA;OSPEDALE CARPI;NA;NA;NA;5815
080;080909;2023;9315;2023;080909;029033;16/05/2023;18/05/2023;031;390;M;0;0;2;NA;002;NA;NA;V3000;005;3400;029;001;050;F;080909;31821197;7609;NA;NA;NA;NA;9546;9541;9059;9501;NA;NA;NA;NA;NA;NA;NA;AOSPU ARCISPEDALE S.ANNA - FE;NA;NA;NA;25425
080;080095;2023;26547;2023;080114;041019;27/09/2023;03/10/2023;062;137;M;0;6;6;NA;002;NA;NA;3963;005;NA;041;001;110;F;08009501;31821380;V298;7793;NA;NA;NA;8871;8872;NA;NA;NA;NA;NA;NA;NA;NA;NA;OSPEDALE RIMINI;NA;NA;NA;16379
080;080095;2023;26042;2023;080114;041019;21/09/2023;22/09/2023;062;137;M;0;0;1;NA;006;NA;NA;74710;005;4000;041;001;110;F;08009501;31821380;3960;NA;NA;NA;NA;8872;8965;3892;9059;8871;8952;9918;NA;NA;NA;NA;OSPEDALE RIMINI;NA;NA;NA;16379
080;080908;2023;539815;2023;080908;041019;22/09/2023;27/09/2023;008;518;C;0;1;5;0;006;3596;NA;7463;005;NA;041;001;110;F;080908;31821380;7464;NA;NA;NA;NA;3596;9929;3722;8842;8872;8952;8954;NA;NA;NA;NA;IRCCS AOU BOLOGNA;NA;NA;NA;16379
080;080909;2023;18186;2023;080909;029033;24/09/2023;26/09/2023;031;390;M;0;0;2;NA;002;NA;NA;V3000;005;3225;029;001;050;M;080909;31821902;7608;NA;NA;NA;NA;9541;9059;9051;NA;NA;NA;NA;NA;NA;NA;NA;AOSPU ARCISPEDALE S.ANNA - FE;NA;NA;NA;25166
080;080909;2023;15688;2023;080909;999425;17/08/2023;21/08/2023;039;298;M;0;145;4;NA;002;NA;NA;27651;005;NA;999;001;425;M;080909;31822199;V624;NA;NA;NA;NA;8959;9918;9092;8906;9052;9541;9929;8929;9132;9092;NA;AOSPU ARCISPEDALE S.ANNA - FE;NA;NA;NA;0
080;080091;2023;517013;2023;080114;999404;22/08/2023;25/08/2023;039;279;M;0;155;3;NA;003;NA;NA;684;005;NA;999;001;404;F;08009101;31822203;V0182;NA;NA;NA;NA;9921;8906;8902;9357;9929;897;NA;NA;NA;NA;NA;OSPEDALE CESENA;NA;NA;NA;0
080;080904;2023;24908;2023;080904;999460;28/08/2023;31/08/2023;039;432;M;0;241;3;NA;002;NA;NA;30750;005;NA;999;001;460;M;08090401;31822210;4800;NA;NA;NA;NA;8744;9929;9918;3899;NA;NA;NA;NA;NA;NA;NA;AOSPU POLICLINICO - MO;NA;NA;NA;0
080;080004;2023;21763;2023;080101;098049;23/09/2023;26/09/2023;031;391;M;0;0;3;NA;002;NA;NA;V3000;005;3420;098;001;030;M;08000401;31822604;NA;NA;NA;NA;NA;NA;NA;NA;NA;NA;NA;NA;NA;NA;NA;NA;OSPEDALE PIACENZA;NA;NA;NA;1113
080;080909;2023;9366;2023;080909;029033;16/05/2023;19/05/2023;031;391;M;0;0;3;NA;002;NA;NA;V3001;005;3650;029;001;050;M;080909;31823492;NA;NA;NA;NA;NA;9501;9541;9059;NA;NA;NA;NA;NA;NA;NA;NA;AOSPU ARCISPEDALE S.ANNA - FE;NA;NA;NA;25756
080;080909;2023;18295;2023;080909;029044;26/09/2023;28/09/2023;031;390;M;0;0;2;NA;002;NA;NA;V3001;005;3475;029;001;050;F;080909;31823521;7609;7608;NA;NA;NA;9541;9501;9059;NA;NA;NA;NA;NA;NA;NA;NA;AOSPU ARCISPEDALE S.ANNA - FE;NA;NA;NA;0
080;080909;2023;18395;2023;080909;029045;27/09/2023;29/09/2023;031;391;M;0;0;2;NA;002;NA;NA;V3000;005;4450;029;001;050;M;080909;31824157;7661;NA;NA;NA;NA;9501;9541;9059;NA;NA;NA;NA;NA;NA;NA;NA;AOSPU ARCISPEDALE S.ANNA - FE;NA;NA;NA;0
080;080909;2023;9646;2023;080909;029033;20/05/2023;31/05/2023;073;390;M;0;0;11;NA;002;NA;NA;7706;005;3740;029;001;050;M;080909;31824255;76529;7609;7612;NA;NA;9093;9390;8959;9059;9391;9541;8744;3898;8873;9501;NA;AOSPU ARCISPEDALE S.ANNA - FE;NA;NA;NA;25838
080;080053;2023;175433;2023;080105;037036;22/09/2023;25/09/2023;062;391;M;0;0;3;NA;002;NA;NA;7661;005;4350;037;001;080;M;08005301;31824293;NA;NA;NA;NA;NA;8914;8966;897;NA;NA;NA;NA;NA;NA;NA;NA;OSPEDALE MAGGIORE;NA;NA;NA;9877
080;080095;2023;19557;2023;080114;109033;14/07/2023;17/07/2023;031;391;M;0;0;3;NA;002;NA;NA;V3000;005;3430;109;001;110;F;08009501;31824427;NA;NA;NA;NA;NA;NA;NA;NA;NA;NA;NA;NA;NA;NA;NA;NA;OSPEDALE RIMINI;NA;NA;NA;15574
080;080095;2023;24934;2023;080114;041044;11/09/2023;12/09/2023;062;389;M;0;19;1;NA;002;NA;NA;7732;005;NA;041;001;110;F;08009501;31824475;NA;NA;NA;NA;NA;NA;NA;NA;NA;NA;NA;NA;NA;NA;NA;NA;OSPEDALE RIMINI;NA;NA;NA;14797
080;080095;2023;23150;2023;080114;041044;23/08/2023;30/08/2023;062;389;M;0;0;7;NA;002;NA;NA;7732;005;2960;041;001;110;F;08009501;31824475;NA;NA;NA;NA;NA;NA;NA;NA;NA;NA;NA;NA;NA;NA;NA;NA;OSPEDALE RIMINI;NA;NA;NA;14797
080;080021;2023;532862;2023;080103;020065;17/08/2023;19/08/2023;031;391;M;0;0;2;NA;002;NA;NA;V3000;005;3500;020;001;030;F;08002106;31824609;NA;NA;NA;NA;NA;8903;NA;NA;NA;NA;NA;NA;NA;NA;NA;NA;OSPEDALE S.MARIA NUOVA - RE;NA;NA;NA;4336
080;080021;2023;532468;2023;080103;019049;13/08/2023;15/08/2023;031;391;M;0;0;2;NA;002;NA;NA;V3000;005;3242;019;001;030;F;08002106;31824610;NA;NA;NA;NA;NA;897;8903;NA;NA;NA;NA;NA;NA;NA;NA;NA;OSPEDALE S.MARIA NUOVA - RE;NA;NA;NA;3761
080;080021;2023;533111;2023;080103;018189;19/08/2023;21/08/2023;031;391;M;0;0;2;NA;002;NA;NA;V3000;005;3030;018;001;030;M;08002106;31824611;NA;NA;NA;NA;NA;8903;NA;NA;NA;NA;NA;NA;NA;NA;NA;NA;OSPEDALE S.MARIA NUOVA - RE;NA;NA;NA;3295
080;080021;2023;532584;2023;080103;020071;14/08/2023;18/08/2023;062;390;M;0;0;4;NA;002;NA;NA;7706;005;4370;020;001;030;M;08002106;31824615;NA;NA;NA;NA;NA;9921;3899;3894;NA;NA;NA;NA;NA;NA;NA;NA;OSPEDALE S.MARIA NUOVA - RE;NA;NA;NA;5122
080;080021;2023;531066;2023;080103;027042;01/08/2023;04/08/2023;031;391;M;0;0;3;NA;002;NA;NA;V3001;005;2930;027;001;050;F;08002106;31824616;NA;NA;NA;NA;NA;8903;NA;NA;NA;NA;NA;NA;NA;NA;NA;NA;OSPEDALE S.MARIA NUOVA - RE;NA;NA;NA;3123
080;080091;2023;515990;2023;080114;015146;06/08/2023;09/08/2023;031;391;M;0;0;3;NA;002;NA;NA;V3000;005;3510;015;001;030;M;08009101;31824625;NA;NA;NA;NA;NA;NA;NA;NA;NA;NA;NA;NA;NA;NA;NA;NA;OSPEDALE CESENA;NA;NA;NA;13708
080;080902;2023;85639;2023;080902;999460;06/10/2023;10/10/2023;039;279;M;0;355;4;NA;002;NA;NA;68100;005;NA;999;001;460;M;080902;31825691;04111;NA;NA;NA;NA;8871;3899;8903;8908;8939;9033;NA;NA;NA;NA;NA;AOSPU OSPEDALI RIUNITI - PR;NA;NA;NA;0
080;080013;2023;9170;2023;080102;999254;12/08/2023;15/08/2023;031;391;M;0;0;3;NA;002;NA;NA;V3000;005;3340;999;001;254;F;08001301;31826092;NA;NA;NA;NA;NA;8965;9546;897;8939;9307;8903;NA;NA;NA;NA;NA;OSPEDALE FIDENZA;NA;NA;NA;2142
080;080031;2023;6820;2023;080104;999443;18/08/2023;21/08/2023;031;391;M;0;0;3;NA;002;NA;NA;V3000;005;3225;999;001;443;F;08003104;31826095;NA;NA;NA;NA;NA;9542;8966;897;NA;NA;NA;NA;NA;NA;NA;NA;OSPEDALE CARPI;NA;NA;NA;5536
080;080902;2023;71472;2023;080902;999404;20/08/2023;22/08/2023;039;184;M;0;159;2;NA;002;NA;NA;0090;005;NA;999;001;404;F;080902;31826099;04331;NA;NA;NA;NA;3894;9039;8939;8903;897;9033;NA;NA;NA;NA;NA;AOSPU OSPEDALI RIUNITI - PR;NA;NA;NA;0
080;080909;2023;11669;2023;080909;999253;19/06/2023;22/06/2023;031;390;M;0;0;3;NA;002;NA;NA;V3000;005;2615;999;001;253;M;080909;31826102;76409;7566;NA;NA;NA;8744;9032;9093;8873;8872;8906;8876;9501;9541;8952;NA;AOSPU ARCISPEDALE S.ANNA - FE;NA;NA;NA;24630
080;080908;2023;534169;2023;080908;999201;10/08/2023;16/08/2023;062;390;M;0;0;6;NA;002;NA;NA;7684;005;3475;999;001;201;M;080908;31826106;77981;7885;7746;7793;NA;897;8919;3893;9929;8952;8965;8901;8871;9983;3899;897;IRCCS AOU BOLOGNA;NA;NA;NA;23800
080;080909;2023;18600;2023;080909;029033;30/09/2023;02/10/2023;031;391;M;0;0;2;NA;002;NA;NA;V3000;005;3520;029;001;050;M;080909;31826184;NA;NA;NA;NA;NA;9501;9541;9059;8959;NA;NA;NA;NA;NA;NA;NA;AOSPU ARCISPEDALE S.ANNA - FE;NA;NA;NA;25598
080;080095;2023;28089;2023;080114;032006;12/10/2023;13/10/2023;062;021;M;0;38;1;NA;002;NA;NA;0479;005;NA;032;001;060;M;08009501;31826963;V291;NA;NA;NA;NA;8891;9929;NA;NA;NA;NA;NA;NA;NA;NA;NA;OSPEDALE RIMINI;NA;NA;NA;15816
080;080095;2023;26928;2023;080114;032006;01/10/2023;05/10/2023;062;021;M;0;27;4;NA;002;NA;NA;0479;005;NA;032;001;060;M;08009501;31826963;NA;NA;NA;NA;NA;8871;9921;0331;8914;9915;9053;9503;NA;NA;NA;NA;OSPEDALE RIMINI;NA;NA;NA;15816
080;080095;2023;24242;2023;080114;032006;04/09/2023;06/09/2023;031;391;M;0;0;2;NA;002;NA;NA;V3000;005;3560;032;001;060;M;08009501;31826963;NA;NA;NA;NA;NA;NA;NA;NA;NA;NA;NA;NA;NA;NA;NA;NA;OSPEDALE RIMINI;NA;NA;NA;15816
080;080902;2024;66733;2024;080902;019021;24/07/2024;02/08/2024;039;322;M;0;360;9;NA;002;NA;NA;5990;005;NA;019;001;030;F;080902;31827218;75322;NA;NA;NA;NA;8876;8939;9929;8903;9053;897;3899;9099;9093;8929;NA;AOSPU OSPEDALI RIUNITI - PR;NA;NA;NA;19261
080;080902;2024;571582;2024;080902;019021;27/06/2024;27/06/2024;011;333;M;0;333;1;NA;002;NA;NA;75322;005;NA;019;001;030;F;080902;31827218;59389;NA;NA;NA;NA;5732;9918;9764;8961;8903;3899;9929;897;8929;5794;9921;AOSPU OSPEDALI RIUNITI - PR;NA;NA;NA;19261
080;080902;2023;574498;2023;080902;019021;30/07/2023;02/08/2023;031;390;M;0;0;3;NA;002;NA;NA;V3000;005;3730;019;001;030;F;080902;31827218;7533;NA;NA;NA;NA;9546;8903;8939;897;9307;8875;NA;NA;NA;NA;NA;AOSPU OSPEDALI RIUNITI - PR;NA;NA;NA;19261
080;080902;2024;38668;2024;080902;019021;30/04/2024;06/05/2024;039;322;M;0;275;6;NA;002;NA;NA;5990;005;NA;019;001;030;F;080902;31827218;00863;NA;NA;NA;NA;8903;8939;897;3894;9092;9921;9918;9039;9033;3899;NA;AOSPU OSPEDALI RIUNITI - PR;NA;NA;NA;19261
080;080902;2023;108756;2023;080902;019021;20/12/2023;25/12/2023;039;322;M;0;143;5;NA;002;NA;NA;5990;005;NA;019;001;030;F;080902;31827218;75320;NA;NA;NA;NA;9921;8875;9093;8939;8903;897;9918;NA;NA;NA;NA;AOSPU OSPEDALI RIUNITI - PR;NA;NA;NA;19261
080;080902;2023;75871;2023;080902;019021;05/09/2023;13/09/2023;039;322;M;0;37;8;NA;002;NA;NA;59010;005;NA;019;001;030;F;080902;31827218;5939;NA;NA;NA;NA;8776;8929;8876;9062;9921;8939;8903;8907;NA;NA;NA;AOSPU OSPEDALI RIUNITI - PR;NA;NA;NA;19261
080;080095;2023;28644;2023;080114;041001;18/10/2023;19/10/2023;062;387;M;0;51;1;NA;002;NA;NA;76518;005;NA;041;001;110;M;08009501;31827281;76418;3480;NA;NA;NA;8879;8891;NA;NA;NA;NA;NA;NA;NA;NA;NA;OSPEDALE RIMINI;NA;NA;NA;0
080;080095;2023;23514;2023;080114;041001;28/08/2023;21/09/2023;062;387;M;0;0;24;NA;002;NA;NA;76526;005;2200;041;001;110;M;08009501;31827281;7756;7754;7793;7716;NA;8871;9635;9059;8952;9547;NA;NA;NA;NA;NA;NA;OSPEDALE RIMINI;NA;NA;NA;0
080;080902;2023;576652;2023;080902;020066;28/08/2023;30/08/2023;031;391;M;0;0;2;NA;002;NA;NA;V3000;005;3740;020;001;030;F;080902;31827320;NA;NA;NA;NA;NA;9307;9546;897;8939;8903;NA;NA;NA;NA;NA;NA;AOSPU OSPEDALI RIUNITI - PR;NA;NA;NA;19272
080;080095;2023;28642;2023;080114;041001;18/10/2023;19/10/2023;062;387;M;0;51;1;NA;002;NA;NA;76518;005;NA;041;001;110;M;08009501;31827325;76418;3480;NA;NA;NA;8879;8891;NA;NA;NA;NA;NA;NA;NA;NA;NA;OSPEDALE RIMINI;NA;NA;NA;0
080;080095;2023;23513;2023;080114;041001;28/08/2023;21/09/2023;062;387;M;0;0;24;NA;002;NA;NA;76526;005;2100;041;001;110;M;08009501;31827325;7756;7754;7793;7716;NA;8871;9635;9059;8952;9547;NA;NA;NA;NA;NA;NA;OSPEDALE RIMINI;NA;NA;NA;0
080;080095;2023;25193;2023;080114;041044;13/09/2023;16/09/2023;062;467;M;0;0;3;NA;002;NA;NA;V292;005;3490;041;001;110;F;08009501;31827363;NA;NA;NA;NA;NA;8872;8879;9059;NA;NA;NA;NA;NA;NA;NA;NA;OSPEDALE RIMINI;NA;NA;NA;0
080;080004;2023;20455;2023;080101;018048;07/09/2023;10/09/2023;031;391;M;0;0;3;NA;002;NA;NA;V3000;005;2930;018;001;030;M;08000401;31827490;NA;NA;NA;NA;NA;NA;NA;NA;NA;NA;NA;NA;NA;NA;NA;NA;OSPEDALE PIACENZA;NA;NA;NA;375
080;080902;2023;576279;2023;080902;019021;23/08/2023;25/08/2023;031;390;M;0;0;2;NA;002;NA;NA;V3001;005;4300;019;001;030;M;080902;31827498;7786;NA;NA;NA;NA;9307;9546;897;8939;8903;NA;NA;NA;NA;NA;NA;AOSPU OSPEDALI RIUNITI - PR;NA;NA;NA;19577
080;080004;2023;20918;2023;080101;098026;13/09/2023;16/09/2023;031;391;M;0;0;3;NA;002;NA;NA;V3000;005;2780;098;001;030;F;08000401;31827649;NA;NA;NA;NA;NA;NA;NA;NA;NA;NA;NA;NA;NA;NA;NA;NA;OSPEDALE PIACENZA;NA;NA;NA;239
080;080072;2023;20257;2023;080114;039002;22/09/2023;24/09/2023;031;390;M;0;0;2;NA;002;NA;NA;7750;005;4410;039;001;080;M;080072;31827871;V3000;NA;NA;NA;NA;9059;NA;NA;NA;NA;NA;NA;NA;NA;NA;NA;OSPEDALE RAVENNA;NA;NA;NA;11296
080;080021;2023;535631;2023;080103;020066;07/09/2023;10/09/2023;031;391;M;0;0;3;NA;002;NA;NA;V3001;005;3590;020;001;030;F;08002106;31827925;NA;NA;NA;NA;NA;8903;NA;NA;NA;NA;NA;NA;NA;NA;NA;NA;OSPEDALE S.MARIA NUOVA - RE;NA;NA;NA;4466
080;080044;2023;11451;2023;080106;037020;14/09/2023;17/09/2023;031;391;M;0;0;3;NA;002;NA;NA;V3000;005;3600;037;001;080;M;08004401;31828615;NA;NA;NA;NA;NA;NA;NA;NA;NA;NA;NA;NA;NA;NA;NA;NA;OSPEDALE IMOLA;NA;NA;NA;6628
080;080072;2023;19317;2023;080114;015168;09/09/2023;15/09/2023;039;389;M;0;47;6;NA;002;NA;NA;77181;005;NA;015;001;030;F;080072;31829744;NA;NA;NA;NA;NA;9921;9133;9053;NA;NA;NA;NA;NA;NA;NA;NA;OSPEDALE RAVENNA;NA;NA;NA;0
080;080013;2023;9702;2023;080102;016020;29/08/2023;01/09/2023;031;391;M;0;0;3;NA;002;NA;NA;V3000;005;2740;016;001;030;F;08001301;31829817;NA;NA;NA;NA;NA;8965;8872;8903;8939;897;9546;9307;NA;NA;NA;NA;OSPEDALE FIDENZA;NA;NA;NA;1800
080;080031;2023;8194;2023;080104;036005;04/10/2023;04/10/2023;031;385;M;0;0;1;NA;006;NA;NA;7685;005;773;036;001;080;M;08003104;31831017;77581;76513;NA;NA;NA;9960;9604;3892;9052;8744;NA;NA;NA;NA;NA;NA;OSPEDALE CARPI;NA;NA;NA;5144
080;080904;2023;28530;2023;080904;036005;04/10/2023;04/10/2023;073;385;M;0;0;1;NA;001;NA;1;769;005;NA;036;001;080;M;08090401;31831017;76503;42821;7766;NA;NA;9670;8871;9903;0012;3892;8872;NA;NA;NA;NA;NA;AOSPU POLICLINICO - MO;NA;NA;NA;5144
080;080031;2023;8229;2023;080104;020037;04/10/2023;06/10/2023;031;391;M;0;0;2;NA;002;NA;NA;V3000;005;3020;020;001;030;F;08003104;31831164;NA;NA;NA;NA;NA;9542;897;8966;NA;NA;NA;NA;NA;NA;NA;NA;OSPEDALE CARPI;NA;NA;NA;5378
080;080072;2023;18996;2023;080114;039014;05/09/2023;07/09/2023;031;391;M;0;0;2;NA;002;NA;NA;V3000;005;3310;039;001;080;M;080072;31832317;NA;NA;NA;NA;NA;NA;NA;NA;NA;NA;NA;NA;NA;NA;NA;NA;OSPEDALE RAVENNA;NA;NA;NA;10625
080;080095;2023;2713;2023;080114;099018;26/01/2023;28/01/2023;031;391;M;0;0;2;NA;002;NA;NA;V3000;005;3060;099;001;080;M;08009501;31832672;NA;NA;NA;NA;NA;NA;NA;NA;NA;NA;NA;NA;NA;NA;NA;NA;OSPEDALE RIMINI;NA;NA;NA;14937
080;080902;2023;577247;2023;080902;034027;05/09/2023;08/09/2023;062;390;M;0;0;3;NA;002;NA;NA;7706;005;2785;034;001;080;F;080902;31833544;7615;75501;NA;NA;NA;9396;8744;9546;8903;8965;3898;8626;NA;NA;NA;NA;AOSPU OSPEDALI RIUNITI - PR;NA;NA;NA;18053
080;080902;2023;577248;2023;080902;034027;05/09/2023;08/09/2023;062;389;M;0;0;3;NA;002;NA;NA;76418;005;2280;034;001;080;F;080902;31833545;NA;NA;NA;NA;NA;9546;8903;8939;9307;897;NA;NA;NA;NA;NA;NA;AOSPU OSPEDALI RIUNITI - PR;NA;NA;NA;17868
080;080031;2023;8289;2023;080104;020065;06/10/2023;08/10/2023;031;391;M;0;0;2;NA;002;NA;NA;7746;005;2700;020;001;030;F;08003104;31835597;V3000;NA;NA;NA;NA;9983;897;9542;8965;NA;NA;NA;NA;NA;NA;NA;OSPEDALE CARPI;NA;NA;NA;5219
080;080902;2024;562910;2024;080902;071025;25/03/2024;25/11/2024;002;390;M;0;193;2;NA;002;NA;NA;7618;005;NA;071;002;160;F;080902;31836292;NA;NA;NA;NA;NA;9033;3899;8907;8939;897;8903;NA;NA;NA;NA;NA;AOSPU OSPEDALI RIUNITI - PR;NA;NA;NA;19562
080;080902;2023;580103;2023;080902;071025;04/10/2023;20/12/2023;002;390;M;0;20;2;NA;002;NA;NA;7602;005;NA;071;002;160;F;080902;31836292;NA;NA;NA;NA;NA;3899;8939;897;9099;NA;NA;NA;NA;NA;NA;NA;AOSPU OSPEDALI RIUNITI - PR;NA;NA;NA;19562
080;080902;2023;578460;2023;080902;071025;18/09/2023;20/09/2023;062;390;M;0;4;2;NA;002;NA;NA;77439;005;NA;071;001;160;F;080902;31836292;7602;NA;NA;NA;NA;9983;3898;8871;9307;8965;9546;8906;NA;NA;NA;NA;AOSPU OSPEDALI RIUNITI - PR;NA;NA;NA;19562
080;080902;2023;578118;2023;080902;071025;14/09/2023;16/09/2023;062;390;M;0;0;2;NA;002;NA;NA;7602;005;4210;071;001;160;F;080902;31836292;7661;NA;NA;NA;NA;3899;9003;9546;897;8903;9307;8939;8879;NA;NA;NA;AOSPU OSPEDALI RIUNITI - PR;NA;NA;NA;19562
080;080904;2023;28974;2023;080904;010025;08/10/2023;12/10/2023;039;070;M;0;269;4;NA;002;NA;NA;46400;005;NA;010;001;070;M;08090401;31837575;NA;NA;NA;NA;NA;9396;8749;3142;NA;NA;NA;NA;NA;NA;NA;NA;AOSPU POLICLINICO - MO;NA;NA;NA;0
080;080004;2023;20122;2023;080101;098019;04/09/2023;07/09/2023;031;391;M;0;0;3;NA;002;NA;NA;V3001;005;3290;098;001;030;M;08000401;31837822;NA;NA;NA;NA;NA;NA;NA;NA;NA;NA;NA;NA;NA;NA;NA;NA;OSPEDALE PIACENZA;NA;NA;NA;888
080;080004;2023;21721;2023;080101;098010;23/09/2023;25/09/2023;031;391;M;0;0;2;NA;002;NA;NA;V3000;005;3940;098;001;030;M;08000401;31837825;NA;NA;NA;NA;NA;NA;NA;NA;NA;NA;NA;NA;NA;NA;NA;NA;OSPEDALE PIACENZA;NA;NA;NA;1630
080;080004;2023;20513;2023;080101;098022;08/09/2023;11/09/2023;031;391;M;0;0;3;NA;002;NA;NA;V3001;005;3120;098;001;030;F;08000401;31837827;NA;NA;NA;NA;NA;NA;NA;NA;NA;NA;NA;NA;NA;NA;NA;NA;OSPEDALE PIACENZA;NA;NA;NA;639
080;080004;2023;20287;2023;080101;098019;05/09/2023;09/09/2023;031;390;M;0;0;4;NA;002;NA;NA;V3000;005;3160;098;001;030;M;08000401;31837830;7602;NA;NA;NA;NA;8871;9503;NA;NA;NA;NA;NA;NA;NA;NA;NA;OSPEDALE PIACENZA;NA;NA;NA;680
080;080004;2023;20454;2023;080101;098019;07/09/2023;11/09/2023;031;391;M;0;0;4;NA;002;NA;NA;V3000;005;4060;098;001;030;M;08000401;31837832;NA;NA;NA;NA;NA;NA;NA;NA;NA;NA;NA;NA;NA;NA;NA;NA;OSPEDALE PIACENZA;NA;NA;NA;1676
080;080004;2023;21988;2023;080101;098043;26/09/2023;29/09/2023;031;391;M;0;0;3;NA;002;NA;NA;V3000;005;3310;098;001;030;F;08000401;31837833;NA;NA;NA;NA;NA;NA;NA;NA;NA;NA;NA;NA;NA;NA;NA;NA;OSPEDALE PIACENZA;NA;NA;NA;936
080;080004;2023;20429;2023;080101;098049;07/09/2023;09/09/2023;031;391;M;0;0;2;NA;002;NA;NA;V3000;005;3580;098;001;030;F;08000401;31837835;NA;NA;NA;NA;NA;NA;NA;NA;NA;NA;NA;NA;NA;NA;NA;NA;OSPEDALE PIACENZA;NA;NA;NA;1324
080;080004;2023;21161;2023;080101;098014;17/09/2023;19/09/2023;031;391;M;0;0;2;NA;002;NA;NA;V3000;005;2550;098;001;030;F;08000401;31837836;NA;NA;NA;NA;NA;NA;NA;NA;NA;NA;NA;NA;NA;NA;NA;NA;OSPEDALE PIACENZA;NA;NA;NA;112
080;080004;2023;21018;2023;080101;098019;15/09/2023;18/09/2023;031;391;M;0;0;3;NA;002;NA;NA;V3000;005;2810;098;001;030;M;08000401;31837837;NA;NA;NA;NA;NA;NA;NA;NA;NA;NA;NA;NA;NA;NA;NA;NA;OSPEDALE PIACENZA;NA;NA;NA;266
080;080004;2023;21124;2023;080101;004099;16/09/2023;19/09/2023;031;391;M;0;0;3;NA;002;NA;NA;V3000;005;3780;004;001;010;F;08000401;31837842;NA;NA;NA;NA;NA;NA;NA;NA;NA;NA;NA;NA;NA;NA;NA;NA;OSPEDALE PIACENZA;NA;NA;NA;1525
080;080004;2024;29;2024;080101;015191;01/01/2024;06/01/2024;039;098;M;0;112;5;NA;002;NA;NA;46611;005;NA;015;001;030;F;08000401;31837843;51882;NA;NA;NA;NA;9396;9394;NA;NA;NA;NA;NA;NA;NA;NA;NA;OSPEDALE PIACENZA;NA;NA;NA;1445
080;080004;2023;20681;2023;080101;015191;11/09/2023;14/09/2023;031;391;M;0;0;3;NA;002;NA;NA;V3001;005;3690;015;001;030;F;08000401;31837843;NA;NA;NA;NA;NA;NA;NA;NA;NA;NA;NA;NA;NA;NA;NA;NA;OSPEDALE PIACENZA;NA;NA;NA;1445
080;080004;2023;21456;2023;080101;098014;20/09/2023;22/09/2023;031;391;M;0;0;2;NA;002;NA;NA;V3000;005;2600;098;001;030;F;08000401;31837844;NA;NA;NA;NA;NA;NA;NA;NA;NA;NA;NA;NA;NA;NA;NA;NA;OSPEDALE PIACENZA;NA;NA;NA;135
080;080004;2023;20806;2023;080101;019001;12/09/2023;15/09/2023;031;391;M;0;0;3;NA;002;NA;NA;V3001;005;3180;019;001;030;M;08000401;31837845;NA;NA;NA;NA;NA;NA;NA;NA;NA;NA;NA;NA;NA;NA;NA;NA;OSPEDALE PIACENZA;NA;NA;NA;713
080;080004;2023;21601;2023;080101;098010;21/09/2023;23/09/2023;039;070;M;0;62;2;NA;002;NA;NA;462;005;NA;098;001;030;F;08000401;31837846;0793;27651;NA;NA;NA;9918;9921;NA;NA;NA;NA;NA;NA;NA;NA;NA;OSPEDALE PIACENZA;NA;NA;NA;0
080;080004;2023;22078;2023;080101;098019;27/09/2023;30/09/2023;031;391;M;0;0;3;NA;002;NA;NA;V3000;005;3830;098;001;030;F;08000401;31837851;NA;NA;NA;NA;NA;8871;9503;NA;NA;NA;NA;NA;NA;NA;NA;NA;OSPEDALE PIACENZA;NA;NA;NA;1559
080;080004;2023;21049;2023;080101;018114;15/09/2023;17/09/2023;031;391;M;0;0;2;NA;002;NA;NA;V3000;005;3320;018;001;030;M;08000401;31837857;NA;NA;NA;NA;NA;NA;NA;NA;NA;NA;NA;NA;NA;NA;NA;NA;OSPEDALE PIACENZA;NA;NA;NA;954
080;080004;2023;23749;2023;080101;098019;16/10/2023;20/10/2023;039;098;M;0;43;4;NA;002;NA;NA;46619;005;NA;098;001;030;M;08000401;31837858;51882;NA;NA;NA;NA;9396;9394;NA;NA;NA;NA;NA;NA;NA;NA;NA;OSPEDALE PIACENZA;NA;NA;NA;798
080;080004;2023;20077;2023;080101;098019;03/09/2023;06/09/2023;031;391;M;0;0;3;NA;002;NA;NA;V3001;005;3230;098;001;030;M;08000401;31837858;NA;NA;NA;NA;NA;NA;NA;NA;NA;NA;NA;NA;NA;NA;NA;NA;OSPEDALE PIACENZA;NA;NA;NA;798
080;080004;2023;19744;2023;080101;019107;29/08/2023;01/09/2023;031;391;M;0;0;3;NA;002;NA;NA;V3000;005;3690;019;001;030;M;08000401;31837861;NA;NA;NA;NA;NA;NA;NA;NA;NA;NA;NA;NA;NA;NA;NA;NA;OSPEDALE PIACENZA;NA;NA;NA;1444
080;080004;2023;21409;2023;080101;098043;19/09/2023;22/09/2023;031;391;M;0;0;3;NA;002;NA;NA;V3000;005;3510;098;001;030;M;08000401;31837868;NA;NA;NA;NA;NA;NA;NA;NA;NA;NA;NA;NA;NA;NA;NA;NA;OSPEDALE PIACENZA;NA;NA;NA;1243
080;080095;2024;544;2024;080114;041044;05/01/2024;08/01/2024;062;184;M;0;137;3;NA;002;NA;NA;5798;005;NA;041;001;110;M;08009501;31837934;5650;NA;NA;NA;NA;9059;8872;NA;NA;NA;NA;NA;NA;NA;NA;NA;OSPEDALE RIMINI;NA;NA;NA;0
080;080095;2023;34182;2023;080114;041044;18/12/2023;20/12/2023;011;314;C;0;119;2;0;002;585;NA;5988;005;NA;041;001;110;M;08009501;31837934;55003;NA;NA;NA;NA;585;5312;NA;NA;NA;NA;NA;NA;NA;NA;NA;OSPEDALE RIMINI;NA;NA;NA;0
080;080095;2023;22939;2023;080114;041044;21/08/2023;02/11/2023;062;386;M;0;0;73;NA;002;NA;NA;769;005;2000;041;001;110;M;08009501;31837934;7536;76526;4160;586;99592;9672;3892;9604;5717;3893;5899;NA;NA;NA;NA;NA;OSPEDALE RIMINI;NA;NA;NA;0
080;080053;2023;186667;2023;080105;999215;09/10/2023;11/10/2023;031;391;M;0;0;2;NA;002;NA;NA;V3000;005;3790;999;001;215;M;08005301;31838637;NA;NA;NA;NA;NA;897;NA;NA;NA;NA;NA;NA;NA;NA;NA;NA;OSPEDALE MAGGIORE;NA;NA;NA;9432
080;080004;2023;23018;2023;080101;098054;08/10/2023;11/10/2023;031;391;M;0;0;3;NA;002;NA;NA;V3000;005;3380;098;001;030;F;08000401;31840053;NA;NA;NA;NA;NA;NA;NA;NA;NA;NA;NA;NA;NA;NA;NA;NA;OSPEDALE PIACENZA;NA;NA;NA;1057
080;080908;2023;542499;2023;080908;083028;10/10/2023;19/10/2023;011;190;M;0;0;9;NA;002;NA;NA;7507;005;3260;083;001;190;F;080908;31840067;NA;NA;NA;NA;NA;8904;9918;8819;897;8897;8904;8876;NA;NA;NA;NA;IRCCS AOU BOLOGNA;NA;NA;NA;23400
080;080053;2023;165492;2023;080105;029033;07/09/2023;10/09/2023;062;388;M;0;0;3;NA;002;NA;NA;76528;005;3050;029;001;050;F;08005301;31840209;NA;NA;NA;NA;NA;897;NA;NA;NA;NA;NA;NA;NA;NA;NA;NA;OSPEDALE MAGGIORE;NA;NA;NA;7670
080;080908;2023;542386;2023;080908;029033;10/10/2023;15/12/2023;049;108;C;0;0;66;44;001;3584;NA;74510;005;3230;029;001;050;M;080908;31840285;4289;51881;74193;NA;NA;3584;0352;9672;9915;9904;0017;0234;3541;3962;3961;3799;IRCCS AOU BOLOGNA;NA;NA;NA;23339
080;080021;2023;536797;2023;080103;020043;14/09/2023;17/09/2023;031;391;M;0;0;3;NA;002;NA;NA;V3001;005;3620;020;001;030;M;08002103;31840518;NA;NA;NA;NA;NA;897;8903;NA;NA;NA;NA;NA;NA;NA;NA;NA;OSPEDALE MONTECCHIO EMILIA;NA;NA;NA;4518
080;080053;2023;188537;2023;080105;037024;11/10/2023;14/10/2023;031;391;M;0;0;3;NA;002;NA;NA;V3000;005;2820;037;001;080;M;08005301;31841170;NA;NA;NA;NA;NA;897;NA;NA;NA;NA;NA;NA;NA;NA;NA;NA;OSPEDALE MAGGIORE;NA;NA;NA;7233
080;080095;2024;1422;2024;080114;041044;14/01/2024;15/01/2024;039;184;M;0;120;1;NA;002;NA;NA;78703;005;NA;041;001;110;F;08009501;31841287;53081;NA;NA;NA;NA;9133;9059;8903;9921;897;NA;NA;NA;NA;NA;NA;OSPEDALE RIMINI;NA;NA;NA;15065
080;080095;2023;34478;2023;080114;041044;20/12/2023;23/12/2023;039;423;M;0;95;3;NA;002;NA;NA;0414;005;NA;041;001;110;F;08009501;31841287;5950;78703;NA;NA;NA;9921;9003;9009;NA;NA;NA;NA;NA;NA;NA;NA;OSPEDALE RIMINI;NA;NA;NA;15065
080;080095;2023;25495;2023;080114;041044;16/09/2023;19/09/2023;031;391;M;0;0;3;NA;002;NA;NA;V3000;005;3150;041;001;110;F;08009501;31841287;NA;NA;NA;NA;NA;NA;NA;NA;NA;NA;NA;NA;NA;NA;NA;NA;OSPEDALE RIMINI;NA;NA;NA;15065
080;080095;2023;26453;2023;080114;043013;26/09/2023;28/09/2023;031;391;M;0;0;2;NA;002;NA;NA;V3000;005;3595;043;001;110;F;08009501;31841290;NA;NA;NA;NA;NA;NA;NA;NA;NA;NA;NA;NA;NA;NA;NA;NA;OSPEDALE RIMINI;NA;NA;NA;15861
080;080095;2023;24232;2023;080114;041001;04/09/2023;07/09/2023;031;391;M;0;0;3;NA;002;NA;NA;V3000;005;3450;041;001;110;M;08009501;31841293;NA;NA;NA;NA;NA;NA;NA;NA;NA;NA;NA;NA;NA;NA;NA;NA;OSPEDALE RIMINI;NA;NA;NA;15619
080;080095;2023;24280;2023;080114;041069;04/09/2023;08/09/2023;062;391;M;0;0;4;NA;002;NA;NA;7793;005;3880;041;001;110;F;08009501;31841295;V299;NA;NA;NA;NA;9059;2121;NA;NA;NA;NA;NA;NA;NA;NA;NA;OSPEDALE RIMINI;NA;NA;NA;16269
080;080095;2023;24696;2023;080114;041013;08/09/2023;11/09/2023;031;391;M;0;0;3;NA;002;NA;NA;V3001;005;3660;041;001;110;F;08009501;31841296;NA;NA;NA;NA;NA;NA;NA;NA;NA;NA;NA;NA;NA;NA;NA;NA;OSPEDALE RIMINI;NA;NA;NA;16001
080;080095;2023;25425;2023;080114;041022;15/09/2023;18/09/2023;031;391;M;0;0;3;NA;002;NA;NA;V3000;005;3130;041;001;110;F;08009501;31841297;NA;NA;NA;NA;NA;NA;NA;NA;NA;NA;NA;NA;NA;NA;NA;NA;OSPEDALE RIMINI;NA;NA;NA;15037
080;080095;2023;25865;2023;080114;041068;20/09/2023;22/09/2023;031;391;M;0;0;2;NA;002;NA;NA;V3000;005;3610;041;001;110;M;08009501;31841301;NA;NA;NA;NA;NA;NA;NA;NA;NA;NA;NA;NA;NA;NA;NA;NA;OSPEDALE RIMINI;NA;NA;NA;15902
080;080095;2023;25902;2023;080114;044066;20/09/2023;23/09/2023;031;391;M;0;0;3;NA;002;NA;NA;V3001;005;3600;044;001;110;M;08009501;31841302;NA;NA;NA;NA;NA;NA;NA;NA;NA;NA;NA;NA;NA;NA;NA;NA;OSPEDALE RIMINI;NA;NA;NA;15884
080;080095;2023;25467;2023;080114;043013;16/09/2023;24/09/2023;062;390;M;0;0;8;NA;002;NA;NA;7793;005;2660;043;001;110;F;08009501;31841305;78340;NA;NA;NA;NA;8871;8901;NA;NA;NA;NA;NA;NA;NA;NA;NA;OSPEDALE RIMINI;NA;NA;NA;14537
080;080095;2023;26449;2023;080114;041020;26/09/2023;29/09/2023;062;391;M;0;0;3;NA;002;NA;NA;77439;005;3420;041;001;110;F;08009501;31841306;7661;NA;NA;NA;NA;9983;9547;9059;8901;NA;NA;NA;NA;NA;NA;NA;OSPEDALE RIMINI;NA;NA;NA;15558
080;080095;2023;26563;2023;080114;041068;27/09/2023;29/09/2023;031;391;M;0;0;2;NA;002;NA;NA;V3000;005;3900;041;001;110;M;08009501;31841307;NA;NA;NA;NA;NA;NA;NA;NA;NA;NA;NA;NA;NA;NA;NA;NA;OSPEDALE RIMINI;NA;NA;NA;16290
080;080095;2023;25429;2023;080114;041044;15/09/2023;18/09/2023;031;391;M;0;0;3;NA;002;NA;NA;V3000;005;3565;041;001;110;M;08009501;31841311;NA;NA;NA;NA;NA;NA;NA;NA;NA;NA;NA;NA;NA;NA;NA;NA;OSPEDALE RIMINI;NA;NA;NA;15822
080;080095;2023;25549;2023;080114;015146;17/09/2023;20/09/2023;031;391;M;0;0;3;NA;002;NA;NA;7661;005;4270;015;001;030;F;08009501;31841314;NA;NA;NA;NA;NA;9059;8879;NA;NA;NA;NA;NA;NA;NA;NA;NA;OSPEDALE RIMINI;NA;NA;NA;16508
080;080095;2023;26164;2023;080114;041044;22/09/2023;24/09/2023;031;391;M;0;0;2;NA;002;NA;NA;V3000;005;3295;041;001;110;F;08009501;31841320;NA;NA;NA;NA;NA;NA;NA;NA;NA;NA;NA;NA;NA;NA;NA;NA;OSPEDALE RIMINI;NA;NA;NA;15319
080;080095;2023;26377;2023;080114;041026;25/09/2023;27/09/2023;031;391;M;0;0;2;NA;002;NA;NA;V3000;005;3750;041;001;110;M;08009501;31841322;NA;NA;NA;NA;NA;NA;NA;NA;NA;NA;NA;NA;NA;NA;NA;NA;OSPEDALE RIMINI;NA;NA;NA;16128
080;080095;2023;24046;2023;080114;054044;01/09/2023;03/09/2023;062;391;M;0;0;2;NA;002;NA;NA;7661;005;4240;054;001;100;M;08009501;31841326;NA;NA;NA;NA;NA;9059;8903;NA;NA;NA;NA;NA;NA;NA;NA;NA;OSPEDALE RIMINI;NA;NA;NA;16494
080;080095;2023;24462;2023;080114;041044;06/09/2023;09/09/2023;031;391;M;0;0;3;NA;002;NA;NA;V3000;005;3880;041;001;110;M;08009501;31841329;NA;NA;NA;NA;NA;NA;NA;NA;NA;NA;NA;NA;NA;NA;NA;NA;OSPEDALE RIMINI;NA;NA;NA;16270
080;080095;2023;25138;2023;080114;041044;13/09/2023;15/09/2023;031;391;M;0;0;2;NA;002;NA;NA;V3000;005;3570;041;001;110;M;08009501;31841332;NA;NA;NA;NA;NA;NA;NA;NA;NA;NA;NA;NA;NA;NA;NA;NA;OSPEDALE RIMINI;NA;NA;NA;0
080;080095;2023;24847;2023;080114;041019;11/09/2023;15/09/2023;062;390;M;0;0;4;NA;002;NA;NA;7793;005;3600;041;001;110;M;08009501;31841335;78340;77439;NA;NA;NA;9983;NA;NA;NA;NA;NA;NA;NA;NA;NA;NA;OSPEDALE RIMINI;NA;NA;NA;0
080;080095;2023;26646;2023;080114;041030;28/09/2023;30/09/2023;031;391;M;0;0;2;NA;002;NA;NA;V3000;005;3610;041;001;110;M;08009501;31841340;NA;NA;NA;NA;NA;NA;NA;NA;NA;NA;NA;NA;NA;NA;NA;NA;OSPEDALE RIMINI;NA;NA;NA;15903
080;080902;2024;560148;2024;080902;020072;02/04/2024;06/04/2024;010;052;C;0;180;4;1;002;2769;NA;74900;005;NA;020;001;030;F;080902;31841450;NA;NA;NA;NA;NA;2769;NA;NA;NA;NA;NA;NA;NA;NA;NA;NA;AOSPU OSPEDALI RIUNITI - PR;NA;NA;NA;0
080;080053;2023;188295;2023;080105;037028;11/10/2023;16/10/2023;073;385;M;0;0;5;NA;001;NA;NA;769;005;450;037;001;080;M;08005301;31842469;76411;76523;7615;4160;NA;9672;9921;3899;9053;8871;8872;3892;9396;8744;9915;9904;OSPEDALE MAGGIORE;NA;NA;NA;6834
080;080908;2023;542974;2023;080908;029041;13/10/2023;15/10/2023;031;390;M;0;0;2;NA;002;NA;NA;V3001;005;3325;029;001;050;M;080908;31842529;7750;7852;NA;NA;NA;8903;8965;8903;9509;9059;897;9547;8619;NA;NA;NA;IRCCS AOU BOLOGNA;NA;NA;NA;23529
080;080902;2023;77071;2023;080902;010025;09/09/2023;10/09/2023;039;033;M;0;84;1;NA;002;NA;NA;8500;005;NA;010;001;070;M;080902;31843140;NA;NA;NA;NA;NA;8871;8903;8939;NA;NA;NA;NA;NA;NA;NA;NA;AOSPU OSPEDALI RIUNITI - PR;NA;NA;NA;0
080;080082;2023;806902;2023;080114;048031;28/08/2023;31/08/2023;031;391;M;0;0;3;NA;002;NA;NA;V3000;005;3015;048;001;090;M;080082;31843446;NA;NA;NA;NA;NA;NA;NA;NA;NA;NA;NA;NA;NA;NA;NA;NA;OSPEDALE FAENZA;NA;NA;NA;11368
080;080091;2023;500364;2023;080114;021040;05/01/2023;09/01/2023;031;391;M;0;0;4;NA;002;NA;NA;V3001;005;4040;021;001;041;M;08009101;31843452;NA;NA;NA;NA;NA;NA;NA;NA;NA;NA;NA;NA;NA;NA;NA;NA;OSPEDALE CESENA;NA;NA;NA;14227
080;080908;2023;543344;2023;080908;063023;16/10/2023;18/10/2023;031;391;M;0;0;2;NA;002;NA;NA;V3001;005;3210;063;001;150;M;080908;31843936;7630;NA;NA;NA;NA;8965;8965;8903;9509;9059;897;9547;8619;NA;NA;NA;IRCCS AOU BOLOGNA;NA;NA;NA;23298
080;080908;2023;543672;2023;080908;075088;17/10/2023;23/10/2023;011;171;C;0;286;6;0;002;5421;NA;5600;005;NA;075;001;160;F;080908;31845657;NA;NA;NA;NA;NA;5421;4711;9629;9918;8904;9918;897;NA;NA;NA;NA;IRCCS AOU BOLOGNA;NA;NA;NA;0
080;080053;2023;192084;2023;080105;037006;17/10/2023;19/10/2023;062;511;M;0;0;2;NA;002;NA;NA;94505;005;3295;037;001;080;F;08005301;31845837;NA;NA;NA;NA;NA;9547;9449;897;NA;NA;NA;NA;NA;NA;NA;NA;OSPEDALE MAGGIORE;NA;NA;NA;8315
080;080909;2023;18373;2023;080909;028060;27/09/2023;29/09/2023;031;390;M;0;0;2;NA;002;NA;NA;V3000;005;3735;028;001;050;M;080909;31845857;7609;NA;NA;NA;NA;9501;9541;9059;NA;NA;NA;NA;NA;NA;NA;NA;AOSPU ARCISPEDALE S.ANNA - FE;NA;NA;NA;25837
080;080904;2024;21464;2024;080904;041013;01/08/2024;02/08/2024;036;217;C;0;327;1;0;002;8672;NA;75500;005;NA;041;001;110;F;08090401;31846001;NA;NA;NA;NA;NA;8672;8193;7859;NA;NA;NA;NA;NA;NA;NA;NA;AOSPU POLICLINICO - MO;NA;NA;NA;0
080;080902;2023;579016;2023;080902;034027;23/09/2023;25/09/2023;031;391;M;0;0;2;NA;002;NA;NA;V3000;005;2700;034;001;080;M;080902;31846324;76409;NA;NA;NA;NA;9307;9546;897;8939;8903;NA;NA;NA;NA;NA;NA;AOSPU OSPEDALI RIUNITI - PR;NA;NA;NA;17999
080;080909;2023;16648;2023;080909;029022;01/09/2023;08/09/2023;073;387;M;0;0;7;NA;002;NA;NA;76527;005;2580;029;001;050;F;080909;31846605;7706;7756;7617;7609;NA;9093;9390;8968;8959;9929;3898;8965;9541;8871;9501;NA;AOSPU ARCISPEDALE S.ANNA - FE;NA;NA;NA;24624
080;080091;2023;517840;2023;080114;048013;03/09/2023;05/09/2023;031;391;M;0;0;2;NA;002;NA;NA;V3000;005;2875;048;001;090;M;08009101;31847086;NA;NA;NA;NA;NA;NA;NA;NA;NA;NA;NA;NA;NA;NA;NA;NA;OSPEDALE CESENA;NA;NA;NA;12896
080;080085;2023;16192;2023;080114;042041;25/08/2023;02/09/2023;062;388;M;0;0;8;NA;002;NA;NA;7706;005;2410;042;001;110;F;08008501;31847095;76518;76527;NA;NA;NA;9390;8938;8966;8965;NA;NA;NA;NA;NA;NA;NA;OSPEDALE FORLI';NA;NA;NA;11680
080;080091;2023;519286;2023;080114;041067;22/09/2023;24/09/2023;031;391;M;0;0;2;NA;002;NA;NA;V3000;005;2925;041;001;110;M;08009101;31847101;NA;NA;NA;NA;NA;NA;NA;NA;NA;NA;NA;NA;NA;NA;NA;NA;OSPEDALE CESENA;NA;NA;NA;12944
080;080908;2023;544449;2023;080908;042002;23/10/2023;26/10/2023;008;111;C;0;89;3;2;002;3865;NA;74710;005;NA;042;001;110;M;080908;31858039;NA;NA;NA;NA;NA;3865;3891;3722;8872;8744;8952;8954;NA;NA;NA;NA;IRCCS AOU BOLOGNA;NA;NA;NA;0
080;080909;2023;19700;2023;080909;029033;17/10/2023;19/10/2023;031;391;M;0;0;2;NA;002;NA;NA;V3000;005;3385;029;001;050;F;080909;31858119;NA;NA;NA;NA;NA;9059;9501;9541;NA;NA;NA;NA;NA;NA;NA;NA;AOSPU ARCISPEDALE S.ANNA - FE;NA;NA;NA;25410
080;080908;2023;544282;2023;080908;041029;22/10/2023;14/11/2023;006;108;C;0;0;23;9;002;3562;NA;74510;005;3320;041;001;110;F;080908;31858287;79902;7454;4239;4271;NA;3562;3541;9929;8872;3961;3963;3584;3799;NA;NA;NA;IRCCS AOU BOLOGNA;NA;NA;NA;23519
080;080904;2023;30512;2023;080904;023051;21/10/2023;24/10/2023;031;391;M;0;0;3;NA;002;NA;NA;V3000;005;3950;023;001;050;M;08090401;31858402;NA;NA;NA;NA;NA;NA;NA;NA;NA;NA;NA;NA;NA;NA;NA;NA;AOSPU POLICLINICO - MO;NA;NA;NA;22083
080;080902;2023;567347;2023;080902;019021;14/05/2023;16/05/2023;031;391;M;0;0;2;NA;002;NA;NA;V3000;005;3550;019;001;030;M;080902;31858700;NA;NA;NA;NA;NA;8952;897;8939;8903;9307;9546;NA;NA;NA;NA;NA;AOSPU OSPEDALI RIUNITI - PR;NA;NA;NA;19043
080;080902;2023;562664;2023;080902;034027;23/03/2023;25/03/2023;031;391;M;0;0;2;NA;002;NA;NA;V3000;005;4670;034;001;080;F;080902;31858702;7661;NA;NA;NA;NA;9307;9546;897;8939;8903;NA;NA;NA;NA;NA;NA;AOSPU OSPEDALI RIUNITI - PR;NA;NA;NA;19606
080;080902;2023;553251;2023;080902;020063;05/01/2023;08/01/2023;031;391;M;0;0;3;NA;002;NA;NA;V3001;005;3115;020;001;030;M;080902;31858710;NA;NA;NA;NA;NA;9307;9546;8903;897;8939;NA;NA;NA;NA;NA;NA;AOSPU OSPEDALI RIUNITI - PR;NA;NA;NA;18404
080;080902;2023;574378;2023;080902;019021;28/07/2023;30/07/2023;031;391;M;0;0;2;NA;002;NA;NA;V3000;005;3840;019;001;030;F;080902;31858726;NA;NA;NA;NA;NA;9307;9546;897;8939;8903;NA;NA;NA;NA;NA;NA;AOSPU OSPEDALI RIUNITI - PR;NA;NA;NA;19360
080;080902;2023;570170;2023;080902;019021;12/06/2023;27/06/2023;062;390;M;0;0;15;NA;002;NA;NA;7750;005;3500;019;001;030;F;080902;31858727;NA;NA;NA;NA;NA;8952;9546;9307;8939;897;8903;NA;NA;NA;NA;NA;AOSPU OSPEDALI RIUNITI - PR;NA;NA;NA;18978
080;080902;2023;574501;2023;080902;019057;30/07/2023;01/08/2023;031;391;M;0;0;2;NA;002;NA;NA;V3000;005;3550;019;001;030;F;080902;31858734;NA;NA;NA;NA;NA;9307;9546;8903;897;8939;NA;NA;NA;NA;NA;NA;AOSPU OSPEDALI RIUNITI - PR;NA;NA;NA;19047
080;080908;2023;550993;2023;080908;080039;03/12/2023;24/12/2023;006;578;C;0;41;21;9;002;341;NA;03811;005;NA;080;001;180;F;080908;31859354;99592;78552;99851;V151;7453;341;7841;7861;8872;8952;8744;8954;9917;9921;NA;NA;IRCCS AOU BOLOGNA;NA;NA;NA;22713
080;080908;2023;544464;2023;080908;080039;23/10/2023;16/11/2023;006;110;C;0;0;24;10;002;3885;NA;7453;005;2850;080;001;180;F;080908;31859354;99889;NA;NA;NA;NA;3885;9671;9921;8965;8744;8872;8961;8962;9604;9929;NA;IRCCS AOU BOLOGNA;NA;NA;NA;22713
080;080908;2024;523032;2024;080908;080039;20/05/2024;21/06/2024;006;108;C;0;210;29;9;002;3710;NA;7453;005;NA;080;001;180;F;080908;31859354;7473;74749;99859;1120;NA;3710;3723;8843;3961;3963;3921;8952;8872;8744;NA;NA;IRCCS AOU BOLOGNA;NA;NA;NA;22713
080;080031;2023;8842;2023;080104;020027;24/10/2023;27/10/2023;031;391;M;0;0;3;NA;002;NA;NA;77430;005;3025;020;001;030;F;08003104;31859636;V3000;NA;NA;NA;NA;9983;9542;897;8966;NA;NA;NA;NA;NA;NA;NA;OSPEDALE CARPI;NA;NA;NA;0
080;080091;2023;519586;2023;080114;039007;26/09/2023;29/09/2023;031;391;M;0;0;3;NA;002;NA;NA;V3000;005;2460;039;001;080;M;08009101;31859639;NA;NA;NA;NA;NA;NA;NA;NA;NA;NA;NA;NA;NA;NA;NA;NA;OSPEDALE CESENA;NA;NA;NA;12719
080;080091;2023;517893;2023;080114;020062;04/09/2023;06/09/2023;031;391;M;0;0;2;NA;002;NA;NA;V3000;005;4135;020;001;030;M;08009101;31862521;NA;NA;NA;NA;NA;NA;NA;NA;NA;NA;NA;NA;NA;NA;NA;NA;OSPEDALE CESENA;NA;NA;NA;14264
080;080909;2023;13881;2023;080909;029033;21/07/2023;25/07/2023;073;390;M;0;0;4;NA;002;NA;NA;76529;005;3245;029;001;050;M;080909;31862597;7706;NA;NA;NA;NA;9501;3898;9391;9921;9053;9093;9059;8871;8873;9541;NA;AOSPU ARCISPEDALE S.ANNA - FE;NA;NA;NA;25196
080;080909;2023;16099;2023;080909;999425;23/08/2023;30/08/2023;031;391;M;0;0;7;NA;002;NA;NA;V3001;005;3530;999;001;425;M;080909;31863186;NA;NA;NA;NA;NA;9390;9541;9501;9059;8875;9509;8871;9139;NA;NA;NA;AOSPU ARCISPEDALE S.ANNA - FE;NA;NA;NA;25613
080;080908;2023;545610;2023;080908;015072;30/10/2023;01/11/2023;031;391;M;0;0;2;NA;002;NA;NA;V3001;005;3690;015;001;030;M;080908;31863552;NA;NA;NA;NA;NA;8903;8965;8903;9509;9059;897;9547;8619;NA;NA;NA;IRCCS AOU BOLOGNA;NA;NA;NA;24107
080;080021;2023;540807;2023;080103;999404;10/10/2023;12/10/2023;039;298;M;0;53;2;NA;002;NA;NA;27651;005;NA;999;001;404;M;08002106;31863808;51971;7833;NA;NA;NA;9918;8903;9653;NA;NA;NA;NA;NA;NA;NA;NA;OSPEDALE S.MARIA NUOVA - RE;NA;NA;NA;4060
080;080021;2023;533067;2023;080103;999404;18/08/2023;21/08/2023;031;391;M;0;0;3;NA;002;NA;NA;V3001;005;3368;999;001;404;M;08002106;31863808;NA;NA;NA;NA;NA;8903;NA;NA;NA;NA;NA;NA;NA;NA;NA;NA;OSPEDALE S.MARIA NUOVA - RE;NA;NA;NA;4060
080;080909;2023;16721;2023;080909;999314;02/09/2023;04/09/2023;031;391;M;0;0;2;NA;002;NA;NA;V3000;005;3800;999;001;314;M;080909;31863812;NA;NA;NA;NA;NA;8959;9541;9501;9059;3899;NA;NA;NA;NA;NA;NA;AOSPU ARCISPEDALE S.ANNA - FE;NA;NA;NA;25889
080;080082;2023;807193;2023;080114;999425;08/09/2023;14/09/2023;062;390;M;0;0;6;NA;002;NA;NA;7746;005;3390;999;001;425;M;080082;31863817;5531;NA;NA;NA;NA;9983;9918;3899;9139;897;NA;NA;NA;NA;NA;NA;OSPEDALE FAENZA;NA;NA;NA;11492
080;080095;2023;25838;2023;080114;999404;20/09/2023;23/09/2023;031;391;M;0;0;3;NA;002;NA;NA;V3000;005;2860;999;001;404;F;08009501;31863820;NA;NA;NA;NA;NA;NA;NA;NA;NA;NA;NA;NA;NA;NA;NA;NA;OSPEDALE RIMINI;NA;NA;NA;14680
080;080902;2023;81603;2023;080902;999436;25/09/2023;25/09/2023;039;074;M;0;302;1;NA;005;NA;NA;47875;005;NA;999;001;436;M;080902;31863823;0790;V1204;NA;NA;NA;8744;9394;9039;9033;8906;8939;8903;3894;9923;897;NA;AOSPU OSPEDALI RIUNITI - PR;NA;NA;NA;0
080;080908;2023;536919;2023;080908;999615;04/09/2023;11/09/2023;062;386;M;0;0;7;NA;002;NA;NA;769;005;2665;999;001;615;F;080908;31863830;76419;7885;7793;NA;NA;8901;9390;8744;897;8901;3899;8872;9509;NA;NA;NA;IRCCS AOU BOLOGNA;NA;NA;NA;0
080;080013;2023;11033;2023;080102;019021;03/10/2023;05/10/2023;031;391;M;0;0;2;NA;002;NA;NA;V3000;005;3540;019;001;030;M;08001301;31864822;NA;NA;NA;NA;NA;8965;8905;9307;9546;NA;NA;NA;NA;NA;NA;NA;OSPEDALE FIDENZA;NA;NA;NA;2287
080;080902;2023;579802;2023;080902;020066;01/10/2023;03/10/2023;031;391;M;0;0;2;NA;002;NA;NA;V3000;005;3033;020;001;030;F;080902;31865667;NA;NA;NA;NA;NA;9307;9546;897;8939;8903;NA;NA;NA;NA;NA;NA;AOSPU OSPEDALI RIUNITI - PR;NA;NA;NA;0
080;080095;2023;27982;2023;080114;063002;11/10/2023;14/10/2023;031;391;M;0;0;3;NA;002;NA;NA;V3001;005;3130;063;001;150;F;08009501;31865804;NA;NA;NA;NA;NA;NA;NA;NA;NA;NA;NA;NA;NA;NA;NA;NA;OSPEDALE RIMINI;NA;NA;NA;15040
080;080085;2023;20275;2023;080114;040012;24/10/2023;25/10/2023;039;422;M;0;14;1;NA;005;NA;NA;04321;005;NA;040;001;080;F;08008501;31866177;NA;NA;NA;NA;NA;897;8903;9059;9092;9133;NA;NA;NA;NA;NA;NA;OSPEDALE FORLI';NA;NA;NA;12437
080;080085;2023;19265;2023;080114;040012;10/10/2023;12/10/2023;031;391;M;0;0;2;NA;002;NA;NA;V3001;005;3710;040;001;080;F;08008501;31866177;NA;NA;NA;NA;NA;NA;NA;NA;NA;NA;NA;NA;NA;NA;NA;NA;OSPEDALE FORLI';NA;NA;NA;12437
080;080082;2023;808209;2023;080114;048026;11/10/2023;15/10/2023;062;390;M;0;0;4;NA;002;NA;NA;7741;005;3670;048;001;090;F;080082;31866226;NA;NA;NA;NA;NA;9983;9059;NA;NA;NA;NA;NA;NA;NA;NA;NA;OSPEDALE FAENZA;NA;NA;NA;11575
080;080902;2023;580450;2023;080902;019057;07/10/2023;10/10/2023;031;391;M;0;0;3;NA;002;NA;NA;V3000;005;3720;019;001;030;F;080902;31866376;NA;NA;NA;NA;NA;9307;9546;897;8939;8903;NA;NA;NA;NA;NA;NA;AOSPU OSPEDALI RIUNITI - PR;NA;NA;NA;19257
080;080902;2024;21740;2024;080902;019057;10/03/2024;12/03/2024;039;091;M;0;155;2;NA;002;NA;NA;485;005;NA;019;001;030;F;080902;31866376;0793;NA;NA;NA;NA;9921;3899;9033;8903;8939;9394;9918;897;8929;8966;9039;AOSPU OSPEDALI RIUNITI - PR;NA;NA;NA;19257
080;080004;2023;24526;2023;080101;098019;24/10/2023;27/10/2023;031;391;M;0;0;3;NA;002;NA;NA;V3000;005;2800;098;001;030;M;08000401;31866555;NA;NA;NA;NA;NA;NA;NA;NA;NA;NA;NA;NA;NA;NA;NA;NA;OSPEDALE PIACENZA;NA;NA;NA;0
080;080004;2023;24363;2023;080101;098051;23/10/2023;25/10/2023;031;391;M;0;0;2;NA;002;NA;NA;V3000;005;4250;098;001;030;F;08000401;31866660;NA;NA;NA;NA;NA;NA;NA;NA;NA;NA;NA;NA;NA;NA;NA;NA;OSPEDALE PIACENZA;NA;NA;NA;1715
080;080095;2023;28315;2023;080114;041020;15/10/2023;17/10/2023;031;391;M;0;0;2;NA;002;NA;NA;V3000;005;3590;041;001;110;F;08009501;31866731;NA;NA;NA;NA;NA;NA;NA;NA;NA;NA;NA;NA;NA;NA;NA;NA;OSPEDALE RIMINI;NA;NA;NA;15854
080;080021;2023;541590;2023;080103;034042;15/10/2023;18/10/2023;031;391;M;0;0;3;NA;002;NA;NA;V3000;005;3240;034;001;080;F;08002103;31869127;NA;NA;NA;NA;NA;897;8903;NA;NA;NA;NA;NA;NA;NA;NA;NA;OSPEDALE MONTECCHIO EMILIA;NA;NA;NA;3754
080;080085;2023;19801;2023;080114;040011;18/10/2023;20/10/2023;031;391;M;0;0;2;NA;002;NA;NA;V3000;005;3612;040;001;080;M;08008501;31870691;NA;NA;NA;NA;NA;8903;897;NA;NA;NA;NA;NA;NA;NA;NA;NA;OSPEDALE FORLI';NA;NA;NA;12381
080;080053;2023;204636;2023;080105;037055;05/11/2023;15/11/2023;073;385;M;0;0;10;NA;001;NA;NA;77084;005;830;037;001;080;M;08005301;31872741;78552;76513;7775;7470;03849;3892;9604;9672;9921;9915;8871;8744;9396;9904;9907;NA;OSPEDALE MAGGIORE;NA;NA;NA;6837
080;080902;2023;84221;2023;080902;020066;02/10/2023;04/10/2023;039;070;M;0;104;2;NA;002;NA;NA;4659;005;NA;020;001;030;F;080902;31872968;8500;NA;NA;NA;NA;9394;8903;9039;897;9033;8939;NA;NA;NA;NA;NA;AOSPU OSPEDALI RIUNITI - PR;NA;NA;NA;0
080;080053;2023;205375;2023;080105;067041;06/11/2023;08/11/2023;031;391;M;0;0;2;NA;002;NA;NA;V3000;005;2970;067;001;130;F;08005301;31873665;NA;NA;NA;NA;NA;897;NA;NA;NA;NA;NA;NA;NA;NA;NA;NA;OSPEDALE MAGGIORE;NA;NA;NA;7465
080;080909;2023;21140;2023;080909;029033;06/11/2023;09/11/2023;031;391;M;0;0;3;NA;002;NA;NA;V3000;005;3670;029;001;050;F;080909;31873694;NA;NA;NA;NA;NA;9501;9541;9059;NA;NA;NA;NA;NA;NA;NA;NA;AOSPU ARCISPEDALE S.ANNA - FE;NA;NA;NA;25775
080;080908;2023;546560;2024;080908;109017;06/11/2023;02/01/2024;006;108;C;0;0;57;14;002;3584;NA;74510;005;3340;109;001;110;F;080908;31873758;79902;03819;99832;4289;4230;3584;9604;3541;3962;3961;3963;370;9921;9396;8879;8913;IRCCS AOU BOLOGNA;NA;NA;NA;0
080;080021;2023;541468;2023;080103;017029;14/10/2023;19/10/2023;039;322;M;0;59;5;NA;002;NA;NA;5990;005;NA;017;001;030;F;08002106;31874078;7920;V759;1120;NA;NA;9921;9922;9918;8876;9132;8903;9059;9099;9039;3899;8929;OSPEDALE S.MARIA NUOVA - RE;NA;NA;NA;0
080;080960;2023;17554;2023;080960;078001;06/12/2023;09/12/2023;036;225;C;0;54;3;1;002;8384;NA;75470;005;NA;078;001;180;M;080960;31875744;NA;NA;NA;NA;NA;8384;8384;NA;NA;NA;NA;NA;NA;NA;NA;NA;IRCCS - ISTITUTO ORTOPEDICO RIZZOLI;NA;NA;NA;0
080;080004;2023;22580;2023;080101;098019;03/10/2023;06/10/2023;031;391;M;0;0;3;NA;002;NA;NA;V3000;005;3370;098;001;030;M;08000401;31875939;NA;NA;NA;NA;NA;9503;8872;NA;NA;NA;NA;NA;NA;NA;NA;NA;OSPEDALE PIACENZA;NA;NA;NA;1036
080;080004;2023;23438;2023;080101;098049;13/10/2023;15/10/2023;031;391;M;0;0;2;NA;002;NA;NA;V3000;005;3180;098;001;030;M;08000401;31875944;NA;NA;NA;NA;NA;NA;NA;NA;NA;NA;NA;NA;NA;NA;NA;NA;OSPEDALE PIACENZA;NA;NA;NA;714
080;080004;2023;24261;2023;080101;098047;22/10/2023;26/10/2023;031;391;M;0;0;4;NA;002;NA;NA;V3000;005;3470;098;001;030;F;08000401;31875946;NA;NA;NA;NA;NA;NA;NA;NA;NA;NA;NA;NA;NA;NA;NA;NA;OSPEDALE PIACENZA;NA;NA;NA;1181
080;080004;2023;23657;2023;080101;098010;15/10/2023;18/10/2023;031;391;M;0;0;3;NA;002;NA;NA;V3000;005;2750;098;001;030;M;08000401;31875947;NA;NA;NA;NA;NA;NA;NA;NA;NA;NA;NA;NA;NA;NA;NA;NA;OSPEDALE PIACENZA;NA;NA;NA;222
080;080096;2023;11950;2023;080104;019025;16/12/2023;18/12/2023;039;422;M;0;64;2;NA;002;NA;NA;7806;005;NA;019;001;030;M;080096;31875953;04321;NA;NA;NA;NA;9033;NA;NA;NA;NA;NA;NA;NA;NA;NA;NA;OSPEDALE CIVILE DI SASSUOLO S.P.A.;NA;NA;NA;0
080;080004;2023;23523;2023;080101;019025;13/10/2023;16/10/2023;031;391;M;0;0;3;NA;002;NA;NA;V3000;005;3010;019;001;030;M;08000401;31875953;NA;NA;NA;NA;NA;9503;NA;NA;NA;NA;NA;NA;NA;NA;NA;NA;OSPEDALE PIACENZA;NA;NA;NA;0
080;080004;2023;24847;2023;080101;098043;28/10/2023;30/10/2023;031;391;M;0;0;2;NA;002;NA;NA;V3000;005;3520;098;001;030;M;08000401;31875956;NA;NA;NA;NA;NA;NA;NA;NA;NA;NA;NA;NA;NA;NA;NA;NA;OSPEDALE PIACENZA;NA;NA;NA;1265
080;080004;2023;24271;2023;080101;098029;22/10/2023;24/10/2023;031;391;M;0;0;2;NA;002;NA;NA;V3000;005;3480;098;001;030;M;08000401;31875957;NA;NA;NA;NA;NA;NA;NA;NA;NA;NA;NA;NA;NA;NA;NA;NA;OSPEDALE PIACENZA;NA;NA;NA;1196
080;080004;2023;22796;2023;080101;098042;05/10/2023;07/10/2023;031;391;M;0;0;2;NA;002;NA;NA;V3000;005;3080;098;001;030;M;08000401;31875958;75251;NA;NA;NA;NA;9503;NA;NA;NA;NA;NA;NA;NA;NA;NA;NA;OSPEDALE PIACENZA;NA;NA;NA;575
080;080004;2023;23490;2023;080101;098010;13/10/2023;16/10/2023;031;391;M;0;0;3;NA;002;NA;NA;V3001;005;3470;098;001;030;M;08000401;31875961;NA;NA;NA;NA;NA;NA;NA;NA;NA;NA;NA;NA;NA;NA;NA;NA;OSPEDALE PIACENZA;NA;NA;NA;1180
080;080004;2023;22119;2023;080101;014037;28/09/2023;01/10/2023;031;391;M;0;0;3;NA;002;NA;NA;V3000;005;3450;014;001;030;M;08000401;31875963;NA;NA;NA;NA;NA;8871;9503;NA;NA;NA;NA;NA;NA;NA;NA;NA;OSPEDALE PIACENZA;NA;NA;NA;1151
080;080004;2023;22988;2023;080101;018153;08/10/2023;12/10/2023;031;391;M;0;0;4;NA;002;NA;NA;V3001;005;3444;018;001;030;M;08000401;31875964;NA;NA;NA;NA;NA;NA;NA;NA;NA;NA;NA;NA;NA;NA;NA;NA;OSPEDALE PIACENZA;NA;NA;NA;0
080;080004;2024;6989;2024;080101;098014;20/03/2024;24/03/2024;039;322;M;0;173;4;NA;002;NA;NA;5990;005;NA;098;001;030;M;08000401;31875965;0414;NA;NA;NA;NA;9918;9921;8875;NA;NA;NA;NA;NA;NA;NA;NA;OSPEDALE PIACENZA;NA;NA;NA;1195
080;080004;2024;135;2024;080101;098014;02/01/2024;05/01/2024;039;322;M;0;95;3;NA;002;NA;NA;5990;005;NA;098;001;030;M;08000401;31875965;0414;NA;NA;NA;NA;9921;8875;NA;NA;NA;NA;NA;NA;NA;NA;NA;OSPEDALE PIACENZA;NA;NA;NA;1195
080;080004;2023;22275;2023;080101;098014;29/09/2023;01/10/2023;031;391;M;0;0;2;NA;002;NA;NA;V3000;005;3480;098;001;030;M;08000401;31875965;NA;NA;NA;NA;NA;NA;NA;NA;NA;NA;NA;NA;NA;NA;NA;NA;OSPEDALE PIACENZA;NA;NA;NA;1195
080;080004;2023;22486;2023;080101;098013;02/10/2023;06/10/2023;031;391;M;0;0;4;NA;002;NA;NA;V3001;005;3190;098;001;030;M;08000401;31875966;NA;NA;NA;NA;NA;NA;NA;NA;NA;NA;NA;NA;NA;NA;NA;NA;OSPEDALE PIACENZA;NA;NA;NA;725
080;080004;2023;23543;2023;080101;098010;13/10/2023;16/10/2023;031;391;M;0;0;3;NA;002;NA;NA;V3000;005;3370;098;001;030;F;08000401;31875967;NA;NA;NA;NA;NA;NA;NA;NA;NA;NA;NA;NA;NA;NA;NA;NA;OSPEDALE PIACENZA;NA;NA;NA;1037
080;080004;2023;22554;2023;080101;098019;03/10/2023;07/10/2023;031;391;M;0;0;4;NA;002;NA;NA;V3001;005;3900;098;001;030;M;08000401;31875970;NA;NA;NA;NA;NA;NA;NA;NA;NA;NA;NA;NA;NA;NA;NA;NA;OSPEDALE PIACENZA;NA;NA;NA;1614
080;080004;2023;23037;2023;080101;087023;09/10/2023;12/10/2023;039;074;M;0;301;3;NA;002;NA;NA;38910;005;NA;087;001;190;F;08000401;31875972;NA;NA;NA;NA;NA;8891;8871;8704;9541;8906;NA;NA;NA;NA;NA;NA;OSPEDALE PIACENZA;NA;NA;NA;0
080;080004;2023;22777;2023;080101;018020;05/10/2023;08/10/2023;031;391;M;0;0;3;NA;002;NA;NA;V3001;005;3310;018;001;030;F;08000401;31875976;NA;NA;NA;NA;NA;NA;NA;NA;NA;NA;NA;NA;NA;NA;NA;NA;OSPEDALE PIACENZA;NA;NA;NA;937
080;080004;2023;22324;2023;080101;098019;29/09/2023;02/10/2023;031;391;M;0;0;3;NA;002;NA;NA;V3000;005;3050;098;001;030;M;08000401;31875978;NA;NA;NA;NA;NA;NA;NA;NA;NA;NA;NA;NA;NA;NA;NA;NA;OSPEDALE PIACENZA;NA;NA;NA;532
080;080095;2023;28598;2023;080114;041026;18/10/2023;20/10/2023;062;391;M;0;0;2;NA;002;NA;NA;7661;005;3930;041;001;110;F;08009501;31876059;NA;NA;NA;NA;NA;9059;NA;NA;NA;NA;NA;NA;NA;NA;NA;NA;OSPEDALE RIMINI;NA;NA;NA;16319
080;080095;2023;29878;2023;080114;041026;01/11/2023;03/11/2023;062;432;M;0;14;2;NA;002;NA;NA;30750;005;NA;041;001;110;F;08009501;31876059;78340;NA;NA;NA;NA;9059;NA;NA;NA;NA;NA;NA;NA;NA;NA;NA;OSPEDALE RIMINI;NA;NA;NA;16319
080;080095;2023;28240;2023;080114;041044;14/10/2023;19/10/2023;039;070;M;0;281;5;NA;002;NA;NA;38300;005;NA;041;001;110;F;08009501;31876061;NA;NA;NA;NA;NA;9921;897;9059;8906;NA;NA;NA;NA;NA;NA;NA;OSPEDALE RIMINI;NA;NA;NA;0
080;080095;2023;27389;2023;080114;042010;06/10/2023;07/10/2023;031;391;M;0;0;1;NA;002;NA;NA;V3000;005;3810;042;001;110;M;08009501;31876065;NA;NA;NA;NA;NA;NA;NA;NA;NA;NA;NA;NA;NA;NA;NA;NA;OSPEDALE RIMINI;NA;NA;NA;16195
080;080095;2023;27726;2023;080114;041020;09/10/2023;15/10/2023;031;391;M;0;0;6;NA;002;NA;NA;V3000;005;3575;041;001;110;F;08009501;31876068;NA;NA;NA;NA;NA;NA;NA;NA;NA;NA;NA;NA;NA;NA;NA;NA;OSPEDALE RIMINI;NA;NA;NA;15831
080;080095;2023;28307;2023;080114;042002;15/10/2023;17/10/2023;031;391;M;0;0;2;NA;002;NA;NA;V3000;005;3785;042;001;110;F;08009501;31876069;NA;NA;NA;NA;NA;NA;NA;NA;NA;NA;NA;NA;NA;NA;NA;NA;OSPEDALE RIMINI;NA;NA;NA;16164
080;080095;2023;29475;2023;080114;041025;27/10/2023;29/10/2023;031;391;M;0;0;2;NA;002;NA;NA;V3000;005;2910;041;001;110;F;08009501;31876071;NA;NA;NA;NA;NA;NA;NA;NA;NA;NA;NA;NA;NA;NA;NA;NA;OSPEDALE RIMINI;NA;NA;NA;14729
080;080095;2023;27004;2023;080114;071051;02/10/2023;05/10/2023;031;391;M;0;0;3;NA;002;NA;NA;V3001;005;3710;071;001;160;M;08009501;31876076;NA;NA;NA;NA;NA;NA;NA;NA;NA;NA;NA;NA;NA;NA;NA;NA;OSPEDALE RIMINI;NA;NA;NA;16076
080;080095;2023;28857;2023;080114;042002;20/10/2023;23/10/2023;031;391;M;0;0;3;NA;002;NA;NA;V3000;005;2880;042;001;110;M;08009501;31876080;NA;NA;NA;NA;NA;NA;NA;NA;NA;NA;NA;NA;NA;NA;NA;NA;OSPEDALE RIMINI;NA;NA;NA;14697
080;080095;2023;28104;2023;080114;042045;13/10/2023;16/10/2023;062;390;M;0;0;3;NA;002;NA;NA;7764;005;3630;042;001;110;F;08009501;31876086;7824;NA;NA;NA;NA;9901;9983;8744;9059;8901;8871;NA;NA;NA;NA;NA;OSPEDALE RIMINI;NA;NA;NA;15936
080;080095;2023;28830;2023;080114;041010;17/10/2023;20/10/2023;031;391;M;0;0;3;NA;002;NA;NA;V3001;005;3480;041;001;110;F;08009501;31876088;NA;NA;NA;NA;NA;NA;NA;NA;NA;NA;NA;NA;NA;NA;NA;NA;OSPEDALE RIMINI;NA;NA;NA;15666
080;080095;2023;28587;2023;080114;041057;18/10/2023;20/10/2023;062;390;M;0;0;2;NA;002;NA;NA;76419;005;2820;041;001;110;M;08009501;31876089;NA;NA;NA;NA;NA;9059;NA;NA;NA;NA;NA;NA;NA;NA;NA;NA;OSPEDALE RIMINI;NA;NA;NA;14646
080;080095;2023;29595;2023;080114;041010;27/10/2023;29/10/2023;062;137;M;0;0;2;NA;002;NA;NA;7454;005;3475;041;001;110;M;08009501;31876090;NA;NA;NA;NA;NA;8872;8903;8952;NA;NA;NA;NA;NA;NA;NA;NA;OSPEDALE RIMINI;NA;NA;NA;0
080;080095;2023;26998;2023;080114;070078;02/10/2023;05/10/2023;031;391;M;0;0;3;NA;002;NA;NA;V3001;005;3270;070;001;140;M;08009501;31876097;NA;NA;NA;NA;NA;NA;NA;NA;NA;NA;NA;NA;NA;NA;NA;NA;OSPEDALE RIMINI;NA;NA;NA;15277
080;080095;2023;28961;2023;080114;041044;22/10/2023;24/10/2023;031;391;M;0;0;2;NA;002;NA;NA;V3000;005;3785;041;001;110;F;08009501;31876098;NA;NA;NA;NA;NA;NA;NA;NA;NA;NA;NA;NA;NA;NA;NA;NA;OSPEDALE RIMINI;NA;NA;NA;16165
080;080095;2023;28710;2023;080114;041044;19/10/2023;24/10/2023;062;388;M;0;0;5;NA;002;NA;NA;7706;005;2060;041;001;110;F;08009501;31876100;76528;76517;NA;NA;NA;8871;9059;NA;NA;NA;NA;NA;NA;NA;NA;NA;OSPEDALE RIMINI;NA;NA;NA;14383
080;080095;2023;28711;2023;080114;041044;19/10/2023;24/10/2023;062;388;M;0;0;5;NA;002;NA;NA;76518;005;2290;041;001;110;M;08009501;31876101;76528;NA;NA;NA;NA;9059;NA;NA;NA;NA;NA;NA;NA;NA;NA;NA;OSPEDALE RIMINI;NA;NA;NA;14404
080;080095;2023;28234;2023;080114;041013;14/10/2023;16/10/2023;062;137;M;0;0;2;NA;002;NA;NA;7454;005;2860;041;001;110;M;08009501;31876104;NA;NA;NA;NA;NA;8872;9059;8952;NA;NA;NA;NA;NA;NA;NA;NA;OSPEDALE RIMINI;NA;NA;NA;14681
080;080095;2023;27688;2023;080114;032006;09/10/2023;12/10/2023;062;137;M;0;0;3;NA;002;NA;NA;7454;005;2800;032;001;060;F;08009501;31876107;NA;NA;NA;NA;NA;8872;NA;NA;NA;NA;NA;NA;NA;NA;NA;NA;OSPEDALE RIMINI;NA;NA;NA;0
080;080909;2023;23398;2023;080909;029010;08/12/2023;18/12/2023;073;389;M;0;92;10;NA;002;NA;NA;77083;005;NA;029;001;050;M;080909;31876719;7452;7580;7793;27651;NA;8966;9059;9093;9099;8871;8744;8872;8968;9929;8959;NA;AOSPU ARCISPEDALE S.ANNA - FE;NA;NA;NA;24467
080;080909;2023;17071;2023;080909;029010;07/09/2023;07/11/2023;073;387;M;0;0;61;NA;002;NA;NA;76526;005;1400;029;001;050;M;080909;31876719;76415;7452;7580;7706;3892;3893;9390;9983;8875;9339;9391;9635;8872;9929;9541;NA;AOSPU ARCISPEDALE S.ANNA - FE;NA;NA;NA;24467
080;080909;2024;2875;2024;080909;029010;13/02/2024;13/02/2024;039;137;M;0;159;1;NA;006;NA;NA;7452;005;NA;029;001;050;M;080909;31876719;79902;NA;NA;NA;NA;8903;897;8959;9032;3899;9092;9396;NA;NA;NA;NA;AOSPU ARCISPEDALE S.ANNA - FE;NA;NA;NA;24467
080;080908;2024;512143;2024;080908;029010;12/03/2024;22/03/2024;006;108;C;0;187;10;2;002;3581;NA;7452;005;NA;029;001;050;M;080908;31876719;7580;99811;99889;NA;NA;3581;3962;3963;3961;3998;8872;8952;8744;NA;NA;NA;IRCCS AOU BOLOGNA;NA;NA;NA;24467
080;080908;2024;507616;2024;080908;029010;13/02/2024;01/03/2024;006;156;C;0;159;17;10;002;537;NA;5533;005;NA;029;001;050;M;080908;31876719;7452;7580;9972;44422;NA;537;9929;9671;8872;8962;8961;8744;8954;9919;NA;NA;IRCCS AOU BOLOGNA;NA;NA;NA;24467
080;080031;2023;9374;2023;080104;012050;09/11/2023;12/11/2023;031;391;M;0;0;3;NA;002;NA;NA;V3001;005;2570;012;001;030;F;08003104;31877022;76409;NA;NA;NA;NA;9542;897;8966;NA;NA;NA;NA;NA;NA;NA;NA;OSPEDALE CARPI;NA;NA;NA;5192
080;080031;2023;9437;2023;080104;020039;11/11/2023;14/11/2023;031;391;M;0;0;3;NA;002;NA;NA;V3001;005;3700;020;001;030;M;08003104;31877839;NA;NA;NA;NA;NA;8965;897;9542;NA;NA;NA;NA;NA;NA;NA;NA;OSPEDALE CARPI;NA;NA;NA;5928
080;080908;2023;552602;2023;080908;058091;14/12/2023;28/12/2023;006;108;C;0;31;14;5;002;3710;NA;74720;005;NA;058;001;120;F;080908;31878634;74609;NA;NA;NA;NA;3710;3845;3961;3963;3956;8872;8744;8954;NA;NA;NA;IRCCS AOU BOLOGNA;NA;NA;NA;22875
080;080908;2023;547670;2023;080908;058091;13/11/2023;25/11/2023;073;386;M;0;0;12;NA;002;NA;NA;769;005;2975;058;001;120;F;080908;31878634;7464;74600;7746;7750;7603;897;3893;9390;9915;9929;9053;8872;8901;8906;897;9983;IRCCS AOU BOLOGNA;NA;NA;NA;22875
080;080021;2023;542216;2023;080103;020066;18/10/2023;20/10/2023;062;298;M;0;4;2;NA;002;NA;NA;27651;005;NA;020;001;030;F;08002106;31879086;NA;NA;NA;NA;NA;8903;NA;NA;NA;NA;NA;NA;NA;NA;NA;NA;OSPEDALE S.MARIA NUOVA - RE;NA;NA;NA;4238
080;080021;2023;541488;2023;080103;020066;14/10/2023;17/10/2023;031;391;M;0;0;3;NA;002;NA;NA;V3000;005;3450;020;001;030;F;08002106;31879086;NA;NA;NA;NA;NA;8903;NA;NA;NA;NA;NA;NA;NA;NA;NA;NA;OSPEDALE S.MARIA NUOVA - RE;NA;NA;NA;4238
080;080021;2023;538421;2023;080103;019021;26/09/2023;28/09/2023;031;391;M;0;0;2;NA;002;NA;NA;V3000;005;2830;019;001;030;F;08002106;31879245;NA;NA;NA;NA;NA;897;NA;NA;NA;NA;NA;NA;NA;NA;NA;NA;OSPEDALE S.MARIA NUOVA - RE;NA;NA;NA;2982
080;080909;2023;21670;2023;080909;017170;14/11/2023;17/11/2023;073;389;M;0;0;3;NA;002;NA;NA;76529;005;3090;017;001;030;F;080909;31879835;77189;NA;NA;NA;NA;9501;9093;9921;9053;9059;3898;9546;8871;9541;NA;NA;AOSPU ARCISPEDALE S.ANNA - FE;NA;NA;NA;24986
080;080909;2024;363;2024;080909;017170;07/01/2024;09/01/2024;039;322;M;0;54;2;NA;002;NA;NA;5990;005;NA;017;001;030;F;080909;31879835;27651;NA;NA;NA;NA;8903;9382;8959;9918;9921;9132;NA;NA;NA;NA;NA;AOSPU ARCISPEDALE S.ANNA - FE;NA;NA;NA;24986
080;080082;2023;808206;2023;080114;102047;11/10/2023;13/10/2023;031;391;M;0;0;2;NA;002;NA;NA;V3000;005;3785;102;001;180;F;080082;31879880;NA;NA;NA;NA;NA;NA;NA;NA;NA;NA;NA;NA;NA;NA;NA;NA;OSPEDALE FAENZA;NA;NA;NA;11602
080;080902;2023;109145;2023;080902;020066;21/12/2023;24/12/2023;039;139;M;0;94;3;NA;002;NA;NA;4270;005;NA;020;001;030;M;080902;31880063;0796;V0700;NA;NA;NA;8872;8952;9918;8903;897;8744;8952;9033;3899;8952;NA;AOSPU OSPEDALI RIUNITI - PR;NA;NA;NA;0
080;080908;2023;548791;2023;080908;046007;19/11/2023;21/11/2023;062;390;M;0;3;2;NA;002;NA;NA;77081;005;NA;046;001;090;F;080908;31880601;NA;NA;NA;NA;NA;897;8914;8901;8952;897;8871;3899;NA;NA;NA;NA;IRCCS AOU BOLOGNA;NA;NA;NA;0
080;080908;2023;548317;2023;080908;046007;16/11/2023;18/11/2023;031;391;M;0;0;2;NA;002;NA;NA;V3001;005;3680;046;001;090;F;080908;31880601;NA;NA;NA;NA;NA;9396;9396;8965;8903;9509;9059;897;9547;8619;NA;NA;IRCCS AOU BOLOGNA;NA;NA;NA;0
080;080031;2023;9565;2023;080104;036004;15/11/2023;17/11/2023;031;391;M;0;0;2;NA;002;NA;NA;V3000;005;3105;036;001;080;M;08003104;31881127;NA;NA;NA;NA;NA;8875;9542;8965;897;NA;NA;NA;NA;NA;NA;NA;OSPEDALE CARPI;NA;NA;NA;5446
080;080091;2023;520752;2023;080114;043044;11/10/2023;13/10/2023;031;391;M;0;0;2;NA;002;NA;NA;V3000;005;3285;043;001;110;M;08009101;31881133;NA;NA;NA;NA;NA;NA;NA;NA;NA;NA;NA;NA;NA;NA;NA;NA;OSPEDALE CESENA;NA;NA;NA;13376
080;080085;2023;19042;2023;080114;041014;06/10/2023;09/10/2023;031;391;M;0;0;3;NA;002;NA;NA;V3001;005;4048;041;001;110;M;08008501;31881140;NA;NA;NA;NA;NA;8903;897;NA;NA;NA;NA;NA;NA;NA;NA;NA;OSPEDALE FORLI';NA;NA;NA;12567
080;080004;2023;22756;2023;080101;098013;05/10/2023;11/10/2023;062;386;M;0;0;6;NA;002;NA;NA;769;005;3500;098;001;030;F;08000401;31881152;77189;7686;NA;NA;NA;8744;9390;3892;9921;9059;NA;NA;NA;NA;NA;NA;OSPEDALE PIACENZA;NA;NA;NA;1230
080;080908;2024;509862;2024;080908;067044;27/02/2024;29/02/2024;039;184;M;0;197;2;NA;002;NA;NA;22804;005;NA;067;001;130;M;080908;31881549;75015;NA;NA;NA;NA;897;9929;8903;897;8897;8894;NA;NA;NA;NA;NA;IRCCS AOU BOLOGNA;NA;NA;NA;0
080;080909;2023;21905;2023;080909;029046;16/11/2023;22/11/2023;073;390;M;0;0;6;NA;002;NA;NA;7706;005;3065;029;001;050;M;080909;31881593;7746;76529;NA;NA;NA;9052;3898;8965;8873;8959;9391;9983;9541;9501;8871;NA;AOSPU ARCISPEDALE S.ANNA - FE;NA;NA;NA;24951
080;080053;2023;211798;2023;080105;015146;16/11/2023;18/11/2023;031;391;M;0;0;2;NA;002;NA;NA;V3000;005;2730;015;001;030;F;08005301;31881663;NA;NA;NA;NA;NA;897;NA;NA;NA;NA;NA;NA;NA;NA;NA;NA;OSPEDALE MAGGIORE;NA;NA;NA;7145
080;080908;2023;548449;2023;080908;054052;16/11/2023;20/11/2023;031;390;M;0;0;4;NA;002;NA;NA;V3000;005;3020;054;001;100;F;080908;31881712;74720;NA;NA;NA;NA;8903;8903;8965;9059;9509;897;9547;8619;8872;NA;NA;IRCCS AOU BOLOGNA;NA;NA;NA;22950
050;050509;2023;19714788;2023;050509;033026;18/07/2023;21/07/2023;031;391;M;0;0;3;NA;002;NA;NA;V3000;005;3306;033;001;080;F;05050905;31882117;NA;NA;NA;NA;NA;NA;NA;NA;NA;NA;NA;NA;NA;NA;NA;NA;NON DEFINITO;NA;NA;NA;0
080;080072;2023;23021;2023;080114;039014;28/10/2023;31/10/2023;031;391;M;0;0;3;NA;002;NA;NA;V3001;005;2760;039;001;080;F;080072;31883216;NA;NA;NA;NA;NA;NA;NA;NA;NA;NA;NA;NA;NA;NA;NA;NA;OSPEDALE RAVENNA;NA;NA;NA;10152
080;080072;2023;19304;2023;080114;017182;09/09/2023;11/10/2023;073;387;M;0;0;32;NA;002;NA;NA;77084;005;1625;017;001;030;M;080072;31883220;76525;7793;76516;NA;NA;9390;3892;9929;9915;8744;8872;8871;9059;9511;NA;NA;OSPEDALE RAVENNA;NA;NA;NA;10000
080;080004;2023;20474;2023;080101;999619;07/09/2023;17/10/2023;062;386;M;0;0;40;NA;002;NA;NA;769;005;1170;999;001;619;F;08000401;31891644;76514;7766;77081;7455;7793;9390;8744;3892;966;9915;9921;8872;9059;8871;NA;NA;OSPEDALE PIACENZA;NA;NA;NA;2
080;080908;2023;549081;2023;080908;041071;21/11/2023;16/12/2023;049;110;C;0;0;25;14;001;3845;NA;7467;005;3345;041;001;110;M;080908;31891747;4289;486;51881;NA;NA;3845;9929;3541;3893;3999;3541;9962;9929;9929;3893;9672;IRCCS AOU BOLOGNA;NA;NA;NA;0
080;080095;2023;29398;2023;080114;041013;26/10/2023;29/10/2023;062;390;M;0;0;3;NA;002;NA;NA;7602;005;3220;041;001;110;M;08009501;31892620;V0185;NA;NA;NA;NA;9059;8903;9059;NA;NA;NA;NA;NA;NA;NA;NA;OSPEDALE RIMINI;NA;NA;NA;0
080;080095;2024;394;2024;080114;041013;04/01/2024;06/01/2024;039;284;M;0;70;2;NA;002;NA;NA;22801;005;NA;041;001;110;M;08009501;31892620;NA;NA;NA;NA;NA;8961;8903;897;NA;NA;NA;NA;NA;NA;NA;NA;OSPEDALE RIMINI;NA;NA;NA;0
080;080908;2023;549372;2023;080908;037006;22/11/2023;24/11/2023;031;391;M;0;0;2;NA;002;NA;NA;V3000;005;3310;037;001;080;M;080908;31893134;NA;NA;NA;NA;NA;8903;8965;8903;9509;9059;897;9547;8619;NA;NA;NA;IRCCS AOU BOLOGNA;NA;NA;NA;23501
080;080053;2023;302764;2023;080105;050008;22/11/2023;24/11/2023;031;391;M;0;0;2;NA;002;NA;NA;V3000;005;3350;050;001;090;M;08005301;31893232;NA;NA;NA;NA;NA;897;NA;NA;NA;NA;NA;NA;NA;NA;NA;NA;OSPEDALE MAGGIORE;NA;NA;NA;8460
080;080909;2023;22241;2023;080909;029033;22/11/2023;24/11/2023;031;391;M;0;0;2;NA;002;NA;NA;V3000;005;3085;029;001;050;M;080909;31893247;NA;NA;NA;NA;NA;9501;9541;9059;NA;NA;NA;NA;NA;NA;NA;NA;AOSPU ARCISPEDALE S.ANNA - FE;NA;NA;NA;24979
080;080053;2023;184442;2023;080105;999216;06/10/2023;07/10/2023;031;391;M;0;0;1;NA;002;NA;NA;V3000;005;3735;999;001;216;M;08005301;31893260;NA;NA;NA;NA;NA;897;NA;NA;NA;NA;NA;NA;NA;NA;NA;NA;OSPEDALE MAGGIORE;NA;NA;NA;9317
080;080960;2024;5559;2024;080960;090045;14/04/2024;16/04/2024;036;225;C;0;178;2;1;002;7758;NA;75501;005;NA;090;001;200;F;080960;31893868;75502;NA;NA;NA;NA;7758;8282;8282;7758;NA;NA;NA;NA;NA;NA;NA;IRCCS - ISTITUTO ORTOPEDICO RIZZOLI;NA;NA;NA;0
080;080909;2023;22400;2023;080909;029033;23/11/2023;26/11/2023;031;390;M;0;0;3;NA;002;NA;NA;V3000;005;3565;029;001;050;F;080909;31894168;7609;NA;NA;NA;NA;9501;9541;9059;NA;NA;NA;NA;NA;NA;NA;NA;AOSPU ARCISPEDALE S.ANNA - FE;NA;NA;NA;25666
080;080904;2023;34213;2023;080904;029001;24/11/2023;26/11/2023;031;391;M;0;0;2;NA;002;NA;NA;V3000;005;3330;029;001;050;M;08090401;31894242;NA;NA;NA;NA;NA;NA;NA;NA;NA;NA;NA;NA;NA;NA;NA;NA;AOSPU POLICLINICO - MO;NA;NA;NA;0
080;080908;2023;544586;2023;080908;999615;24/10/2023;27/10/2023;062;390;M;0;23;3;NA;002;NA;NA;7778;005;NA;999;001;615;F;080908;31894992;04331;NA;NA;NA;NA;9984;9984;3899;897;8876;8901;9053;9092;9059;8819;8906;IRCCS AOU BOLOGNA;NA;NA;NA;22457
080;080908;2023;541077;2023;080908;999615;01/10/2023;06/10/2023;031;391;M;0;0;5;NA;002;NA;NA;V3001;005;2485;999;001;615;F;080908;31894992;NA;NA;NA;NA;NA;8903;8965;8903;9509;9059;897;9547;8619;NA;NA;NA;IRCCS AOU BOLOGNA;NA;NA;NA;22457
080;080909;2023;22558;2023;080909;029033;26/11/2023;28/11/2023;031;391;M;0;0;2;NA;002;NA;NA;V3000;005;3170;029;001;050;M;080909;31895331;NA;NA;NA;NA;NA;9501;9059;9541;NA;NA;NA;NA;NA;NA;NA;NA;AOSPU ARCISPEDALE S.ANNA - FE;NA;NA;NA;25089
080;080031;2023;6763;2023;080104;999360;16/08/2023;19/08/2023;031;391;M;0;0;3;NA;002;NA;NA;V3000;005;2970;999;001;360;F;08003104;31895894;77430;7793;NA;NA;NA;897;9983;8965;NA;NA;NA;NA;NA;NA;NA;NA;OSPEDALE CARPI;NA;NA;NA;0
080;080053;2023;149344;2023;080105;072011;12/08/2023;16/08/2023;062;391;M;0;0;4;NA;002;NA;NA;7661;005;4080;072;001;160;M;08005301;31897287;NA;NA;NA;NA;NA;897;NA;NA;NA;NA;NA;NA;NA;NA;NA;NA;OSPEDALE MAGGIORE;NA;NA;NA;9775
080;080004;2023;23599;2023;080101;999404;14/10/2023;17/10/2023;031;391;M;0;0;3;NA;002;NA;NA;V3000;005;3510;999;001;404;F;08000401;31897713;NA;NA;NA;NA;NA;NA;NA;NA;NA;NA;NA;NA;NA;NA;NA;NA;OSPEDALE PIACENZA;NA;NA;NA;1245
080;080004;2023;24068;2023;080101;999201;19/10/2023;25/10/2023;062;389;M;0;0;6;NA;002;NA;NA;77189;005;3750;999;001;201;M;08000401;31897714;77430;NA;NA;NA;NA;9921;9059;9983;8871;9503;NA;NA;NA;NA;NA;NA;OSPEDALE PIACENZA;NA;NA;NA;1507
080;080004;2023;27256;2023;080101;999404;25/11/2023;28/11/2023;039;298;M;0;35;3;NA;002;NA;NA;27651;005;NA;999;001;404;M;08000401;31897715;0088;NA;NA;NA;NA;9921;9918;NA;NA;NA;NA;NA;NA;NA;NA;NA;OSPEDALE PIACENZA;NA;NA;NA;562
080;080004;2023;24206;2023;080101;999404;21/10/2023;24/10/2023;031;391;M;0;0;3;NA;002;NA;NA;V3000;005;3070;999;001;404;M;08000401;31897715;NA;NA;NA;NA;NA;NA;NA;NA;NA;NA;NA;NA;NA;NA;NA;NA;OSPEDALE PIACENZA;NA;NA;NA;562
080;080004;2023;24233;2023;080101;999201;21/10/2023;24/10/2023;031;391;M;0;0;3;NA;002;NA;NA;V3000;005;2980;999;001;201;F;08000401;31897716;NA;NA;NA;NA;NA;NA;NA;NA;NA;NA;NA;NA;NA;NA;NA;NA;OSPEDALE PIACENZA;NA;NA;NA;439
080;080902;2023;586634;2023;080902;999425;15/12/2023;15/12/2023;049;129;M;0;64;1;NA;001;NA;NA;4275;005;NA;999;001;425;F;080902;31897736;51881;NA;NA;NA;NA;9960;NA;NA;NA;NA;NA;NA;NA;NA;NA;NA;AOSPU OSPEDALI RIUNITI - PR;NA;NA;NA;3768
080;080021;2023;541090;2023;080103;999425;12/10/2023;14/10/2023;031;391;M;0;0;2;NA;002;NA;NA;V3000;005;3244;999;001;425;F;08002106;31897736;NA;NA;NA;NA;NA;8903;NA;NA;NA;NA;NA;NA;NA;NA;NA;NA;OSPEDALE S.MARIA NUOVA - RE;NA;NA;NA;3768
080;080021;2023;542304;2023;080103;999404;19/10/2023;26/10/2023;062;387;M;0;0;7;NA;002;NA;NA;76528;005;2128;999;001;404;M;08002106;31897743;7756;76428;NA;NA;NA;8871;NA;NA;NA;NA;NA;NA;NA;NA;NA;NA;OSPEDALE S.MARIA NUOVA - RE;NA;NA;NA;2604
080;080904;2023;29749;2023;080904;999254;14/10/2023;17/10/2023;031;391;M;0;0;3;NA;002;NA;NA;V3000;005;3690;999;001;254;M;08090401;31897751;NA;NA;NA;NA;NA;NA;NA;NA;NA;NA;NA;NA;NA;NA;NA;NA;AOSPU POLICLINICO - MO;NA;NA;NA;21744
080;080053;2023;303474;2023;080105;037006;01/12/2023;03/12/2023;031;391;M;0;0;2;NA;002;NA;NA;V3000;005;3275;037;001;080;M;08005301;31899200;NA;NA;NA;NA;NA;897;NA;NA;NA;NA;NA;NA;NA;NA;NA;NA;OSPEDALE MAGGIORE;NA;NA;NA;8253
080;080909;2023;7154;2023;080909;029025;12/04/2023;22/04/2023;073;388;M;0;0;10;NA;002;NA;NA;76527;005;1845;029;001;050;M;080909;31899575;7746;7706;76497;NA;NA;9390;8959;9032;9983;3898;8875;9541;9546;9059;8871;NA;AOSPU ARCISPEDALE S.ANNA - FE;NA;NA;NA;24489
080;080909;2023;4491;2023;080909;038006;06/03/2023;08/03/2023;031;391;M;0;0;2;NA;002;NA;NA;V3000;005;3305;038;001;080;F;080909;31899578;7633;NA;NA;NA;NA;9501;9541;9059;NA;NA;NA;NA;NA;NA;NA;NA;AOSPU ARCISPEDALE S.ANNA - FE;NA;NA;NA;25292
080;080909;2023;14935;2023;080909;029009;05/08/2023;09/08/2023;031;390;M;0;0;4;NA;002;NA;NA;V3000;005;3285;029;001;050;M;080909;31899579;7609;NA;NA;NA;NA;9501;9059;9541;8959;NA;NA;NA;NA;NA;NA;NA;AOSPU ARCISPEDALE S.ANNA - FE;NA;NA;NA;25263
080;080909;2023;4564;2023;080909;029021;07/03/2023;10/03/2023;031;390;M;0;0;3;NA;002;NA;NA;V3000;005;2750;029;001;050;M;080909;31899624;7609;NA;NA;NA;NA;8929;3898;9059;9541;9501;NA;NA;NA;NA;NA;NA;AOSPU ARCISPEDALE S.ANNA - FE;NA;NA;NA;24685
080;080909;2023;10993;2023;080909;029036;08/06/2023;11/06/2023;031;390;M;0;0;3;NA;002;NA;NA;V3000;005;3220;029;001;050;F;080909;31899642;7609;NA;NA;NA;NA;9501;9541;9059;NA;NA;NA;NA;NA;NA;NA;NA;AOSPU ARCISPEDALE S.ANNA - FE;NA;NA;NA;25154
080;080902;2023;96993;2023;080902;020066;12/11/2023;19/11/2023;039;098;M;0;90;7;NA;002;NA;NA;46611;005;NA;020;001;030;M;080902;31899698;NA;NA;NA;NA;NA;9033;8939;8903;9918;897;9394;9396;9039;NA;NA;NA;AOSPU OSPEDALI RIUNITI - PR;NA;NA;NA;18752
080;080902;2023;575696;2023;080902;020066;14/08/2023;16/08/2023;031;391;M;0;0;2;NA;002;NA;NA;V3000;005;3350;020;001;030;M;080902;31899698;NA;NA;NA;NA;NA;9307;9546;897;8939;8903;NA;NA;NA;NA;NA;NA;AOSPU OSPEDALI RIUNITI - PR;NA;NA;NA;18752
080;080902;2023;580104;2023;080902;019021;04/10/2023;06/10/2023;031;391;M;0;0;2;NA;002;NA;NA;V3001;005;3290;019;001;030;M;080902;31899765;NA;NA;NA;NA;NA;9307;9546;897;8939;8903;NA;NA;NA;NA;NA;NA;AOSPU OSPEDALI RIUNITI - PR;NA;NA;NA;18657
080;080902;2024;17946;2024;080902;019021;28/02/2024;06/03/2024;039;144;M;0;310;7;NA;002;NA;NA;42299;005;NA;019;001;030;F;080902;31899885;485;NA;NA;NA;NA;8876;8952;9039;9033;9092;897;9921;9918;8903;8939;9099;AOSPU OSPEDALI RIUNITI - PR;NA;NA;NA;0
080;080902;2023;565537;2023;080902;019021;24/04/2023;26/04/2023;031;391;M;0;0;2;NA;002;NA;NA;V3000;005;3225;019;001;030;F;080902;31899885;NA;NA;NA;NA;NA;9307;9546;8903;897;8939;NA;NA;NA;NA;NA;NA;AOSPU OSPEDALI RIUNITI - PR;NA;NA;NA;0
080;080004;2024;518;2024;080101;023091;08/01/2024;11/01/2024;039;074;M;0;312;3;NA;002;NA;NA;38910;005;NA;023;001;050;F;08000401;31900100;NA;NA;NA;NA;NA;8891;8871;9541;8704;NA;NA;NA;NA;NA;NA;NA;OSPEDALE PIACENZA;NA;NA;NA;0
080;080909;2023;14985;2023;080909;029033;07/08/2023;09/08/2023;031;391;M;0;0;2;NA;002;NA;NA;V3000;005;4185;029;001;050;M;080909;31900270;7661;NA;NA;NA;NA;9501;9541;9059;3898;8959;NA;NA;NA;NA;NA;NA;AOSPU ARCISPEDALE S.ANNA - FE;NA;NA;NA;26027
080;080909;2023;17089;2023;080909;029033;07/09/2023;09/09/2023;031;391;M;0;0;2;NA;002;NA;NA;V3000;005;3545;029;001;050;F;080909;31900271;NA;NA;NA;NA;NA;9501;9541;9059;NA;NA;NA;NA;NA;NA;NA;NA;AOSPU ARCISPEDALE S.ANNA - FE;NA;NA;NA;25637
080;080909;2023;16895;2023;080909;029014;05/09/2023;08/09/2023;031;391;M;0;0;3;NA;002;NA;NA;V3001;005;3015;029;001;050;M;080909;31900272;76409;NA;NA;NA;NA;9501;9541;9059;8959;8872;NA;NA;NA;NA;NA;NA;AOSPU ARCISPEDALE S.ANNA - FE;NA;NA;NA;24911
080;080004;2023;26984;2023;080101;033032;22/11/2023;24/11/2023;031;391;M;0;0;2;NA;002;NA;NA;V3000;005;3320;033;001;080;F;08000401;31901607;NA;NA;NA;NA;NA;NA;NA;NA;NA;NA;NA;NA;NA;NA;NA;NA;OSPEDALE PIACENZA;NA;NA;NA;956
080;080072;2023;24643;2023;080114;039014;19/11/2023;22/11/2023;031;391;M;0;0;3;NA;002;NA;NA;V3101;005;2480;039;001;080;M;080072;31902010;NA;NA;NA;NA;NA;NA;NA;NA;NA;NA;NA;NA;NA;NA;NA;NA;OSPEDALE RAVENNA;NA;NA;NA;10063
080;080091;2023;524447;2023;080114;040007;29/11/2023;01/12/2023;031;391;M;0;0;2;NA;002;NA;NA;V3000;005;3455;040;001;080;F;08009101;31903182;NA;NA;NA;NA;NA;NA;NA;NA;NA;NA;NA;NA;NA;NA;NA;NA;OSPEDALE CESENA;NA;NA;NA;13635
080;080004;2023;26752;2023;080101;033039;20/11/2023;23/11/2023;031;391;M;0;0;3;NA;002;NA;NA;V3001;005;3260;033;001;080;M;08000401;31903583;NA;NA;NA;NA;NA;NA;NA;NA;NA;NA;NA;NA;NA;NA;NA;NA;OSPEDALE PIACENZA;NA;NA;NA;844
080;080072;2023;24644;2023;080114;039014;19/11/2023;22/11/2023;031;390;M;0;0;3;NA;002;NA;NA;76419;005;2815;039;001;080;M;080072;31903594;V3101;NA;NA;NA;NA;9059;NA;NA;NA;NA;NA;NA;NA;NA;NA;NA;OSPEDALE RAVENNA;NA;NA;NA;10174
080;080902;2023;573323;2023;080902;012103;14/07/2023;17/07/2023;031;391;M;0;0;3;NA;002;NA;NA;V3000;005;3100;012;001;030;F;080902;31903851;NA;NA;NA;NA;NA;9307;9546;897;8939;8903;NA;NA;NA;NA;NA;NA;AOSPU OSPEDALI RIUNITI - PR;NA;NA;NA;18388
080;080909;2023;18327;2023;080909;029005;26/09/2023;28/09/2023;031;391;M;0;0;2;NA;002;NA;NA;V3001;005;3560;029;001;050;F;080909;31904064;NA;NA;NA;NA;NA;9059;9501;9541;NA;NA;NA;NA;NA;NA;NA;NA;AOSPU ARCISPEDALE S.ANNA - FE;NA;NA;NA;25661
080;080902;2023;580402;2023;080902;020066;06/10/2023;08/10/2023;031;391;M;0;0;2;NA;002;NA;NA;V3000;005;3415;020;001;030;F;080902;31904382;NA;NA;NA;NA;NA;9307;9546;897;8939;8903;NA;NA;NA;NA;NA;NA;AOSPU OSPEDALI RIUNITI - PR;NA;NA;NA;18859
080;080013;2023;13403;2023;080102;018114;28/11/2023;30/11/2023;031;391;M;0;0;2;NA;002;NA;NA;V3000;005;3590;018;001;030;M;08001301;31904405;NA;NA;NA;NA;NA;9546;8965;897;9307;8939;8903;NA;NA;NA;NA;NA;OSPEDALE FIDENZA;NA;NA;NA;2315
080;080908;2023;548517;2023;080908;037062;17/11/2023;19/11/2023;031;391;M;0;0;2;NA;002;NA;NA;V3000;005;3560;037;001;080;M;080908;31905089;NA;NA;NA;NA;NA;8903;8965;8903;9059;897;9509;8619;NA;NA;NA;NA;IRCCS AOU BOLOGNA;NA;NA;NA;23929
080;080004;2023;27328;2023;080101;098029;26/11/2023;28/11/2023;031;391;M;0;0;2;NA;002;NA;NA;V3000;005;3100;098;001;030;F;08000401;31905164;NA;NA;NA;NA;NA;NA;NA;NA;NA;NA;NA;NA;NA;NA;NA;NA;OSPEDALE PIACENZA;NA;NA;NA;610
080;080004;2023;26119;2023;080101;098010;12/11/2023;14/11/2023;031;391;M;0;0;2;NA;002;NA;NA;V3000;005;3850;098;001;030;M;08000401;31905198;NA;NA;NA;NA;NA;NA;NA;NA;NA;NA;NA;NA;NA;NA;NA;NA;OSPEDALE PIACENZA;NA;NA;NA;1582
080;080004;2024;2532;2024;080101;098010;30/01/2024;04/02/2024;039;098;M;0;79;5;NA;002;NA;NA;46611;005;NA;098;001;030;M;08000401;31905198;51882;NA;NA;NA;NA;9396;9918;9394;NA;NA;NA;NA;NA;NA;NA;NA;OSPEDALE PIACENZA;NA;NA;NA;1582
080;080909;2023;16903;2023;080909;029033;05/09/2023;07/09/2023;031;391;M;0;0;2;NA;002;NA;NA;V3000;005;3280;029;001;050;F;080909;31905238;NA;NA;NA;NA;NA;9501;9541;9059;NA;NA;NA;NA;NA;NA;NA;NA;AOSPU ARCISPEDALE S.ANNA - FE;NA;NA;NA;25252
080;080909;2023;19956;2023;080909;029022;20/10/2023;22/10/2023;031;390;M;0;0;2;NA;002;NA;NA;V3000;005;3290;029;001;050;F;080909;31906250;7609;NA;NA;NA;NA;9059;9541;9501;NA;NA;NA;NA;NA;NA;NA;NA;AOSPU ARCISPEDALE S.ANNA - FE;NA;NA;NA;25272
080;080909;2023;20147;2023;080909;029033;23/10/2023;25/10/2023;031;390;M;0;0;2;NA;002;NA;NA;V3000;005;3650;029;001;050;M;080909;31906488;77984;NA;NA;NA;NA;9059;9501;9541;NA;NA;NA;NA;NA;NA;NA;NA;AOSPU ARCISPEDALE S.ANNA - FE;NA;NA;NA;25757
080;080053;2023;303803;2023;080105;037052;07/12/2023;09/12/2023;031;391;M;0;0;2;NA;002;NA;NA;V3000;005;3390;037;001;080;M;08005307;31906718;NA;NA;NA;NA;NA;897;NA;NA;NA;NA;NA;NA;NA;NA;NA;NA;OSPEDALE BENTIVOGLIO;NA;NA;NA;8562
080;080908;2024;513713;2024;080908;028060;21/03/2024;22/03/2024;008;137;M;0;165;1;NA;002;NA;NA;74729;005;NA;028;001;050;M;080908;31906968;NA;NA;NA;NA;NA;8744;8741;8744;9059;8952;8954;8872;NA;NA;NA;NA;IRCCS AOU BOLOGNA;NA;NA;NA;0
080;080904;2023;34571;2023;080904;036037;28/11/2023;30/11/2023;031;391;M;0;0;2;NA;002;NA;NA;V3000;005;3090;036;001;080;F;08090401;31907905;NA;NA;NA;NA;NA;NA;NA;NA;NA;NA;NA;NA;NA;NA;NA;NA;AOSPU POLICLINICO - MO;NA;NA;NA;20490
080;080902;2023;575107;2023;080902;020066;06/08/2023;08/08/2023;031;391;M;0;0;2;NA;002;NA;NA;V3000;005;3805;020;001;030;M;080902;31909472;NA;NA;NA;NA;NA;8879;897;8903;8939;9307;9546;NA;NA;NA;NA;NA;AOSPU OSPEDALI RIUNITI - PR;NA;NA;NA;19331
080;080004;2023;25766;2023;080101;999404;08/11/2023;11/11/2023;031;391;M;0;0;3;NA;002;NA;NA;V3000;005;3810;999;001;404;F;08000401;31909605;NA;NA;NA;NA;NA;NA;NA;NA;NA;NA;NA;NA;NA;NA;NA;NA;OSPEDALE PIACENZA;NA;NA;NA;1547
080;080902;2023;583269;2023;080902;019021;07/11/2023;10/11/2023;062;390;M;0;0;3;NA;002;NA;NA;77439;005;3135;019;001;030;M;080902;31909621;77984;NA;NA;NA;NA;9983;8903;9546;9307;8939;897;NA;NA;NA;NA;NA;AOSPU OSPEDALI RIUNITI - PR;NA;NA;NA;18431
080;080095;2023;31647;2023;080114;041044;20/11/2023;24/11/2023;062;390;M;0;0;4;NA;002;NA;NA;7731;005;2830;041;001;110;F;08009501;31909681;NA;NA;NA;NA;NA;9983;NA;NA;NA;NA;NA;NA;NA;NA;NA;NA;OSPEDALE RIMINI;NA;NA;NA;14654
080;080095;2023;32893;2023;080114;041019;02/12/2023;05/12/2023;031;391;M;0;0;3;NA;002;NA;NA;V3000;005;3620;041;001;110;F;08009501;31909728;NA;NA;NA;NA;NA;NA;NA;NA;NA;NA;NA;NA;NA;NA;NA;NA;OSPEDALE RIMINI;NA;NA;NA;15928
080;080095;2023;29893;2023;080114;041044;01/11/2023;06/11/2023;062;390;M;0;0;5;NA;002;NA;NA;7661;005;4220;041;001;110;M;08009501;31909740;7793;78340;NA;NA;NA;9059;NA;NA;NA;NA;NA;NA;NA;NA;NA;NA;OSPEDALE RIMINI;NA;NA;NA;16486
080;080095;2023;29738;2023;080114;041065;30/10/2023;02/11/2023;062;391;M;0;0;3;NA;002;NA;NA;7661;005;4040;041;001;110;M;08009501;31909795;NA;NA;NA;NA;NA;NA;NA;NA;NA;NA;NA;NA;NA;NA;NA;NA;OSPEDALE RIMINI;NA;NA;NA;16402
080;080902;2023;582816;2023;080902;034027;01/11/2023;03/11/2023;031;391;M;0;0;2;NA;002;NA;NA;V3000;005;3000;034;001;080;F;080902;31909955;NA;NA;NA;NA;NA;9307;8903;897;9546;8939;NA;NA;NA;NA;NA;NA;AOSPU OSPEDALI RIUNITI - PR;NA;NA;NA;0
080;080902;2023;581968;2023;080902;020066;23/10/2023;25/10/2023;031;391;M;0;0;2;NA;002;NA;NA;V3000;005;2900;020;001;030;F;080902;31910006;NA;NA;NA;NA;NA;9307;9546;897;8939;8903;NA;NA;NA;NA;NA;NA;AOSPU OSPEDALI RIUNITI - PR;NA;NA;NA;18140
080;080095;2023;29896;2023;080114;111078;02/11/2023;05/11/2023;031;391;M;0;0;3;NA;002;NA;NA;V3000;005;3360;111;001;200;F;08009501;31910067;NA;NA;NA;NA;NA;NA;NA;NA;NA;NA;NA;NA;NA;NA;NA;NA;OSPEDALE RIMINI;NA;NA;NA;15453
080;080095;2023;33037;2023;080114;109034;04/12/2023;05/12/2023;062;387;M;0;27;1;NA;002;NA;NA;76516;005;NA;109;001;110;M;08009501;31910210;76528;76416;NA;NA;NA;8891;8952;9059;NA;NA;NA;NA;NA;NA;NA;NA;OSPEDALE RIMINI;NA;NA;NA;14353
080;080095;2023;30438;2023;080114;109034;07/11/2023;30/11/2023;062;387;M;0;0;23;NA;002;NA;NA;76516;005;1645;109;001;110;M;08009501;31910210;76528;76416;NA;NA;NA;9059;8871;8872;NA;NA;NA;NA;NA;NA;NA;NA;OSPEDALE RIMINI;NA;NA;NA;14353
080;080095;2023;30714;2023;080114;041019;09/11/2023;12/11/2023;031;391;M;0;0;3;NA;002;NA;NA;V3001;005;3240;041;001;110;M;08009501;31910301;NA;NA;NA;NA;NA;NA;NA;NA;NA;NA;NA;NA;NA;NA;NA;NA;OSPEDALE RIMINI;NA;NA;NA;15235
080;080004;2023;26219;2023;080101;018093;14/11/2023;17/11/2023;031;391;M;0;0;3;NA;002;NA;NA;V3000;005;3270;018;001;030;F;08000401;31910412;NA;NA;NA;NA;NA;NA;NA;NA;NA;NA;NA;NA;NA;NA;NA;NA;OSPEDALE PIACENZA;NA;NA;NA;863
080;080908;2023;552167;2023;080908;044023;12/12/2023;15/12/2023;062;390;M;0;0;3;NA;002;NA;NA;77989;005;3090;044;001;110;F;080908;31910547;74721;NA;NA;NA;NA;897;3899;8872;9059;8906;8952;897;8901;NA;NA;NA;IRCCS AOU BOLOGNA;NA;NA;NA;23080
080;080908;2023;552269;2023;080908;011015;12/12/2023;14/12/2023;011;467;M;0;355;2;NA;002;NA;NA;V604;005;NA;011;001;070;F;080908;31910580;NA;NA;NA;NA;NA;897;897;8904;NA;NA;NA;NA;NA;NA;NA;NA;IRCCS AOU BOLOGNA;NA;NA;NA;0
080;080902;2023;586323;2023;080902;020043;12/12/2023;16/12/2023;031;391;M;0;0;4;NA;002;NA;NA;V3000;005;3770;020;001;030;M;080902;31911496;NA;NA;NA;NA;NA;9307;9546;897;8939;8903;NA;NA;NA;NA;NA;NA;AOSPU OSPEDALI RIUNITI - PR;NA;NA;NA;19302
080;080004;2023;28643;2023;080101;098029;12/12/2023;15/12/2023;031;391;M;0;0;3;NA;002;NA;NA;V3001;005;3650;098;001;030;F;08000401;31911544;NA;NA;NA;NA;NA;NA;NA;NA;NA;NA;NA;NA;NA;NA;NA;NA;OSPEDALE PIACENZA;NA;NA;NA;1411
090;090604;2023;19778181;2023;090202;037044;04/05/2023;07/05/2023;031;391;M;0;0;3;1;002;NA;NA;V3001;005;3380;037;001;080;F;090604;31911629;NA;NA;NA;NA;NA;8871;8874;1621;9543;8959;8902;NA;NA;NA;NA;NA;NON DEFINITO;NA;NA;NA;0
080;080004;2023;25397;2023;080101;098047;04/11/2023;06/11/2023;031;391;M;0;0;2;NA;002;NA;NA;V3000;005;4200;098;001;030;M;08000401;31911943;NA;NA;NA;NA;NA;NA;NA;NA;NA;NA;NA;NA;NA;NA;NA;NA;OSPEDALE PIACENZA;NA;NA;NA;1709
080;080908;2023;552797;2023;080908;079137;14/12/2023;17/12/2023;031;391;M;0;0;3;NA;002;NA;NA;V3000;005;3345;079;001;180;M;080908;31912468;NA;NA;NA;NA;NA;897;8965;8903;897;9059;9509;9547;8619;NA;NA;NA;IRCCS AOU BOLOGNA;NA;NA;NA;23570
080;080909;2023;23809;2024;080909;029031;15/12/2023;08/01/2024;073;388;M;0;0;24;NA;002;NA;NA;7706;005;2420;029;001;050;F;080909;31912522;7609;76528;76518;NA;NA;8871;8873;9093;9391;9059;9339;9541;9501;8906;8959;NA;AOSPU ARCISPEDALE S.ANNA - FE;NA;NA;NA;0
080;080082;2023;809297;2023;080114;048026;17/11/2023;19/11/2023;031;391;M;0;0;2;NA;002;NA;NA;V3000;005;3310;048;001;090;M;080082;31913444;NA;NA;NA;NA;NA;NA;NA;NA;NA;NA;NA;NA;NA;NA;NA;NA;OSPEDALE FAENZA;NA;NA;NA;11465
080;080095;2023;30037;2023;080114;041029;03/11/2023;05/11/2023;062;390;M;0;0;2;NA;002;NA;NA;76419;005;2990;041;001;110;F;08009501;31913450;NA;NA;NA;NA;NA;9059;NA;NA;NA;NA;NA;NA;NA;NA;NA;NA;OSPEDALE RIMINI;NA;NA;NA;14828
080;080004;2023;25522;2023;080101;098054;06/11/2023;10/11/2023;031;390;M;0;0;4;NA;002;NA;NA;V3001;005;3300;098;001;030;M;08000401;31913730;75470;NA;NA;NA;NA;8906;NA;NA;NA;NA;NA;NA;NA;NA;NA;NA;OSPEDALE PIACENZA;NA;NA;NA;916
080;080004;2023;24801;2023;080101;098010;27/10/2023;02/11/2023;031;391;M;0;0;6;NA;002;NA;NA;V3000;005;3650;098;001;030;M;08000401;31913732;77439;NA;NA;NA;NA;9983;9503;NA;NA;NA;NA;NA;NA;NA;NA;NA;OSPEDALE PIACENZA;NA;NA;NA;1410
080;080004;2023;26046;2023;080101;098014;11/11/2023;13/11/2023;031;391;M;0;0;2;NA;002;NA;NA;V3000;005;3200;098;001;030;M;08000401;31913739;NA;NA;NA;NA;NA;NA;NA;NA;NA;NA;NA;NA;NA;NA;NA;NA;OSPEDALE PIACENZA;NA;NA;NA;749
080;080004;2023;27397;2023;080101;098010;27/11/2023;29/11/2023;031;391;M;0;0;2;NA;002;NA;NA;V3000;005;3180;098;001;030;F;08000401;31913740;NA;NA;NA;NA;NA;NA;NA;NA;NA;NA;NA;NA;NA;NA;NA;NA;OSPEDALE PIACENZA;NA;NA;NA;717
080;080004;2023;26940;2023;080101;098010;21/11/2023;24/11/2023;031;391;M;0;0;3;NA;002;NA;NA;V3000;005;3840;098;001;030;M;08000401;31913741;NA;NA;NA;NA;NA;NA;NA;NA;NA;NA;NA;NA;NA;NA;NA;NA;OSPEDALE PIACENZA;NA;NA;NA;1570
080;080004;2023;25039;2023;080101;098042;30/10/2023;01/11/2023;031;391;M;0;0;2;NA;002;NA;NA;V3000;005;4050;098;001;030;M;08000401;31913742;NA;NA;NA;NA;NA;NA;NA;NA;NA;NA;NA;NA;NA;NA;NA;NA;OSPEDALE PIACENZA;NA;NA;NA;1672
080;080004;2023;25378;2023;080101;098004;04/11/2023;06/11/2023;031;391;M;0;0;2;NA;002;NA;NA;V3000;005;3890;098;001;030;M;08000401;31913747;NA;NA;NA;NA;NA;NA;NA;NA;NA;NA;NA;NA;NA;NA;NA;NA;OSPEDALE PIACENZA;NA;NA;NA;0
080;080004;2023;26709;2023;080101;098019;19/11/2023;21/11/2023;031;391;M;0;0;2;NA;002;NA;NA;V3000;005;3200;098;001;030;M;08000401;31913748;NA;NA;NA;NA;NA;NA;NA;NA;NA;NA;NA;NA;NA;NA;NA;NA;OSPEDALE PIACENZA;NA;NA;NA;750
080;080004;2023;25300;2023;080101;019035;03/11/2023;07/11/2023;031;391;M;0;0;4;NA;002;NA;NA;V3000;005;2670;019;001;030;M;08000401;31913749;NA;NA;NA;NA;NA;NA;NA;NA;NA;NA;NA;NA;NA;NA;NA;NA;OSPEDALE PIACENZA;NA;NA;NA;170
080;080004;2023;25836;2023;080101;098042;09/11/2023;12/11/2023;031;391;M;0;0;3;NA;002;NA;NA;V3001;005;3370;098;001;030;F;08000401;31913750;NA;NA;NA;NA;NA;NA;NA;NA;NA;NA;NA;NA;NA;NA;NA;NA;OSPEDALE PIACENZA;NA;NA;NA;1041
080;080004;2023;26821;2023;080101;018020;20/11/2023;23/11/2023;031;391;M;0;0;3;NA;002;NA;NA;V3000;005;3310;018;001;030;M;08000401;31913753;NA;NA;NA;NA;NA;NA;NA;NA;NA;NA;NA;NA;NA;NA;NA;NA;OSPEDALE PIACENZA;NA;NA;NA;939
080;080004;2023;25210;2023;080101;098049;02/11/2023;04/11/2023;031;391;M;0;0;2;NA;002;NA;NA;V3000;005;3160;098;001;030;M;08000401;31913754;NA;NA;NA;NA;NA;NA;NA;NA;NA;NA;NA;NA;NA;NA;NA;NA;OSPEDALE PIACENZA;NA;NA;NA;683
080;080004;2023;25587;2023;080101;098011;06/11/2023;11/11/2023;031;391;M;0;0;5;NA;002;NA;NA;V3000;005;3080;098;001;030;F;08000401;31913757;77430;NA;NA;NA;NA;9983;NA;NA;NA;NA;NA;NA;NA;NA;NA;NA;OSPEDALE PIACENZA;NA;NA;NA;578
080;080004;2023;27185;2023;080101;098049;24/11/2023;27/11/2023;031;391;M;0;0;3;NA;002;NA;NA;V3001;005;3200;098;001;030;M;08000401;31913758;NA;NA;NA;NA;NA;NA;NA;NA;NA;NA;NA;NA;NA;NA;NA;NA;OSPEDALE PIACENZA;NA;NA;NA;751
080;080004;2023;29058;2023;080101;098035;16/12/2023;18/12/2023;031;391;M;0;0;2;NA;002;NA;NA;V3000;005;3720;098;001;030;F;08000401;31914120;NA;NA;NA;NA;NA;NA;NA;NA;NA;NA;NA;NA;NA;NA;NA;NA;OSPEDALE PIACENZA;NA;NA;NA;1480
080;080153;2024;777265;2024;080105;021040;22/04/2024;30/04/2024;076;532;C;0;252;8;1;002;034;NA;74193;005;NA;021;001;041;F;080153;31914183;NA;NA;NA;NA;NA;034;NA;NA;NA;NA;NA;NA;NA;NA;NA;NA;IRCCS SCIENZE NEUROLOGICHE BO;NA;NA;NA;0
080;080085;2023;21725;2023;080114;039018;14/11/2023;16/11/2023;031;391;M;0;0;2;NA;002;NA;NA;V3001;005;2692;039;001;080;M;08008501;31914344;NA;NA;NA;NA;NA;NA;NA;NA;NA;NA;NA;NA;NA;NA;NA;NA;OSPEDALE FORLI';NA;NA;NA;11737
080;080053;2023;304075;2023;080105;037006;12/12/2023;14/12/2023;031;391;M;0;0;2;NA;002;NA;NA;V3000;005;2815;037;001;080;F;08005301;31914724;NA;NA;NA;NA;NA;897;NA;NA;NA;NA;NA;NA;NA;NA;NA;NA;OSPEDALE MAGGIORE;NA;NA;NA;7224
080;080908;2023;553337;2024;080908;080018;19/12/2023;12/04/2024;011;156;C;0;0;115;1;002;4259;NA;7503;005;1690;080;001;180;F;080908;31914778;74560;7515;53084;77182;NA;4259;4284;3404;9672;9921;3893;9390;0017;3999;3893;4849;IRCCS AOU BOLOGNA;NA;NA;NA;0
080;080908;2024;522168;2024;080908;080018;14/05/2024;16/05/2024;011;190;M;0;147;2;NA;002;NA;NA;7512;005;NA;080;001;180;F;080908;31914778;7503;NA;NA;NA;NA;8904;8904;897;8908;8906;NA;NA;NA;NA;NA;NA;IRCCS AOU BOLOGNA;NA;NA;NA;0
080;080053;2024;80194;2024;080105;037033;19/04/2024;21/04/2024;039;298;M;0;324;2;NA;002;NA;NA;2761;005;NA;037;001;080;M;08005304;31914866;00861;79021;NA;NA;NA;9918;3899;9093;897;NA;NA;NA;NA;NA;NA;NA;OSPEDALE PORRETTA TERME;NA;NA;NA;0
080;080021;2023;549766;2023;080103;999219;06/12/2023;11/12/2023;062;298;M;0;23;5;NA;002;NA;NA;7833;005;NA;999;001;219;F;08002106;31914984;NA;NA;NA;NA;NA;8876;3899;NA;NA;NA;NA;NA;NA;NA;NA;NA;OSPEDALE S.MARIA NUOVA - RE;NA;NA;NA;3859
080;080021;2023;546123;2023;080103;999219;13/11/2023;15/11/2023;031;391;M;0;0;2;NA;002;NA;NA;V3001;005;3280;999;001;219;F;08002106;31914984;NA;NA;NA;NA;NA;8903;NA;NA;NA;NA;NA;NA;NA;NA;NA;NA;OSPEDALE S.MARIA NUOVA - RE;NA;NA;NA;3859
080;080902;2023;581136;2023;080902;074015;16/10/2023;16/10/2023;002;184;M;0;279;1;NA;002;NA;NA;53081;005;NA;074;002;160;F;080902;31915007;NA;NA;NA;NA;NA;897;8903;4516;NA;NA;NA;NA;NA;NA;NA;NA;AOSPU OSPEDALI RIUNITI - PR;NA;NA;NA;0
080;080031;2023;10710;2023;080104;020035;20/12/2023;24/12/2023;031;391;M;0;0;4;NA;002;NA;NA;7746;005;3370;020;001;030;F;08003104;31919354;V3000;NA;NA;NA;NA;9983;9542;897;8965;NA;NA;NA;NA;NA;NA;NA;OSPEDALE CARPI;NA;NA;NA;5676
080;080095;2023;32111;2023;080114;041044;24/11/2023;27/11/2023;062;391;M;0;0;3;NA;002;NA;NA;7661;005;4310;041;001;110;M;08009501;31919465;NA;NA;NA;NA;NA;9059;NA;NA;NA;NA;NA;NA;NA;NA;NA;NA;OSPEDALE RIMINI;NA;NA;NA;16515
080;080095;2023;31964;2023;080114;041013;23/11/2023;25/11/2023;031;391;M;0;0;2;NA;002;NA;NA;V3000;005;3545;041;001;110;M;08009501;31919467;NA;NA;NA;NA;NA;NA;NA;NA;NA;NA;NA;NA;NA;NA;NA;NA;OSPEDALE RIMINI;NA;NA;NA;15783
080;080095;2023;29960;2023;080114;041026;02/11/2023;04/11/2023;031;391;M;0;0;2;NA;002;NA;NA;V3000;005;2820;041;001;110;M;08009501;31919468;NA;NA;NA;NA;NA;NA;NA;NA;NA;NA;NA;NA;NA;NA;NA;NA;OSPEDALE RIMINI;NA;NA;NA;14648
080;080095;2023;29654;2023;080114;041029;30/10/2023;01/11/2023;031;391;M;0;0;2;NA;002;NA;NA;V3000;005;3870;041;001;110;M;08009501;31919469;NA;NA;NA;NA;NA;NA;NA;NA;NA;NA;NA;NA;NA;NA;NA;NA;OSPEDALE RIMINI;NA;NA;NA;16256
080;080095;2023;31034;2023;080114;041044;14/11/2023;15/11/2023;031;391;M;0;0;1;NA;002;NA;NA;V3000;005;3080;041;001;110;F;08009501;31919471;NA;NA;NA;NA;NA;NA;NA;NA;NA;NA;NA;NA;NA;NA;NA;NA;OSPEDALE RIMINI;NA;NA;NA;14967
080;080095;2023;30310;2023;080114;041007;06/11/2023;08/11/2023;062;391;M;0;0;2;NA;002;NA;NA;7661;005;4250;041;001;110;M;08009501;31919472;NA;NA;NA;NA;NA;9059;8901;9547;8619;NA;NA;NA;NA;NA;NA;NA;OSPEDALE RIMINI;NA;NA;NA;16498
080;080095;2024;40;2024;080114;041044;01/01/2024;07/01/2024;039;087;M;0;46;6;NA;002;NA;NA;51881;005;NA;041;001;110;M;08009501;31919473;46611;NA;NA;NA;NA;9396;8903;9394;897;NA;NA;NA;NA;NA;NA;NA;OSPEDALE RIMINI;NA;NA;NA;15912
080;080095;2023;31370;2023;080114;041044;16/11/2023;18/11/2023;031;391;M;0;0;2;NA;002;NA;NA;V3000;005;3615;041;001;110;M;08009501;31919473;NA;NA;NA;NA;NA;NA;NA;NA;NA;NA;NA;NA;NA;NA;NA;NA;OSPEDALE RIMINI;NA;NA;NA;15912
080;080095;2023;30309;2023;080114;041044;06/11/2023;09/11/2023;031;391;M;0;0;3;NA;002;NA;NA;V3001;005;3370;041;001;110;M;08009501;31919475;NA;NA;NA;NA;NA;NA;NA;NA;NA;NA;NA;NA;NA;NA;NA;NA;OSPEDALE RIMINI;NA;NA;NA;15477
080;080095;2023;31460;2023;080114;041036;17/11/2023;19/11/2023;031;391;M;0;0;2;NA;002;NA;NA;V3000;005;3445;041;001;110;M;08009501;31919483;NA;NA;NA;NA;NA;NA;NA;NA;NA;NA;NA;NA;NA;NA;NA;NA;OSPEDALE RIMINI;NA;NA;NA;15609
080;080095;2023;33724;2023;080114;041051;12/12/2023;19/12/2023;039;100;M;0;18;7;NA;002;NA;NA;78603;005;NA;041;001;110;M;08009501;31919484;04321;V0700;NA;NA;NA;8914;8871;8913;NA;NA;NA;NA;NA;NA;NA;NA;OSPEDALE RIMINI;NA;NA;NA;15338
080;080095;2023;32123;2023;080114;041051;24/11/2023;28/11/2023;062;390;M;0;0;4;NA;002;NA;NA;7793;005;3300;041;001;110;M;08009501;31919484;78340;NA;NA;NA;NA;9059;NA;NA;NA;NA;NA;NA;NA;NA;NA;NA;OSPEDALE RIMINI;NA;NA;NA;15338
080;080095;2023;31156;2023;080114;041010;15/11/2023;17/11/2023;031;391;M;0;0;2;NA;002;NA;NA;V3000;005;2930;041;001;110;M;08009501;31919486;NA;NA;NA;NA;NA;NA;NA;NA;NA;NA;NA;NA;NA;NA;NA;NA;OSPEDALE RIMINI;NA;NA;NA;0
080;080095;2023;30472;2023;080114;042002;07/11/2023;10/11/2023;031;391;M;0;0;3;NA;002;NA;NA;V3000;005;3045;042;001;110;M;08009501;31919490;NA;NA;NA;NA;NA;NA;NA;NA;NA;NA;NA;NA;NA;NA;NA;NA;OSPEDALE RIMINI;NA;NA;NA;14923
080;080095;2023;29717;2023;080114;042008;30/10/2023;01/11/2023;031;391;M;0;0;2;NA;002;NA;NA;V3000;005;3760;042;001;110;F;08009501;31919491;NA;NA;NA;NA;NA;NA;NA;NA;NA;NA;NA;NA;NA;NA;NA;NA;OSPEDALE RIMINI;NA;NA;NA;16135
080;080095;2023;31157;2023;080114;042002;15/11/2023;17/11/2023;031;391;M;0;0;2;NA;002;NA;NA;V3000;005;4190;042;001;110;M;08009501;31919494;NA;NA;NA;NA;NA;NA;NA;NA;NA;NA;NA;NA;NA;NA;NA;NA;OSPEDALE RIMINI;NA;NA;NA;16471
080;080095;2023;33491;2023;080114;041035;10/12/2023;13/12/2023;039;070;M;0;37;3;NA;002;NA;NA;4871;005;NA;041;001;110;M;08009501;31919496;NA;NA;NA;NA;NA;9053;9059;8903;897;9929;9133;NA;NA;NA;NA;NA;OSPEDALE RIMINI;NA;NA;NA;15937
080;080095;2023;30017;2023;080114;041035;03/11/2023;05/11/2023;031;391;M;0;0;2;NA;002;NA;NA;V3000;005;3630;041;001;110;M;08009501;31919496;NA;NA;NA;NA;NA;NA;NA;NA;NA;NA;NA;NA;NA;NA;NA;NA;OSPEDALE RIMINI;NA;NA;NA;15937
080;080095;2023;29870;2023;080114;041044;01/11/2023;14/11/2023;073;385;M;0;0;13;NA;001;NA;NA;76502;005;500;041;001;110;M;08009501;31919497;7685;769;7722;4160;77088;9672;3892;8744;3891;9059;9915;9921;8872;8871;NA;NA;OSPEDALE RIMINI;NA;NA;NA;14340
080;080095;2023;29872;2023;080114;041044;01/11/2023;08/11/2023;073;385;M;0;0;7;NA;001;NA;NA;76502;005;640;041;001;110;M;08009501;31919498;769;77088;7703;77214;NA;9604;9059;9672;8744;3892;9921;9915;8872;8871;NA;NA;OSPEDALE RIMINI;NA;NA;NA;14342
080;080095;2023;29601;2023;080114;041019;29/10/2023;01/11/2023;031;391;M;0;0;3;NA;002;NA;NA;V3000;005;2755;041;001;110;F;08009501;31919501;NA;NA;NA;NA;NA;NA;NA;NA;NA;NA;NA;NA;NA;NA;NA;NA;OSPEDALE RIMINI;NA;NA;NA;14581
080;080095;2023;30402;2023;080114;041019;07/11/2023;09/11/2023;031;391;M;0;0;2;NA;002;NA;NA;V3000;005;3645;041;001;110;F;08009501;31919502;NA;NA;NA;NA;NA;NA;NA;NA;NA;NA;NA;NA;NA;NA;NA;NA;OSPEDALE RIMINI;NA;NA;NA;15970
080;080095;2024;13699;2024;080114;041019;14/05/2024;17/05/2024;039;026;M;0;189;3;NA;002;NA;NA;78032;005;NA;041;001;110;F;08009501;31919502;59080;NA;NA;NA;NA;9921;NA;NA;NA;NA;NA;NA;NA;NA;NA;NA;OSPEDALE RIMINI;NA;NA;NA;15970
080;080095;2023;33302;2023;080114;041019;07/12/2023;13/12/2023;039;087;M;0;30;6;NA;002;NA;NA;51881;005;NA;041;001;110;F;08009501;31919502;46611;NA;NA;NA;NA;9396;9918;9394;NA;NA;NA;NA;NA;NA;NA;NA;OSPEDALE RIMINI;NA;NA;NA;15970
080;080095;2023;29842;2023;080114;041035;31/10/2023;03/11/2023;062;390;M;0;0;3;NA;002;NA;NA;7731;005;2980;041;001;110;F;08009501;31919503;NA;NA;NA;NA;NA;9983;9059;NA;NA;NA;NA;NA;NA;NA;NA;NA;OSPEDALE RIMINI;NA;NA;NA;14820
080;080904;2023;36773;2023;080904;020027;21/12/2023;24/12/2023;031;391;M;0;0;3;NA;002;NA;NA;V3001;005;3085;020;001;030;M;08090401;31919534;NA;NA;NA;NA;NA;NA;NA;NA;NA;NA;NA;NA;NA;NA;NA;NA;AOSPU POLICLINICO - MO;NA;NA;NA;20478
080;080095;2023;30255;2023;080114;042014;06/11/2023;08/11/2023;031;391;M;0;0;2;NA;002;NA;NA;V3000;005;3670;042;001;110;F;08009501;31919794;NA;NA;NA;NA;NA;NA;NA;NA;NA;NA;NA;NA;NA;NA;NA;NA;OSPEDALE RIMINI;NA;NA;NA;16015
080;080908;2023;554171;2024;080908;020015;25/12/2023;22/01/2024;062;386;M;0;0;28;NA;002;NA;NA;769;005;4490;020;001;030;M;080908;31920734;77012;77984;79095;7661;7608;897;3892;3899;9390;9604;9053;9915;9921;9929;897;9671;IRCCS AOU BOLOGNA;NA;NA;NA;0
080;080904;2023;37079;2024;080904;047014;26/12/2023;03/01/2024;039;087;M;0;270;8;NA;002;NA;NA;51881;005;NA;047;001;090;F;08090401;31920792;0796;NA;NA;NA;NA;9396;9394;9032;8744;9053;3899;NA;NA;NA;NA;NA;AOSPU POLICLINICO - MO;NA;NA;NA;0
080;080908;2023;554197;2024;080908;017029;26/12/2023;02/01/2024;011;467;M;0;135;7;NA;002;NA;NA;V604;005;NA;017;001;030;M;080908;31920838;NA;NA;NA;NA;NA;8904;897;8904;NA;NA;NA;NA;NA;NA;NA;NA;IRCCS AOU BOLOGNA;NA;NA;NA;0
080;080053;2023;238907;2023;080105;023044;27/12/2023;29/12/2023;039;422;M;0;24;2;NA;002;NA;NA;7806;005;NA;023;001;050;M;08005301;31920851;NA;NA;NA;NA;NA;9059;9182;8929;9918;9193;NA;NA;NA;NA;NA;NA;OSPEDALE MAGGIORE;NA;NA;NA;0
080;080004;2023;26521;2023;080101;018114;17/11/2023;19/11/2023;031;391;M;0;0;2;NA;002;NA;NA;V3000;005;3720;018;001;030;M;08000401;31920961;NA;NA;NA;NA;NA;NA;NA;NA;NA;NA;NA;NA;NA;NA;NA;NA;OSPEDALE PIACENZA;NA;NA;NA;1479
080;080909;2023;20103;2023;080909;999344;23/10/2023;27/10/2023;031;388;M;0;0;4;NA;002;NA;NA;V3000;005;2490;999;001;344;M;080909;31921086;7609;76518;NA;NA;NA;8965;9541;9059;9501;NA;NA;NA;NA;NA;NA;NA;AOSPU ARCISPEDALE S.ANNA - FE;NA;NA;NA;24589
080;080082;2023;809283;2023;080114;999254;16/11/2023;19/11/2023;031;391;M;0;0;3;NA;002;NA;NA;V3000;005;3600;999;001;254;F;080082;31921119;NA;NA;NA;NA;NA;NA;NA;NA;NA;NA;NA;NA;NA;NA;NA;NA;OSPEDALE FAENZA;NA;NA;NA;11559
080;080082;2023;809675;2023;080114;999254;30/11/2023;04/12/2023;039;048;M;0;14;4;NA;002;NA;NA;0774;005;NA;999;001;254;F;080082;31921119;NA;NA;NA;NA;NA;9929;9032;8901;8952;8906;9059;NA;NA;NA;NA;NA;OSPEDALE FAENZA;NA;NA;NA;11559
080;080909;2023;24733;2024;080909;029022;30/12/2023;01/01/2024;031;390;M;0;0;2;NA;002;NA;NA;V3000;005;3810;029;001;050;F;080909;31922546;7609;NA;NA;NA;NA;9501;9541;9059;NA;NA;NA;NA;NA;NA;NA;NA;AOSPU ARCISPEDALE S.ANNA - FE;NA;NA;NA;0
080;080904;2023;37492;2024;080904;015146;31/12/2023;03/01/2024;031;391;M;0;0;3;NA;002;NA;NA;V3001;005;2985;015;001;030;F;08090401;31922972;NA;NA;NA;NA;NA;NA;NA;NA;NA;NA;NA;NA;NA;NA;NA;NA;AOSPU POLICLINICO - MO;NA;NA;NA;0
080;080909;2023;24800;2024;080909;029033;31/12/2023;02/01/2024;031;391;M;0;0;2;NA;002;NA;NA;V3000;005;2615;029;001;050;F;080909;31922993;NA;NA;NA;NA;NA;9501;9059;9541;NA;NA;NA;NA;NA;NA;NA;NA;AOSPU ARCISPEDALE S.ANNA - FE;NA;NA;NA;0
080;080909;2024;2948;2024;080909;029033;14/02/2024;16/02/2024;039;322;M;0;45;2;NA;002;NA;NA;5990;005;NA;029;001;050;F;080909;31922993;NA;NA;NA;NA;NA;8903;897;8959;3899;9052;9132;8929;9032;NA;NA;NA;AOSPU ARCISPEDALE S.ANNA - FE;NA;NA;NA;0
080;080908;2024;500038;2024;080908;060007;01/01/2024;08/01/2024;039;422;M;0;240;6;NA;002;NA;NA;07279;005;NA;060;001;120;M;080908;31923027;7856;NA;NA;NA;NA;897;9921;9923;9929;9059;8904;8906;897;9052;8879;NA;IRCCS AOU BOLOGNA;NA;NA;NA;0
080;080095;2023;32807;2023;080114;041044;01/12/2023;05/12/2023;062;137;M;0;0;4;NA;002;NA;NA;7454;005;3345;041;001;110;M;08009501;31923722;7756;NA;NA;NA;NA;8872;9059;8901;8952;NA;NA;NA;NA;NA;NA;NA;OSPEDALE RIMINI;NA;NA;NA;15417
190;190927;2023;19773120;2023;190927;035022;13/10/2023;17/10/2023;062;390;M;0;0;4;2;002;NA;NA;77083;005;4075;035;001;080;M;19092701;31923889;77981;V3000;NA;NA;NA;9052;8872;8952;8744;8871;9915;NA;NA;NA;NA;NA;NON DEFINITO;NA;NA;NA;0
080;080095;2023;33862;2023;080114;042008;14/12/2023;16/12/2023;031;391;M;0;0;2;NA;002;NA;NA;V3000;005;3560;042;001;110;F;08009501;31924047;NA;NA;NA;NA;NA;NA;NA;NA;NA;NA;NA;NA;NA;NA;NA;NA;OSPEDALE RIMINI;NA;NA;NA;15819
080;080095;2023;32365;2023;080114;041020;28/11/2023;01/12/2023;062;464;M;0;0;3;NA;002;NA;NA;7825;005;2670;041;001;110;M;08009501;31924065;NA;NA;NA;NA;NA;8872;8952;9059;8871;NA;NA;NA;NA;NA;NA;NA;OSPEDALE RIMINI;NA;NA;NA;14541
080;080902;2023;584219;2023;080902;020066;16/11/2023;18/11/2023;031;391;M;0;0;2;NA;002;NA;NA;V3000;005;3480;020;001;030;M;080902;31924094;NA;NA;NA;NA;NA;9307;9546;897;8939;8903;NA;NA;NA;NA;NA;NA;AOSPU OSPEDALI RIUNITI - PR;NA;NA;NA;18951
080;080004;2023;25962;2023;080101;098029;10/11/2023;13/11/2023;031;391;M;0;0;3;NA;002;NA;NA;V3001;005;3450;098;001;030;M;08000401;31924130;NA;NA;NA;NA;NA;NA;NA;NA;NA;NA;NA;NA;NA;NA;NA;NA;OSPEDALE PIACENZA;NA;NA;NA;1155
080;080004;2023;28679;2023;080101;098054;12/12/2023;15/12/2023;031;391;M;0;0;3;NA;002;NA;NA;V3000;005;2500;098;001;030;F;08000401;31924170;NA;NA;NA;NA;NA;NA;NA;NA;NA;NA;NA;NA;NA;NA;NA;NA;OSPEDALE PIACENZA;NA;NA;NA;93
080;080908;2024;500160;2024;080908;065116;02/01/2024;08/01/2024;062;386;M;0;0;6;NA;002;NA;NA;769;005;3150;065;001;150;M;080908;31924609;7885;7793;NA;NA;NA;897;9396;8901;3899;8906;9929;8872;897;9390;3893;9635;IRCCS AOU BOLOGNA;NA;NA;NA;0
080;080902;2023;577707;2023;080902;020066;10/09/2023;12/09/2023;031;391;M;0;0;2;NA;002;NA;NA;V3000;005;3200;020;001;030;F;080902;31925317;NA;NA;NA;NA;NA;9307;9546;897;8939;8903;NA;NA;NA;NA;NA;NA;AOSPU OSPEDALI RIUNITI - PR;NA;NA;NA;0
080;080004;2023;27808;2023;080101;006188;01/12/2023;03/12/2023;031;391;M;0;0;2;NA;002;NA;NA;V3000;005;4210;006;001;010;M;08000401;31926126;NA;NA;NA;NA;NA;NA;NA;NA;NA;NA;NA;NA;NA;NA;NA;NA;OSPEDALE PIACENZA;NA;NA;NA;0
080;080904;2024;691;2024;080904;036004;04/01/2024;06/01/2024;031;391;M;0;0;2;NA;002;NA;NA;V3000;005;3845;036;001;080;M;08090401;31926137;NA;NA;NA;NA;NA;NA;NA;NA;NA;NA;NA;NA;NA;NA;NA;NA;AOSPU POLICLINICO - MO;NA;NA;NA;0
080;080908;2024;500453;2024;080908;080063;03/01/2024;05/01/2024;031;391;M;0;0;2;NA;002;NA;NA;V3000;005;3430;080;001;180;M;080908;31929180;NA;NA;NA;NA;NA;8903;8965;8903;897;9059;9509;8952;9547;8619;8872;NA;IRCCS AOU BOLOGNA;NA;NA;NA;0
080;080902;2023;576012;2023;080902;020066;18/08/2023;20/08/2023;031;391;M;0;0;2;NA;002;NA;NA;V3001;005;2815;020;001;030;M;080902;31929521;76409;NA;NA;NA;NA;9307;9546;897;8939;8903;NA;NA;NA;NA;NA;NA;AOSPU OSPEDALI RIUNITI - PR;NA;NA;NA;18073
080;080902;2023;584397;2023;080902;020054;18/11/2023;20/11/2023;031;391;M;0;0;2;NA;002;NA;NA;V3000;005;3600;020;001;030;F;080902;31929526;NA;NA;NA;NA;NA;9307;9546;8903;897;8939;NA;NA;NA;NA;NA;NA;AOSPU OSPEDALI RIUNITI - PR;NA;NA;NA;0
080;080908;2024;510034;2024;080908;067001;28/02/2024;12/03/2024;006;108;C;0;215;10;5;002;3551;NA;7454;005;NA;067;001;130;F;080908;31929889;7455;NA;NA;NA;NA;3551;3553;3961;3963;9929;8744;8961;8965;NA;NA;NA;IRCCS AOU BOLOGNA;NA;NA;NA;0
080;080908;2024;500819;2024;080908;084042;06/01/2024;09/01/2024;039;098;M;0;123;3;NA;002;NA;NA;46611;005;NA;084;001;190;F;080908;31930020;NA;NA;NA;NA;NA;897;9394;9059;897;9918;NA;NA;NA;NA;NA;NA;IRCCS AOU BOLOGNA;NA;NA;NA;0
080;080004;2023;30051;2023;080101;098010;29/12/2023;31/12/2023;031;391;M;0;0;2;NA;002;NA;NA;V3000;005;3480;098;001;030;F;08000401;31930441;NA;NA;NA;NA;NA;NA;NA;NA;NA;NA;NA;NA;NA;NA;NA;NA;OSPEDALE PIACENZA;NA;NA;NA;1198
080;080004;2023;29991;2023;080101;098019;28/12/2023;31/12/2023;031;391;M;0;0;3;NA;002;NA;NA;V3001;005;3710;098;001;030;M;08000401;31930484;NA;NA;NA;NA;NA;8952;NA;NA;NA;NA;NA;NA;NA;NA;NA;NA;OSPEDALE PIACENZA;NA;NA;NA;1472
080;080004;2023;30123;2024;080101;999243;30/12/2023;02/01/2024;031;391;M;0;0;3;NA;002;NA;NA;V3001;005;2780;999;001;243;M;08000401;31930486;NA;NA;NA;NA;NA;NA;NA;NA;NA;NA;NA;NA;NA;NA;NA;NA;OSPEDALE PIACENZA;NA;NA;NA;0
080;080004;2024;49;2024;080101;098010;02/01/2024;05/01/2024;031;391;M;0;0;3;NA;002;NA;NA;V3000;005;2990;098;001;030;F;08000401;31930491;NA;NA;NA;NA;NA;NA;NA;NA;NA;NA;NA;NA;NA;NA;NA;NA;OSPEDALE PIACENZA;NA;NA;NA;0
080;080004;2023;27123;2023;080101;999252;23/11/2023;26/11/2023;031;391;M;0;0;3;NA;002;NA;NA;V3000;005;3150;999;001;252;M;08000401;31930864;NA;NA;NA;NA;NA;NA;NA;NA;NA;NA;NA;NA;NA;NA;NA;NA;OSPEDALE PIACENZA;NA;NA;NA;669
080;080909;2023;19738;2023;080909;999436;17/10/2023;02/11/2023;039;391;M;0;0;16;NA;002;NA;NA;V3000;005;2780;999;001;436;M;080909;31930874;NA;NA;NA;NA;NA;9501;9541;9059;NA;NA;NA;NA;NA;NA;NA;NA;AOSPU ARCISPEDALE S.ANNA - FE;NA;NA;NA;24712
080;080044;2023;14400;2023;080106;999201;19/11/2023;23/11/2023;062;390;M;0;0;4;NA;002;NA;NA;7706;005;3520;999;001;201;M;08004401;31930875;75566;75550;75501;75470;NA;NA;NA;NA;NA;NA;NA;NA;NA;NA;NA;NA;OSPEDALE IMOLA;NA;NA;NA;6593
080;080908;2023;548607;2023;080908;999443;17/11/2023;19/11/2023;031;391;M;0;0;2;NA;002;NA;NA;V3000;005;3165;999;001;443;F;080908;31930898;NA;NA;NA;NA;NA;8903;8965;8903;9059;897;9059;8619;NA;NA;NA;NA;IRCCS AOU BOLOGNA;NA;NA;NA;23212
080;080085;2023;21053;2023;080114;999425;05/11/2023;09/11/2023;031;388;M;0;0;4;NA;002;NA;NA;76519;005;2738;999;001;425;M;08008501;31930900;76528;7602;V0261;NA;NA;8938;9914;897;8903;NA;NA;NA;NA;NA;NA;NA;OSPEDALE FORLI';NA;NA;NA;11750
080;080082;2023;809240;2023;080114;999201;15/11/2023;18/11/2023;031;391;M;0;0;3;NA;002;NA;NA;V3001;005;3180;999;001;201;M;080082;31930902;NA;NA;NA;NA;NA;NA;NA;NA;NA;NA;NA;NA;NA;NA;NA;NA;OSPEDALE FAENZA;NA;NA;NA;11421
080;080053;2024;300407;2024;080105;020066;08/01/2024;10/01/2024;031;391;M;0;0;2;NA;002;NA;NA;V3000;005;3835;020;001;030;M;08005301;31931365;NA;NA;NA;NA;NA;897;NA;NA;NA;NA;NA;NA;NA;NA;NA;NA;OSPEDALE MAGGIORE;NA;NA;NA;0
080;080904;2024;17756;2024;080904;020030;09/06/2024;12/06/2024;039;422;M;0;153;3;NA;005;NA;NA;04321;005;NA;020;001;030;M;08090401;31931365;7806;NA;NA;NA;NA;3899;NA;NA;NA;NA;NA;NA;NA;NA;NA;NA;AOSPU POLICLINICO - MO;NA;NA;NA;0
080;080908;2024;500990;2024;080908;072043;08/01/2024;16/01/2024;062;387;M;0;0;8;NA;002;NA;NA;77084;005;3020;072;001;160;M;080908;31931398;76528;76519;7702;NA;NA;897;8901;9396;3899;8744;8872;9059;897;NA;NA;NA;IRCCS AOU BOLOGNA;NA;NA;NA;0
080;080095;2023;33571;2023;080114;041065;11/12/2023;13/12/2023;031;391;M;0;0;2;NA;002;NA;NA;V3000;005;3365;041;001;110;F;08009501;31932777;NA;NA;NA;NA;NA;NA;NA;NA;NA;NA;NA;NA;NA;NA;NA;NA;OSPEDALE RIMINI;NA;NA;NA;15466
080;080902;2023;583554;2023;080902;019021;09/11/2023;11/11/2023;031;391;M;0;0;2;NA;002;NA;NA;V3000;005;3000;019;001;030;M;080902;31932949;NA;NA;NA;NA;NA;9307;9546;897;8939;8903;NA;NA;NA;NA;NA;NA;AOSPU OSPEDALI RIUNITI - PR;NA;NA;NA;0
080;080902;2023;104409;2023;080902;019021;06/12/2023;11/12/2023;062;070;M;0;27;5;NA;002;NA;NA;4871;005;NA;019;001;030;M;080902;31932949;7560;NA;NA;NA;NA;9396;8703;8871;9394;3899;8965;9052;8929;9139;9039;9032;AOSPU OSPEDALI RIUNITI - PR;NA;NA;NA;0
080;080908;2024;423951;2024;080908;022006;12/11/2024;20/11/2024;006;108;C;0;307;8;1;002;3553;NA;7454;005;NA;022;001;042;F;080908;31933153;4231;V151;NA;NA;NA;3553;3710;3961;3963;8744;8872;8954;8965;NA;NA;NA;IRCCS AOU BOLOGNA;NA;NA;NA;0
080;080908;2024;501615;2024;080908;022006;10/01/2024;09/04/2024;062;385;M;0;0;90;NA;006;NA;NA;77989;005;2100;022;001;042;F;080908;31933153;74721;7454;76418;77182;0413;9929;3834;3999;9929;9671;9904;9635;9604;9907;3893;9390;IRCCS AOU BOLOGNA;NA;NA;NA;0
080;080004;2024;636;2024;080101;098049;09/01/2024;12/01/2024;031;391;M;0;0;3;NA;002;NA;NA;V3001;005;3220;098;001;030;F;08000401;31933236;NA;NA;NA;NA;NA;NA;NA;NA;NA;NA;NA;NA;NA;NA;NA;NA;OSPEDALE PIACENZA;NA;NA;NA;0
080;080909;2024;570;2024;080909;029033;10/01/2024;12/01/2024;031;391;M;0;0;2;NA;002;NA;NA;V3000;005;3600;029;001;050;F;080909;31933307;NA;NA;NA;NA;NA;9059;9541;9501;NA;NA;NA;NA;NA;NA;NA;NA;AOSPU ARCISPEDALE S.ANNA - FE;NA;NA;NA;0
080;080021;2023;552730;2023;080103;020066;27/12/2023;30/12/2023;031;391;M;0;0;3;NA;002;NA;NA;V3000;005;3625;020;001;030;F;08002103;31933840;NA;NA;NA;NA;NA;897;8903;NA;NA;NA;NA;NA;NA;NA;NA;NA;OSPEDALE MONTECCHIO EMILIA;NA;NA;NA;4527
080;080021;2023;551943;2023;080103;020066;20/12/2023;23/12/2023;031;391;M;0;0;3;NA;002;NA;NA;V3000;005;3140;020;001;030;F;08002103;31933849;NA;NA;NA;NA;NA;8903;NA;NA;NA;NA;NA;NA;NA;NA;NA;NA;OSPEDALE MONTECCHIO EMILIA;NA;NA;NA;3521
080;080902;2024;14884;2024;080902;020066;19/02/2024;25/02/2024;062;389;M;0;53;6;NA;002;NA;NA;77182;005;NA;020;001;030;M;080902;31933855;NA;NA;NA;NA;NA;8876;9921;8965;8954;9133;9033;9053;3898;NA;NA;NA;AOSPU OSPEDALI RIUNITI - PR;NA;NA;NA;4026
080;080021;2023;552905;2023;080103;020066;28/12/2023;31/12/2023;031;391;M;0;0;3;NA;002;NA;NA;V3000;005;3350;020;001;030;M;08002103;31933855;NA;NA;NA;NA;NA;897;8903;NA;NA;NA;NA;NA;NA;NA;NA;NA;OSPEDALE MONTECCHIO EMILIA;NA;NA;NA;4026
080;080021;2024;553469;2024;080103;999404;02/01/2024;23/01/2024;062;386;M;0;0;21;NA;002;NA;NA;769;005;1825;999;001;404;F;08002106;31934045;76517;7455;7742;7756;NA;9396;9955;8871;8872;9983;9915;3899;9503;NA;NA;NA;OSPEDALE S.MARIA NUOVA - RE;NA;NA;NA;0
080;080909;2024;634;2024;080909;029002;10/01/2024;13/01/2024;031;390;M;0;0;3;NA;002;NA;NA;V3001;005;3270;029;001;050;F;080909;31934310;7608;NA;NA;NA;NA;9059;9501;9059;8959;NA;NA;NA;NA;NA;NA;NA;AOSPU ARCISPEDALE S.ANNA - FE;NA;NA;NA;0
080;080904;2024;5248;2024;080904;015146;19/02/2024;20/02/2024;039;266;C;0;138;1;0;002;864;NA;22801;005;NA;015;001;030;F;08090401;31934462;NA;NA;NA;NA;NA;9918;864;NA;NA;NA;NA;NA;NA;NA;NA;NA;AOSPU POLICLINICO - MO;NA;NA;NA;0
080;080004;2023;27971;2023;080101;098029;03/12/2023;05/12/2023;031;391;M;0;0;2;NA;002;NA;NA;V3000;005;3170;098;001;030;F;08000401;31934563;NA;NA;NA;NA;NA;NA;NA;NA;NA;NA;NA;NA;NA;NA;NA;NA;OSPEDALE PIACENZA;NA;NA;NA;697
080;080021;2023;552910;2023;080103;020065;28/12/2023;30/12/2023;039;298;M;0;23;2;NA;002;NA;NA;27651;005;NA;020;001;030;M;08002106;31934770;7833;07999;460;28800;V759;9918;9653;8903;9039;9132;NA;NA;NA;NA;NA;NA;OSPEDALE S.MARIA NUOVA - RE;NA;NA;NA;0
080;080021;2023;549601;2023;080103;020065;05/12/2023;07/12/2023;062;389;M;0;0;2;NA;002;NA;NA;7750;005;3288;020;001;030;M;08002106;31934770;7756;NA;NA;NA;NA;8904;NA;NA;NA;NA;NA;NA;NA;NA;NA;NA;OSPEDALE S.MARIA NUOVA - RE;NA;NA;NA;0
080;080909;2023;23763;2023;080909;029033;14/12/2023;16/12/2023;031;390;M;0;0;2;NA;002;NA;NA;V3000;005;3115;029;001;050;M;080909;31935188;7609;NA;NA;NA;NA;9501;9541;9059;NA;NA;NA;NA;NA;NA;NA;NA;AOSPU ARCISPEDALE S.ANNA - FE;NA;NA;NA;25019
080;080909;2024;2157;2024;080909;029029;02/02/2024;03/02/2024;011;163;C;0;79;1;0;002;5312;NA;55090;005;NA;029;001;050;M;080909;31935193;NA;NA;NA;NA;NA;5312;NA;NA;NA;NA;NA;NA;NA;NA;NA;NA;AOSPU ARCISPEDALE S.ANNA - FE;NA;NA;NA;0
080;080031;2024;382;2024;080104;020065;12/01/2024;14/01/2024;031;391;M;0;0;2;NA;002;NA;NA;V3000;005;3915;020;001;030;F;08003104;31935421;NA;NA;NA;NA;NA;8966;9542;897;NA;NA;NA;NA;NA;NA;NA;NA;OSPEDALE CARPI;NA;NA;NA;0
080;080021;2023;552482;2023;080103;063049;24/12/2023;25/12/2023;031;391;M;0;0;1;NA;005;NA;NA;V3000;005;4120;063;001;150;M;08002106;31935886;NA;NA;NA;NA;NA;8903;NA;NA;NA;NA;NA;NA;NA;NA;NA;NA;OSPEDALE S.MARIA NUOVA - RE;NA;NA;NA;5060
080;080095;2023;33341;2023;080114;041020;07/12/2023;10/12/2023;039;467;M;0;19;3;NA;002;NA;NA;V292;005;NA;041;001;110;F;08009501;31936067;V0185;NA;NA;NA;NA;897;9059;8903;NA;NA;NA;NA;NA;NA;NA;NA;OSPEDALE RIMINI;NA;NA;NA;0
080;080095;2023;34580;2023;080114;041044;21/12/2023;23/12/2023;062;391;M;0;11;2;NA;002;NA;NA;7793;005;NA;041;001;110;F;08009501;31936114;NA;NA;NA;NA;NA;9059;NA;NA;NA;NA;NA;NA;NA;NA;NA;NA;OSPEDALE RIMINI;NA;NA;NA;15278
080;080095;2023;33463;2023;080114;041044;10/12/2023;12/12/2023;062;390;M;0;0;2;NA;002;NA;NA;7602;005;3270;041;001;110;F;08009501;31936114;NA;NA;NA;NA;NA;8871;9541;9059;NA;NA;NA;NA;NA;NA;NA;NA;OSPEDALE RIMINI;NA;NA;NA;15278
080;080095;2023;33916;2023;080114;041071;14/12/2023;22/12/2023;039;279;M;0;104;8;NA;002;NA;NA;68100;005;NA;041;001;110;F;08009501;31936158;7856;07279;NA;NA;NA;8604;9053;9032;8871;9921;9059;8906;NA;NA;NA;NA;OSPEDALE RIMINI;NA;NA;NA;0
080;080095;2023;34849;2023;080114;054004;25/12/2023;28/12/2023;039;422;M;0;52;3;NA;002;NA;NA;04311;005;NA;054;001;100;M;08009501;31936171;NA;NA;NA;NA;NA;8954;8872;NA;NA;NA;NA;NA;NA;NA;NA;NA;OSPEDALE RIMINI;NA;NA;NA;0
080;080004;2024;424;2024;080101;098019;06/01/2024;09/01/2024;031;391;M;0;0;3;NA;002;NA;NA;V3001;005;4580;098;001;030;M;08000401;31936244;NA;NA;NA;NA;NA;NA;NA;NA;NA;NA;NA;NA;NA;NA;NA;NA;OSPEDALE PIACENZA;NA;NA;NA;0
080;080902;2023;587456;2024;080902;008031;30/12/2023;01/01/2024;039;070;M;0;76;2;NA;002;NA;NA;4871;005;NA;008;001;070;M;080902;31936298;NA;NA;NA;NA;NA;9033;9039;9396;9394;9921;9918;3899;NA;NA;NA;NA;AOSPU OSPEDALI RIUNITI - PR;NA;NA;NA;0
080;080902;2023;582251;2023;080902;034030;26/10/2023;28/10/2023;031;391;M;0;0;2;NA;002;NA;NA;V3000;005;3000;034;001;080;M;080902;31936352;NA;NA;NA;NA;NA;9307;9546;897;8939;8903;NA;NA;NA;NA;NA;NA;AOSPU OSPEDALI RIUNITI - PR;NA;NA;NA;0
080;080902;2023;105932;2023;080902;019021;11/12/2023;20/12/2023;062;098;M;0;23;9;NA;002;NA;NA;46611;005;NA;019;001;030;M;080902;31936358;NA;NA;NA;NA;NA;9396;9394;8744;3899;897;9039;8903;8939;9032;NA;NA;AOSPU OSPEDALI RIUNITI - PR;NA;NA;NA;18713
080;080902;2023;584400;2023;080902;019021;18/11/2023;20/11/2023;031;391;M;0;0;2;NA;002;NA;NA;V3000;005;3325;019;001;030;M;080902;31936358;NA;NA;NA;NA;NA;9307;9546;897;8939;8903;NA;NA;NA;NA;NA;NA;AOSPU OSPEDALI RIUNITI - PR;NA;NA;NA;18713
080;080902;2023;577360;2023;080902;019021;06/09/2023;09/09/2023;031;391;M;0;0;3;NA;002;NA;NA;V3001;005;3230;019;001;030;F;080902;31936439;NA;NA;NA;NA;NA;9307;9546;897;8939;8903;NA;NA;NA;NA;NA;NA;AOSPU OSPEDALI RIUNITI - PR;NA;NA;NA;18567
080;080902;2023;570537;2023;080902;019021;16/06/2023;18/06/2023;031;391;M;0;0;2;NA;002;NA;NA;V3000;005;3210;019;001;030;M;080902;31936493;NA;NA;NA;NA;NA;9307;9546;897;8939;8903;NA;NA;NA;NA;NA;NA;AOSPU OSPEDALI RIUNITI - PR;NA;NA;NA;18529
080;080902;2023;106719;2023;080902;019021;13/12/2023;18/12/2023;039;322;M;0;180;5;NA;002;NA;NA;5950;005;NA;019;001;030;M;080902;31936493;NA;NA;NA;NA;NA;8876;9033;9062;9039;9053;3899;8939;3894;8903;897;NA;AOSPU OSPEDALI RIUNITI - PR;NA;NA;NA;18529
080;080908;2024;502342;2024;080908;015146;15/01/2024;17/01/2024;031;390;M;0;0;2;NA;002;NA;NA;V3001;005;3985;015;001;030;M;080908;31936839;7661;7852;NA;NA;NA;8903;8903;8965;8619;8872;9059;9509;9547;897;NA;NA;IRCCS AOU BOLOGNA;NA;NA;NA;0
080;080904;2024;1874;2024;080904;020027;16/01/2024;18/01/2024;031;391;M;0;0;2;NA;002;NA;NA;V3000;005;3515;020;001;030;F;08090401;31937190;NA;NA;NA;NA;NA;NA;NA;NA;NA;NA;NA;NA;NA;NA;NA;NA;AOSPU POLICLINICO - MO;NA;NA;NA;0
080;080004;2023;28281;2024;080101;098014;07/12/2023;15/01/2024;062;386;M;0;0;39;NA;002;NA;NA;769;005;1380;098;001;030;F;08000401;31937916;76515;7766;77081;NA;NA;9390;8744;3892;9915;3194;966;8871;8872;9904;NA;NA;OSPEDALE PIACENZA;NA;NA;NA;0
080;080091;2023;525140;2023;080114;019047;09/12/2023;11/12/2023;031;390;M;0;0;2;NA;002;NA;NA;7672;005;2590;019;001;030;F;08009101;31937941;NA;NA;NA;NA;NA;8906;NA;NA;NA;NA;NA;NA;NA;NA;NA;NA;OSPEDALE CESENA;NA;NA;NA;12771
080;080072;2024;2313;2024;080114;999201;28/01/2024;05/02/2024;039;098;M;0;75;8;NA;002;NA;NA;46611;005;NA;999;001;201;M;080072;31938511;NA;NA;NA;NA;NA;9396;3899;9918;8961;9039;8965;NA;NA;NA;NA;NA;OSPEDALE RAVENNA;NA;NA;NA;0
080;080908;2024;502914;2024;080908;042002;17/01/2024;12/02/2024;006;108;C;0;191;26;1;006;3581;NA;7452;005;NA;042;001;110;F;080908;31938694;4878;51881;5185;1125;99859;3581;3961;3962;3963;9604;9672;9923;8744;8961;8962;NA;IRCCS AOU BOLOGNA;NA;NA;NA;0
080;080072;2023;27610;2023;080114;063076;29/12/2023;31/12/2023;031;391;M;0;0;2;NA;002;NA;NA;V3000;005;2860;063;001;150;M;080072;31939440;NA;NA;NA;NA;NA;NA;NA;NA;NA;NA;NA;NA;NA;NA;NA;NA;OSPEDALE RAVENNA;NA;NA;NA;10202
080;080095;2024;3433;2024;080114;041009;01/02/2024;06/02/2024;039;087;M;0;49;5;NA;002;NA;NA;51881;005;NA;041;001;110;M;08009501;31940000;46611;NA;NA;NA;NA;9396;NA;NA;NA;NA;NA;NA;NA;NA;NA;NA;OSPEDALE RIMINI;NA;NA;NA;14378
080;080095;2023;33946;2023;080114;041009;14/12/2023;21/12/2023;062;388;M;0;0;7;NA;002;NA;NA;76518;005;2050;041;001;110;M;08009501;31940000;76527;7742;NA;NA;NA;9983;9059;NA;NA;NA;NA;NA;NA;NA;NA;NA;OSPEDALE RIMINI;NA;NA;NA;14378
080;080095;2024;3118;2024;080114;041029;29/01/2024;30/01/2024;062;225;C;0;45;1;1;002;8311;NA;75470;005;NA;041;001;110;F;08009501;31940002;NA;NA;NA;NA;NA;8966;8311;NA;NA;NA;NA;NA;NA;NA;NA;NA;OSPEDALE RIMINI;NA;NA;NA;14715
080;080095;2023;33975;2023;080114;041029;15/12/2023;17/12/2023;062;256;M;0;0;2;NA;002;NA;NA;75470;005;2900;041;001;110;F;08009501;31940002;NA;NA;NA;NA;NA;8906;8901;NA;NA;NA;NA;NA;NA;NA;NA;NA;OSPEDALE RIMINI;NA;NA;NA;14715
080;080095;2023;33383;2023;080114;042045;08/12/2023;27/12/2023;062;389;M;0;0;19;NA;002;NA;NA;7687;005;3000;042;001;110;M;08009501;31940006;77012;77181;684;NA;NA;9981;9604;9671;8744;3892;8871;8891;NA;NA;NA;NA;OSPEDALE RIMINI;NA;NA;NA;14856
080;080095;2023;34326;2023;080114;041069;19/12/2023;21/12/2023;031;391;M;0;0;2;NA;002;NA;NA;V3000;005;2610;041;001;110;F;08009501;31940007;NA;NA;NA;NA;NA;NA;NA;NA;NA;NA;NA;NA;NA;NA;NA;NA;OSPEDALE RIMINI;NA;NA;NA;14508
080;080095;2023;32592;2023;080114;041044;30/11/2023;02/12/2023;031;391;M;0;0;2;NA;002;NA;NA;V3000;005;3333;041;001;110;F;08009501;31940008;NA;NA;NA;NA;NA;NA;NA;NA;NA;NA;NA;NA;NA;NA;NA;NA;OSPEDALE RIMINI;NA;NA;NA;0
080;080095;2023;33050;2023;080114;042035;04/12/2023;09/12/2023;062;390;M;0;0;5;NA;002;NA;NA;7793;005;3595;042;001;110;F;08009501;31940009;78340;NA;NA;NA;NA;9059;NA;NA;NA;NA;NA;NA;NA;NA;NA;NA;OSPEDALE RIMINI;NA;NA;NA;15864
080;080095;2023;33496;2023;080114;043041;10/12/2023;14/12/2023;031;391;M;0;0;4;NA;002;NA;NA;V3001;005;3840;043;001;110;F;08009501;31940012;NA;NA;NA;NA;NA;NA;NA;NA;NA;NA;NA;NA;NA;NA;NA;NA;OSPEDALE RIMINI;NA;NA;NA;16229
080;080095;2023;32593;2023;080114;041065;30/11/2023;02/12/2023;031;391;M;0;0;2;NA;002;NA;NA;V3000;005;3300;041;001;110;F;08009501;31940015;NA;NA;NA;NA;NA;NA;NA;NA;NA;NA;NA;NA;NA;NA;NA;NA;OSPEDALE RIMINI;NA;NA;NA;15340
080;080095;2023;33288;2023;080114;041067;07/12/2023;18/12/2023;062;385;M;0;106;11;NA;006;NA;NA;76514;005;NA;041;001;110;F;08009501;31940017;769;7707;75470;75563;NA;9396;8844;8872;8871;NA;NA;NA;NA;NA;NA;NA;OSPEDALE RIMINI;NA;NA;NA;0
080;080095;2023;32833;2023;080114;041044;02/12/2023;04/12/2023;031;391;M;0;0;2;NA;002;NA;NA;V3000;005;3615;041;001;110;F;08009501;31940018;NA;NA;NA;NA;NA;NA;NA;NA;NA;NA;NA;NA;NA;NA;NA;NA;OSPEDALE RIMINI;NA;NA;NA;15913
080;080095;2023;34787;2023;080114;041044;24/12/2023;26/12/2023;062;390;M;0;0;2;NA;002;NA;1;7750;005;NA;041;001;110;M;08009501;31940019;NA;NA;NA;NA;NA;9059;NA;NA;NA;NA;NA;NA;NA;NA;NA;NA;OSPEDALE RIMINI;NA;NA;NA;0
080;080095;2023;34440;2023;080114;041051;20/12/2023;24/12/2023;062;391;M;0;0;4;NA;002;NA;NA;7661;005;3980;041;001;110;M;08009501;31940021;NA;NA;NA;NA;NA;9059;NA;NA;NA;NA;NA;NA;NA;NA;NA;NA;OSPEDALE RIMINI;NA;NA;NA;16361
080;080095;2023;33171;2023;080114;042048;06/12/2023;09/12/2023;062;137;M;0;0;3;NA;002;NA;NA;7454;005;3600;042;001;110;M;08009501;31940022;NA;NA;NA;NA;NA;8872;8952;NA;NA;NA;NA;NA;NA;NA;NA;NA;OSPEDALE RIMINI;NA;NA;NA;15890
080;080095;2023;32533;2023;080114;071010;29/11/2023;02/12/2023;062;391;M;0;0;3;NA;002;NA;NA;7661;005;3680;071;001;160;F;08009501;31940023;NA;NA;NA;NA;NA;9059;NA;NA;NA;NA;NA;NA;NA;NA;NA;NA;OSPEDALE RIMINI;NA;NA;NA;16034
080;080095;2023;32727;2023;080114;041020;01/12/2023;03/12/2023;031;391;M;0;0;2;NA;002;NA;NA;V3000;005;3430;041;001;110;M;08009501;31940024;NA;NA;NA;NA;NA;NA;NA;NA;NA;NA;NA;NA;NA;NA;NA;NA;OSPEDALE RIMINI;NA;NA;NA;15580
080;080095;2023;35004;2023;080114;042033;27/12/2023;29/12/2023;031;391;M;0;0;2;NA;002;NA;NA;V3000;005;3875;042;001;110;M;08009501;31940025;NA;NA;NA;NA;NA;NA;NA;NA;NA;NA;NA;NA;NA;NA;NA;NA;OSPEDALE RIMINI;NA;NA;NA;16259
080;080095;2023;34206;2023;080114;042034;18/12/2023;21/12/2023;031;391;M;0;0;3;NA;002;NA;NA;V3000;005;2900;042;001;110;F;08009501;31940027;NA;NA;NA;NA;NA;NA;NA;NA;NA;NA;NA;NA;NA;NA;NA;NA;OSPEDALE RIMINI;NA;NA;NA;14716
080;080095;2023;32581;2023;080114;042045;29/11/2023;04/12/2023;062;389;M;0;0;5;NA;002;NA;NA;76418;005;2355;042;001;110;M;08009501;31940034;7793;78340;77439;NA;NA;9983;8871;NA;NA;NA;NA;NA;NA;NA;NA;NA;OSPEDALE RIMINI;NA;NA;NA;14425
080;080095;2023;33121;2023;080114;042025;05/12/2023;07/12/2023;062;390;M;0;0;2;NA;002;NA;NA;76419;005;2770;042;001;110;F;08009501;31940035;NA;NA;NA;NA;NA;8871;8901;9059;9547;8619;NA;NA;NA;NA;NA;NA;OSPEDALE RIMINI;NA;NA;NA;14598
080;080095;2023;34815;2023;080114;042045;24/12/2023;27/12/2023;062;391;M;0;0;3;NA;002;NA;NA;7661;005;3940;042;001;110;F;08009501;31940036;NA;NA;NA;NA;NA;NA;NA;NA;NA;NA;NA;NA;NA;NA;NA;NA;OSPEDALE RIMINI;NA;NA;NA;16332
080;080095;2023;33505;2023;080114;041068;10/12/2023;14/12/2023;062;390;M;0;0;4;NA;002;NA;NA;7793;005;2650;041;001;110;M;08009501;31940038;78340;77439;NA;NA;NA;9983;9059;NA;NA;NA;NA;NA;NA;NA;NA;NA;OSPEDALE RIMINI;NA;NA;NA;14529
080;080095;2023;34902;2023;080114;041066;26/12/2023;29/12/2023;031;391;M;0;0;3;NA;002;NA;NA;V3001;005;3400;041;001;110;M;08009501;31940043;NA;NA;NA;NA;NA;NA;NA;NA;NA;NA;NA;NA;NA;NA;NA;NA;OSPEDALE RIMINI;NA;NA;NA;15527
080;080095;2023;34495;2023;080114;041069;20/12/2023;24/12/2023;062;390;M;0;0;4;NA;002;NA;NA;7661;005;4120;041;001;110;F;08009501;31940044;7793;78340;NA;NA;NA;9059;NA;NA;NA;NA;NA;NA;NA;NA;NA;NA;OSPEDALE RIMINI;NA;NA;NA;16446
080;080095;2023;34497;2023;080114;041044;21/12/2023;23/12/2023;031;391;M;0;0;2;NA;002;NA;NA;V3000;005;3115;041;001;110;M;08009501;31940045;NA;NA;NA;NA;NA;NA;NA;NA;NA;NA;NA;NA;NA;NA;NA;NA;OSPEDALE RIMINI;NA;NA;NA;15013
080;080095;2023;33617;2023;080114;041065;11/12/2023;14/12/2023;031;391;M;0;0;3;NA;002;NA;NA;V3001;005;4070;041;001;110;M;08009501;31940046;NA;NA;NA;NA;NA;NA;NA;NA;NA;NA;NA;NA;NA;NA;NA;NA;OSPEDALE RIMINI;NA;NA;NA;16421
080;080095;2023;33631;2023;080114;041013;12/12/2023;15/12/2023;031;391;M;0;0;3;NA;002;NA;NA;V3000;005;3000;041;001;110;F;08009501;31940053;NA;NA;NA;NA;NA;NA;NA;NA;NA;NA;NA;NA;NA;NA;NA;NA;OSPEDALE RIMINI;NA;NA;NA;0
080;080095;2024;2003;2024;080114;041019;19/01/2024;20/01/2024;039;087;M;0;18;1;NA;002;NA;NA;51881;005;NA;041;001;110;M;08009501;31940443;46611;NA;NA;NA;NA;9396;9059;9133;NA;NA;NA;NA;NA;NA;NA;NA;OSPEDALE RIMINI;NA;NA;NA;0
080;080095;2024;83;2024;080114;041019;01/01/2024;04/01/2024;062;137;M;0;0;3;NA;002;NA;NA;7454;005;3550;041;001;110;M;08009501;31940443;NA;NA;NA;NA;NA;8872;8952;NA;NA;NA;NA;NA;NA;NA;NA;NA;OSPEDALE RIMINI;NA;NA;NA;0
080;080004;2024;447;2024;080101;098010;06/01/2024;11/01/2024;031;391;M;0;0;5;NA;002;NA;NA;V3000;005;2750;098;001;030;M;08000401;31940729;NA;NA;NA;NA;NA;NA;NA;NA;NA;NA;NA;NA;NA;NA;NA;NA;OSPEDALE PIACENZA;NA;NA;NA;0
080;080004;2023;27975;2023;080101;098049;03/12/2023;06/12/2023;031;391;M;0;0;3;NA;002;NA;NA;V3000;005;3370;098;001;030;F;08000401;31940740;NA;NA;NA;NA;NA;NA;NA;NA;NA;NA;NA;NA;NA;NA;NA;NA;OSPEDALE PIACENZA;NA;NA;NA;1043
080;080004;2024;6209;2024;080101;098049;12/03/2024;13/03/2024;039;284;M;0;100;1;NA;002;NA;NA;22801;005;NA;098;001;030;F;08000401;31940740;NA;NA;NA;NA;NA;8952;8872;NA;NA;NA;NA;NA;NA;NA;NA;NA;OSPEDALE PIACENZA;NA;NA;NA;1043
080;080004;2024;1594;2024;080101;098049;19/01/2024;24/01/2024;039;098;M;0;47;5;NA;002;NA;NA;46611;005;NA;098;001;030;F;08000401;31940740;51882;NA;NA;NA;NA;9396;9918;NA;NA;NA;NA;NA;NA;NA;NA;NA;OSPEDALE PIACENZA;NA;NA;NA;1043
080;080031;2024;717;2024;080104;020065;22/01/2024;28/01/2024;039;390;M;0;0;6;NA;002;NA;NA;7706;005;3210;020;001;030;M;08003104;31940822;7793;NA;NA;NA;NA;9918;9921;NA;NA;NA;NA;NA;NA;NA;NA;NA;OSPEDALE CARPI;NA;NA;NA;0
080;080909;2024;1289;2024;080909;029022;21/01/2024;24/01/2024;031;390;M;0;0;3;NA;002;NA;NA;V3000;005;3810;029;001;050;F;080909;31941155;7609;NA;NA;NA;NA;9541;9501;9093;8968;9059;NA;NA;NA;NA;NA;NA;AOSPU ARCISPEDALE S.ANNA - FE;NA;NA;NA;0
080;080004;2023;27822;2023;080101;098019;01/12/2023;03/12/2023;031;391;M;0;0;2;NA;002;NA;NA;V3000;005;3390;098;001;030;M;08000401;31941805;NA;NA;NA;NA;NA;NA;NA;NA;NA;NA;NA;NA;NA;NA;NA;NA;OSPEDALE PIACENZA;NA;NA;NA;1069
080;080004;2023;28799;2023;080101;098019;13/12/2023;17/12/2023;031;391;M;0;0;4;NA;002;NA;NA;V3001;005;3130;098;001;030;M;08000401;31941808;NA;NA;NA;NA;NA;NA;NA;NA;NA;NA;NA;NA;NA;NA;NA;NA;OSPEDALE PIACENZA;NA;NA;NA;656
080;080004;2023;28435;2023;080101;018048;09/12/2023;12/12/2023;031;391;M;0;0;3;NA;002;NA;NA;V3000;005;3170;018;001;030;F;08000401;31941812;NA;NA;NA;NA;NA;NA;NA;NA;NA;NA;NA;NA;NA;NA;NA;NA;OSPEDALE PIACENZA;NA;NA;NA;698
080;080004;2023;28937;2023;080101;098062;15/12/2023;18/12/2023;031;391;M;0;0;3;NA;002;NA;NA;V3000;005;3430;098;001;030;M;08000401;31941818;NA;NA;NA;NA;NA;NA;NA;NA;NA;NA;NA;NA;NA;NA;NA;NA;OSPEDALE PIACENZA;NA;NA;NA;1135
080;080004;2023;28434;2023;080101;098010;09/12/2023;12/12/2023;031;391;M;0;0;3;NA;002;NA;NA;V3000;005;3700;098;001;030;M;08000401;31941823;NA;NA;NA;NA;NA;NA;NA;NA;NA;NA;NA;NA;NA;NA;NA;NA;OSPEDALE PIACENZA;NA;NA;NA;1458
080;080004;2023;28696;2023;080101;098049;12/12/2023;15/12/2023;031;391;M;0;0;3;NA;002;NA;NA;V3000;005;3600;098;001;030;F;08000401;31941824;NA;NA;NA;NA;NA;NA;NA;NA;NA;NA;NA;NA;NA;NA;NA;NA;OSPEDALE PIACENZA;NA;NA;NA;1356
080;080004;2023;29563;2023;080101;018187;22/12/2023;24/12/2023;031;391;M;0;0;2;NA;002;NA;NA;V3001;005;3450;018;001;030;M;08000401;31941826;NA;NA;NA;NA;NA;NA;NA;NA;NA;NA;NA;NA;NA;NA;NA;NA;OSPEDALE PIACENZA;NA;NA;NA;1156
080;080004;2023;29126;2023;080101;098029;18/12/2023;20/12/2023;031;391;M;0;0;2;NA;002;NA;NA;V3000;005;4150;098;001;030;M;08000401;31941827;NA;NA;NA;NA;NA;NA;NA;NA;NA;NA;NA;NA;NA;NA;NA;NA;OSPEDALE PIACENZA;NA;NA;NA;1697
080;080004;2024;1903;2024;080101;098029;23/01/2024;26/01/2024;039;091;M;0;36;3;NA;002;NA;NA;4801;005;NA;098;001;030;M;08000401;31941827;27651;NA;NA;NA;NA;9921;8873;NA;NA;NA;NA;NA;NA;NA;NA;NA;OSPEDALE PIACENZA;NA;NA;NA;1697
080;080004;2023;29442;2023;080101;018114;21/12/2023;23/12/2023;031;391;M;0;0;2;NA;002;NA;NA;V3000;005;3100;018;001;030;M;08000401;31941830;NA;NA;NA;NA;NA;NA;NA;NA;NA;NA;NA;NA;NA;NA;NA;NA;OSPEDALE PIACENZA;NA;NA;NA;614
080;080004;2023;29382;2023;080101;098047;20/12/2023;22/12/2023;031;391;M;0;0;2;NA;002;NA;NA;V3000;005;3360;098;001;030;F;08000401;31941831;NA;NA;NA;NA;NA;NA;NA;NA;NA;NA;NA;NA;NA;NA;NA;NA;OSPEDALE PIACENZA;NA;NA;NA;1026
080;080004;2024;5978;2024;080101;098047;09/03/2024;11/03/2024;039;070;M;0;80;2;NA;002;NA;NA;462;005;NA;098;001;030;F;08000401;31941831;69589;NA;NA;NA;NA;NA;NA;NA;NA;NA;NA;NA;NA;NA;NA;NA;OSPEDALE PIACENZA;NA;NA;NA;1026
080;080909;2024;1488;2024;080909;029022;23/01/2024;26/01/2024;031;391;M;0;0;3;NA;002;NA;NA;V3000;005;2590;029;001;050;F;080909;31942084;76409;NA;NA;NA;NA;9059;9541;9501;NA;NA;NA;NA;NA;NA;NA;NA;AOSPU ARCISPEDALE S.ANNA - FE;NA;NA;NA;0
080;080909;2023;21399;2023;080909;029022;10/11/2023;12/11/2023;031;390;M;0;0;2;NA;002;NA;NA;V3000;005;4195;029;001;050;F;080909;31942231;7609;7661;NA;NA;NA;9059;9541;9501;NA;NA;NA;NA;NA;NA;NA;NA;AOSPU ARCISPEDALE S.ANNA - FE;NA;NA;NA;26031
080;080909;2023;21307;2023;080909;029033;08/11/2023;12/11/2023;031;391;M;0;0;4;NA;002;NA;NA;V3000;005;3815;029;001;050;F;080909;31942298;NA;NA;NA;NA;NA;9059;9541;9501;NA;NA;NA;NA;NA;NA;NA;NA;AOSPU ARCISPEDALE S.ANNA - FE;NA;NA;NA;25902
080;080909;2024;1426;2024;080909;029033;23/01/2024;25/01/2024;031;391;M;0;0;2;NA;002;NA;NA;V3000;005;3880;029;001;050;F;080909;31942302;NA;NA;NA;NA;NA;9059;9317;9541;9501;NA;NA;NA;NA;NA;NA;NA;AOSPU ARCISPEDALE S.ANNA - FE;NA;NA;NA;0
080;080902;2023;586727;2023;080902;034027;18/12/2023;20/12/2023;031;391;M;0;0;2;NA;002;NA;NA;V3000;005;3000;034;001;080;M;080902;31947263;NA;NA;NA;NA;NA;9307;9546;897;8939;8903;NA;NA;NA;NA;NA;NA;AOSPU OSPEDALI RIUNITI - PR;NA;NA;NA;0
080;080902;2024;71944;2024;080902;019021;11/08/2024;13/08/2024;039;070;M;0;234;2;NA;002;NA;NA;4659;005;NA;019;001;030;F;080902;31947317;7806;NA;NA;NA;NA;897;3899;9033;3894;9132;8939;9039;9039;8876;8903;NA;AOSPU OSPEDALI RIUNITI - PR;NA;NA;NA;19232
080;080902;2023;587180;2023;080902;019021;24/12/2023;26/12/2023;062;390;M;0;3;2;NA;002;NA;NA;77439;005;NA;019;001;030;F;080902;31947317;7750;NA;NA;NA;NA;9983;8872;3899;8939;897;8903;8966;NA;NA;NA;NA;AOSPU OSPEDALI RIUNITI - PR;NA;NA;NA;19232
080;080902;2023;587032;2023;080902;019021;21/12/2023;23/12/2023;031;391;M;0;0;2;NA;002;NA;NA;V3001;005;3690;019;001;030;F;080902;31947317;7661;NA;NA;NA;NA;8952;8903;8939;897;9307;9546;NA;NA;NA;NA;NA;AOSPU OSPEDALI RIUNITI - PR;NA;NA;NA;19232
080;080902;2024;556258;2024;080902;020045;06/08/2024;13/08/2024;010;052;C;0;200;7;1;002;2754;NA;74920;005;NA;020;001;030;M;080902;31947444;V5849;NA;NA;NA;NA;2754;7840;9738;NA;NA;NA;NA;NA;NA;NA;NA;AOSPU OSPEDALI RIUNITI - PR;NA;NA;NA;0
080;080004;2024;2051;2024;080101;015191;24/01/2024;27/01/2024;031;391;M;0;0;3;NA;002;NA;NA;V3000;005;2840;015;001;030;F;08000401;31948465;NA;NA;NA;NA;NA;NA;NA;NA;NA;NA;NA;NA;NA;NA;NA;NA;OSPEDALE PIACENZA;NA;NA;NA;0
080;080044;2024;1089;2024;080106;048026;25/01/2024;27/01/2024;031;391;M;0;0;2;NA;002;NA;NA;V3000;005;3450;048;001;090;F;08004401;31948530;NA;NA;NA;NA;NA;NA;NA;NA;NA;NA;NA;NA;NA;NA;NA;NA;OSPEDALE IMOLA;NA;NA;NA;0
080;080207;2024;356;2024;080102;074007;31/01/2024;31/01/2024;009;055;C;0;338;1;NA;002;1839;NA;74429;005;NA;074;002;160;F;080207;31949071;NA;NA;NA;NA;NA;1839;9929;1879;NA;NA;NA;NA;NA;NA;NA;NA;OSP. PRIVATO HOSPITAL PICCOLE FIGLIE - PR;NA;NA;NA;0
080;080909;2023;23691;2023;080909;058120;13/12/2023;17/12/2023;031;390;M;0;0;4;NA;002;NA;NA;V3000;005;2685;058;001;120;F;080909;31949206;76419;NA;NA;NA;NA;9059;9541;9501;NA;NA;NA;NA;NA;NA;NA;NA;AOSPU ARCISPEDALE S.ANNA - FE;NA;NA;NA;24659
080;080909;2023;15795;2023;080909;018050;18/08/2023;21/08/2023;031;390;M;0;0;3;NA;002;NA;NA;V3000;005;3540;018;001;030;F;080909;31949279;6202;NA;NA;NA;NA;8876;8906;9059;9501;9541;NA;NA;NA;NA;NA;NA;AOSPU ARCISPEDALE S.ANNA - FE;NA;NA;NA;25630
080;080909;2023;24395;2023;080909;029041;23/12/2023;26/12/2023;031;390;M;0;0;3;NA;002;NA;NA;V3000;005;4060;029;001;050;F;080909;31949412;7609;NA;NA;NA;NA;9501;9541;9059;NA;NA;NA;NA;NA;NA;NA;NA;AOSPU ARCISPEDALE S.ANNA - FE;NA;NA;NA;26002
080;080909;2023;24440;2023;080909;029033;24/12/2023;26/12/2023;031;391;M;0;0;2;NA;002;NA;NA;V3000;005;3390;029;001;050;F;080909;31949428;NA;NA;NA;NA;NA;9501;9541;9059;NA;NA;NA;NA;NA;NA;NA;NA;AOSPU ARCISPEDALE S.ANNA - FE;NA;NA;NA;25414
080;080909;2024;1324;2024;080909;029033;22/01/2024;31/01/2024;062;390;M;0;0;9;NA;002;NA;NA;7706;005;3740;029;001;050;F;080909;31949487;76529;76384;7533;7613;NA;8744;9052;9390;8873;9501;8965;9921;8871;8875;9546;NA;AOSPU ARCISPEDALE S.ANNA - FE;NA;NA;NA;0
080;080031;2024;875;2024;080104;020027;26/01/2024;29/01/2024;039;390;M;0;0;3;NA;002;NA;NA;7706;005;3222;020;001;030;M;08003104;31949529;V3000;NA;NA;NA;NA;9390;897;9983;9542;8965;NA;NA;NA;NA;NA;NA;OSPEDALE CARPI;NA;NA;NA;0
080;080004;2023;27378;2023;080101;019076;27/11/2023;30/11/2023;031;391;M;0;0;3;NA;002;NA;NA;V3000;005;2320;019;001;030;F;08000401;31949893;NA;NA;NA;NA;NA;NA;NA;NA;NA;NA;NA;NA;NA;NA;NA;NA;OSPEDALE PIACENZA;NA;NA;NA;52
080;080095;2024;2646;2024;080114;042003;24/01/2024;29/01/2024;039;087;M;0;63;5;NA;002;NA;NA;51881;005;NA;042;001;110;F;08009501;31949950;46611;NA;NA;NA;NA;9396;8903;897;NA;NA;NA;NA;NA;NA;NA;NA;OSPEDALE RIMINI;NA;NA;NA;0
080;080902;2024;6465;2024;080902;065137;23/01/2024;25/01/2024;039;100;M;0;329;2;NA;002;NA;NA;78603;005;NA;065;001;150;M;080902;31950046;0790;NA;NA;NA;NA;8914;8913;8908;8939;NA;NA;NA;NA;NA;NA;NA;AOSPU OSPEDALI RIUNITI - PR;NA;NA;NA;0
080;080021;2024;556678;2024;080103;085019;22/01/2024;24/01/2024;039;087;M;0;148;2;NA;002;NA;NA;51881;005;NA;085;001;190;M;08002106;31950158;46611;4658;78607;V462;NA;9396;9394;8903;9039;9653;NA;NA;NA;NA;NA;NA;OSPEDALE S.MARIA NUOVA - RE;NA;NA;NA;0
080;080053;2024;302000;2024;080105;037044;29/01/2024;31/01/2024;031;391;M;0;0;2;NA;002;NA;NA;V3000;005;2890;037;001;080;M;08005301;31950737;NA;NA;NA;NA;NA;897;NA;NA;NA;NA;NA;NA;NA;NA;NA;NA;OSPEDALE MAGGIORE;NA;NA;NA;0
080;080909;2024;4019;2024;080909;021051;29/02/2024;29/02/2024;034;041;C;0;323;1;0;002;9504;NA;37924;005;NA;021;001;041;M;080909;31951077;NA;NA;NA;NA;NA;9504;NA;NA;NA;NA;NA;NA;NA;NA;NA;NA;AOSPU ARCISPEDALE S.ANNA - FE;NA;NA;NA;0
080;080909;2024;903599;2024;080909;029046;14/02/2024;21/10/2024;026;396;M;0;122;2;NA;002;NA;NA;28249;005;NA;029;002;050;F;080909;31951771;NA;NA;NA;NA;NA;897;3899;897;NA;NA;NA;NA;NA;NA;NA;NA;AOSPU ARCISPEDALE S.ANNA - FE;NA;NA;NA;0
080;080044;2024;1312;2024;080106;048031;30/01/2024;01/02/2024;031;390;M;0;0;2;NA;002;NA;NA;V3000;005;2860;048;001;090;M;08004401;31951816;7731;75251;NA;NA;NA;NA;NA;NA;NA;NA;NA;NA;NA;NA;NA;NA;OSPEDALE IMOLA;NA;NA;NA;0
080;080004;2024;1935;2024;080101;033032;23/01/2024;25/01/2024;031;391;M;0;0;2;NA;002;NA;NA;V3000;005;3870;033;001;080;M;08000401;31952233;NA;NA;NA;NA;NA;NA;NA;NA;NA;NA;NA;NA;NA;NA;NA;NA;OSPEDALE PIACENZA;NA;NA;NA;0
080;080004;2024;341;2024;080101;033032;05/01/2024;08/01/2024;031;391;M;0;0;3;NA;002;NA;NA;V3000;005;3490;033;001;080;F;08000401;31952462;NA;NA;NA;NA;NA;NA;NA;NA;NA;NA;NA;NA;NA;NA;NA;NA;OSPEDALE PIACENZA;NA;NA;NA;0
080;080085;2024;13110;2024;080114;040012;03/07/2024;04/07/2024;039;446;M;0;171;1;NA;002;NA;NA;95901;005;NA;040;001;080;M;08008501;31952977;NA;NA;NA;NA;NA;8879;9059;NA;NA;NA;NA;NA;NA;NA;NA;NA;OSPEDALE FORLI';NA;NA;NA;0
080;080085;2024;1008;2024;080114;040012;14/01/2024;20/01/2024;062;389;M;0;0;6;NA;002;NA;NA;77084;005;4000;040;001;080;M;08008501;31952977;7672;7731;NA;NA;NA;9390;8966;8966;9396;9059;9059;897;8952;NA;NA;NA;OSPEDALE FORLI';NA;NA;NA;0
080;080091;2024;500176;2024;080114;040012;03/01/2024;08/01/2024;031;388;M;0;0;5;NA;002;NA;NA;76519;005;2805;040;001;080;M;08009101;31953077;76528;7602;NA;NA;NA;9059;NA;NA;NA;NA;NA;NA;NA;NA;NA;NA;OSPEDALE CESENA;NA;NA;NA;0
080;080021;2024;556155;2024;080103;035033;19/01/2024;22/01/2024;062;256;M;0;0;3;NA;002;NA;NA;75559;005;3160;035;001;080;F;08002106;31954362;NA;NA;NA;NA;NA;8903;8626;NA;NA;NA;NA;NA;NA;NA;NA;NA;OSPEDALE S.MARIA NUOVA - RE;NA;NA;NA;0
080;080908;2024;505578;2024;080908;013152;01/02/2024;03/02/2024;031;391;M;0;0;2;NA;002;NA;NA;V3000;005;3555;013;001;030;M;080908;31956192;NA;NA;NA;NA;NA;8903;8903;8965;9509;8619;897;9059;9547;NA;NA;NA;IRCCS AOU BOLOGNA;NA;NA;NA;0
080;080908;2024;412846;2024;080908;042021;04/09/2024;03/10/2024;006;108;C;0;216;29;1;002;3583;NA;7450;005;NA;042;001;110;F;080908;31956232;99811;9973;4239;NA;NA;3583;3963;3962;3961;8872;8961;9921;3322;8744;3999;3799;IRCCS AOU BOLOGNA;NA;NA;NA;0
080;080908;2024;408811;2024;080908;042021;30/07/2024;02/08/2024;008;125;M;0;180;3;NA;002;NA;NA;7454;005;NA;042;001;110;F;080908;31956232;V151;NA;NA;NA;NA;3723;9929;8842;8843;8872;8744;8952;8954;NA;NA;NA;IRCCS AOU BOLOGNA;NA;NA;NA;0
080;080908;2024;505439;2024;080908;042021;01/02/2024;28/03/2024;006;108;C;0;0;56;18;002;3699;NA;7450;005;2140;042;001;110;F;080908;31956232;99889;99811;4275;4281;5185;3699;3999;3791;3799;7851;9672;9390;8961;8962;8872;NA;IRCCS AOU BOLOGNA;NA;NA;NA;0
080;080908;2024;505441;2024;080908;042021;01/02/2024;05/02/2024;031;389;M;0;0;4;NA;002;NA;NA;V3101;005;2025;042;001;110;M;080908;31956233;76418;7852;NA;NA;NA;8903;8965;8903;9059;9059;9509;897;9547;8619;8906;NA;IRCCS AOU BOLOGNA;NA;NA;NA;0
080;080004;2024;2062;2024;080101;098035;25/01/2024;27/01/2024;031;391;M;0;0;2;NA;002;NA;NA;V3000;005;3560;098;001;030;M;08000401;31956260;NA;NA;NA;NA;NA;NA;NA;NA;NA;NA;NA;NA;NA;NA;NA;NA;OSPEDALE PIACENZA;NA;NA;NA;0
080;080053;2024;300481;2024;080105;037017;09/01/2024;11/01/2024;039;390;M;0;0;2;NA;002;NA;NA;7706;005;3650;037;001;080;M;08005307;31956298;NA;NA;NA;NA;NA;9396;1819;NA;NA;NA;NA;NA;NA;NA;NA;NA;OSPEDALE BENTIVOGLIO;NA;NA;NA;0
080;080004;2023;25996;2023;080101;098029;10/11/2023;17/11/2023;031;390;M;0;0;7;NA;002;NA;NA;V3000;005;2620;098;001;030;F;08000401;31956543;7731;NA;NA;NA;NA;9983;NA;NA;NA;NA;NA;NA;NA;NA;NA;NA;OSPEDALE PIACENZA;NA;NA;NA;153
080;080904;2024;3759;2024;080904;036045;02/02/2024;04/02/2024;031;391;M;0;0;2;NA;002;NA;NA;V3000;005;2820;036;001;080;F;08090401;31956756;NA;NA;NA;NA;NA;NA;NA;NA;NA;NA;NA;NA;NA;NA;NA;NA;AOSPU POLICLINICO - MO;NA;NA;NA;0
080;080004;2024;323;2024;080101;098010;05/01/2024;08/01/2024;031;391;M;0;0;3;NA;002;NA;NA;V3000;005;3750;098;001;030;M;08000401;31957078;NA;NA;NA;NA;NA;NA;NA;NA;NA;NA;NA;NA;NA;NA;NA;NA;OSPEDALE PIACENZA;NA;NA;NA;0
080;080095;2023;31513;2024;080114;041044;18/11/2023;26/01/2024;062;386;M;0;0;69;NA;002;NA;NA;769;005;1000;041;001;110;M;08009501;31957110;76503;7742;7766;77181;7470;9604;3892;9915;9390;3893;8891;NA;NA;NA;NA;NA;OSPEDALE RIMINI;NA;NA;NA;0
080;080004;2024;1028;2024;080101;098019;12/01/2024;15/01/2024;031;391;M;0;0;3;NA;002;NA;NA;V3000;005;2770;098;001;030;F;08000401;31957305;NA;NA;NA;NA;NA;NA;NA;NA;NA;NA;NA;NA;NA;NA;NA;NA;OSPEDALE PIACENZA;NA;NA;NA;0
080;080902;2023;586892;2023;080902;019021;20/12/2023;22/12/2023;031;391;M;0;0;2;NA;002;NA;NA;V3000;005;3570;019;001;030;F;080902;31957333;NA;NA;NA;NA;NA;9307;9546;8903;897;8939;NA;NA;NA;NA;NA;NA;AOSPU OSPEDALI RIUNITI - PR;NA;NA;NA;19081
080;080902;2023;578487;2023;080902;019021;19/09/2023;22/09/2023;062;390;M;0;0;3;NA;002;NA;NA;7731;005;2830;019;001;030;F;080902;31957367;NA;NA;NA;NA;NA;9983;8908;3899;8876;9546;9307;8903;8939;897;NA;NA;AOSPU OSPEDALI RIUNITI - PR;NA;NA;NA;18087
080;080095;2024;4420;2024;080114;041068;10/02/2024;16/02/2024;039;087;M;0;51;6;NA;002;NA;NA;51881;005;NA;041;001;110;M;08009501;31957418;46611;NA;NA;NA;NA;9396;9133;8966;NA;NA;NA;NA;NA;NA;NA;NA;OSPEDALE RIMINI;NA;NA;NA;0
080;080095;2024;24854;2024;080114;041022;06/09/2024;09/09/2024;011;341;C;0;297;3;0;002;5845;NA;75261;005;NA;041;001;110;M;08009501;31957476;NA;NA;NA;NA;NA;5845;NA;NA;NA;NA;NA;NA;NA;NA;NA;NA;OSPEDALE RIMINI;NA;NA;NA;0
080;080004;2024;1049;2024;080101;098029;13/01/2024;17/01/2024;062;467;M;0;0;4;NA;002;NA;NA;V291;005;2700;098;001;030;F;08000401;31957522;NA;NA;NA;NA;NA;NA;NA;NA;NA;NA;NA;NA;NA;NA;NA;NA;OSPEDALE PIACENZA;NA;NA;NA;0
080;080095;2024;1031;2024;080114;041044;10/01/2024;13/01/2024;062;389;M;0;0;3;NA;002;NA;NA;7756;005;3780;041;001;110;M;08009501;31957537;NA;NA;NA;NA;NA;9059;NA;NA;NA;NA;NA;NA;NA;NA;NA;NA;OSPEDALE RIMINI;NA;NA;NA;0
080;080902;2023;587147;2023;080902;019021;22/12/2023;24/12/2023;031;391;M;0;0;2;NA;002;NA;NA;V3000;005;3740;019;001;030;F;080902;31957568;7661;NA;NA;NA;NA;8952;897;8903;8939;9307;9546;NA;NA;NA;NA;NA;AOSPU OSPEDALI RIUNITI - PR;NA;NA;NA;19276
080;080004;2024;589;2024;080101;098006;08/01/2024;11/01/2024;031;391;M;0;0;3;NA;002;NA;NA;V3001;005;2880;098;001;030;F;08000401;31957586;NA;NA;NA;NA;NA;NA;NA;NA;NA;NA;NA;NA;NA;NA;NA;NA;OSPEDALE PIACENZA;NA;NA;NA;0
080;080902;2024;553607;2024;080902;019021;05/01/2024;07/01/2024;031;391;M;0;0;2;NA;002;NA;NA;V3000;005;3230;019;001;030;F;080902;31957707;NA;NA;NA;NA;NA;9307;9546;897;8939;8903;NA;NA;NA;NA;NA;NA;AOSPU OSPEDALI RIUNITI - PR;NA;NA;NA;0
080;080902;2024;553733;2024;080902;019021;07/01/2024;10/01/2024;031;391;M;0;0;3;NA;002;NA;NA;V3000;005;3260;019;001;030;M;080902;31957790;NA;NA;NA;NA;NA;9307;9546;897;8939;8903;NA;NA;NA;NA;NA;NA;AOSPU OSPEDALI RIUNITI - PR;NA;NA;NA;0
080;080004;2024;660;2024;080101;098051;09/01/2024;11/01/2024;031;391;M;0;0;2;NA;002;NA;NA;V3000;005;3660;098;001;030;M;08000401;31957810;NA;NA;NA;NA;NA;NA;NA;NA;NA;NA;NA;NA;NA;NA;NA;NA;OSPEDALE PIACENZA;NA;NA;NA;0
080;080908;2024;505756;2024;080908;020054;02/02/2024;15/02/2024;073;003;C;0;0;13;1;002;022;1;7423;005;NA;020;001;030;M;080908;31958022;7424;NA;NA;NA;NA;022;9921;8891;8901;9059;8952;897;9052;9053;3899;8906;IRCCS AOU BOLOGNA;NA;NA;NA;0
080;080902;2024;568659;2024;080902;020054;24/05/2024;24/12/2024;002;035;M;0;112;2;NA;002;NA;NA;7428;005;NA;020;002;030;M;080902;31958022;NA;NA;NA;NA;NA;8891;8913;NA;NA;NA;NA;NA;NA;NA;NA;NA;AOSPU OSPEDALI RIUNITI - PR;NA;NA;NA;0
080;080902;2024;557540;2024;080902;020054;02/02/2024;02/02/2024;073;035;M;0;0;1;NA;006;NA;NA;7423;005;3830;020;001;030;M;080902;31958022;7661;NA;NA;NA;NA;8891;8906;8903;8954;NA;NA;NA;NA;NA;NA;NA;AOSPU OSPEDALI RIUNITI - PR;NA;NA;NA;0
080;080902;2024;21864;2024;080902;020054;11/03/2024;16/03/2024;062;098;M;0;38;5;NA;002;NA;NA;46619;005;NA;020;001;030;M;080902;31958022;NA;NA;NA;NA;NA;9396;9039;8903;3898;8965;9033;NA;NA;NA;NA;NA;AOSPU OSPEDALI RIUNITI - PR;NA;NA;NA;0
080;080909;2024;2100;2024;080909;029033;01/02/2024;04/02/2024;031;391;M;0;0;3;NA;002;NA;NA;V3001;005;3685;029;001;050;M;080909;31958175;NA;NA;NA;NA;NA;9059;9501;9541;2592;NA;NA;NA;NA;NA;NA;NA;AOSPU ARCISPEDALE S.ANNA - FE;NA;NA;NA;0
080;080031;2024;1072;2024;080104;036005;01/02/2024;04/02/2024;031;391;M;0;0;3;NA;002;NA;NA;V3000;005;3160;036;001;080;F;08003104;31958277;NA;NA;NA;NA;NA;9542;897;8966;NA;NA;NA;NA;NA;NA;NA;NA;OSPEDALE CARPI;NA;NA;NA;0
080;080053;2024;302503;2024;080105;037053;03/02/2024;05/02/2024;031;391;M;0;0;2;NA;002;NA;NA;V3000;005;3365;037;001;080;F;08005301;31958466;NA;NA;NA;NA;NA;897;NA;NA;NA;NA;NA;NA;NA;NA;NA;NA;OSPEDALE MAGGIORE;NA;NA;NA;0
080;080095;2024;3966;2024;080114;021038;06/02/2024;10/02/2024;039;087;M;0;200;4;NA;002;NA;NA;51881;005;NA;021;001;041;M;08009501;31959244;46611;NA;NA;NA;NA;9396;9929;9394;NA;NA;NA;NA;NA;NA;NA;NA;OSPEDALE RIMINI;NA;NA;NA;0
080;080095;2024;3260;2024;080114;099013;31/01/2024;03/02/2024;062;389;M;0;17;3;NA;002;NA;NA;77182;005;NA;099;001;080;F;08009501;31959256;77189;NA;NA;NA;NA;9921;0331;8871;9059;NA;NA;NA;NA;NA;NA;NA;OSPEDALE RIMINI;NA;NA;NA;0
080;080095;2024;1443;2024;080114;099013;14/01/2024;15/01/2024;031;391;M;0;0;1;NA;002;NA;NA;V3000;005;3650;099;001;080;F;08009501;31959256;NA;NA;NA;NA;NA;NA;NA;NA;NA;NA;NA;NA;NA;NA;NA;NA;OSPEDALE RIMINI;NA;NA;NA;0
080;080004;2024;2260;2024;080101;098051;26/01/2024;29/01/2024;031;391;M;0;0;3;NA;002;NA;NA;V3000;005;3180;098;001;030;M;08000401;31959330;NA;NA;NA;NA;NA;NA;NA;NA;NA;NA;NA;NA;NA;NA;NA;NA;OSPEDALE PIACENZA;NA;NA;NA;0
080;080053;2024;24931;2024;080105;082049;06/02/2024;09/02/2024;039;087;M;0;102;3;NA;002;NA;NA;51881;005;NA;082;001;190;M;08005301;31960017;46611;69018;NA;NA;NA;9396;9394;9199;1811;8938;NA;NA;NA;NA;NA;NA;OSPEDALE MAGGIORE;NA;NA;NA;0
080;080902;2023;581821;2023;080902;020066;22/10/2023;24/10/2023;031;391;M;0;0;2;NA;002;NA;NA;V3001;005;3200;020;001;030;F;080902;31960440;NA;NA;NA;NA;NA;8879;8903;8939;897;9307;9546;NA;NA;NA;NA;NA;AOSPU OSPEDALI RIUNITI - PR;NA;NA;NA;0
080;080902;2024;554402;2024;080902;019021;10/01/2024;12/01/2024;031;390;M;0;0;2;NA;002;NA;NA;V3000;005;3500;019;001;030;M;080902;31960495;7633;7608;NA;NA;NA;3899;8952;8939;897;8903;9307;9546;NA;NA;NA;NA;AOSPU OSPEDALI RIUNITI - PR;NA;NA;NA;0
080;080909;2024;2488;2024;080909;029045;06/02/2024;12/02/2024;062;390;M;0;0;6;NA;002;NA;NA;76529;005;3560;029;001;050;M;080909;31961217;7706;7609;NA;NA;NA;9390;3898;9059;9093;9053;8744;9546;9501;9541;8871;NA;AOSPU ARCISPEDALE S.ANNA - FE;NA;NA;NA;0
080;080021;2023;549351;2023;080103;999450;04/12/2023;07/12/2023;031;391;M;0;0;3;NA;002;NA;NA;V3001;005;3610;999;001;450;F;08002106;31961600;NA;NA;NA;NA;NA;8874;8871;NA;NA;NA;NA;NA;NA;NA;NA;NA;OSPEDALE S.MARIA NUOVA - RE;NA;NA;NA;4505
080;080908;2023;554136;2023;080908;999443;25/12/2023;27/12/2023;031;391;M;0;0;2;NA;002;NA;NA;V3000;005;3980;999;001;443;M;080908;31961604;7661;NA;NA;NA;NA;8903;8965;8903;9509;9059;897;9547;8619;NA;NA;NA;IRCCS AOU BOLOGNA;NA;NA;NA;24338
080;080909;2023;23049;2023;080909;999254;04/12/2023;06/12/2023;031;390;M;0;0;2;NA;002;NA;NA;V3000;005;3350;999;001;254;F;080909;31961610;7609;77984;NA;NA;NA;9501;9541;9059;NA;NA;NA;NA;NA;NA;NA;NA;AOSPU ARCISPEDALE S.ANNA - FE;NA;NA;NA;25359
080;080091;2023;523126;2023;080114;999252;12/11/2023;14/11/2023;031;391;M;0;0;2;NA;002;NA;NA;V3000;005;3155;999;001;252;F;08009101;31961614;NA;NA;NA;NA;NA;NA;NA;NA;NA;NA;NA;NA;NA;NA;NA;NA;OSPEDALE CESENA;NA;NA;NA;13217
080;080021;2024;557591;2024;080103;030049;27/01/2024;29/01/2024;031;391;M;0;0;2;NA;005;NA;NA;V3000;005;4148;030;001;060;M;08002106;31961664;NA;NA;NA;NA;NA;8904;NA;NA;NA;NA;NA;NA;NA;NA;NA;NA;OSPEDALE S.MARIA NUOVA - RE;NA;NA;NA;0
080;080909;2023;20999;2023;080909;029002;04/11/2023;07/11/2023;031;391;M;0;0;3;NA;002;NA;NA;V3000;005;4195;029;001;050;M;080909;31961923;7661;NA;NA;NA;NA;9059;9501;9541;8872;NA;NA;NA;NA;NA;NA;NA;AOSPU ARCISPEDALE S.ANNA - FE;NA;NA;NA;26030
080;080909;2023;22330;2023;080909;029033;23/11/2023;27/11/2023;073;390;M;0;0;4;NA;002;NA;NA;7706;005;3410;029;001;050;F;080909;31962017;76529;77984;7609;NA;NA;9921;9052;8959;9390;3899;8965;3898;9546;9501;9541;NA;AOSPU ARCISPEDALE S.ANNA - FE;NA;NA;NA;25454
080;080909;2023;19041;2023;080909;029009;06/10/2023;09/10/2023;031;391;M;0;0;3;NA;002;NA;NA;V301;005;3340;029;001;050;F;080909;31962186;NA;NA;NA;NA;NA;9501;9541;9059;NA;NA;NA;NA;NA;NA;NA;NA;AOSPU ARCISPEDALE S.ANNA - FE;NA;NA;NA;25343
080;080004;2024;1518;2024;080101;015146;18/01/2024;21/01/2024;031;391;M;0;0;3;NA;002;NA;NA;V3001;005;3640;015;001;030;M;08000401;31962329;NA;NA;NA;NA;NA;NA;NA;NA;NA;NA;NA;NA;NA;NA;NA;NA;OSPEDALE PIACENZA;NA;NA;NA;0
080;080004;2024;825;2024;080101;098002;11/01/2024;15/01/2024;031;391;M;0;0;4;NA;002;NA;NA;V3001;005;3500;098;001;030;M;08000401;31962332;NA;NA;NA;NA;NA;NA;NA;NA;NA;NA;NA;NA;NA;NA;NA;NA;OSPEDALE PIACENZA;NA;NA;NA;0
080;080004;2024;8323;2024;080101;098049;05/04/2024;11/04/2024;039;422;M;0;73;6;NA;002;NA;NA;0793;005;NA;098;001;030;F;08000401;31962333;NA;NA;NA;NA;NA;8872;8871;8875;NA;NA;NA;NA;NA;NA;NA;NA;OSPEDALE PIACENZA;NA;NA;NA;0
080;080004;2024;1952;2024;080101;098049;23/01/2024;26/01/2024;031;391;M;0;0;3;NA;002;NA;NA;V3000;005;3070;098;001;030;F;08000401;31962333;NA;NA;NA;NA;NA;NA;NA;NA;NA;NA;NA;NA;NA;NA;NA;NA;OSPEDALE PIACENZA;NA;NA;NA;0
080;080004;2024;2160;2024;080101;098043;25/01/2024;28/01/2024;031;391;M;0;0;3;NA;002;NA;NA;V3000;005;3330;098;001;030;M;08000401;31962334;NA;NA;NA;NA;NA;NA;NA;NA;NA;NA;NA;NA;NA;NA;NA;NA;OSPEDALE PIACENZA;NA;NA;NA;0
080;080004;2024;707;2024;080101;098010;09/01/2024;12/01/2024;031;391;M;0;0;3;NA;002;NA;NA;V3000;005;3980;098;001;030;F;08000401;31962336;NA;NA;NA;NA;NA;NA;NA;NA;NA;NA;NA;NA;NA;NA;NA;NA;OSPEDALE PIACENZA;NA;NA;NA;0
080;080004;2024;938;2024;080101;098019;12/01/2024;15/01/2024;031;391;M;0;0;3;NA;002;NA;NA;V3000;005;2890;098;001;030;F;08000401;31962337;NA;NA;NA;NA;NA;NA;NA;NA;NA;NA;NA;NA;NA;NA;NA;NA;OSPEDALE PIACENZA;NA;NA;NA;0
080;080004;2024;4240;2024;080101;098022;19/02/2024;23/02/2024;039;098;M;0;51;4;NA;002;NA;NA;46611;005;NA;098;001;030;F;08000401;31962338;51882;NA;NA;NA;NA;9396;9394;NA;NA;NA;NA;NA;NA;NA;NA;NA;OSPEDALE PIACENZA;NA;NA;NA;0
080;080004;2023;30132;2024;080101;098022;30/12/2023;02/01/2024;031;391;M;0;0;3;NA;002;NA;NA;V3001;005;2870;098;001;030;F;08000401;31962338;NA;NA;NA;NA;NA;NA;NA;NA;NA;NA;NA;NA;NA;NA;NA;NA;OSPEDALE PIACENZA;NA;NA;NA;0
080;080004;2023;30113;2024;080101;018053;29/12/2023;01/01/2024;031;391;M;0;0;3;NA;002;NA;NA;V3000;005;3590;018;001;030;F;08000401;31962340;NA;NA;NA;NA;NA;NA;NA;NA;NA;NA;NA;NA;NA;NA;NA;NA;OSPEDALE PIACENZA;NA;NA;NA;0
080;080085;2024;6504;2024;080114;040036;29/03/2024;31/03/2024;039;098;M;0;75;2;NA;002;NA;NA;46619;005;NA;040;001;080;M;08008501;31962610;NA;NA;NA;NA;NA;897;NA;NA;NA;NA;NA;NA;NA;NA;NA;NA;OSPEDALE FORLI';NA;NA;NA;0
080;080085;2024;1011;2024;080114;040036;14/01/2024;17/01/2024;031;390;M;0;0;3;NA;002;NA;NA;7602;005;2914;040;001;080;M;08008501;31962610;V0261;NA;NA;NA;NA;897;NA;NA;NA;NA;NA;NA;NA;NA;NA;NA;OSPEDALE FORLI';NA;NA;NA;0
080;080908;2024;506808;2024;080908;080085;08/02/2024;29/02/2024;006;110;C;0;0;21;12;002;3834;NA;74710;005;2410;080;001;180;F;080908;31962844;7470;7454;7455;7746;NA;3834;3885;3885;8954;8952;8872;8961;8744;NA;NA;NA;IRCCS AOU BOLOGNA;NA;NA;NA;0
080;080908;2024;422820;2024;080908;080085;05/11/2024;11/11/2024;008;137;M;0;271;6;NA;002;NA;NA;7454;005;NA;080;001;180;F;080908;31962844;7455;V151;NA;NA;NA;8872;8872;8952;8954;8961;9929;8744;NA;NA;NA;NA;IRCCS AOU BOLOGNA;NA;NA;NA;0
080;080909;2023;19850;2023;080909;029029;18/10/2023;21/10/2023;031;391;M;0;0;3;NA;002;NA;NA;V3000;005;3700;029;001;050;M;080909;31963073;NA;NA;NA;NA;NA;9059;9541;9501;NA;NA;NA;NA;NA;NA;NA;NA;AOSPU ARCISPEDALE S.ANNA - FE;NA;NA;NA;25814
080;080004;2024;3417;2024;080101;098029;09/02/2024;12/02/2024;031;391;M;0;0;3;NA;002;NA;NA;V3001;005;3940;098;001;030;F;08000401;31963971;NA;NA;NA;NA;NA;NA;NA;NA;NA;NA;NA;NA;NA;NA;NA;NA;OSPEDALE PIACENZA;NA;NA;NA;0
080;080004;2024;3235;2024;080101;098031;07/02/2024;10/02/2024;039;098;M;0;126;3;NA;002;NA;NA;46611;005;NA;098;001;030;F;08000401;31964310;51882;NA;NA;NA;NA;9396;9394;NA;NA;NA;NA;NA;NA;NA;NA;NA;OSPEDALE PIACENZA;NA;NA;NA;0
080;080004;2024;4228;2024;080101;098019;19/02/2024;01/03/2024;039;098;M;0;49;11;NA;002;NA;NA;46619;005;NA;098;001;030;M;08000401;31964335;0793;NA;NA;NA;NA;9396;9394;9929;8744;NA;NA;NA;NA;NA;NA;NA;OSPEDALE PIACENZA;NA;NA;NA;0
080;080004;2024;3374;2024;080101;098019;08/02/2024;14/02/2024;039;087;M;0;38;6;NA;002;NA;NA;51881;005;NA;098;001;030;M;08000401;31964335;46611;4801;NA;NA;NA;9390;8965;9918;8744;8873;NA;NA;NA;NA;NA;NA;OSPEDALE PIACENZA;NA;NA;NA;0
080;080004;2024;10;2024;080101;098019;01/01/2024;14/01/2024;062;174;M;0;0;13;NA;002;NA;NA;5781;005;3500;098;001;030;M;08000401;31964335;77430;NA;NA;NA;NA;8769;9929;8876;9983;8872;8871;NA;NA;NA;NA;NA;OSPEDALE PIACENZA;NA;NA;NA;0
080;080004;2024;3230;2024;080101;098014;07/02/2024;11/02/2024;039;098;M;0;104;4;NA;002;NA;NA;46611;005;NA;098;001;030;M;08000401;31964353;51882;NA;NA;NA;NA;9396;9394;NA;NA;NA;NA;NA;NA;NA;NA;NA;OSPEDALE PIACENZA;NA;NA;NA;0
080;080902;2024;12319;2024;080902;019021;11/02/2024;13/02/2024;039;098;M;0;236;2;NA;002;NA;NA;46611;005;NA;019;001;030;M;080902;31964433;0793;NA;NA;NA;NA;9396;9394;8903;9033;897;9039;8939;NA;NA;NA;NA;AOSPU OSPEDALI RIUNITI - PR;NA;NA;NA;17926
080;080902;2023;570928;2023;080902;019021;20/06/2023;22/06/2023;031;391;M;0;0;2;NA;002;NA;NA;V3000;005;2550;019;001;030;M;080902;31964433;NA;NA;NA;NA;NA;9307;9546;897;8939;8903;NA;NA;NA;NA;NA;NA;AOSPU OSPEDALI RIUNITI - PR;NA;NA;NA;17926
080;080095;2024;4309;2024;080114;042021;09/02/2024;11/02/2024;039;098;M;0;12;2;NA;002;NA;NA;46611;005;NA;042;001;110;M;08009501;31964512;NA;NA;NA;NA;NA;897;8903;897;NA;NA;NA;NA;NA;NA;NA;NA;OSPEDALE RIMINI;NA;NA;NA;0
080;080095;2024;3007;2024;080114;042021;28/01/2024;01/02/2024;062;389;M;0;0;4;NA;002;NA;NA;7756;005;2275;042;001;110;M;08009501;31964512;76418;76498;NA;NA;NA;9059;8901;8871;8619;NA;NA;NA;NA;NA;NA;NA;OSPEDALE RIMINI;NA;NA;NA;0
080;080904;2024;4868;2024;080904;061052;13/02/2024;16/02/2024;039;098;M;0;64;3;NA;002;NA;NA;46611;005;NA;061;001;150;M;08090401;31965496;78605;78703;47829;NA;NA;9396;NA;NA;NA;NA;NA;NA;NA;NA;NA;NA;AOSPU POLICLINICO - MO;NA;NA;NA;0
080;080902;2023;583624;2023;080902;011015;10/11/2023;25/11/2023;062;386;M;0;0;15;NA;002;NA;NA;769;005;1930;011;001;070;F;080902;31965601;76517;76417;76528;77439;7455;9671;9390;9604;3194;9396;8744;8872;3894;8952;3899;8871;AOSPU OSPEDALI RIUNITI - PR;NA;NA;NA;17827
080;080902;2023;585018;2024;080902;019021;26/11/2023;11/01/2024;062;386;M;0;0;46;NA;002;NA;NA;769;005;1300;019;001;030;F;080902;31965685;76515;76525;7470;7742;7615;9390;9396;3892;3893;8871;8769;8874;8879;8952;8744;8872;AOSPU OSPEDALI RIUNITI - PR;NA;NA;NA;0
080;080902;2023;585019;2024;080902;019021;26/11/2023;11/01/2024;062;386;M;0;0;46;NA;002;NA;NA;769;005;1440;019;001;030;M;080902;31965686;76515;76525;7742;7455;7615;9390;9396;3892;3893;8872;9921;8876;8879;8744;8765;8871;AOSPU OSPEDALI RIUNITI - PR;NA;NA;NA;0
080;080908;2024;507807;2024;080908;043023;14/02/2024;01/03/2024;006;108;C;0;276;16;7;002;3570;NA;7450;005;NA;043;001;110;F;080908;31966972;4280;4168;NA;NA;NA;3570;3959;3961;3962;3963;0012;8744;8872;8954;NA;NA;IRCCS AOU BOLOGNA;NA;NA;NA;0
080;080096;2024;1542;2024;080104;036005;14/02/2024;16/02/2024;031;391;M;0;0;2;NA;002;NA;NA;V3000;005;2980;036;001;080;F;080096;31967236;NA;NA;NA;NA;NA;9547;NA;NA;NA;NA;NA;NA;NA;NA;NA;NA;OSPEDALE CIVILE DI SASSUOLO S.P.A.;NA;NA;NA;0
080;080021;2024;560219;2024;080103;999201;12/02/2024;14/02/2024;031;391;M;0;0;2;NA;002;NA;NA;V3000;005;3818;999;001;201;F;08002106;31968221;NA;NA;NA;NA;NA;9959;NA;NA;NA;NA;NA;NA;NA;NA;NA;NA;OSPEDALE S.MARIA NUOVA - RE;NA;NA;NA;0
080;080053;2024;303518;2024;080105;037006;16/02/2024;18/02/2024;031;391;M;0;0;2;NA;002;NA;NA;V3000;005;2825;037;001;080;M;08005301;31968297;NA;NA;NA;NA;NA;897;NA;NA;NA;NA;NA;NA;NA;NA;NA;NA;OSPEDALE MAGGIORE;NA;NA;NA;0
080;080031;2024;1608;2024;080104;020065;17/02/2024;19/02/2024;031;391;M;0;0;2;NA;002;NA;NA;V3000;005;3380;020;001;030;M;08003104;31968566;NA;NA;NA;NA;NA;8965;9547;897;NA;NA;NA;NA;NA;NA;NA;NA;OSPEDALE CARPI;NA;NA;NA;0
080;080095;2024;4916;2024;080114;041034;15/02/2024;24/02/2024;039;087;M;0;117;9;NA;002;NA;NA;51881;005;NA;041;001;110;M;08009501;31969116;46619;NA;NA;NA;NA;NA;NA;NA;NA;NA;NA;NA;NA;NA;NA;NA;OSPEDALE RIMINI;NA;NA;NA;0
080;080902;2024;13010;2024;080902;034027;13/02/2024;15/02/2024;039;098;M;0;340;2;NA;002;NA;NA;51911;005;NA;034;001;080;F;080902;31969210;4659;NA;NA;NA;NA;9396;9394;9039;897;8903;8939;9033;NA;NA;NA;NA;AOSPU OSPEDALI RIUNITI - PR;NA;NA;NA;0
080;080902;2024;556694;2024;080902;020066;27/01/2024;29/01/2024;031;391;M;0;0;2;NA;002;NA;NA;V3000;005;3500;020;001;030;F;080902;31969211;NA;NA;NA;NA;NA;9307;9546;897;8939;8903;NA;NA;NA;NA;NA;NA;AOSPU OSPEDALI RIUNITI - PR;NA;NA;NA;0
080;080072;2024;634;2024;080114;029039;09/01/2024;11/01/2024;031;391;M;0;0;2;NA;002;NA;NA;V3000;005;3820;029;001;050;M;080072;31969325;NA;NA;NA;NA;NA;NA;NA;NA;NA;NA;NA;NA;NA;NA;NA;NA;OSPEDALE RAVENNA;NA;NA;NA;0
080;080091;2024;500306;2024;080114;041044;05/01/2024;08/01/2024;031;391;M;0;0;3;NA;002;NA;NA;V3001;005;3215;041;001;110;M;08009101;31969414;NA;NA;NA;NA;NA;NA;NA;NA;NA;NA;NA;NA;NA;NA;NA;NA;OSPEDALE CESENA;NA;NA;NA;0
080;080004;2024;4209;2024;080101;098049;19/02/2024;22/02/2024;031;391;M;0;0;3;NA;002;NA;NA;V3001;005;3030;098;001;030;F;08000401;31970005;NA;NA;NA;NA;NA;NA;NA;NA;NA;NA;NA;NA;NA;NA;NA;NA;OSPEDALE PIACENZA;NA;NA;NA;0
080;080908;2024;509033;2024;080908;043013;22/02/2024;27/02/2024;008;127;M;0;27;5;NA;002;NA;NA;4280;005;NA;043;001;110;M;080908;31974961;7455;7454;7533;7746;51882;8954;9929;8744;9059;8872;8952;8954;8872;NA;NA;NA;IRCCS AOU BOLOGNA;NA;NA;NA;0
080;080908;2024;407646;2024;080908;042002;21/07/2024;30/07/2024;006;108;C;0;168;9;1;002;3553;NA;7454;005;NA;042;001;110;F;080908;31975037;NA;NA;NA;NA;NA;3553;3963;3961;8952;8872;8954;8744;NA;NA;NA;NA;IRCCS AOU BOLOGNA;NA;NA;NA;0
080;080095;2024;1481;2024;080114;041019;15/01/2024;17/01/2024;031;391;M;0;0;2;NA;002;NA;NA;V3001;005;3330;041;001;110;M;08009501;31975260;NA;NA;NA;NA;NA;NA;NA;NA;NA;NA;NA;NA;NA;NA;NA;NA;OSPEDALE RIMINI;NA;NA;NA;0
080;080095;2024;1284;2024;080114;041068;12/01/2024;15/01/2024;062;390;M;0;0;3;NA;002;NA;NA;7661;005;4640;041;001;110;M;08009501;31975262;7793;78340;NA;NA;NA;9547;9059;NA;NA;NA;NA;NA;NA;NA;NA;NA;OSPEDALE RIMINI;NA;NA;NA;0
080;080095;2024;45;2024;080114;041044;01/01/2024;03/01/2024;031;391;M;0;0;2;NA;002;NA;NA;V3000;005;3930;041;001;110;M;08009501;31975264;NA;NA;NA;NA;NA;NA;NA;NA;NA;NA;NA;NA;NA;NA;NA;NA;OSPEDALE RIMINI;NA;NA;NA;0
080;080095;2024;376;2024;080114;042002;03/01/2024;05/01/2024;031;391;M;0;0;2;NA;002;NA;NA;V3000;005;3595;042;001;110;M;08009501;31975265;NA;NA;NA;NA;NA;NA;NA;NA;NA;NA;NA;NA;NA;NA;NA;NA;OSPEDALE RIMINI;NA;NA;NA;0
080;080095;2024;2618;2024;080114;072048;24/01/2024;26/01/2024;031;391;M;0;0;2;NA;002;NA;NA;V3000;005;3035;072;001;160;F;08009501;31975267;NA;NA;NA;NA;NA;NA;NA;NA;NA;NA;NA;NA;NA;NA;NA;NA;OSPEDALE RIMINI;NA;NA;NA;0
080;080095;2024;9277;2024;080114;041031;29/03/2024;31/03/2024;039;098;M;0;62;2;NA;002;NA;NA;46611;005;NA;041;001;110;M;08009501;31975269;27651;NA;NA;NA;NA;9133;9394;NA;NA;NA;NA;NA;NA;NA;NA;NA;OSPEDALE RIMINI;NA;NA;NA;0
080;080095;2024;2910;2024;080114;041031;27/01/2024;29/01/2024;031;391;M;0;0;2;NA;002;NA;NA;V3000;005;3470;041;001;110;M;08009501;31975269;NA;NA;NA;NA;NA;NA;NA;NA;NA;NA;NA;NA;NA;NA;NA;NA;OSPEDALE RIMINI;NA;NA;NA;0
080;080095;2024;2196;2024;080114;041044;20/01/2024;22/01/2024;031;391;M;0;0;2;NA;002;NA;NA;V3000;005;3580;041;001;110;F;08009501;31975270;NA;NA;NA;NA;NA;9059;NA;NA;NA;NA;NA;NA;NA;NA;NA;NA;OSPEDALE RIMINI;NA;NA;NA;0
080;080095;2024;2787;2024;080114;041071;25/01/2024;27/01/2024;031;391;M;0;0;2;NA;002;NA;NA;V3000;005;3250;041;001;110;M;08009501;31975271;NA;NA;NA;NA;NA;NA;NA;NA;NA;NA;NA;NA;NA;NA;NA;NA;OSPEDALE RIMINI;NA;NA;NA;0
080;080095;2024;1733;2024;080114;041044;16/01/2024;18/01/2024;031;391;M;0;0;2;NA;002;NA;NA;V3000;005;3740;041;001;110;M;08009501;31975273;NA;NA;NA;NA;NA;NA;NA;NA;NA;NA;NA;NA;NA;NA;NA;NA;OSPEDALE RIMINI;NA;NA;NA;0
080;080095;2023;35247;2024;080114;041044;30/12/2023;01/01/2024;031;391;M;0;0;2;NA;002;NA;NA;V3000;005;3550;041;001;110;M;08009501;31975274;NA;NA;NA;NA;NA;NA;NA;NA;NA;NA;NA;NA;NA;NA;NA;NA;OSPEDALE RIMINI;NA;NA;NA;0
080;080095;2024;1351;2024;080114;042049;12/01/2024;15/01/2024;031;391;M;0;0;3;NA;002;NA;NA;V3000;005;3060;042;001;110;M;08009501;31975276;NA;NA;NA;NA;NA;NA;NA;NA;NA;NA;NA;NA;NA;NA;NA;NA;OSPEDALE RIMINI;NA;NA;NA;0
080;080095;2024;1013;2024;080114;099014;10/01/2024;14/01/2024;031;391;M;0;0;4;NA;002;NA;NA;V3001;005;2980;099;001;080;M;08009501;31975277;NA;NA;NA;NA;NA;NA;NA;NA;NA;NA;NA;NA;NA;NA;NA;NA;OSPEDALE RIMINI;NA;NA;NA;0
080;080095;2024;891;2024;080114;041013;09/01/2024;11/01/2024;031;391;M;0;0;2;NA;002;NA;NA;V3000;005;3335;041;001;110;F;08009501;31975278;NA;NA;NA;NA;NA;NA;NA;NA;NA;NA;NA;NA;NA;NA;NA;NA;OSPEDALE RIMINI;NA;NA;NA;0
080;080095;2024;378;2024;080114;041034;04/01/2024;06/01/2024;062;390;M;0;0;2;NA;002;NA;NA;7661;005;3970;041;001;110;F;08009501;31975279;7793;78340;NA;NA;NA;9059;NA;NA;NA;NA;NA;NA;NA;NA;NA;NA;OSPEDALE RIMINI;NA;NA;NA;0
080;080095;2024;670;2024;080114;042018;07/01/2024;09/01/2024;031;391;M;0;0;2;NA;002;NA;NA;V3000;005;3490;042;001;110;M;08009501;31975280;NA;NA;NA;NA;NA;NA;NA;NA;NA;NA;NA;NA;NA;NA;NA;NA;OSPEDALE RIMINI;NA;NA;NA;0
080;080095;2023;35292;2024;080114;041070;31/12/2023;02/01/2024;031;391;M;0;0;2;NA;002;NA;NA;V3000;005;3580;041;001;110;M;08009501;31975281;NA;NA;NA;NA;NA;NA;NA;NA;NA;NA;NA;NA;NA;NA;NA;NA;OSPEDALE RIMINI;NA;NA;NA;0
080;080095;2024;1816;2024;080114;109034;17/01/2024;19/01/2024;031;391;M;0;0;2;NA;002;NA;NA;V3001;005;3190;109;001;110;F;08009501;31975282;NA;NA;NA;NA;NA;NA;NA;NA;NA;NA;NA;NA;NA;NA;NA;NA;OSPEDALE RIMINI;NA;NA;NA;0
080;080095;2024;409;2024;080114;041044;04/01/2024;06/01/2024;062;390;M;0;0;2;NA;002;NA;NA;7661;005;3815;041;001;110;F;08009501;31975283;7793;78340;NA;NA;NA;9059;NA;NA;NA;NA;NA;NA;NA;NA;NA;NA;OSPEDALE RIMINI;NA;NA;NA;0
080;080095;2024;2119;2024;080114;042021;19/01/2024;21/01/2024;062;390;M;0;0;2;NA;002;NA;NA;7661;005;4200;042;001;110;M;08009501;31975284;7793;78340;NA;NA;NA;9059;NA;NA;NA;NA;NA;NA;NA;NA;NA;NA;OSPEDALE RIMINI;NA;NA;NA;0
080;080095;2024;13549;2024;080114;041044;11/05/2024;13/05/2024;039;298;M;0;121;2;NA;002;NA;NA;7833;005;NA;041;001;110;M;08009501;31975285;27651;NA;NA;NA;NA;9918;9059;NA;NA;NA;NA;NA;NA;NA;NA;NA;OSPEDALE RIMINI;NA;NA;NA;0
080;080095;2024;1091;2024;080114;041044;11/01/2024;14/01/2024;031;391;M;0;0;3;NA;002;NA;NA;V3000;005;2895;041;001;110;M;08009501;31975285;NA;NA;NA;NA;NA;NA;NA;NA;NA;NA;NA;NA;NA;NA;NA;NA;OSPEDALE RIMINI;NA;NA;NA;0
080;080095;2024;1057;2024;080114;041068;10/01/2024;12/01/2024;031;391;M;0;0;2;NA;002;NA;NA;V3000;005;2840;041;001;110;F;08009501;31975286;NA;NA;NA;NA;NA;NA;NA;NA;NA;NA;NA;NA;NA;NA;NA;NA;OSPEDALE RIMINI;NA;NA;NA;0
080;080095;2024;2225;2024;080114;042018;21/01/2024;24/01/2024;062;390;M;0;0;3;NA;002;NA;NA;7793;005;3600;042;001;110;M;08009501;31975292;78340;NA;NA;NA;NA;9059;NA;NA;NA;NA;NA;NA;NA;NA;NA;NA;OSPEDALE RIMINI;NA;NA;NA;0
080;080095;2024;377;2024;080114;041065;04/01/2024;08/01/2024;039;087;M;0;35;4;NA;002;NA;NA;51881;005;NA;041;001;110;M;08009501;31975294;46611;04311;51891;V0700;NA;9396;9390;9133;8965;NA;NA;NA;NA;NA;NA;NA;OSPEDALE RIMINI;NA;NA;NA;0
080;080095;2024;1745;2024;080114;041044;17/01/2024;21/01/2024;031;391;M;0;0;4;NA;002;NA;NA;V3001;005;3700;041;001;110;M;08009501;31975295;NA;NA;NA;NA;NA;NA;NA;NA;NA;NA;NA;NA;NA;NA;NA;NA;OSPEDALE RIMINI;NA;NA;NA;0
080;080095;2024;1322;2024;080114;041020;12/01/2024;14/01/2024;031;391;M;0;0;2;NA;002;NA;NA;V3000;005;3520;041;001;110;M;08009501;31975296;NA;NA;NA;NA;NA;NA;NA;NA;NA;NA;NA;NA;NA;NA;NA;NA;OSPEDALE RIMINI;NA;NA;NA;0
080;080095;2024;196;2024;080114;043023;02/01/2024;05/01/2024;062;390;M;0;0;3;NA;002;NA;NA;76419;005;3120;043;001;110;M;08009501;31975298;NA;NA;NA;NA;NA;9059;NA;NA;NA;NA;NA;NA;NA;NA;NA;NA;OSPEDALE RIMINI;NA;NA;NA;0
080;080021;2023;552969;2024;080103;061103;28/12/2023;02/01/2024;031;391;M;0;0;5;NA;002;NA;NA;V3000;005;3610;061;001;150;M;08002106;31976181;NA;NA;NA;NA;NA;8903;NA;NA;NA;NA;NA;NA;NA;NA;NA;NA;OSPEDALE S.MARIA NUOVA - RE;NA;NA;NA;0
080;080909;2024;3679;2024;080909;029045;23/02/2024;27/02/2024;031;390;M;0;0;4;NA;002;NA;NA;7609;005;2910;029;001;050;F;080909;31976980;V3000;NA;NA;NA;NA;9059;9501;9541;NA;NA;NA;NA;NA;NA;NA;NA;AOSPU ARCISPEDALE S.ANNA - FE;NA;NA;NA;0
080;080095;2024;5893;2024;080114;068024;25/02/2024;02/03/2024;062;386;M;0;31;6;NA;002;NA;NA;769;005;NA;068;001;130;F;08009501;31977239;46611;NA;NA;NA;NA;9059;9390;8871;NA;NA;NA;NA;NA;NA;NA;NA;OSPEDALE RIMINI;NA;NA;NA;0
080;080902;2024;553261;2024;080902;019021;03/01/2024;06/01/2024;062;390;M;0;0;3;NA;002;NA;NA;7731;005;3910;019;001;030;M;080902;31977653;NA;NA;NA;NA;NA;9983;8903;9546;9307;8939;897;NA;NA;NA;NA;NA;AOSPU OSPEDALI RIUNITI - PR;NA;NA;NA;0
080;080031;2024;1964;2024;080104;020035;27/02/2024;29/02/2024;031;391;M;0;0;2;NA;002;NA;NA;V3000;005;3870;020;001;030;M;08003104;31978471;NA;NA;NA;NA;NA;8965;897;9542;NA;NA;NA;NA;NA;NA;NA;NA;OSPEDALE CARPI;NA;NA;NA;0
080;080004;2024;2442;2024;080101;033032;29/01/2024;31/01/2024;031;391;M;0;0;2;NA;002;NA;NA;V3000;005;3110;033;001;080;M;08000401;31978473;NA;NA;NA;NA;NA;NA;NA;NA;NA;NA;NA;NA;NA;NA;NA;NA;OSPEDALE PIACENZA;NA;NA;NA;0
080;080004;2024;1839;2024;080101;098043;22/01/2024;26/01/2024;031;391;M;0;0;4;NA;002;NA;NA;V3000;005;3930;098;001;030;F;08000401;31978477;NA;NA;NA;NA;NA;NA;NA;NA;NA;NA;NA;NA;NA;NA;NA;NA;OSPEDALE PIACENZA;NA;NA;NA;0
080;080004;2024;2345;2024;080101;098014;28/01/2024;31/01/2024;031;391;M;0;0;3;NA;002;NA;NA;V3001;005;4210;098;001;030;F;08000401;31978478;NA;NA;NA;NA;NA;NA;NA;NA;NA;NA;NA;NA;NA;NA;NA;NA;OSPEDALE PIACENZA;NA;NA;NA;0
080;080004;2024;1902;2024;080101;018048;23/01/2024;25/01/2024;031;391;M;0;0;2;NA;002;NA;NA;V3000;005;3110;018;001;030;F;08000401;31978481;NA;NA;NA;NA;NA;NA;NA;NA;NA;NA;NA;NA;NA;NA;NA;NA;OSPEDALE PIACENZA;NA;NA;NA;0
080;080004;2024;82;2024;080101;098049;02/01/2024;06/01/2024;031;389;M;0;0;4;NA;002;NA;NA;V3000;005;3150;098;001;030;F;08000401;31978482;7756;NA;NA;NA;NA;NA;NA;NA;NA;NA;NA;NA;NA;NA;NA;NA;OSPEDALE PIACENZA;NA;NA;NA;0
080;080904;2024;6397;2024;080904;036012;27/02/2024;07/03/2024;031;391;M;0;0;9;NA;002;NA;NA;V3000;005;3540;036;001;080;F;08090401;31978575;NA;NA;NA;NA;NA;NA;NA;NA;NA;NA;NA;NA;NA;NA;NA;NA;AOSPU POLICLINICO - MO;NA;NA;NA;0
080;080909;2024;3850;2024;080909;029033;27/02/2024;29/02/2024;031;391;M;0;0;2;NA;002;NA;NA;V3000;005;3605;029;001;050;M;080909;31979113;7631;NA;NA;NA;NA;9501;9059;9541;NA;NA;NA;NA;NA;NA;NA;NA;AOSPU ARCISPEDALE S.ANNA - FE;NA;NA;NA;0
080;080004;2024;1642;2024;080101;098049;19/01/2024;22/01/2024;031;391;M;0;0;3;NA;002;NA;NA;V3000;005;3480;098;001;030;F;08000401;31979224;NA;NA;NA;NA;NA;NA;NA;NA;NA;NA;NA;NA;NA;NA;NA;NA;OSPEDALE PIACENZA;NA;NA;NA;0
080;080908;2024;501460;2024;080908;999201;09/01/2024;11/01/2024;031;391;M;0;0;2;NA;002;NA;NA;V3001;005;2575;999;001;201;M;080908;31979744;NA;NA;NA;NA;NA;897;8619;8903;9547;897;9059;9509;8965;NA;NA;NA;IRCCS AOU BOLOGNA;NA;NA;NA;0
080;080908;2024;501465;2024;080908;999201;09/01/2024;11/01/2024;031;389;M;0;0;2;NA;002;NA;NA;V3001;005;2415;999;001;201;M;080908;31979745;76418;NA;NA;NA;NA;897;8619;8903;9547;897;9059;8965;NA;NA;NA;NA;IRCCS AOU BOLOGNA;NA;NA;NA;0
080;080904;2024;6840;2024;080904;022006;01/03/2024;03/03/2024;031;391;M;0;0;2;NA;002;NA;NA;V3000;005;3400;022;001;042;F;08090401;31980425;NA;NA;NA;NA;NA;NA;NA;NA;NA;NA;NA;NA;NA;NA;NA;NA;AOSPU POLICLINICO - MO;NA;NA;NA;0
080;080095;2024;6632;2024;080114;099003;02/03/2024;05/03/2024;039;184;M;0;29;3;NA;002;NA;NA;0090;005;NA;099;001;080;M;08009501;31981095;NA;NA;NA;NA;NA;8952;8744;9003;9032;9053;9059;NA;NA;NA;NA;NA;OSPEDALE RIMINI;NA;NA;NA;0
080;080095;2024;3483;2024;080114;099003;02/02/2024;15/02/2024;062;467;M;0;0;13;NA;002;NA;NA;7599;005;2630;099;001;080;M;08009501;31981095;77439;7756;V298;NA;NA;8872;8952;9983;8952;8906;8872;NA;NA;NA;NA;NA;OSPEDALE RIMINI;NA;NA;NA;0
080;080095;2024;6670;2024;080114;041027;03/03/2024;12/03/2024;062;389;M;0;23;9;NA;002;NA;NA;77084;005;NA;041;001;110;F;08009501;31981146;46611;7784;NA;NA;NA;9390;3893;9921;9918;9059;8744;9133;NA;NA;NA;NA;OSPEDALE RIMINI;NA;NA;NA;0
080;080004;2024;5085;2024;080101;098030;28/02/2024;04/03/2024;031;391;M;0;0;5;NA;002;NA;NA;V3000;005;2520;098;001;030;F;08000401;31981589;NA;NA;NA;NA;NA;NA;NA;NA;NA;NA;NA;NA;NA;NA;NA;NA;OSPEDALE PIACENZA;NA;NA;NA;0
080;080909;2024;4011;2024;080909;029033;28/02/2024;02/03/2024;031;391;M;0;0;3;NA;002;NA;NA;V3000;005;2845;029;001;050;M;080909;31981622;NA;NA;NA;NA;NA;9541;9059;9501;NA;NA;NA;NA;NA;NA;NA;NA;AOSPU ARCISPEDALE S.ANNA - FE;NA;NA;NA;0
080;080004;2024;2642;2024;080101;018048;01/02/2024;07/02/2024;062;389;M;0;0;6;NA;002;NA;NA;77189;005;3180;018;001;030;F;08000401;31982301;NA;NA;NA;NA;NA;8744;9059;9921;NA;NA;NA;NA;NA;NA;NA;NA;OSPEDALE PIACENZA;NA;NA;NA;0
080;080902;2024;17219;2024;080902;019021;26/02/2024;01/03/2024;039;070;M;0;26;4;NA;002;NA;NA;4658;005;NA;019;001;030;M;080902;31982517;NA;NA;NA;NA;NA;8744;8952;9039;9033;3899;8906;8903;8939;897;8876;NA;AOSPU OSPEDALI RIUNITI - PR;NA;NA;NA;0
080;080902;2024;560795;2024;080902;019021;05/03/2024;08/03/2024;039;184;M;0;34;3;NA;002;NA;NA;53081;005;NA;019;001;030;M;080902;31982517;7862;NA;NA;NA;NA;4516;8903;8939;897;8908;8932;8917;NA;NA;NA;NA;AOSPU OSPEDALI RIUNITI - PR;NA;NA;NA;0
080;080902;2024;557251;2024;080902;019021;31/01/2024;03/02/2024;031;391;M;0;0;3;NA;002;NA;NA;V3000;005;4005;019;001;030;M;080902;31982517;NA;NA;NA;NA;NA;9546;9307;8939;897;8903;NA;NA;NA;NA;NA;NA;AOSPU OSPEDALI RIUNITI - PR;NA;NA;NA;0
080;080021;2024;553622;2024;080103;999516;03/01/2024;05/01/2024;062;391;M;0;0;2;NA;002;NA;NA;77430;005;3022;999;001;516;M;08002106;31983136;NA;NA;NA;NA;NA;9983;3899;NA;NA;NA;NA;NA;NA;NA;NA;NA;OSPEDALE S.MARIA NUOVA - RE;NA;NA;NA;0
080;080908;2024;510866;2024;080908;042002;04/03/2024;23/04/2024;049;541;C;0;1;50;2;001;3965;NA;4289;005;NA;042;001;110;F;080908;31983265;4231;51881;6393;74710;74741;3965;3541;3582;3834;3764;7851;5419;3710;3582;3403;7851;IRCCS AOU BOLOGNA;NA;NA;NA;0
080;080095;2024;2210;2024;080114;041027;21/01/2024;02/02/2024;062;387;M;0;0;12;NA;002;NA;NA;76517;005;1850;041;001;110;F;08009501;31984590;76528;7627;76417;NA;NA;8871;9059;9921;9547;8871;NA;NA;NA;NA;NA;NA;OSPEDALE RIMINI;NA;NA;NA;0
080;080902;2024;561178;2024;080902;019083;08/03/2024;08/03/2024;011;343;C;0;282;1;0;002;640;NA;605;005;NA;019;001;030;M;080902;31984610;NA;NA;NA;NA;NA;640;897;8961;8903;3899;9918;8939;8929;9199;9929;3894;AOSPU OSPEDALI RIUNITI - PR;NA;NA;NA;18237
080;080902;2023;569046;2023;080902;019083;31/05/2023;02/06/2023;031;391;M;0;0;2;NA;002;NA;NA;V3001;005;2995;019;001;030;M;080902;31984610;NA;NA;NA;NA;NA;9307;897;8939;9546;8903;NA;NA;NA;NA;NA;NA;AOSPU OSPEDALI RIUNITI - PR;NA;NA;NA;18237
080;080908;2024;510891;2024;080908;048031;05/03/2024;05/06/2024;049;108;C;0;0;92;62;001;3710;NA;7453;005;2140;048;001;090;M;080908;31985017;4275;99859;NA;NA;NA;3710;3885;3891;9962;9929;3845;3963;3961;3885;3834;3962;IRCCS AOU BOLOGNA;NA;NA;NA;0
080;080004;2024;8239;2024;080101;098010;04/04/2024;06/04/2024;039;284;M;0;30;2;NA;002;NA;NA;69012;005;NA;098;001;030;M;08000401;31985585;6910;NA;NA;NA;NA;8906;NA;NA;NA;NA;NA;NA;NA;NA;NA;NA;OSPEDALE PIACENZA;NA;NA;NA;0
080;080004;2024;5621;2024;080101;098010;05/03/2024;11/03/2024;031;391;M;0;0;6;NA;002;NA;NA;V3000;005;3810;098;001;030;M;08000401;31985585;77439;NA;NA;NA;NA;9983;9921;NA;NA;NA;NA;NA;NA;NA;NA;NA;OSPEDALE PIACENZA;NA;NA;NA;0
050;050503;2023;19708318;2023;050503;038014;14/12/2023;17/12/2023;031;391;M;0;0;3;NA;002;NA;NA;V3001;005;2960;038;001;080;F;05050306;31985961;NA;NA;NA;NA;NA;NA;NA;NA;NA;NA;NA;NA;NA;NA;NA;NA;NON DEFINITO;NA;NA;NA;0
080;080902;2023;584017;2023;080902;020066;14/11/2023;17/11/2023;031;391;M;0;0;3;NA;002;NA;NA;V3000;005;2490;020;001;030;M;080902;31986013;76408;NA;NA;NA;NA;9307;897;8939;9546;8903;NA;NA;NA;NA;NA;NA;AOSPU OSPEDALI RIUNITI - PR;NA;NA;NA;17908
080;080902;2023;554430;2023;080902;020043;14/01/2023;16/01/2023;031;391;M;0;0;2;NA;002;NA;NA;V3000;005;3770;020;001;030;F;080902;31986014;NA;NA;NA;NA;NA;9307;9546;8939;897;8903;8908;NA;NA;NA;NA;NA;AOSPU OSPEDALI RIUNITI - PR;NA;NA;NA;19299
080;080902;2023;575986;2023;080902;019021;18/08/2023;20/08/2023;031;391;M;0;0;2;NA;002;NA;NA;V3000;005;3000;019;001;030;M;080902;31986016;NA;NA;NA;NA;NA;9307;9546;897;8939;8903;NA;NA;NA;NA;NA;NA;AOSPU OSPEDALI RIUNITI - PR;NA;NA;NA;0
080;080902;2023;583749;2023;080902;020054;11/11/2023;16/11/2023;031;391;M;0;0;5;NA;002;NA;NA;V3001;005;3220;020;001;030;M;080902;31986017;NA;NA;NA;NA;NA;9307;9546;897;8939;8903;NA;NA;NA;NA;NA;NA;AOSPU OSPEDALI RIUNITI - PR;NA;NA;NA;18552
080;080902;2023;581684;2023;080902;019021;19/10/2023;22/10/2023;031;391;M;0;0;3;NA;002;NA;NA;V3000;005;3000;019;001;030;F;080902;31986019;NA;NA;NA;NA;NA;9307;9546;8903;8939;897;NA;NA;NA;NA;NA;NA;AOSPU OSPEDALI RIUNITI - PR;NA;NA;NA;0
080;080902;2023;580703;2023;080902;019021;10/10/2023;12/10/2023;031;390;M;0;0;2;NA;002;NA;NA;V3000;005;4000;019;001;030;F;080902;31986020;7750;NA;NA;NA;NA;9307;9546;8903;897;8939;NA;NA;NA;NA;NA;NA;AOSPU OSPEDALI RIUNITI - PR;NA;NA;NA;0
080;080902;2023;584700;2023;080902;020066;22/11/2023;24/11/2023;031;391;M;0;0;2;NA;002;NA;NA;V3000;005;3480;020;001;030;M;080902;31986025;NA;NA;NA;NA;NA;9307;9546;897;8939;8903;NA;NA;NA;NA;NA;NA;AOSPU OSPEDALI RIUNITI - PR;NA;NA;NA;18953
080;080902;2023;582353;2023;080902;020066;26/10/2023;28/10/2023;031;391;M;0;0;2;NA;002;NA;NA;V3000;005;4010;020;001;030;F;080902;31986030;NA;NA;NA;NA;NA;9307;9546;8903;897;8939;NA;NA;NA;NA;NA;NA;AOSPU OSPEDALI RIUNITI - PR;NA;NA;NA;19488
080;080902;2023;582831;2023;080902;019021;01/11/2023;04/11/2023;031;391;M;0;0;3;NA;002;NA;NA;V3000;005;4025;019;001;030;M;080902;31986031;7661;NA;NA;NA;NA;9307;9546;8903;8939;897;9039;NA;NA;NA;NA;NA;AOSPU OSPEDALI RIUNITI - PR;NA;NA;NA;19493
080;080902;2023;574621;2023;080902;019021;31/07/2023;03/08/2023;031;391;M;0;0;3;NA;002;NA;NA;V3000;005;2810;019;001;030;F;080902;31986032;NA;NA;NA;NA;NA;9307;9546;897;8939;8903;NA;NA;NA;NA;NA;NA;AOSPU OSPEDALI RIUNITI - PR;NA;NA;NA;18069
080;080902;2023;563492;2023;080902;019021;01/04/2023;03/04/2023;031;391;M;0;0;2;NA;002;NA;NA;V3000;005;3810;019;001;030;F;080902;31986035;7661;NA;NA;NA;NA;9307;9546;897;8939;8903;NA;NA;NA;NA;NA;NA;AOSPU OSPEDALI RIUNITI - PR;NA;NA;NA;19332
080;080902;2023;585785;2023;080902;019021;05/12/2023;07/12/2023;031;391;M;0;0;2;NA;002;NA;NA;V3000;005;3990;019;001;030;M;080902;31986036;7661;NA;NA;NA;NA;9307;9546;897;8939;8903;NA;NA;NA;NA;NA;NA;AOSPU OSPEDALI RIUNITI - PR;NA;NA;NA;19478
080;080902;2023;573525;2023;080902;019021;18/07/2023;20/07/2023;031;391;M;0;0;2;NA;002;NA;NA;V3001;005;3385;019;001;030;M;080902;31986039;NA;NA;NA;NA;NA;9307;9546;8903;897;8939;NA;NA;NA;NA;NA;NA;AOSPU OSPEDALI RIUNITI - PR;NA;NA;NA;18808
080;080902;2023;579037;2023;080902;020054;24/09/2023;27/09/2023;031;391;M;0;0;3;NA;002;NA;NA;V3001;005;3600;020;001;030;M;080902;31986046;NA;NA;NA;NA;NA;9307;9546;897;8939;8903;NA;NA;NA;NA;NA;NA;AOSPU OSPEDALI RIUNITI - PR;NA;NA;NA;19128
080;080902;2023;572656;2023;080902;081021;07/07/2023;10/07/2023;031;391;M;0;0;3;NA;002;NA;NA;V3001;005;3360;081;001;190;M;080902;31986047;NA;NA;NA;NA;NA;9307;9546;897;8939;8903;NA;NA;NA;NA;NA;NA;AOSPU OSPEDALI RIUNITI - PR;NA;NA;NA;18768
080;080902;2023;582248;2023;080902;019083;25/10/2023;27/10/2023;031;391;M;0;0;2;NA;002;NA;NA;V3000;005;4625;019;001;030;M;080902;31986048;NA;NA;NA;NA;NA;9307;9546;897;8939;8903;NA;NA;NA;NA;NA;NA;AOSPU OSPEDALI RIUNITI - PR;NA;NA;NA;19603
080;080902;2023;566769;2023;080902;019021;08/05/2023;11/05/2023;062;390;M;0;0;3;NA;002;NA;NA;7661;005;3350;019;001;030;F;080902;31986050;7750;NA;NA;NA;NA;8952;897;9546;8939;8903;9307;NA;NA;NA;NA;NA;AOSPU OSPEDALI RIUNITI - PR;NA;NA;NA;0
080;080902;2023;583076;2023;080902;019021;03/11/2023;05/11/2023;031;391;M;0;0;2;NA;002;NA;NA;V3000;005;3340;019;001;030;F;080902;31986053;NA;NA;NA;NA;NA;9307;9546;897;8939;8903;NA;NA;NA;NA;NA;NA;AOSPU OSPEDALI RIUNITI - PR;NA;NA;NA;0
080;080902;2023;555737;2023;080902;019021;20/01/2023;22/01/2023;031;391;M;0;0;2;NA;002;NA;NA;V3000;005;3000;019;001;030;F;080902;31986054;NA;NA;NA;NA;NA;9307;9546;897;8939;8903;NA;NA;NA;NA;NA;NA;AOSPU OSPEDALI RIUNITI - PR;NA;NA;NA;0
080;080902;2023;566593;2023;080902;019021;08/05/2023;10/05/2023;031;391;M;0;0;2;NA;002;NA;NA;V3000;005;3600;019;001;030;M;080902;31986058;NA;NA;NA;NA;NA;9307;9546;897;8903;8939;NA;NA;NA;NA;NA;NA;AOSPU OSPEDALI RIUNITI - PR;NA;NA;NA;0
080;080902;2023;569280;2023;080902;019021;02/06/2023;12/06/2023;062;390;M;0;0;10;NA;002;NA;NA;7741;005;3570;019;001;030;M;080902;31986059;2822;NA;NA;NA;NA;9983;8952;9546;8965;3898;8965;3898;9033;NA;NA;NA;AOSPU OSPEDALI RIUNITI - PR;NA;NA;NA;19076
080;080902;2023;562078;2023;080902;018024;18/03/2023;20/03/2023;031;391;M;0;0;2;NA;002;NA;NA;V3000;005;2990;018;001;030;F;080902;31986060;NA;NA;NA;NA;NA;9307;9546;897;8939;8903;NA;NA;NA;NA;NA;NA;AOSPU OSPEDALI RIUNITI - PR;NA;NA;NA;18226
080;080902;2023;575864;2023;080902;015146;17/08/2023;21/08/2023;062;390;M;0;0;4;NA;002;NA;NA;7609;005;3360;015;001;030;F;080902;31986061;NA;NA;NA;NA;NA;8952;8903;9546;9307;8939;897;NA;NA;NA;NA;NA;AOSPU OSPEDALI RIUNITI - PR;NA;NA;NA;18771
080;080902;2023;555523;2023;080902;020054;19/01/2023;21/01/2023;031;391;M;0;0;2;NA;002;NA;NA;V3000;005;3435;020;001;030;M;080902;31986062;NA;NA;NA;NA;NA;9307;9546;897;8939;8903;NA;NA;NA;NA;NA;NA;AOSPU OSPEDALI RIUNITI - PR;NA;NA;NA;18885
080;080902;2023;553260;2023;080902;019021;06/01/2023;08/01/2023;031;391;M;0;0;2;NA;002;NA;NA;V3000;005;3000;019;001;030;M;080902;31986063;NA;NA;NA;NA;NA;9307;9546;8903;897;8939;NA;NA;NA;NA;NA;NA;AOSPU OSPEDALI RIUNITI - PR;NA;NA;NA;0
080;080902;2023;586199;2023;080902;015146;11/12/2023;14/12/2023;031;391;M;0;0;3;NA;002;NA;NA;V3000;005;3040;015;001;030;M;080902;31986064;NA;NA;NA;NA;NA;9307;9546;897;8939;8903;NA;NA;NA;NA;NA;NA;AOSPU OSPEDALI RIUNITI - PR;NA;NA;NA;18312
080;080902;2023;582160;2023;080902;020066;25/10/2023;27/10/2023;031;391;M;0;0;2;NA;002;NA;NA;V3001;005;2935;020;001;030;F;080902;31986065;NA;NA;NA;NA;NA;9307;9546;897;8939;8903;NA;NA;NA;NA;NA;NA;AOSPU OSPEDALI RIUNITI - PR;NA;NA;NA;18168
080;080902;2023;569296;2023;080902;011015;03/06/2023;06/06/2023;031;391;M;0;0;3;NA;002;NA;NA;V3000;005;3015;011;001;070;F;080902;31986066;NA;NA;NA;NA;NA;9307;9546;897;8939;8903;NA;NA;NA;NA;NA;NA;AOSPU OSPEDALI RIUNITI - PR;NA;NA;NA;18282
080;080902;2023;560429;2023;080902;022042;03/03/2023;05/03/2023;031;391;M;0;0;2;NA;002;NA;NA;V3000;005;3720;022;001;042;F;080902;31986067;NA;NA;NA;NA;NA;9307;9546;897;8939;8903;NA;NA;NA;NA;NA;NA;AOSPU OSPEDALI RIUNITI - PR;NA;NA;NA;19253
080;080902;2023;584392;2023;080902;019021;17/11/2023;20/11/2023;031;391;M;0;0;3;NA;002;NA;NA;V3000;005;3400;019;001;030;M;080902;31986068;NA;NA;NA;NA;NA;9307;9546;8903;897;8939;NA;NA;NA;NA;NA;NA;AOSPU OSPEDALI RIUNITI - PR;NA;NA;NA;0
080;080902;2023;580991;2023;080902;019021;13/10/2023;15/10/2023;031;391;M;0;0;2;NA;002;NA;NA;V3000;005;3000;019;001;030;F;080902;31986070;NA;NA;NA;NA;NA;9307;8903;897;9546;8939;NA;NA;NA;NA;NA;NA;AOSPU OSPEDALI RIUNITI - PR;NA;NA;NA;0
080;080902;2023;569307;2023;080902;020066;04/06/2023;06/06/2023;031;391;M;0;0;2;NA;002;NA;NA;V3000;005;3200;020;001;030;F;080902;31986071;NA;NA;NA;NA;NA;9307;9546;897;8939;8903;NA;NA;NA;NA;NA;NA;AOSPU OSPEDALI RIUNITI - PR;NA;NA;NA;0
080;080902;2023;567343;2023;080902;019021;14/05/2023;16/05/2023;031;391;M;0;0;2;NA;002;NA;NA;V3000;005;3190;019;001;030;M;080902;31986076;NA;NA;NA;NA;NA;9307;9546;897;8903;8939;NA;NA;NA;NA;NA;NA;AOSPU OSPEDALI RIUNITI - PR;NA;NA;NA;18494
080;080902;2023;579005;2023;080902;019021;22/09/2023;25/09/2023;031;391;M;0;0;3;NA;002;NA;NA;V3000;005;3385;019;001;030;F;080902;31986078;NA;NA;NA;NA;NA;9307;9546;897;8939;8903;NA;NA;NA;NA;NA;NA;AOSPU OSPEDALI RIUNITI - PR;NA;NA;NA;18809
080;080902;2023;576232;2023;080902;019096;23/08/2023;25/08/2023;031;391;M;0;0;2;NA;002;NA;NA;V3000;005;3630;019;001;030;M;080902;31986079;NA;NA;NA;NA;NA;9307;9546;897;8939;8903;NA;NA;NA;NA;NA;NA;AOSPU OSPEDALI RIUNITI - PR;NA;NA;NA;19166
080;080902;2023;563907;2023;080902;020066;06/04/2023;09/04/2023;062;390;M;0;0;3;NA;002;NA;NA;7661;005;4135;020;001;030;F;080902;31986081;7470;NA;NA;NA;NA;8872;8952;8903;8939;897;9307;9546;NA;NA;NA;NA;AOSPU OSPEDALI RIUNITI - PR;NA;NA;NA;19533
080;080902;2023;579033;2023;080902;019021;24/09/2023;26/09/2023;031;391;M;0;0;2;NA;002;NA;NA;V3001;005;2990;019;001;030;M;080902;31986082;NA;NA;NA;NA;NA;9307;9546;897;8939;8903;NA;NA;NA;NA;NA;NA;AOSPU OSPEDALI RIUNITI - PR;NA;NA;NA;18230
080;080902;2023;554462;2023;080902;020054;14/01/2023;17/01/2023;031;391;M;0;0;3;NA;002;NA;NA;V3000;005;3610;020;001;030;F;080902;31986086;NA;NA;NA;NA;NA;9307;9546;897;8939;8903;NA;NA;NA;NA;NA;NA;AOSPU OSPEDALI RIUNITI - PR;NA;NA;NA;19137
080;080902;2023;581827;2023;080902;020066;23/10/2023;25/10/2023;031;391;M;0;0;2;NA;002;NA;NA;V3000;005;3500;020;001;030;F;080902;31986087;NA;NA;NA;NA;NA;9307;9546;897;8939;8903;NA;NA;NA;NA;NA;NA;AOSPU OSPEDALI RIUNITI - PR;NA;NA;NA;0
080;080902;2023;579308;2023;080902;020066;26/09/2023;28/09/2023;031;391;M;0;0;2;NA;002;NA;NA;V3000;005;3200;020;001;030;F;080902;31986088;NA;NA;NA;NA;NA;9307;9546;897;8939;8903;NA;NA;NA;NA;NA;NA;AOSPU OSPEDALI RIUNITI - PR;NA;NA;NA;0
080;080902;2023;586691;2023;080902;019057;18/12/2023;20/12/2023;031;391;M;0;0;2;NA;002;NA;NA;V3000;005;3000;019;001;030;M;080902;31986093;NA;NA;NA;NA;NA;9307;9546;897;8939;8903;NA;NA;NA;NA;NA;NA;AOSPU OSPEDALI RIUNITI - PR;NA;NA;NA;0
080;080902;2023;562096;2023;080902;020066;18/03/2023;20/03/2023;031;391;M;0;0;2;NA;002;NA;NA;V3000;005;4020;020;001;030;M;080902;31986094;NA;NA;NA;NA;NA;9307;9546;897;8939;8903;NA;NA;NA;NA;NA;NA;AOSPU OSPEDALI RIUNITI - PR;NA;NA;NA;0
080;080902;2023;585010;2023;080902;020066;26/11/2023;28/11/2023;031;391;M;0;0;2;NA;002;NA;NA;V3000;005;3410;020;001;030;M;080902;31986096;NA;NA;NA;NA;NA;9307;9546;897;8939;8903;NA;NA;NA;NA;NA;NA;AOSPU OSPEDALI RIUNITI - PR;NA;NA;NA;0
080;080902;2023;564297;2023;080902;019057;11/04/2023;14/04/2023;031;391;M;0;0;3;NA;002;NA;NA;V3000;005;3510;019;001;030;M;080902;31986097;NA;NA;NA;NA;NA;9307;9546;897;8939;8903;NA;NA;NA;NA;NA;NA;AOSPU OSPEDALI RIUNITI - PR;NA;NA;NA;18987
080;080902;2023;571389;2023;080902;020054;25/06/2023;27/06/2023;031;391;M;0;0;2;NA;002;NA;NA;V3000;005;3045;020;001;030;M;080902;31986098;NA;NA;NA;NA;NA;9307;9546;897;8939;8903;NA;NA;NA;NA;NA;NA;AOSPU OSPEDALI RIUNITI - PR;NA;NA;NA;18315
080;080902;2023;586047;2023;080902;020066;07/12/2023;11/12/2023;031;391;M;0;0;4;NA;002;NA;NA;V3000;005;3010;020;001;030;M;080902;31986100;76409;NA;NA;NA;NA;9307;9546;897;8939;8903;NA;NA;NA;NA;NA;NA;AOSPU OSPEDALI RIUNITI - PR;NA;NA;NA;18277
080;080902;2023;569290;2023;080902;019057;02/06/2023;04/06/2023;031;391;M;0;0;2;NA;002;NA;NA;V3000;005;3000;019;001;030;F;080902;31986101;NA;NA;NA;NA;NA;9307;9546;897;8939;8903;NA;NA;NA;NA;NA;NA;AOSPU OSPEDALI RIUNITI - PR;NA;NA;NA;0
080;080908;2024;511693;2024;080908;058118;09/03/2024;11/03/2024;031;390;M;0;0;2;NA;002;NA;NA;V3000;005;3260;058;001;120;F;080908;31987023;7730;NA;NA;NA;NA;897;8965;8903;897;9059;9509;9547;8619;NA;NA;NA;IRCCS AOU BOLOGNA;NA;NA;NA;0
080;080909;2024;4627;2024;080909;038001;08/03/2024;12/03/2024;031;391;M;0;0;4;NA;002;NA;NA;V3001;005;4155;038;001;080;M;080909;31987170;7661;NA;NA;NA;NA;9501;9541;9059;NA;NA;NA;NA;NA;NA;NA;NA;AOSPU ARCISPEDALE S.ANNA - FE;NA;NA;NA;0
080;080909;2024;4666;2024;080909;029022;09/03/2024;14/03/2024;031;390;M;0;0;5;NA;002;NA;NA;V3001;005;3205;029;001;050;M;080909;31987290;77984;NA;NA;NA;NA;8871;9059;9541;9501;NA;NA;NA;NA;NA;NA;NA;AOSPU ARCISPEDALE S.ANNA - FE;NA;NA;NA;0
080;080004;2024;5857;2024;080101;098010;07/03/2024;11/03/2024;039;322;M;0;251;4;NA;002;NA;NA;5990;005;NA;098;001;030;M;08000401;31987604;0414;75329;NA;NA;NA;8875;9921;NA;NA;NA;NA;NA;NA;NA;NA;NA;OSPEDALE PIACENZA;NA;NA;NA;0
080;080095;2024;5170;2024;080114;042034;18/02/2024;20/02/2024;062;467;M;0;0;2;NA;002;NA;NA;V290;005;3620;042;001;110;M;08009501;31988935;NA;NA;NA;NA;NA;8901;9132;8871;NA;NA;NA;NA;NA;NA;NA;NA;OSPEDALE RIMINI;NA;NA;NA;0
080;080095;2024;7111;2024;080114;041044;07/03/2024;10/03/2024;062;389;M;0;0;3;NA;002;NA;NA;76418;005;2270;041;001;110;F;08009501;31988961;NA;NA;NA;NA;NA;8871;9059;NA;NA;NA;NA;NA;NA;NA;NA;NA;OSPEDALE RIMINI;NA;NA;NA;0
080;080095;2024;4781;2024;080114;041020;14/02/2024;19/02/2024;062;390;M;0;0;5;NA;002;NA;NA;7793;005;3460;041;001;110;M;08009501;31989044;78340;NA;NA;NA;NA;9547;9059;NA;NA;NA;NA;NA;NA;NA;NA;NA;OSPEDALE RIMINI;NA;NA;NA;0
080;080902;2024;556532;2024;080902;020030;25/01/2024;01/02/2024;062;388;M;0;0;7;NA;002;NA;NA;7764;005;2570;020;001;030;F;080902;31989318;7742;76519;76528;NA;NA;9983;8871;8952;3898;8871;9546;8954;NA;NA;NA;NA;AOSPU OSPEDALI RIUNITI - PR;NA;NA;NA;0
080;080902;2024;35315;2024;080902;020066;20/04/2024;29/04/2024;011;156;C;0;86;9;1;002;433;NA;7505;005;NA;020;001;030;F;080902;31989318;NA;NA;NA;NA;NA;433;897;9449;9918;3899;8903;8876;9921;8961;9637;4529;AOSPU OSPEDALI RIUNITI - PR;NA;NA;NA;0
080;080004;2024;4330;2024;080101;018114;20/02/2024;23/02/2024;031;391;M;0;0;3;NA;002;NA;NA;V3001;005;2920;018;001;030;F;08000401;31989330;NA;NA;NA;NA;NA;NA;NA;NA;NA;NA;NA;NA;NA;NA;NA;NA;OSPEDALE PIACENZA;NA;NA;NA;0
080;080902;2024;584405;2024;080902;078045;28/10/2024;31/10/2024;011;322;M;0;338;2;NA;002;NA;NA;5933;005;NA;078;001;180;M;080902;31989345;NA;NA;NA;NA;NA;598;897;9929;8961;8903;3899;9918;8929;5794;9921;9764;AOSPU OSPEDALI RIUNITI - PR;NA;NA;NA;0
080;080902;2024;578244;2024;080902;078045;27/08/2024;28/08/2024;011;333;M;0;276;1;NA;002;NA;NA;75322;005;NA;078;001;180;M;080902;31989345;NA;NA;NA;NA;NA;9762;897;9929;8961;8903;3899;9918;8929;5794;9921;9764;AOSPU OSPEDALI RIUNITI - PR;NA;NA;NA;0
080;080902;2024;570721;2024;080902;078045;18/06/2024;22/06/2024;011;305;C;0;206;4;0;002;5587;NA;5933;005;NA;078;001;180;M;080902;31989345;NA;NA;NA;NA;NA;5587;897;9921;8961;8903;3899;9918;8929;9199;5794;9764;AOSPU OSPEDALI RIUNITI - PR;NA;NA;NA;0
080;080902;2024;555796;2024;080902;019021;20/01/2024;22/01/2024;031;391;M;0;0;2;NA;002;NA;NA;V3000;005;3000;019;001;030;F;080902;31989587;NA;NA;NA;NA;NA;9307;9546;8903;8939;897;8952;NA;NA;NA;NA;NA;AOSPU OSPEDALI RIUNITI - PR;NA;NA;NA;0
080;080902;2024;556531;2024;080902;020030;25/01/2024;01/02/2024;062;388;M;0;0;7;NA;002;NA;NA;7706;005;2460;020;001;030;F;080902;31989685;76518;76528;75450;7615;NA;9396;8744;8871;8906;9546;8903;9053;NA;NA;NA;NA;AOSPU OSPEDALI RIUNITI - PR;NA;NA;NA;0
080;080021;2024;561140;2024;080103;035009;17/02/2024;21/02/2024;062;389;M;0;0;4;NA;002;NA;NA;76418;005;2328;035;001;080;M;08002106;31990356;76529;NA;NA;NA;NA;8871;3899;NA;NA;NA;NA;NA;NA;NA;NA;NA;OSPEDALE S.MARIA NUOVA - RE;NA;NA;NA;0
080;080902;2024;552680;2024;080902;034027;02/01/2024;04/01/2024;031;391;M;0;0;2;NA;002;NA;NA;V3000;005;3715;034;001;080;F;080902;31990598;NA;NA;NA;NA;NA;9307;9546;897;8939;8903;NA;NA;NA;NA;NA;NA;AOSPU OSPEDALI RIUNITI - PR;NA;NA;NA;0
080;080021;2024;561835;2024;080103;035033;21/02/2024;26/02/2024;062;390;M;0;0;5;NA;002;NA;NA;7730;005;3530;035;001;080;M;08002106;31990875;NA;NA;NA;NA;NA;9983;3899;NA;NA;NA;NA;NA;NA;NA;NA;NA;OSPEDALE S.MARIA NUOVA - RE;NA;NA;NA;0
080;080091;2024;502957;2024;080114;040015;07/02/2024;09/02/2024;031;391;M;0;0;2;NA;002;NA;NA;V3000;005;3440;040;001;080;F;08009101;31991934;NA;NA;NA;NA;NA;NA;NA;NA;NA;NA;NA;NA;NA;NA;NA;NA;OSPEDALE CESENA;NA;NA;NA;0
080;080960;2024;11118;2024;080960;069081;24/07/2024;25/07/2024;036;256;M;0;193;1;NA;002;NA;NA;75430;005;NA;069;001;130;F;080960;31995194;NA;NA;NA;NA;NA;9305;NA;NA;NA;NA;NA;NA;NA;NA;NA;NA;IRCCS - ISTITUTO ORTOPEDICO RIZZOLI;NA;NA;NA;0
080;080960;2024;6332;2024;080960;069081;29/04/2024;14/05/2024;036;256;M;0;107;15;NA;002;NA;NA;75430;005;NA;069;001;130;F;080960;31995194;NA;NA;NA;NA;NA;7975;NA;NA;NA;NA;NA;NA;NA;NA;NA;NA;IRCCS - ISTITUTO ORTOPEDICO RIZZOLI;NA;NA;NA;0
080;080960;2024;12684;2024;080960;069081;06/09/2024;07/09/2024;036;256;M;0;237;1;NA;002;NA;NA;75431;005;NA;069;001;130;F;080960;31995194;NA;NA;NA;NA;NA;9713;NA;NA;NA;NA;NA;NA;NA;NA;NA;NA;IRCCS - ISTITUTO ORTOPEDICO RIZZOLI;NA;NA;NA;0
080;080960;2024;8955;2024;080960;069081;15/06/2024;18/06/2024;036;256;M;0;154;3;NA;002;NA;NA;71875;005;NA;069;001;130;F;080960;31995194;NA;NA;NA;NA;NA;9712;NA;NA;NA;NA;NA;NA;NA;NA;NA;NA;IRCCS - ISTITUTO ORTOPEDICO RIZZOLI;NA;NA;NA;0
080;080053;2024;304935;2024;080105;037062;05/03/2024;08/03/2024;031;391;M;0;0;3;NA;002;NA;NA;V3000;005;3570;037;001;080;M;08005301;31996610;NA;NA;NA;NA;NA;897;NA;NA;NA;NA;NA;NA;NA;NA;NA;NA;OSPEDALE MAGGIORE;NA;NA;NA;0
080;080909;2024;4994;2024;080909;029009;14/03/2024;16/03/2024;031;390;M;0;0;2;NA;002;NA;NA;V3000;005;3855;029;001;050;F;080909;31996729;7609;NA;NA;NA;NA;9501;9059;9541;NA;NA;NA;NA;NA;NA;NA;NA;AOSPU ARCISPEDALE S.ANNA - FE;NA;NA;NA;0
080;080908;2024;512549;2024;080908;087017;14/03/2024;19/03/2024;031;390;M;0;0;5;NA;002;NA;NA;V3001;005;2920;087;001;190;F;080908;31996766;7706;NA;NA;NA;NA;9396;9396;8903;8965;9059;9059;9547;8619;897;9509;NA;IRCCS AOU BOLOGNA;NA;NA;NA;0
080;080902;2023;17242;2023;080902;999516;28/02/2023;03/03/2023;039;026;M;0;323;3;NA;002;NA;NA;78031;005;NA;999;001;516;F;080902;31997245;0796;NA;NA;NA;NA;9915;8939;897;3899;9033;3894;8929;8903;8966;8961;9039;AOSPU OSPEDALI RIUNITI - PR;NA;NA;NA;0
080;080902;2023;87755;2023;080902;999302;13/10/2023;14/10/2023;039;422;M;0;316;1;NA;002;NA;NA;0748;005;NA;999;001;302;M;080902;31997253;NA;NA;NA;NA;NA;897;8903;9039;3899;9921;8939;NA;NA;NA;NA;NA;AOSPU OSPEDALI RIUNITI - PR;NA;NA;NA;0
080;080909;2024;5056;2024;080909;029033;15/03/2024;17/03/2024;031;391;M;0;0;2;NA;002;NA;NA;V3000;005;3435;029;001;050;F;080909;31997630;NA;NA;NA;NA;NA;9541;9059;9501;NA;NA;NA;NA;NA;NA;NA;NA;AOSPU ARCISPEDALE S.ANNA - FE;NA;NA;NA;0
080;080153;2024;777334;2024;080105;089013;26/05/2024;28/05/2024;033;142;M;0;179;2;NA;002;NA;NA;7802;005;NA;089;001;190;M;080153;31998071;NA;NA;NA;NA;NA;8913;8917;8903;NA;NA;NA;NA;NA;NA;NA;NA;IRCCS SCIENZE NEUROLOGICHE BO;NA;NA;NA;0
080;080908;2024;521826;2024;080908;089013;12/05/2024;20/05/2024;039;322;M;0;165;8;NA;002;NA;NA;5990;005;NA;089;001;190;M;080908;31998071;99591;NA;NA;NA;NA;0331;0331;8872;8903;8952;897;9921;8703;NA;NA;NA;IRCCS AOU BOLOGNA;NA;NA;NA;0
080;080004;2024;6164;2024;080101;098047;11/03/2024;13/03/2024;031;391;M;0;0;2;NA;002;NA;NA;V3000;005;3710;098;001;030;M;08000401;31998089;NA;NA;NA;NA;NA;NA;NA;NA;NA;NA;NA;NA;NA;NA;NA;NA;OSPEDALE PIACENZA;NA;NA;NA;0
080;080909;2024;5215;2024;080909;029041;18/03/2024;25/03/2024;039;098;M;0;54;7;NA;002;NA;NA;46611;005;NA;029;001;050;M;080909;31998698;NA;NA;NA;NA;NA;8903;9382;8959;9032;9918;9092;9099;9390;8906;NA;NA;AOSPU ARCISPEDALE S.ANNA - FE;NA;NA;NA;0
080;080909;2024;15929;2024;080909;029041;30/08/2024;19/09/2024;039;087;M;0;219;20;NA;002;NA;NA;51881;005;NA;029;001;050;M;080909;31998698;46619;0417;NA;NA;NA;9032;8959;9390;3899;9059;9052;8744;8873;8876;9921;NA;AOSPU ARCISPEDALE S.ANNA - FE;NA;NA;NA;0
080;080004;2024;6567;2024;080101;098011;15/03/2024;17/03/2024;031;391;M;0;0;2;NA;002;NA;NA;V3000;005;3900;098;001;030;M;08000401;31998941;NA;NA;NA;NA;NA;NA;NA;NA;NA;NA;NA;NA;NA;NA;NA;NA;OSPEDALE PIACENZA;NA;NA;NA;0
080;080904;2024;3319;2024;080904;015146;29/01/2024;01/02/2024;031;391;M;0;0;3;NA;002;NA;NA;V3001;005;3515;015;001;030;F;08090401;31999064;NA;NA;NA;NA;NA;NA;NA;NA;NA;NA;NA;NA;NA;NA;NA;NA;AOSPU POLICLINICO - MO;NA;NA;NA;0
080;080085;2024;4324;2024;080114;059011;28/02/2024;02/03/2024;031;391;M;0;0;3;NA;002;NA;NA;V3000;005;3802;059;001;120;M;08008501;31999263;NA;NA;NA;NA;NA;897;NA;NA;NA;NA;NA;NA;NA;NA;NA;NA;OSPEDALE FORLI';NA;NA;NA;0
080;080095;2024;6791;2024;080114;042045;04/03/2024;07/03/2024;031;391;M;0;0;3;NA;002;NA;NA;V3000;005;3255;042;001;110;M;08009501;31999324;NA;NA;NA;NA;NA;NA;NA;NA;NA;NA;NA;NA;NA;NA;NA;NA;OSPEDALE RIMINI;NA;NA;NA;0
080;080095;2024;3672;2024;080114;041044;03/02/2024;14/02/2024;062;389;M;0;0;11;NA;002;NA;NA;77083;005;3160;041;001;110;F;08009501;31999387;7756;7454;7764;78340;NA;8871;8872;9059;9918;8914;8952;NA;NA;NA;NA;NA;OSPEDALE RIMINI;NA;NA;NA;0
080;080004;2024;5347;2024;080101;098019;02/03/2024;04/03/2024;031;391;M;0;0;2;NA;002;NA;NA;V3000;005;3020;098;001;030;M;08000401;31999432;NA;NA;NA;NA;NA;NA;NA;NA;NA;NA;NA;NA;NA;NA;NA;NA;OSPEDALE PIACENZA;NA;NA;NA;0
080;080095;2024;7269;2024;080114;042014;08/03/2024;12/03/2024;062;389;M;0;0;4;NA;002;NA;NA;76418;005;2060;042;001;110;F;08009501;31999468;NA;NA;NA;NA;NA;NA;NA;NA;NA;NA;NA;NA;NA;NA;NA;NA;OSPEDALE RIMINI;NA;NA;NA;0
080;080095;2024;5903;2024;080114;042021;25/02/2024;27/02/2024;062;390;M;0;0;2;NA;002;NA;NA;7661;005;4190;042;001;110;M;08009501;31999503;7793;78340;NA;NA;NA;9059;8901;8872;8952;9059;9547;NA;NA;NA;NA;NA;OSPEDALE RIMINI;NA;NA;NA;0
080;080004;2024;3253;2024;080101;098035;07/02/2024;11/02/2024;031;391;M;0;0;4;NA;002;NA;NA;V3000;005;2730;098;001;030;F;08000401;32000223;NA;NA;NA;NA;NA;NA;NA;NA;NA;NA;NA;NA;NA;NA;NA;NA;OSPEDALE PIACENZA;NA;NA;NA;0
080;080004;2024;4137;2024;080101;098011;17/02/2024;21/02/2024;031;391;M;0;0;4;NA;002;NA;NA;V3001;005;2890;098;001;030;M;08000401;32000224;NA;NA;NA;NA;NA;NA;NA;NA;NA;NA;NA;NA;NA;NA;NA;NA;OSPEDALE PIACENZA;NA;NA;NA;0
080;080004;2024;4084;2024;080101;098014;16/02/2024;18/02/2024;031;391;M;0;0;2;NA;002;NA;NA;V3000;005;4200;098;001;030;F;08000401;32000225;NA;NA;NA;NA;NA;NA;NA;NA;NA;NA;NA;NA;NA;NA;NA;NA;OSPEDALE PIACENZA;NA;NA;NA;0
080;080004;2024;2837;2024;080101;098010;03/02/2024;05/02/2024;031;391;M;0;0;2;NA;002;NA;NA;V3000;005;3100;098;001;030;F;08000401;32000226;NA;NA;NA;NA;NA;NA;NA;NA;NA;NA;NA;NA;NA;NA;NA;NA;OSPEDALE PIACENZA;NA;NA;NA;0
080;080004;2024;2974;2024;080101;098022;05/02/2024;08/02/2024;031;391;M;0;0;3;NA;002;NA;NA;V3001;005;3520;098;001;030;M;08000401;32000228;NA;NA;NA;NA;NA;NA;NA;NA;NA;NA;NA;NA;NA;NA;NA;NA;OSPEDALE PIACENZA;NA;NA;NA;0
080;080004;2024;4845;2024;080101;018131;26/02/2024;29/02/2024;031;391;M;0;0;3;NA;002;NA;NA;V3001;005;2170;018;001;030;F;08000401;32000229;NA;NA;NA;NA;NA;NA;NA;NA;NA;NA;NA;NA;NA;NA;NA;NA;OSPEDALE PIACENZA;NA;NA;NA;0
080;080004;2024;3512;2024;080101;098062;10/02/2024;12/02/2024;031;391;M;0;0;2;NA;002;NA;NA;V3000;005;3420;098;001;030;F;08000401;32000236;NA;NA;NA;NA;NA;NA;NA;NA;NA;NA;NA;NA;NA;NA;NA;NA;OSPEDALE PIACENZA;NA;NA;NA;0
080;080004;2024;4765;2024;080101;098010;24/02/2024;27/02/2024;031;391;M;0;0;3;NA;002;NA;NA;V3000;005;2850;098;001;030;F;08000401;32000237;NA;NA;NA;NA;NA;NA;NA;NA;NA;NA;NA;NA;NA;NA;NA;NA;OSPEDALE PIACENZA;NA;NA;NA;0
080;080004;2024;2922;2024;080101;098047;04/02/2024;07/02/2024;031;391;M;0;0;3;NA;002;NA;NA;V3000;005;3540;098;001;030;M;08000401;32000238;NA;NA;NA;NA;NA;NA;NA;NA;NA;NA;NA;NA;NA;NA;NA;NA;OSPEDALE PIACENZA;NA;NA;NA;0
080;080004;2024;4486;2024;080101;098011;21/02/2024;23/02/2024;031;391;M;0;0;2;NA;002;NA;NA;V3000;005;3270;098;001;030;M;08000401;32000240;NA;NA;NA;NA;NA;NA;NA;NA;NA;NA;NA;NA;NA;NA;NA;NA;OSPEDALE PIACENZA;NA;NA;NA;0
080;080904;2024;9061;2024;080904;036023;21/03/2024;24/03/2024;031;391;M;0;0;3;NA;002;NA;NA;V3001;005;3445;036;001;080;M;08090401;32003970;NA;NA;NA;NA;NA;8874;NA;NA;NA;NA;NA;NA;NA;NA;NA;NA;AOSPU POLICLINICO - MO;NA;NA;NA;0
080;080095;2024;5908;2024;080114;042021;25/02/2024;27/02/2024;031;391;M;0;0;2;NA;002;NA;NA;V3000;005;3600;042;001;110;M;08009501;32004630;NA;NA;NA;NA;NA;NA;NA;NA;NA;NA;NA;NA;NA;NA;NA;NA;OSPEDALE RIMINI;NA;NA;NA;0
080;080095;2024;5100;2024;080114;041009;17/02/2024;19/02/2024;031;391;M;0;0;2;NA;002;NA;NA;V3000;005;3965;041;001;110;M;08009501;32004631;NA;NA;NA;NA;NA;NA;NA;NA;NA;NA;NA;NA;NA;NA;NA;NA;OSPEDALE RIMINI;NA;NA;NA;0
080;080095;2024;5357;2024;080114;041013;20/02/2024;23/02/2024;062;098;M;0;19;3;NA;002;NA;NA;46619;005;NA;041;001;110;F;08009501;32004634;NA;NA;NA;NA;NA;9396;9059;9915;8872;NA;NA;NA;NA;NA;NA;NA;OSPEDALE RIMINI;NA;NA;NA;0
080;080095;2024;5800;2024;080114;041068;23/02/2024;25/02/2024;031;391;M;0;0;2;NA;002;NA;NA;V3000;005;3145;041;001;110;F;08009501;32004636;NA;NA;NA;NA;NA;NA;NA;NA;NA;NA;NA;NA;NA;NA;NA;NA;OSPEDALE RIMINI;NA;NA;NA;0
080;080095;2024;3950;2024;080114;041019;06/02/2024;08/02/2024;031;391;M;0;0;2;NA;002;NA;NA;V3000;005;3200;041;001;110;F;08009501;32004638;NA;NA;NA;NA;NA;NA;NA;NA;NA;NA;NA;NA;NA;NA;NA;NA;OSPEDALE RIMINI;NA;NA;NA;0
080;080095;2024;5031;2024;080114;041065;16/02/2024;18/02/2024;062;390;M;0;0;2;NA;002;NA;NA;7602;005;3620;041;001;110;M;08009501;32004639;NA;NA;NA;NA;NA;9959;9914;NA;NA;NA;NA;NA;NA;NA;NA;NA;OSPEDALE RIMINI;NA;NA;NA;0
080;080095;2024;3679;2024;080114;041065;04/02/2024;06/02/2024;031;391;M;0;0;2;NA;002;NA;NA;V3000;005;3490;041;001;110;M;08009501;32004640;NA;NA;NA;NA;NA;NA;NA;NA;NA;NA;NA;NA;NA;NA;NA;NA;OSPEDALE RIMINI;NA;NA;NA;0
080;080095;2024;2987;2024;080114;041019;28/01/2024;02/02/2024;062;390;M;0;0;5;NA;002;NA;NA;7706;005;3990;041;001;110;M;08009501;32004641;NA;NA;NA;NA;NA;9396;8901;9547;9059;8879;NA;NA;NA;NA;NA;NA;OSPEDALE RIMINI;NA;NA;NA;0
080;080095;2024;4095;2024;080114;041069;07/02/2024;10/02/2024;031;391;M;0;0;3;NA;002;NA;NA;V3000;005;3170;041;001;110;M;08009501;32004643;NA;NA;NA;NA;NA;NA;NA;NA;NA;NA;NA;NA;NA;NA;NA;NA;OSPEDALE RIMINI;NA;NA;NA;0
080;080095;2024;5310;2024;080114;041029;19/02/2024;22/02/2024;031;391;M;0;0;3;NA;002;NA;NA;V3000;005;3235;041;001;110;M;08009501;32004645;NA;NA;NA;NA;NA;NA;NA;NA;NA;NA;NA;NA;NA;NA;NA;NA;OSPEDALE RIMINI;NA;NA;NA;0
080;080095;2024;4024;2024;080114;041009;07/02/2024;12/02/2024;031;391;M;0;0;5;NA;002;NA;NA;V3001;005;3200;041;001;110;M;08009501;32004646;NA;NA;NA;NA;NA;NA;NA;NA;NA;NA;NA;NA;NA;NA;NA;NA;OSPEDALE RIMINI;NA;NA;NA;0
080;080095;2024;3083;2024;080114;041051;29/01/2024;03/02/2024;062;387;M;0;0;5;NA;002;NA;NA;76518;005;2040;041;001;110;F;08009501;32004648;76528;7756;NA;NA;NA;9059;8871;NA;NA;NA;NA;NA;NA;NA;NA;NA;OSPEDALE RIMINI;NA;NA;NA;0
080;080095;2024;3084;2024;080114;041051;29/01/2024;03/02/2024;062;387;M;0;0;5;NA;002;NA;NA;7706;005;2050;041;001;110;F;08009501;32004649;76528;76518;7756;NA;NA;9390;9396;8871;8965;8871;NA;NA;NA;NA;NA;NA;OSPEDALE RIMINI;NA;NA;NA;0
080;080095;2024;4836;2024;080114;041044;14/02/2024;17/02/2024;062;390;M;0;0;3;NA;002;NA;NA;76419;005;2680;041;001;110;F;08009501;32004650;NA;NA;NA;NA;NA;9059;8871;NA;NA;NA;NA;NA;NA;NA;NA;NA;OSPEDALE RIMINI;NA;NA;NA;0
080;080095;2024;3841;2024;080114;041026;06/02/2024;08/02/2024;031;391;M;0;0;2;NA;002;NA;NA;V3000;005;3425;041;001;110;F;08009501;32004651;NA;NA;NA;NA;NA;NA;NA;NA;NA;NA;NA;NA;NA;NA;NA;NA;OSPEDALE RIMINI;NA;NA;NA;0
080;080095;2024;5552;2024;080114;042002;21/02/2024;24/02/2024;031;391;M;0;0;3;NA;002;NA;NA;V3000;005;3100;042;001;110;M;08009501;32004652;NA;NA;NA;NA;NA;NA;NA;NA;NA;NA;NA;NA;NA;NA;NA;NA;OSPEDALE RIMINI;NA;NA;NA;0
080;080095;2024;4064;2024;080114;041044;07/02/2024;09/02/2024;031;391;M;0;0;2;NA;002;NA;NA;V3000;005;3525;041;001;110;M;08009501;32004653;NA;NA;NA;NA;NA;NA;NA;NA;NA;NA;NA;NA;NA;NA;NA;NA;OSPEDALE RIMINI;NA;NA;NA;0
080;080095;2024;2206;2024;080114;041027;21/01/2024;02/02/2024;062;388;M;0;0;12;NA;002;NA;NA;76518;005;2200;041;001;110;F;08009501;32004654;76528;7742;7627;NA;NA;9983;8871;9059;9921;8871;9547;NA;NA;NA;NA;NA;OSPEDALE RIMINI;NA;NA;NA;0
080;080095;2024;5821;2024;080114;099014;23/02/2024;26/02/2024;062;390;M;0;0;3;NA;002;NA;NA;7661;005;4370;099;001;080;M;08009501;32004656;7793;78340;NA;NA;NA;9547;9059;NA;NA;NA;NA;NA;NA;NA;NA;NA;OSPEDALE RIMINI;NA;NA;NA;0
080;080902;2024;562471;2024;080902;020022;19/03/2024;21/03/2024;031;391;M;0;0;2;NA;002;NA;NA;V3000;005;3500;020;001;030;F;080902;32005183;NA;NA;NA;NA;NA;9307;9546;897;8939;8903;NA;NA;NA;NA;NA;NA;AOSPU OSPEDALI RIUNITI - PR;NA;NA;NA;0
080;080908;2024;514090;2024;080908;065116;23/03/2024;25/03/2024;031;389;M;0;0;2;NA;002;NA;NA;V3000;005;3010;065;001;150;F;080908;32005354;7633;22801;7750;7756;NA;9059;9059;8965;8903;9509;9059;897;9547;8619;NA;NA;IRCCS AOU BOLOGNA;NA;NA;NA;0
080;080004;2024;6838;2024;080101;098042;19/03/2024;22/03/2024;031;391;M;0;0;3;NA;002;NA;NA;V3001;005;2300;098;001;030;M;08000401;32005638;NA;NA;NA;NA;NA;NA;NA;NA;NA;NA;NA;NA;NA;NA;NA;NA;OSPEDALE PIACENZA;NA;NA;NA;0
080;080153;2024;823620;2024;080105;026059;22/07/2024;26/07/2024;033;468;C;0;243;4;4;002;6219;NA;7429;005;NA;026;001;050;M;080153;32006607;NA;NA;NA;NA;NA;8891;8952;8874;8917;9523;8906;6219;8906;8906;8906;9521;IRCCS SCIENZE NEUROLOGICHE BO;NA;NA;NA;0
080;080031;2024;500414;2024;080104;087024;09/12/2024;12/12/2024;039;087;M;0;331;3;NA;002;NA;NA;51881;005;NA;087;001;190;M;08003104;32006883;485;NA;NA;NA;NA;NA;NA;NA;NA;NA;NA;NA;NA;NA;NA;NA;OSPEDALE CARPI;NA;NA;NA;0
080;080031;2024;2914;2024;080104;087024;27/03/2024;31/03/2024;039;184;M;0;74;4;NA;002;NA;NA;0091;005;NA;087;001;190;M;08003104;32006883;99591;NA;NA;NA;NA;9921;8954;9092;9052;9032;NA;NA;NA;NA;NA;NA;OSPEDALE CARPI;NA;NA;NA;0
080;080004;2024;7344;2024;080101;098029;25/03/2024;28/03/2024;031;391;M;0;0;3;NA;002;NA;NA;V3001;005;2750;098;001;030;M;08000401;32007179;NA;NA;NA;NA;NA;NA;NA;NA;NA;NA;NA;NA;NA;NA;NA;NA;OSPEDALE PIACENZA;NA;NA;NA;0
080;080909;2024;5802;2024;080909;029009;27/03/2024;29/03/2024;031;391;M;0;0;2;NA;002;NA;NA;V3000;005;4030;029;001;050;M;080909;32007897;NA;NA;NA;NA;NA;9541;9059;9501;NA;NA;NA;NA;NA;NA;NA;NA;AOSPU ARCISPEDALE S.ANNA - FE;NA;NA;NA;0
080;080909;2024;9386;2024;080909;029009;20/05/2024;24/05/2024;039;070;M;0;54;4;NA;002;NA;NA;38101;005;NA;029;001;050;M;080909;32007897;NA;NA;NA;NA;NA;9921;8903;8938;8906;897;9052;3899;9059;NA;NA;NA;AOSPU ARCISPEDALE S.ANNA - FE;NA;NA;NA;0
080;080004;2024;6081;2024;080101;098029;11/03/2024;13/03/2024;031;391;M;0;0;2;NA;002;NA;NA;V3000;005;2910;098;001;030;F;08000401;32008013;NA;NA;NA;NA;NA;NA;NA;NA;NA;NA;NA;NA;NA;NA;NA;NA;OSPEDALE PIACENZA;NA;NA;NA;0
080;080909;2024;908775;2024;080909;020042;03/06/2024;26/06/2024;011;270;C;0;332;2;NA;002;NA;NA;7842;005;NA;020;002;030;F;080909;32008615;NA;NA;NA;NA;NA;863;NA;NA;NA;NA;NA;NA;NA;NA;NA;NA;AOSPU ARCISPEDALE S.ANNA - FE;NA;NA;NA;0
080;080909;2024;5944;2024;080909;029045;29/03/2024;11/04/2024;062;389;M;0;0;13;NA;002;NA;NA;7706;005;2865;029;001;050;M;080909;32009558;76529;7702;7746;NA;NA;9390;3898;9053;8744;9983;8873;8871;9546;9501;9023;NA;AOSPU ARCISPEDALE S.ANNA - FE;NA;NA;NA;0
080;080031;2024;3034;2024;080104;020039;30/03/2024;02/04/2024;031;391;M;0;0;3;NA;002;NA;NA;V3000;005;3040;020;001;030;F;08003104;32009601;NA;NA;NA;NA;NA;8966;9546;897;NA;NA;NA;NA;NA;NA;NA;NA;OSPEDALE CARPI;NA;NA;NA;0
080;080909;2024;6067;2024;080909;029041;31/03/2024;05/04/2024;062;388;M;0;0;5;NA;002;NA;NA;7706;005;2995;029;001;050;F;080909;32009673;76528;7746;NA;NA;NA;8873;3898;9053;9390;9396;9921;9983;8871;9501;9546;NA;AOSPU ARCISPEDALE S.ANNA - FE;NA;NA;NA;0
080;080095;2024;8044;2024;080114;041019;16/03/2024;19/03/2024;031;391;M;0;0;3;NA;002;NA;NA;V3000;005;2930;041;001;110;F;08009501;32009964;NA;NA;NA;NA;NA;NA;NA;NA;NA;NA;NA;NA;NA;NA;NA;NA;OSPEDALE RIMINI;NA;NA;NA;0
080;080902;2024;28659;2024;080902;093031;31/03/2024;02/04/2024;039;098;M;0;52;2;NA;002;NA;NA;46619;005;NA;093;001;060;M;080902;32010416;4658;7806;NA;NA;NA;8908;8903;8939;897;9929;9039;9033;9921;9394;3899;NA;AOSPU OSPEDALI RIUNITI - PR;NA;NA;NA;0
080;080004;2024;2593;2024;080101;999201;31/01/2024;03/02/2024;031;391;M;0;0;3;NA;002;NA;NA;V3000;005;4060;999;001;201;M;08000401;32010665;NA;NA;NA;NA;NA;NA;NA;NA;NA;NA;NA;NA;NA;NA;NA;NA;OSPEDALE PIACENZA;NA;NA;NA;0
080;080021;2024;559973;2024;080103;999436;10/02/2024;13/02/2024;031;391;M;0;0;3;NA;002;NA;NA;V3000;005;2860;999;001;436;F;08002106;32010668;NA;NA;NA;NA;NA;8903;NA;NA;NA;NA;NA;NA;NA;NA;NA;NA;OSPEDALE S.MARIA NUOVA - RE;NA;NA;NA;0
080;080904;2024;2037;2024;080904;999201;17/01/2024;20/01/2024;031;391;M;0;0;3;NA;002;NA;NA;V3000;005;3405;999;001;201;F;08090401;32010670;NA;NA;NA;NA;NA;NA;NA;NA;NA;NA;NA;NA;NA;NA;NA;NA;AOSPU POLICLINICO - MO;NA;NA;NA;0
080;080904;2024;3416;2024;080904;999201;30/01/2024;02/02/2024;031;391;M;0;0;3;NA;002;NA;NA;V3001;005;3670;999;001;201;M;08090401;32010671;NA;NA;NA;NA;NA;8871;NA;NA;NA;NA;NA;NA;NA;NA;NA;NA;AOSPU POLICLINICO - MO;NA;NA;NA;0
080;080095;2024;7750;2024;080114;041044;14/03/2024;17/03/2024;031;391;M;0;0;3;NA;002;NA;NA;V3000;005;3810;041;001;110;M;08009501;32011048;NA;NA;NA;NA;NA;NA;NA;NA;NA;NA;NA;NA;NA;NA;NA;NA;OSPEDALE RIMINI;NA;NA;NA;0
080;080004;2024;5966;2024;080101;098019;09/03/2024;12/03/2024;031;391;M;0;0;3;NA;002;NA;NA;V3001;005;3420;098;001;030;F;08000401;32011434;NA;NA;NA;NA;NA;NA;NA;NA;NA;NA;NA;NA;NA;NA;NA;NA;OSPEDALE PIACENZA;NA;NA;NA;0
080;080153;2024;777235;2024;080105;041066;11/04/2024;12/04/2024;076;035;M;0;126;1;NA;006;NA;NA;9962;005;NA;041;001;110;F;080153;32011457;NA;NA;NA;NA;NA;897;9357;NA;NA;NA;NA;NA;NA;NA;NA;NA;IRCCS SCIENZE NEUROLOGICHE BO;NA;NA;NA;0
080;080095;2024;11802;2024;080114;041007;23/04/2024;26/04/2024;062;390;M;0;138;3;NA;002;NA;NA;77088;005;NA;041;001;110;F;08009501;32011457;5198;NA;NA;NA;NA;9059;9032;8901;9396;9059;8871;NA;NA;NA;NA;NA;OSPEDALE RIMINI;NA;NA;NA;0
080;080095;2024;10700;2024;080114;041007;12/04/2024;19/04/2024;062;012;M;0;127;5;NA;002;NA;NA;3314;005;NA;041;001;110;F;08009501;32011457;NA;NA;NA;NA;NA;9059;9503;8871;NA;NA;NA;NA;NA;NA;NA;NA;OSPEDALE RIMINI;NA;NA;NA;0
080;080095;2024;10307;2024;080114;041007;09/04/2024;09/04/2024;073;012;M;0;124;1;NA;006;NA;NA;3314;005;NA;041;001;110;F;08009501;32011457;NA;NA;NA;NA;NA;8871;9059;NA;NA;NA;NA;NA;NA;NA;NA;NA;OSPEDALE RIMINI;NA;NA;NA;0
080;080095;2023;33323;2024;080114;041007;07/12/2023;03/04/2024;062;386;M;0;0;118;NA;002;NA;NA;769;005;500;041;001;110;F;08009501;32011457;76502;3314;7707;36221;7766;9672;9390;9604;9904;8749;8872;3892;8871;NA;NA;NA;OSPEDALE RIMINI;NA;NA;NA;0
080;080095;2024;15825;2024;080114;041007;03/06/2024;04/06/2024;062;012;M;0;179;1;NA;002;NA;NA;3314;005;NA;041;001;110;F;08009501;32011457;7707;36221;NA;NA;NA;8891;9059;NA;NA;NA;NA;NA;NA;NA;NA;NA;OSPEDALE RIMINI;NA;NA;NA;0
080;080908;2024;516862;2024;080908;041066;09/04/2024;11/04/2024;073;003;C;0;124;2;0;006;0242;NA;9962;005;NA;041;001;110;F;080908;32011457;7423;76523;NA;NA;NA;0242;3899;9396;9604;897;9921;8744;8901;8906;3893;9671;IRCCS AOU BOLOGNA;NA;NA;NA;0
080;080004;2024;7916;2024;080101;002029;01/04/2024;04/04/2024;031;391;M;0;0;3;NA;002;NA;NA;V3000;005;2700;002;001;010;F;08000401;32011774;NA;NA;NA;NA;NA;NA;NA;NA;NA;NA;NA;NA;NA;NA;NA;NA;OSPEDALE PIACENZA;NA;NA;NA;0
080;080095;2024;7350;2024;080114;041044;10/03/2024;12/03/2024;031;391;M;0;0;2;NA;002;NA;NA;V3000;005;3560;041;001;110;M;08009501;32013025;NA;NA;NA;NA;NA;NA;NA;NA;NA;NA;NA;NA;NA;NA;NA;NA;OSPEDALE RIMINI;NA;NA;NA;0
080;080004;2024;7257;2024;080101;033006;24/03/2024;26/03/2024;031;391;M;0;0;2;NA;002;NA;NA;V3000;005;3850;033;001;080;F;08000401;32014513;NA;NA;NA;NA;NA;NA;NA;NA;NA;NA;NA;NA;NA;NA;NA;NA;OSPEDALE PIACENZA;NA;NA;NA;0
080;080902;2024;562747;2024;080902;034027;21/03/2024;26/03/2024;062;256;M;0;0;5;NA;002;NA;NA;75989;005;3655;034;001;080;F;080902;32014904;75451;NA;NA;NA;NA;8871;8876;8872;8903;8954;9546;9546;NA;NA;NA;NA;AOSPU OSPEDALI RIUNITI - PR;NA;NA;NA;0
080;080095;2024;7335;2024;080114;041036;09/03/2024;12/03/2024;031;391;M;0;0;3;NA;002;NA;NA;V3001;005;2880;041;001;110;F;08009501;32015997;NA;NA;NA;NA;NA;NA;NA;NA;NA;NA;NA;NA;NA;NA;NA;NA;OSPEDALE RIMINI;NA;NA;NA;0
080;080904;2024;10488;2024;080904;020042;04/04/2024;06/04/2024;031;391;M;0;0;2;NA;002;NA;NA;V3000;005;3250;020;001;030;F;08090401;32016315;NA;NA;NA;NA;NA;NA;NA;NA;NA;NA;NA;NA;NA;NA;NA;NA;AOSPU POLICLINICO - MO;NA;NA;NA;0
080;080908;2024;516270;2024;080908;042045;06/04/2024;19/04/2024;008;137;M;0;0;13;NA;002;NA;NA;7455;005;2955;042;001;110;F;080908;32017269;7428;74721;74781;NA;NA;8873;3142;8741;8838;8954;8873;8876;8879;8952;8872;NA;IRCCS AOU BOLOGNA;NA;NA;NA;0
080;080908;2024;402293;2024;080908;042045;14/06/2024;17/07/2024;049;108;C;0;69;33;5;001;3539;NA;7454;005;NA;042;001;110;F;080908;32017269;74683;74721;9974;78551;5185;3539;3961;3963;3834;3553;4719;4620;544;3891;9929;3722;IRCCS AOU BOLOGNA;NA;NA;NA;0
080;080053;2024;304405;2024;080105;037057;27/02/2024;29/02/2024;031;391;M;0;0;2;NA;002;NA;NA;V3000;005;3605;037;001;080;F;08005301;32025472;NA;NA;NA;NA;NA;897;NA;NA;NA;NA;NA;NA;NA;NA;NA;NA;OSPEDALE MAGGIORE;NA;NA;NA;0
080;080096;2024;3586;2024;080104;036013;09/04/2024;12/04/2024;031;391;M;0;0;3;NA;002;NA;NA;V3000;005;3400;036;001;080;F;080096;32025709;NA;NA;NA;NA;NA;9547;NA;NA;NA;NA;NA;NA;NA;NA;NA;NA;OSPEDALE CIVILE DI SASSUOLO S.P.A.;NA;NA;NA;0
080;080004;2024;5003;2024;080101;098049;27/02/2024;01/03/2024;031;391;M;0;0;3;NA;002;NA;NA;V3000;005;2760;098;001;030;F;08000401;32025808;NA;NA;NA;NA;NA;NA;NA;NA;NA;NA;NA;NA;NA;NA;NA;NA;OSPEDALE PIACENZA;NA;NA;NA;0
080;080004;2024;7237;2024;080101;098052;23/03/2024;26/03/2024;031;391;M;0;0;3;NA;002;NA;NA;V3000;005;3330;098;001;030;F;08000401;32025809;NA;NA;NA;NA;NA;NA;NA;NA;NA;NA;NA;NA;NA;NA;NA;NA;OSPEDALE PIACENZA;NA;NA;NA;0
080;080004;2024;5447;2024;080101;015191;04/03/2024;08/03/2024;031;391;M;0;0;4;NA;002;NA;NA;V3000;005;3430;015;001;030;F;08000401;32025813;NA;NA;NA;NA;NA;NA;NA;NA;NA;NA;NA;NA;NA;NA;NA;NA;OSPEDALE PIACENZA;NA;NA;NA;0
080;080004;2024;5228;2024;080101;098006;29/02/2024;03/03/2024;031;391;M;0;0;3;NA;002;NA;NA;V3000;005;3620;098;001;030;F;08000401;32025815;NA;NA;NA;NA;NA;NA;NA;NA;NA;NA;NA;NA;NA;NA;NA;NA;OSPEDALE PIACENZA;NA;NA;NA;0
080;080004;2024;5143;2024;080101;098054;28/02/2024;02/03/2024;031;391;M;0;0;3;NA;002;NA;NA;V3000;005;3020;098;001;030;M;08000401;32025819;NA;NA;NA;NA;NA;NA;NA;NA;NA;NA;NA;NA;NA;NA;NA;NA;OSPEDALE PIACENZA;NA;NA;NA;0
080;080004;2024;5232;2024;080101;098014;29/02/2024;03/03/2024;031;391;M;0;0;3;NA;002;NA;NA;V3000;005;3500;098;001;030;F;08000401;32025824;NA;NA;NA;NA;NA;NA;NA;NA;NA;NA;NA;NA;NA;NA;NA;NA;OSPEDALE PIACENZA;NA;NA;NA;0
080;080908;2024;517111;2024;080908;080039;11/04/2024;08/05/2024;049;541;C;0;0;27;7;001;3965;NA;5533;005;2500;080;001;180;F;080908;32026914;7453;5185;74721;4160;42823;3965;537;3768;3999;3404;3893;3891;0017;3965;3885;3403;IRCCS AOU BOLOGNA;NA;NA;NA;0
080;080909;2024;16685;2024;080909;021046;11/09/2024;13/09/2024;034;048;M;0;174;2;NA;002;NA;NA;V425;005;NA;021;001;041;F;080909;32027029;NA;NA;NA;NA;NA;9421;NA;NA;NA;NA;NA;NA;NA;NA;NA;NA;AOSPU ARCISPEDALE S.ANNA - FE;NA;NA;NA;0
080;080909;2024;13284;2024;080909;021046;17/07/2024;18/07/2024;034;042;C;0;118;1;1;002;1179;NA;36720;005;NA;021;001;041;F;080909;32027029;NA;NA;NA;NA;NA;1179;NA;NA;NA;NA;NA;NA;NA;NA;NA;NA;AOSPU ARCISPEDALE S.ANNA - FE;NA;NA;NA;0
080;080909;2024;18980;2024;080909;021046;16/10/2024;18/10/2024;034;048;M;0;209;2;NA;002;NA;NA;V425;005;NA;021;001;041;F;080909;32027029;NA;NA;NA;NA;NA;9421;NA;NA;NA;NA;NA;NA;NA;NA;NA;NA;AOSPU ARCISPEDALE S.ANNA - FE;NA;NA;NA;0
080;080909;2024;23553;2024;080909;021046;27/12/2024;27/12/2024;034;042;C;0;281;1;0;002;1199;NA;V425;005;NA;021;001;041;F;080909;32027029;NA;NA;NA;NA;NA;1199;NA;NA;NA;NA;NA;NA;NA;NA;NA;NA;AOSPU ARCISPEDALE S.ANNA - FE;NA;NA;NA;0
080;080909;2024;12368;2024;080909;021046;03/07/2024;05/07/2024;034;042;C;0;104;2;1;002;1179;NA;36720;005;NA;021;001;041;F;080909;32027029;NA;NA;NA;NA;NA;1179;NA;NA;NA;NA;NA;NA;NA;NA;NA;NA;AOSPU ARCISPEDALE S.ANNA - FE;NA;NA;NA;0
080;080909;2024;22730;2024;080909;021046;12/12/2024;14/12/2024;034;042;C;0;266;2;1;002;1283;NA;V425;005;NA;021;001;041;F;080909;32027029;NA;NA;NA;NA;NA;1283;NA;NA;NA;NA;NA;NA;NA;NA;NA;NA;AOSPU ARCISPEDALE S.ANNA - FE;NA;NA;NA;0
080;080909;2024;21261;2024;080909;021046;20/11/2024;22/11/2024;034;048;M;0;244;2;NA;002;NA;NA;V425;005;NA;021;001;041;F;080909;32027029;NA;NA;NA;NA;NA;9421;NA;NA;NA;NA;NA;NA;NA;NA;NA;NA;AOSPU ARCISPEDALE S.ANNA - FE;NA;NA;NA;0
080;080909;2024;10009;2024;080909;021046;29/05/2024;31/05/2024;034;041;C;0;69;2;1;002;9504;NA;37103;005;NA;021;001;041;F;080909;32027029;NA;NA;NA;NA;NA;9504;1164;9421;NA;NA;NA;NA;NA;NA;NA;NA;AOSPU ARCISPEDALE S.ANNA - FE;NA;NA;NA;0
080;080031;2024;3398;2024;080104;020065;11/04/2024;14/04/2024;031;389;M;0;0;3;NA;002;NA;NA;V3000;005;3000;020;001;030;M;08003104;32027100;7756;NA;NA;NA;NA;8965;9542;897;NA;NA;NA;NA;NA;NA;NA;NA;OSPEDALE CARPI;NA;NA;NA;0
080;080909;2024;6940;2024;080909;029045;13/04/2024;15/04/2024;031;391;M;0;0;2;NA;002;NA;NA;V3000;005;3685;029;001;050;M;080909;32027864;NA;NA;NA;NA;NA;9501;9059;9541;NA;NA;NA;NA;NA;NA;NA;NA;AOSPU ARCISPEDALE S.ANNA - FE;NA;NA;NA;0
080;080909;2024;6874;2024;080909;029028;12/04/2024;15/04/2024;031;390;M;0;0;3;NA;002;NA;NA;V3000;005;3405;029;001;050;F;080909;32027957;7609;NA;NA;NA;NA;9501;9541;9059;NA;NA;NA;NA;NA;NA;NA;NA;AOSPU ARCISPEDALE S.ANNA - FE;NA;NA;NA;0
080;080004;2024;8216;2024;080101;098029;04/04/2024;07/04/2024;031;391;M;0;0;3;NA;002;NA;NA;V3000;005;3470;098;001;030;F;08000401;32028310;NA;NA;NA;NA;NA;NA;NA;NA;NA;NA;NA;NA;NA;NA;NA;NA;OSPEDALE PIACENZA;NA;NA;NA;0
080;080085;2024;5378;2024;080114;048026;14/03/2024;16/03/2024;031;391;M;0;0;2;NA;002;NA;NA;V3000;005;3876;048;001;090;F;08008501;32028687;NA;NA;NA;NA;NA;NA;NA;NA;NA;NA;NA;NA;NA;NA;NA;NA;OSPEDALE FORLI';NA;NA;NA;0
080;080095;2024;7547;2024;080114;041044;11/03/2024;14/03/2024;031;391;M;0;0;3;NA;002;NA;NA;V3000;005;3640;041;001;110;M;08009501;32028708;NA;NA;NA;NA;NA;NA;NA;NA;NA;NA;NA;NA;NA;NA;NA;NA;OSPEDALE RIMINI;NA;NA;NA;0
080;080095;2024;7351;2024;080114;075035;10/03/2024;12/03/2024;062;390;M;0;0;2;NA;002;NA;NA;7661;005;4520;075;001;160;M;08009501;32028709;7793;78340;NA;NA;NA;NA;NA;NA;NA;NA;NA;NA;NA;NA;NA;NA;OSPEDALE RIMINI;NA;NA;NA;0
080;080095;2024;8814;2024;080114;041044;25/03/2024;27/03/2024;031;391;M;0;0;2;NA;002;NA;NA;V3000;005;3390;041;001;110;M;08009501;32028711;NA;NA;NA;NA;NA;NA;NA;NA;NA;NA;NA;NA;NA;NA;NA;NA;OSPEDALE RIMINI;NA;NA;NA;0
080;080095;2024;8863;2024;080114;041020;25/03/2024;27/03/2024;031;391;M;0;0;2;NA;002;NA;NA;V3000;005;3700;041;001;110;F;08009501;32028713;NA;NA;NA;NA;NA;NA;NA;NA;NA;NA;NA;NA;NA;NA;NA;NA;OSPEDALE RIMINI;NA;NA;NA;0
080;080095;2024;7444;2024;080114;042022;11/03/2024;14/03/2024;031;391;M;0;0;3;NA;002;NA;NA;V3001;005;3490;042;001;110;M;08009501;32028714;NA;NA;NA;NA;NA;NA;NA;NA;NA;NA;NA;NA;NA;NA;NA;NA;OSPEDALE RIMINI;NA;NA;NA;0
080;080095;2024;7316;2024;080114;042045;09/03/2024;11/03/2024;031;391;M;0;0;2;NA;002;NA;NA;V3000;005;3000;042;001;110;F;08009501;32028715;NA;NA;NA;NA;NA;NA;NA;NA;NA;NA;NA;NA;NA;NA;NA;NA;OSPEDALE RIMINI;NA;NA;NA;0
080;080095;2024;6239;2024;080114;042002;28/02/2024;01/03/2024;031;391;M;0;0;2;NA;002;NA;NA;V3000;005;3450;042;001;110;F;08009501;32028716;NA;NA;NA;NA;NA;NA;NA;NA;NA;NA;NA;NA;NA;NA;NA;NA;OSPEDALE RIMINI;NA;NA;NA;0
080;080095;2024;6912;2024;080114;041009;06/03/2024;08/03/2024;062;390;M;0;0;2;NA;002;NA;NA;7661;005;3930;041;001;110;F;08009501;32028718;7793;78340;NA;NA;NA;9059;NA;NA;NA;NA;NA;NA;NA;NA;NA;NA;OSPEDALE RIMINI;NA;NA;NA;0
080;080095;2024;7017;2024;080114;041068;07/03/2024;11/03/2024;062;390;M;0;0;4;NA;002;NA;NA;7793;005;3100;041;001;110;F;08009501;32028719;78340;77439;NA;NA;NA;9983;9059;NA;NA;NA;NA;NA;NA;NA;NA;NA;OSPEDALE RIMINI;NA;NA;NA;0
080;080095;2024;8006;2024;080114;041010;15/03/2024;17/03/2024;031;391;M;0;0;2;NA;002;NA;NA;V3000;005;3105;041;001;110;F;08009501;32028721;NA;NA;NA;NA;NA;NA;NA;NA;NA;NA;NA;NA;NA;NA;NA;NA;OSPEDALE RIMINI;NA;NA;NA;0
080;080095;2024;6421;2024;080114;042033;29/02/2024;03/03/2024;031;391;M;0;0;3;NA;002;NA;NA;V3000;005;3800;042;001;110;F;08009501;32028724;NA;NA;NA;NA;NA;NA;NA;NA;NA;NA;NA;NA;NA;NA;NA;NA;OSPEDALE RIMINI;NA;NA;NA;0
080;080095;2024;9077;2024;080114;041026;27/03/2024;29/03/2024;062;390;M;0;0;2;NA;002;NA;NA;7661;005;4085;041;001;110;M;08009501;32028725;7793;78340;NA;NA;NA;9059;NA;NA;NA;NA;NA;NA;NA;NA;NA;NA;OSPEDALE RIMINI;NA;NA;NA;0
080;080095;2024;6972;2024;080114;041044;06/03/2024;09/03/2024;031;391;M;0;0;3;NA;002;NA;NA;V3000;005;3420;041;001;110;M;08009501;32028726;NA;NA;NA;NA;NA;NA;NA;NA;NA;NA;NA;NA;NA;NA;NA;NA;OSPEDALE RIMINI;NA;NA;NA;0
080;080095;2024;8241;2024;080114;041009;19/03/2024;21/03/2024;031;391;M;0;0;2;NA;002;NA;NA;V3000;005;3495;041;001;110;M;08009501;32028732;NA;NA;NA;NA;NA;NA;NA;NA;NA;NA;NA;NA;NA;NA;NA;NA;OSPEDALE RIMINI;NA;NA;NA;0
080;080095;2024;6224;2024;080114;041044;28/02/2024;01/03/2024;031;391;M;0;0;2;NA;002;NA;NA;V3001;005;3600;041;001;110;M;08009501;32028734;NA;NA;NA;NA;NA;NA;NA;NA;NA;NA;NA;NA;NA;NA;NA;NA;OSPEDALE RIMINI;NA;NA;NA;0
080;080095;2024;7307;2024;080114;041036;09/03/2024;11/03/2024;031;391;M;0;0;2;NA;002;NA;NA;V3000;005;3550;041;001;110;M;08009501;32028735;NA;NA;NA;NA;NA;NA;NA;NA;NA;NA;NA;NA;NA;NA;NA;NA;OSPEDALE RIMINI;NA;NA;NA;0
080;080095;2024;7993;2024;080114;041044;15/03/2024;19/03/2024;062;137;M;0;0;4;NA;002;NA;NA;7454;005;3325;041;001;110;F;08009501;32028737;NA;NA;NA;NA;NA;8872;8952;8901;9547;9059;NA;NA;NA;NA;NA;NA;OSPEDALE RIMINI;NA;NA;NA;0
080;080095;2024;7148;2024;080114;042034;07/03/2024;10/03/2024;062;390;M;0;0;3;NA;002;NA;NA;7661;005;4520;042;001;110;M;08009501;32028740;7793;78340;NA;NA;NA;9059;NA;NA;NA;NA;NA;NA;NA;NA;NA;NA;OSPEDALE RIMINI;NA;NA;NA;0
080;080095;2024;7261;2024;080114;041068;08/03/2024;11/03/2024;031;391;M;0;0;3;NA;002;NA;NA;V3000;005;2575;041;001;110;F;08009501;32028741;NA;NA;NA;NA;NA;NA;NA;NA;NA;NA;NA;NA;NA;NA;NA;NA;OSPEDALE RIMINI;NA;NA;NA;0
080;080095;2024;7539;2024;080114;041029;12/03/2024;14/03/2024;031;391;M;0;0;2;NA;002;NA;NA;V3000;005;3260;041;001;110;F;08009501;32028742;NA;NA;NA;NA;NA;NA;NA;NA;NA;NA;NA;NA;NA;NA;NA;NA;OSPEDALE RIMINI;NA;NA;NA;0
080;080095;2024;7431;2024;080114;041022;11/03/2024;14/03/2024;031;391;M;0;0;3;NA;002;NA;NA;V3001;005;3520;041;001;110;F;08009501;32028743;NA;NA;NA;NA;NA;NA;NA;NA;NA;NA;NA;NA;NA;NA;NA;NA;OSPEDALE RIMINI;NA;NA;NA;0
080;080095;2024;9276;2024;080114;041031;29/03/2024;31/03/2024;031;391;M;0;0;2;NA;002;NA;NA;V3000;005;3245;041;001;110;M;08009501;32028744;NA;NA;NA;NA;NA;NA;NA;NA;NA;NA;NA;NA;NA;NA;NA;NA;OSPEDALE RIMINI;NA;NA;NA;0
080;080095;2024;8316;2024;080114;041044;19/03/2024;21/03/2024;031;391;M;0;0;2;NA;002;NA;NA;V3000;005;3470;041;001;110;F;08009501;32028745;NA;NA;NA;NA;NA;NA;NA;NA;NA;NA;NA;NA;NA;NA;NA;NA;OSPEDALE RIMINI;NA;NA;NA;0
080;080004;2024;5976;2024;080101;098014;09/03/2024;12/03/2024;031;391;M;0;0;3;NA;002;NA;NA;V3000;005;3640;098;001;030;M;08000401;32029609;NA;NA;NA;NA;NA;NA;NA;NA;NA;NA;NA;NA;NA;NA;NA;NA;OSPEDALE PIACENZA;NA;NA;NA;0
080;080004;2024;6805;2024;080101;019036;19/03/2024;21/03/2024;031;391;M;0;0;2;NA;002;NA;NA;V3000;005;3260;019;001;030;M;08000401;32029610;NA;NA;NA;NA;NA;NA;NA;NA;NA;NA;NA;NA;NA;NA;NA;NA;OSPEDALE PIACENZA;NA;NA;NA;0
080;080004;2024;7496;2024;080101;098019;26/03/2024;31/03/2024;062;389;M;0;0;5;NA;002;NA;NA;77189;005;3810;098;001;030;M;08000401;32029612;NA;NA;NA;NA;NA;9059;9929;NA;NA;NA;NA;NA;NA;NA;NA;NA;OSPEDALE PIACENZA;NA;NA;NA;0
080;080909;2024;7140;2024;080909;029009;16/04/2024;18/04/2024;031;391;M;0;0;2;NA;002;NA;NA;V3000;005;4325;029;001;050;M;080909;32029978;7661;7631;NA;NA;NA;9501;9541;9059;NA;NA;NA;NA;NA;NA;NA;NA;AOSPU ARCISPEDALE S.ANNA - FE;NA;NA;NA;0
080;080902;2024;560707;2024;080902;019036;03/03/2024;05/03/2024;039;030;M;0;131;2;NA;002;NA;NA;85401;005;NA;019;001;030;M;080902;32030485;NA;NA;NA;NA;NA;8876;897;8939;8903;8827;9132;8929;NA;NA;NA;NA;AOSPU OSPEDALI RIUNITI - PR;NA;NA;NA;0
080;080908;2024;518215;2024;080908;042034;18/04/2024;29/04/2024;008;389;M;0;0;11;NA;002;NA;NA;74783;005;3325;042;001;110;M;080908;32031553;7470;79902;NA;NA;NA;8744;3892;9396;8954;8744;8872;8952;9929;NA;NA;NA;IRCCS AOU BOLOGNA;NA;NA;NA;0
080;080902;2024;563267;2024;080902;020066;27/03/2024;29/03/2024;031;391;M;0;0;2;NA;002;NA;NA;V3000;005;3000;020;001;030;M;080902;32032881;NA;NA;NA;NA;NA;9307;9546;897;8939;8903;NA;NA;NA;NA;NA;NA;AOSPU OSPEDALI RIUNITI - PR;NA;NA;NA;0
080;080902;2024;35850;2024;080902;020066;21/04/2024;24/04/2024;039;422;M;0;25;3;NA;002;NA;NA;7806;005;NA;020;001;030;M;080902;32032881;04321;NA;NA;NA;NA;8872;3894;9039;8939;897;8903;NA;NA;NA;NA;NA;AOSPU OSPEDALI RIUNITI - PR;NA;NA;NA;0
080;080072;2024;8226;2024;080114;039013;09/04/2024;12/04/2024;031;391;M;0;0;3;NA;002;NA;NA;V3001;005;3385;039;001;080;M;080072;32033070;NA;NA;NA;NA;NA;NA;NA;NA;NA;NA;NA;NA;NA;NA;NA;NA;OSPEDALE RAVENNA;NA;NA;NA;0
150;150906;2023;19768385;2023;150906;040007;05/09/2023;08/09/2023;031;390;M;0;0;3;3;002;NA;NA;V3000;005;0;040;001;080;M;15090601;32033176;7706;NA;NA;NA;NA;9059;NA;NA;NA;NA;NA;NA;NA;NA;NA;NA;NON DEFINITO;NA;NA;NA;0
080;080004;2024;9078;2024;080101;098049;13/04/2024;16/04/2024;031;391;M;0;0;3;NA;002;NA;NA;V3000;005;3015;098;001;030;F;08000401;32033266;NA;NA;NA;NA;NA;NA;NA;NA;NA;NA;NA;NA;NA;NA;NA;NA;OSPEDALE PIACENZA;NA;NA;NA;0
080;080004;2024;5986;2024;080101;098054;09/03/2024;11/03/2024;031;391;M;0;0;2;NA;002;NA;NA;V3000;005;2940;098;001;030;F;08000401;32033306;NA;NA;NA;NA;NA;NA;NA;NA;NA;NA;NA;NA;NA;NA;NA;NA;OSPEDALE PIACENZA;NA;NA;NA;0
080;080004;2024;6994;2024;080101;019076;20/03/2024;22/03/2024;031;391;M;0;0;2;NA;002;NA;NA;V3000;005;4110;019;001;030;F;08000401;32033307;NA;NA;NA;NA;NA;NA;NA;NA;NA;NA;NA;NA;NA;NA;NA;NA;OSPEDALE PIACENZA;NA;NA;NA;0
080;080004;2024;7509;2024;080101;098019;26/03/2024;30/03/2024;031;391;M;0;0;4;NA;002;NA;NA;V3000;005;3100;098;001;030;M;08000401;32033309;77439;NA;NA;NA;NA;9983;NA;NA;NA;NA;NA;NA;NA;NA;NA;NA;OSPEDALE PIACENZA;NA;NA;NA;0
080;080908;2024;521383;2024;080908;082031;09/05/2024;11/05/2024;039;298;M;0;172;2;NA;002;NA;NA;27800;005;NA;082;001;190;F;080908;32036633;NA;NA;NA;NA;NA;8952;8876;8904;897;8952;8966;8915;NA;NA;NA;NA;IRCCS AOU BOLOGNA;NA;NA;NA;0
080;080908;2024;519104;2024;080908;058091;24/04/2024;26/04/2024;031;391;M;0;0;2;NA;002;NA;NA;V3000;005;3230;058;001;120;F;080908;32037396;NA;NA;NA;NA;NA;8903;8965;8903;9509;9059;897;9547;8619;NA;NA;NA;IRCCS AOU BOLOGNA;NA;NA;NA;0
080;080908;2024;418631;2024;080908;068028;10/10/2024;10/10/2024;011;163;C;0;365;1;NA;002;5312;NA;55092;005;NA;068;002;130;M;080908;32037431;605;NA;NA;NA;NA;5312;640;5421;9918;8904;897;NA;NA;NA;NA;NA;IRCCS AOU BOLOGNA;NA;NA;NA;0
080;080908;2024;519047;2024;080908;041013;23/04/2024;30/04/2024;062;390;M;0;0;7;NA;002;NA;NA;77989;005;3405;041;001;110;M;080908;32037451;74721;79095;7602;NA;NA;897;3892;3899;9921;9929;9059;8901;8906;897;9053;8872;IRCCS AOU BOLOGNA;NA;NA;NA;0
080;080095;2024;7268;2024;080114;041044;08/03/2024;11/03/2024;031;391;M;0;0;3;NA;002;NA;NA;V3001;005;3540;041;001;110;F;08009501;32037769;NA;NA;NA;NA;NA;NA;NA;NA;NA;NA;NA;NA;NA;NA;NA;NA;OSPEDALE RIMINI;NA;NA;NA;0
080;080908;2024;511741;2024;080908;023044;09/03/2024;11/03/2024;031;390;M;0;0;2;NA;002;NA;NA;V3000;005;3670;023;001;050;F;080908;32038104;7608;NA;NA;NA;NA;897;8965;8903;897;9059;9509;9547;8619;NA;NA;NA;IRCCS AOU BOLOGNA;NA;NA;NA;0
080;080153;2024;777336;2024;080105;028060;27/05/2024;31/05/2024;033;012;M;0;250;4;NA;002;NA;NA;3300;005;NA;028;001;050;M;080153;32038847;NA;NA;NA;NA;NA;8891;3899;8913;NA;NA;NA;NA;NA;NA;NA;NA;IRCCS SCIENZE NEUROLOGICHE BO;NA;NA;NA;0
080;080153;2024;777304;2024;080105;028060;14/05/2024;16/05/2024;033;017;M;0;237;2;NA;002;NA;NA;34830;005;NA;028;001;050;M;080153;32038847;37950;NA;NA;NA;NA;8913;8952;8876;9059;9449;8903;NA;NA;NA;NA;NA;IRCCS SCIENZE NEUROLOGICHE BO;NA;NA;NA;0
080;080153;2024;777277;2024;080105;028060;02/05/2024;02/05/2024;033;017;M;0;225;1;NA;002;NA;NA;34830;005;NA;028;001;050;M;080153;32038847;37956;NA;NA;NA;NA;8903;8913;8952;NA;NA;NA;NA;NA;NA;NA;NA;IRCCS SCIENZE NEUROLOGICHE BO;NA;NA;NA;0
080;080904;2024;10894;2024;080904;999201;09/04/2024;11/04/2024;031;391;M;0;0;2;NA;002;NA;NA;V3000;005;3350;999;001;201;M;08090401;32039445;NA;NA;NA;NA;NA;NA;NA;NA;NA;NA;NA;NA;NA;NA;NA;NA;AOSPU POLICLINICO - MO;NA;NA;NA;0
080;080004;2024;10247;2024;080101;016020;27/04/2024;07/05/2024;039;087;M;0;34;10;NA;002;NA;NA;51881;005;NA;016;001;030;F;08000401;32039810;485;0793;NA;NA;NA;9390;9921;9396;8744;8819;8876;8876;8744;NA;NA;NA;OSPEDALE PIACENZA;NA;NA;NA;0
080;080004;2024;22183;2024;080101;019076;24/09/2024;25/09/2024;039;284;M;0;174;1;NA;002;NA;NA;22801;005;NA;019;001;030;M;08000401;32039859;NA;NA;NA;NA;NA;8952;8872;NA;NA;NA;NA;NA;NA;NA;NA;NA;OSPEDALE PIACENZA;NA;NA;NA;0
080;080902;2024;567123;2024;080902;072043;09/05/2024;14/05/2024;002;184;M;0;320;1;NA;002;NA;NA;5303;005;NA;072;002;160;M;080902;32039955;NA;NA;NA;NA;NA;8741;8801;3894;8908;8903;897;8939;NA;NA;NA;NA;AOSPU OSPEDALI RIUNITI - PR;NA;NA;NA;0
080;080902;2024;37465;2024;080902;072043;26/04/2024;03/05/2024;058;184;M;0;307;7;NA;002;NA;NA;5303;005;NA;072;001;160;M;080902;32039955;78703;NA;NA;NA;NA;4516;8907;8939;8903;3899;8769;8876;NA;NA;NA;NA;AOSPU OSPEDALI RIUNITI - PR;NA;NA;NA;0
080;080072;2024;7070;2024;080114;046033;25/03/2024;27/03/2024;031;391;M;0;0;2;NA;002;NA;NA;V3000;005;3200;046;001;090;M;080072;32040059;NA;NA;NA;NA;NA;NA;NA;NA;NA;NA;NA;NA;NA;NA;NA;NA;OSPEDALE RAVENNA;NA;NA;NA;0
080;080909;2024;7886;2024;080909;029022;28/04/2024;01/05/2024;031;391;M;0;0;3;NA;002;NA;NA;V3000;005;3260;029;001;050;F;080909;32040601;NA;NA;NA;NA;NA;9501;8952;9059;9541;NA;NA;NA;NA;NA;NA;NA;AOSPU ARCISPEDALE S.ANNA - FE;NA;NA;NA;0
080;080053;2024;309065;2024;080105;037006;29/04/2024;01/05/2024;031;391;M;0;0;2;NA;002;NA;NA;V3001;005;4700;037;001;080;F;08005301;32040728;NA;NA;NA;NA;NA;897;NA;NA;NA;NA;NA;NA;NA;NA;NA;NA;OSPEDALE MAGGIORE;NA;NA;NA;0
080;080021;2024;571470;2024;080103;035040;22/04/2024;25/04/2024;031;391;M;0;0;3;NA;002;NA;NA;V3001;005;2885;035;001;080;F;08002106;32040876;NA;NA;NA;NA;NA;8903;NA;NA;NA;NA;NA;NA;NA;NA;NA;NA;OSPEDALE S.MARIA NUOVA - RE;NA;NA;NA;0
080;080004;2024;7103;2024;080101;999201;22/03/2024;25/03/2024;031;391;M;0;0;3;NA;002;NA;NA;V3000;005;3540;999;001;201;F;08000401;32040909;NA;NA;NA;NA;NA;NA;NA;NA;NA;NA;NA;NA;NA;NA;NA;NA;OSPEDALE PIACENZA;NA;NA;NA;0
080;080021;2024;553302;2024;080103;999425;01/01/2024;08/01/2024;062;389;M;0;0;7;NA;002;NA;NA;76418;005;2076;999;001;425;M;08002106;32040913;76498;7756;NA;NA;NA;8871;NA;NA;NA;NA;NA;NA;NA;NA;NA;NA;OSPEDALE S.MARIA NUOVA - RE;NA;NA;NA;0
080;080053;2024;305915;2024;080105;999254;18/03/2024;20/03/2024;031;391;M;0;0;2;NA;002;NA;NA;V3000;005;3525;999;001;254;M;08005301;32040915;NA;NA;NA;NA;NA;897;NA;NA;NA;NA;NA;NA;NA;NA;NA;NA;OSPEDALE MAGGIORE;NA;NA;NA;0
080;080904;2024;6889;2024;080904;999460;02/03/2024;05/03/2024;031;391;M;0;0;3;NA;002;NA;NA;V3000;005;3785;999;001;460;M;08090401;32040923;NA;NA;NA;NA;NA;NA;NA;NA;NA;NA;NA;NA;NA;NA;NA;NA;AOSPU POLICLINICO - MO;NA;NA;NA;0
080;080904;2024;13167;2024;080904;046024;01/05/2024;03/05/2024;031;391;M;0;0;2;NA;002;NA;NA;V3000;005;2920;046;001;090;F;08090401;32041486;NA;NA;NA;NA;NA;NA;NA;NA;NA;NA;NA;NA;NA;NA;NA;NA;AOSPU POLICLINICO - MO;NA;NA;NA;0
080;080004;2024;25186;2024;080101;018115;28/10/2024;02/11/2024;039;049;C;0;266;5;3;002;2098;NA;38911;005;NA;018;001;030;F;08000401;32042347;NA;NA;NA;NA;NA;2098;8703;NA;NA;NA;NA;NA;NA;NA;NA;NA;OSPEDALE PIACENZA;NA;NA;NA;0
080;080902;2024;564655;2024;080902;075098;12/04/2024;13/04/2024;011;184;M;0;66;1;NA;002;NA;NA;78930;005;NA;075;001;160;M;080902;32042350;NA;NA;NA;NA;NA;8897;8961;8903;3899;8939;897;9929;3894;9918;NA;NA;AOSPU OSPEDALI RIUNITI - PR;NA;NA;NA;0
080;080902;2024;564901;2024;080902;019021;12/04/2024;15/04/2024;031;391;M;0;0;3;NA;002;NA;NA;76409;005;3000;019;001;030;F;080902;32042581;V3000;NA;NA;NA;NA;9307;9546;897;8939;8903;NA;NA;NA;NA;NA;NA;AOSPU OSPEDALI RIUNITI - PR;NA;NA;NA;0
080;080013;2024;4277;2024;080102;999239;08/04/2024;08/04/2024;031;095;M;0;0;1;NA;006;NA;NA;5128;005;3110;999;001;239;F;08001301;32042678;NA;NA;NA;NA;NA;9921;8965;3899;8872;8749;8954;8879;NA;NA;NA;NA;OSPEDALE FIDENZA;NA;NA;NA;0
080;080095;2024;19580;2024;080114;041044;11/07/2024;13/07/2024;039;048;M;0;127;2;NA;002;NA;NA;74358;005;NA;041;001;110;F;08009501;32043124;NA;NA;NA;NA;NA;8961;NA;NA;NA;NA;NA;NA;NA;NA;NA;NA;OSPEDALE RIMINI;NA;NA;NA;0
080;080909;2024;7518;2024;080909;029009;22/04/2024;07/05/2024;062;389;M;0;0;15;NA;002;NA;NA;7706;005;3055;029;001;050;M;080909;32043133;76529;7761;76409;7756;NA;9390;9396;8873;9929;8872;8871;8875;8952;9546;9503;NA;AOSPU ARCISPEDALE S.ANNA - FE;NA;NA;NA;0
080;080902;2024;563804;2024;080902;020066;03/04/2024;05/04/2024;031;391;M;0;0;2;NA;002;NA;NA;V3000;005;3750;020;001;030;M;080902;32043167;NA;NA;NA;NA;NA;9307;9546;8903;8939;897;8952;NA;NA;NA;NA;NA;AOSPU OSPEDALI RIUNITI - PR;NA;NA;NA;0
080;080095;2024;10405;2024;080114;041069;10/04/2024;14/04/2024;062;388;M;0;0;4;NA;002;NA;NA;76519;005;2870;041;001;110;M;08009501;32043332;76528;22801;NA;NA;NA;9059;8901;8871;8906;NA;NA;NA;NA;NA;NA;NA;OSPEDALE RIMINI;NA;NA;NA;0
080;080902;2024;563914;2024;080902;019090;03/04/2024;06/04/2024;031;391;M;0;0;3;NA;002;NA;NA;V3000;005;3075;019;001;030;F;080902;32043343;NA;NA;NA;NA;NA;9307;9546;897;8939;8903;NA;NA;NA;NA;NA;NA;AOSPU OSPEDALI RIUNITI - PR;NA;NA;NA;0
080;080902;2024;553477;2024;080902;020066;04/01/2024;06/01/2024;031;391;M;0;0;2;NA;002;NA;NA;V3000;005;3235;020;001;030;M;080902;32043372;NA;NA;NA;NA;NA;9307;9546;8903;8939;897;NA;NA;NA;NA;NA;NA;AOSPU OSPEDALI RIUNITI - PR;NA;NA;NA;0
080;080004;2024;10094;2024;080101;098054;25/04/2024;27/04/2024;031;391;M;0;0;2;NA;002;NA;NA;V3000;005;3655;098;001;030;M;08000401;32043609;NA;NA;NA;NA;NA;NA;NA;NA;NA;NA;NA;NA;NA;NA;NA;NA;OSPEDALE PIACENZA;NA;NA;NA;0
080;080960;2024;8607;2024;080960;048017;10/06/2024;12/06/2024;036;225;C;0;42;2;1;002;8311;NA;75470;005;NA;048;001;090;F;080960;32043780;NA;NA;NA;NA;NA;8311;9354;8311;NA;NA;NA;NA;NA;NA;NA;NA;IRCCS - ISTITUTO ORTOPEDICO RIZZOLI;NA;NA;NA;0
080;080902;2024;48701;2024;080902;015070;29/05/2024;31/05/2024;058;184;M;0;62;2;NA;002;NA;NA;78703;005;NA;015;001;030;F;080902;32043997;5780;NA;NA;NA;NA;4516;9039;8939;8907;8903;NA;NA;NA;NA;NA;NA;AOSPU OSPEDALI RIUNITI - PR;NA;NA;NA;0
080;080095;2024;9360;2024;080114;099002;29/03/2024;04/04/2024;031;391;M;0;0;6;NA;003;NA;NA;V3000;005;3400;099;001;080;M;08009501;32045627;NA;NA;NA;NA;NA;NA;NA;NA;NA;NA;NA;NA;NA;NA;NA;NA;OSPEDALE RIMINI;NA;NA;NA;0
080;080021;2024;570436;2024;080103;035024;16/04/2024;20/04/2024;031;391;M;0;0;4;NA;002;NA;NA;V3100;005;2850;035;001;080;M;08002106;32046148;NA;NA;NA;NA;NA;8903;NA;NA;NA;NA;NA;NA;NA;NA;NA;NA;OSPEDALE S.MARIA NUOVA - RE;NA;NA;NA;0
080;080021;2024;570437;2024;080103;035024;16/04/2024;20/04/2024;031;391;M;0;0;4;NA;002;NA;NA;V3100;005;2620;035;001;080;M;08002106;32046151;NA;NA;NA;NA;NA;8903;NA;NA;NA;NA;NA;NA;NA;NA;NA;NA;OSPEDALE S.MARIA NUOVA - RE;NA;NA;NA;0
080;080053;2024;309441;2024;080105;038004;04/05/2024;06/05/2024;031;391;M;0;0;2;NA;002;NA;NA;V3000;005;3850;038;001;080;M;08005307;32048004;NA;NA;NA;NA;NA;NA;NA;NA;NA;NA;NA;NA;NA;NA;NA;NA;OSPEDALE BENTIVOGLIO;NA;NA;NA;0
080;080004;2024;10100;2024;080101;098043;25/04/2024;28/04/2024;031;391;M;0;0;3;NA;002;NA;NA;V3000;005;3970;098;001;030;F;08000401;32048319;NA;NA;NA;NA;NA;NA;NA;NA;NA;NA;NA;NA;NA;NA;NA;NA;OSPEDALE PIACENZA;NA;NA;NA;0
080;080004;2024;8453;2024;080101;098029;07/04/2024;10/04/2024;031;391;M;0;0;3;NA;002;NA;NA;V3000;005;3240;098;001;030;F;08000401;32048326;NA;NA;NA;NA;NA;NA;NA;NA;NA;NA;NA;NA;NA;NA;NA;NA;OSPEDALE PIACENZA;NA;NA;NA;0
080;080902;2024;39916;2024;080902;021077;03/05/2024;14/05/2024;062;098;M;0;25;11;NA;002;NA;NA;46619;005;NA;021;001;041;M;080902;32048434;481;NA;NA;NA;NA;9396;8744;8871;3898;9033;9039;8965;8952;NA;NA;NA;AOSPU OSPEDALI RIUNITI - PR;NA;NA;NA;0
080;080960;2024;12071;2024;080960;015146;27/08/2024;29/08/2024;036;225;C;0;341;2;1;002;7758;NA;75502;005;NA;015;001;030;M;080960;32049305;NA;NA;NA;NA;NA;7758;7758;NA;NA;NA;NA;NA;NA;NA;NA;NA;IRCCS - ISTITUTO ORTOPEDICO RIZZOLI;NA;NA;NA;0
080;080044;2024;5627;2024;080106;048026;06/05/2024;08/05/2024;031;391;M;0;0;2;NA;002;NA;NA;V3000;005;2904;048;001;090;M;08004401;32049384;NA;NA;NA;NA;NA;NA;NA;NA;NA;NA;NA;NA;NA;NA;NA;NA;OSPEDALE IMOLA;NA;NA;NA;0
080;080908;2024;521036;2024;080908;023042;07/05/2024;10/05/2024;031;390;M;0;0;3;NA;002;NA;NA;V3001;005;2695;023;001;050;F;080908;32050347;76419;7731;NA;NA;NA;8903;9509;9547;8965;8903;9983;9059;8619;897;NA;NA;IRCCS AOU BOLOGNA;NA;NA;NA;0
080;080908;2024;521082;2024;080908;042050;07/05/2024;04/06/2024;006;110;C;0;0;28;16;002;390;NA;74601;005;3510;042;001;110;F;080908;32050434;7461;79902;NA;NA;NA;390;8872;3541;9929;9390;9396;8954;8744;8952;9929;NA;IRCCS AOU BOLOGNA;NA;NA;NA;0
080;080908;2024;406713;2024;080908;027033;15/07/2024;25/07/2024;011;322;M;0;273;10;NA;002;NA;NA;5990;005;NA;027;001;050;M;080908;32050456;59370;NA;NA;NA;NA;3893;9921;3893;8929;8875;8908;9918;NA;NA;NA;NA;IRCCS AOU BOLOGNA;NA;NA;NA;0
080;080908;2024;416438;2024;080908;027033;02/10/2024;02/10/2024;011;333;M;0;352;1;NA;002;NA;NA;59372;005;NA;027;002;050;M;080908;32050456;NA;NA;NA;NA;NA;8893;9918;897;8904;8893;NA;NA;NA;NA;NA;NA;IRCCS AOU BOLOGNA;NA;NA;NA;0
080;080908;2024;409945;2024;080908;027033;08/08/2024;26/08/2024;011;333;M;0;297;18;NA;002;NA;NA;59370;005;NA;027;001;050;M;080908;32050456;9975;NA;NA;NA;NA;3893;3893;9203;8876;8904;897;9059;9918;5794;9921;NA;IRCCS AOU BOLOGNA;NA;NA;NA;0
080;080908;2024;413316;2024;080908;027033;07/09/2024;20/09/2024;011;333;M;0;327;13;NA;002;NA;NA;59372;005;NA;027;001;050;M;080908;32050456;NA;NA;NA;NA;NA;897;9918;897;8904;8908;9921;NA;NA;NA;NA;NA;IRCCS AOU BOLOGNA;NA;NA;NA;0
080;080053;2024;307656;2024;080105;999436;10/04/2024;13/04/2024;031;391;M;0;0;3;NA;002;NA;NA;V3000;005;2510;999;001;436;F;08005301;32052232;NA;NA;NA;NA;NA;897;NA;NA;NA;NA;NA;NA;NA;NA;NA;NA;OSPEDALE MAGGIORE;NA;NA;NA;0
080;080013;2024;4679;2024;080102;098019;17/04/2024;19/04/2024;031;391;M;0;0;2;NA;002;NA;NA;V3000;005;3180;098;001;030;F;08001301;32052618;NA;NA;NA;NA;NA;8872;9546;8939;8965;897;9307;8903;NA;NA;NA;NA;OSPEDALE FIDENZA;NA;NA;NA;0
080;080004;2024;8455;2024;080101;098042;07/04/2024;09/04/2024;031;391;M;0;0;2;NA;002;NA;NA;V3000;005;4110;098;001;030;F;08000401;32052686;NA;NA;NA;NA;NA;NA;NA;NA;NA;NA;NA;NA;NA;NA;NA;NA;OSPEDALE PIACENZA;NA;NA;NA;0
080;080004;2024;8486;2024;080101;098049;08/04/2024;11/04/2024;031;391;M;0;0;3;NA;002;NA;NA;V3000;005;3830;098;001;030;F;08000401;32052687;NA;NA;NA;NA;NA;NA;NA;NA;NA;NA;NA;NA;NA;NA;NA;NA;OSPEDALE PIACENZA;NA;NA;NA;0
080;080004;2024;9688;2024;080101;098026;20/04/2024;22/04/2024;031;391;M;0;0;2;NA;002;NA;NA;V3000;005;3710;098;001;030;F;08000401;32052693;NA;NA;NA;NA;NA;NA;NA;NA;NA;NA;NA;NA;NA;NA;NA;NA;OSPEDALE PIACENZA;NA;NA;NA;0
080;080004;2024;10011;2024;080101;019035;24/04/2024;26/04/2024;031;391;M;0;0;2;NA;002;NA;NA;V3000;005;3780;019;001;030;M;08000401;32052694;NA;NA;NA;NA;NA;NA;NA;NA;NA;NA;NA;NA;NA;NA;NA;NA;OSPEDALE PIACENZA;NA;NA;NA;0
080;080004;2024;9698;2024;080101;018006;20/04/2024;23/04/2024;031;391;M;0;0;3;NA;002;NA;NA;V3000;005;2890;018;001;030;M;08000401;32052695;NA;NA;NA;NA;NA;NA;NA;NA;NA;NA;NA;NA;NA;NA;NA;NA;OSPEDALE PIACENZA;NA;NA;NA;0
080;080004;2024;9891;2024;080101;098043;23/04/2024;26/04/2024;031;391;M;0;0;3;NA;002;NA;NA;V3001;005;3410;098;001;030;F;08000401;32052696;NA;NA;NA;NA;NA;NA;NA;NA;NA;NA;NA;NA;NA;NA;NA;NA;OSPEDALE PIACENZA;NA;NA;NA;0
080;080004;2024;8930;2024;080101;098014;12/04/2024;14/04/2024;031;391;M;0;0;2;NA;002;NA;NA;V3000;005;3340;098;001;030;F;08000401;32052699;NA;NA;NA;NA;NA;NA;NA;NA;NA;NA;NA;NA;NA;NA;NA;NA;OSPEDALE PIACENZA;NA;NA;NA;0
080;080004;2024;9538;2024;080101;098042;18/04/2024;20/04/2024;031;391;M;0;0;2;NA;002;NA;NA;V3000;005;3260;098;001;030;M;08000401;32052703;NA;NA;NA;NA;NA;NA;NA;NA;NA;NA;NA;NA;NA;NA;NA;NA;OSPEDALE PIACENZA;NA;NA;NA;0
080;080004;2024;9946;2024;080101;098004;23/04/2024;25/04/2024;031;391;M;0;0;2;NA;002;NA;NA;V3000;005;3860;098;001;030;F;08000401;32052704;NA;NA;NA;NA;NA;NA;NA;NA;NA;NA;NA;NA;NA;NA;NA;NA;OSPEDALE PIACENZA;NA;NA;NA;0
080;080004;2024;9077;2024;080101;098019;13/04/2024;16/04/2024;031;391;M;0;0;3;NA;002;NA;NA;V3000;005;3480;098;001;030;F;08000401;32052705;NA;NA;NA;NA;NA;NA;NA;NA;NA;NA;NA;NA;NA;NA;NA;NA;OSPEDALE PIACENZA;NA;NA;NA;0
080;080904;2024;14202;2024;080904;036002;10/05/2024;22/05/2024;073;385;M;0;0;12;NA;001;NA;NA;76502;005;545;036;001;080;M;08090401;32052712;769;4160;7766;NA;NA;4534;9672;8872;9672;9915;8871;4620;NA;NA;NA;NA;AOSPU POLICLINICO - MO;NA;NA;NA;0
080;080044;2024;5825;2024;080106;037016;10/05/2024;10/05/2024;031;385;M;0;0;1;NA;001;NA;NA;7685;005;798;037;001;080;M;08004401;32053024;76503;NA;NA;NA;NA;9390;3892;3899;9963;9918;9929;9605;NA;NA;NA;NA;OSPEDALE IMOLA;NA;NA;NA;0
080;080909;2024;8700;2024;080909;029033;10/05/2024;14/05/2024;031;390;M;0;0;4;NA;002;NA;NA;V3001;005;3400;029;001;050;F;080909;32053151;7500;NA;NA;NA;NA;9501;9541;9059;2592;NA;NA;NA;NA;NA;NA;NA;AOSPU ARCISPEDALE S.ANNA - FE;NA;NA;NA;0
080;080091;2024;506141;2024;080114;999201;19/03/2024;11/04/2024;039;417;M;0;176;23;NA;002;NA;NA;03849;005;NA;999;001;201;M;08009101;32053286;32082;85200;78609;NA;NA;8891;8703;8831;8907;8907;0331;8744;9032;9918;3899;9921;OSPEDALE CESENA;NA;NA;NA;0
080;080095;2024;12421;2024;080114;041044;30/04/2024;04/05/2024;031;391;M;0;0;4;NA;002;NA;NA;V3000;005;2800;041;001;110;F;08009501;32053864;NA;NA;NA;NA;NA;NA;NA;NA;NA;NA;NA;NA;NA;NA;NA;NA;OSPEDALE RIMINI;NA;NA;NA;0
080;080072;2024;9088;2024;080114;030129;19/04/2024;21/04/2024;031;391;M;0;0;2;NA;002;NA;NA;V3000;005;3030;030;001;060;F;080072;32054040;NA;NA;NA;NA;NA;NA;NA;NA;NA;NA;NA;NA;NA;NA;NA;NA;OSPEDALE RAVENNA;NA;NA;NA;0
080;080082;2024;803607;2024;080114;048026;18/04/2024;20/04/2024;031;391;M;0;0;2;NA;002;NA;NA;V3000;005;3650;048;001;090;M;080082;32054041;NA;NA;NA;NA;NA;NA;NA;NA;NA;NA;NA;NA;NA;NA;NA;NA;OSPEDALE FAENZA;NA;NA;NA;0
080;080908;2024;522065;2024;080908;037032;13/05/2024;16/05/2024;073;385;M;0;0;3;NA;001;NA;1;7685;005;NA;037;001;080;M;080908;32055453;7687;NA;NA;NA;NA;897;8321;0017;3893;3899;8914;9921;9926;9981;8901;9672;IRCCS AOU BOLOGNA;NA;NA;NA;0
080;080044;2024;5956;2024;080106;037032;13/05/2024;13/05/2024;031;385;M;0;0;1;NA;006;NA;NA;V3000;005;2900;037;001;080;M;08004401;32055453;7685;NA;NA;NA;NA;9604;3892;9929;9918;9396;NA;NA;NA;NA;NA;NA;OSPEDALE IMOLA;NA;NA;NA;0
080;080053;2024;309749;2024;080105;037011;08/05/2024;10/05/2024;031;391;M;0;0;2;NA;002;NA;NA;V3000;005;3700;037;001;080;F;08005301;32055516;NA;NA;NA;NA;NA;897;NA;NA;NA;NA;NA;NA;NA;NA;NA;NA;OSPEDALE MAGGIORE;NA;NA;NA;0
080;080909;2024;8335;2024;080909;029045;06/05/2024;08/05/2024;031;391;M;0;0;2;NA;002;NA;NA;V3000;005;3250;029;001;050;M;080909;32055781;NA;NA;NA;NA;NA;9059;9541;9501;NA;NA;NA;NA;NA;NA;NA;NA;AOSPU ARCISPEDALE S.ANNA - FE;NA;NA;NA;0
080;080909;2024;3618;2024;080909;029033;23/02/2024;25/02/2024;031;391;M;0;0;2;NA;002;NA;NA;V3000;005;3270;029;001;050;F;080909;32056319;NA;NA;NA;NA;NA;9501;9059;9541;NA;NA;NA;NA;NA;NA;NA;NA;AOSPU ARCISPEDALE S.ANNA - FE;NA;NA;NA;0
080;080909;2024;5778;2024;080909;029009;26/03/2024;28/03/2024;031;391;M;0;0;2;NA;005;NA;NA;V3000;005;2960;029;001;050;F;080909;32056357;NA;NA;NA;NA;NA;9059;9501;9541;NA;NA;NA;NA;NA;NA;NA;NA;AOSPU ARCISPEDALE S.ANNA - FE;NA;NA;NA;0
080;080909;2024;371;2024;080909;100005;07/01/2024;09/01/2024;031;391;M;0;0;2;NA;002;NA;NA;V3000;005;3040;100;001;090;F;080909;32056446;NA;NA;NA;NA;NA;9059;9541;9501;NA;NA;NA;NA;NA;NA;NA;NA;AOSPU ARCISPEDALE S.ANNA - FE;NA;NA;NA;0
080;080909;2024;3708;2024;080909;029033;24/02/2024;27/02/2024;062;390;M;0;0;3;NA;002;NA;NA;7706;005;3350;029;001;050;M;080909;32056507;76529;NA;NA;NA;NA;9501;9093;9053;3898;8959;8873;9391;9541;8871;9059;NA;AOSPU ARCISPEDALE S.ANNA - FE;NA;NA;NA;0
080;080909;2024;319;2024;080909;029033;06/01/2024;09/01/2024;031;391;M;0;0;3;NA;002;NA;NA;V3000;005;3075;029;001;050;M;080909;32056591;NA;NA;NA;NA;NA;9501;9541;9059;NA;NA;NA;NA;NA;NA;NA;NA;AOSPU ARCISPEDALE S.ANNA - FE;NA;NA;NA;0
080;080909;2024;105;2024;080909;029007;03/01/2024;06/01/2024;031;390;M;0;0;3;NA;002;NA;NA;V3000;005;2430;029;001;050;F;080909;32056638;7609;NA;NA;NA;NA;9059;9541;9501;8879;NA;NA;NA;NA;NA;NA;NA;AOSPU ARCISPEDALE S.ANNA - FE;NA;NA;NA;0
080;080909;2024;3381;2024;080909;029022;20/02/2024;23/02/2024;031;391;M;0;0;3;NA;002;NA;NA;V3001;005;3735;029;001;050;F;080909;32057054;NA;NA;NA;NA;NA;9059;9501;9541;8872;NA;NA;NA;NA;NA;NA;NA;AOSPU ARCISPEDALE S.ANNA - FE;NA;NA;NA;0
080;080044;2024;6067;2024;080106;053015;15/05/2024;21/05/2024;062;390;M;0;0;6;NA;002;NA;NA;7706;005;3316;053;001;090;M;08004401;32057239;NA;NA;NA;NA;NA;9921;NA;NA;NA;NA;NA;NA;NA;NA;NA;NA;OSPEDALE IMOLA;NA;NA;NA;0
080;080004;2024;8643;2024;080101;098029;09/04/2024;11/04/2024;031;391;M;0;0;2;NA;002;NA;NA;V3000;005;3050;098;001;030;F;08000401;32057493;NA;NA;NA;NA;NA;NA;NA;NA;NA;NA;NA;NA;NA;NA;NA;NA;OSPEDALE PIACENZA;NA;NA;NA;0
080;080004;2024;8217;2024;080101;098019;04/04/2024;07/04/2024;031;391;M;0;0;3;NA;002;NA;NA;V3000;005;3000;098;001;030;M;08000401;32057496;NA;NA;NA;NA;NA;NA;NA;NA;NA;NA;NA;NA;NA;NA;NA;NA;OSPEDALE PIACENZA;NA;NA;NA;0
080;080004;2024;8479;2024;080101;098031;07/04/2024;11/04/2024;062;388;M;0;0;4;NA;002;NA;NA;76518;005;2370;098;001;030;F;08000401;32057497;NA;NA;NA;NA;NA;9059;NA;NA;NA;NA;NA;NA;NA;NA;NA;NA;OSPEDALE PIACENZA;NA;NA;NA;0
080;080004;2024;7804;2024;080101;018139;30/03/2024;23/04/2024;062;386;M;0;0;24;NA;002;NA;NA;769;005;1700;018;001;030;F;08000401;32057498;76516;30750;NA;NA;NA;9390;8744;3892;9921;9059;9915;8872;8871;NA;NA;NA;OSPEDALE PIACENZA;NA;NA;NA;0
080;080004;2024;8546;2024;080101;018153;08/04/2024;11/04/2024;031;391;M;0;0;3;NA;002;NA;NA;V3001;005;3340;018;001;030;F;08000401;32057499;NA;NA;NA;NA;NA;NA;NA;NA;NA;NA;NA;NA;NA;NA;NA;NA;OSPEDALE PIACENZA;NA;NA;NA;0
080;080004;2024;8424;2024;080101;098053;06/04/2024;09/04/2024;062;390;M;0;0;3;NA;002;NA;NA;7706;005;3850;098;001;030;F;08000401;32057501;7686;NA;NA;NA;NA;9396;8744;9059;NA;NA;NA;NA;NA;NA;NA;NA;OSPEDALE PIACENZA;NA;NA;NA;0
080;080004;2024;8417;2024;080101;018048;06/04/2024;09/04/2024;062;388;M;0;0;3;NA;002;NA;NA;76519;005;3070;018;001;030;M;08000401;32057503;NA;NA;NA;NA;NA;9059;NA;NA;NA;NA;NA;NA;NA;NA;NA;NA;OSPEDALE PIACENZA;NA;NA;NA;0
080;080908;2024;522633;2024;080908;037060;16/05/2024;18/05/2024;073;385;M;0;0;2;NA;001;NA;NA;769;005;632;037;001;080;M;080908;32058089;76521;76512;77213;NA;NA;897;0017;3892;3899;9604;9053;9915;9921;9929;897;9671;IRCCS AOU BOLOGNA;NA;NA;NA;0
080;080908;2024;522481;2024;080908;109006;16/05/2024;07/06/2024;006;108;C;0;0;22;12;002;3584;NA;74510;005;2480;109;001;110;F;080908;32058102;NA;NA;NA;NA;NA;3584;9929;3541;3962;3961;3963;0017;9671;9904;9921;9929;IRCCS AOU BOLOGNA;NA;NA;NA;0
080;080004;2024;10218;2024;080101;098010;27/04/2024;29/04/2024;031;391;M;0;0;2;NA;002;NA;NA;V3000;005;2870;098;001;030;F;08000401;32058119;NA;NA;NA;NA;NA;NA;NA;NA;NA;NA;NA;NA;NA;NA;NA;NA;OSPEDALE PIACENZA;NA;NA;NA;0
080;080085;2024;8205;2024;080114;075040;23/04/2024;25/04/2024;031;391;M;0;0;2;NA;002;NA;NA;V3000;005;3748;075;001;160;F;08008501;32058279;NA;NA;NA;NA;NA;NA;NA;NA;NA;NA;NA;NA;NA;NA;NA;NA;OSPEDALE FORLI';NA;NA;NA;0
080;080085;2024;6746;2024;080114;027005;02/04/2024;04/04/2024;031;391;M;0;0;2;NA;002;NA;NA;V3001;005;3660;027;001;050;F;08008501;32058280;NA;NA;NA;NA;NA;NA;NA;NA;NA;NA;NA;NA;NA;NA;NA;NA;OSPEDALE FORLI';NA;NA;NA;0
080;080085;2024;7949;2024;080114;012108;18/04/2024;21/04/2024;031;391;M;0;0;3;NA;002;NA;NA;V3000;005;2516;012;001;030;F;08008501;32058282;NA;NA;NA;NA;NA;NA;NA;NA;NA;NA;NA;NA;NA;NA;NA;NA;OSPEDALE FORLI';NA;NA;NA;0
080;080004;2024;15609;2024;080101;085004;30/06/2024;04/07/2024;038;049;C;0;358;4;2;002;2098;NA;38911;005;NA;085;001;190;F;08000401;32058355;NA;NA;NA;NA;NA;2098;NA;NA;NA;NA;NA;NA;NA;NA;NA;NA;OSPEDALE PIACENZA;NA;NA;NA;0
080;080004;2024;12752;2024;080101;085004;27/05/2024;30/05/2024;039;074;M;0;324;3;NA;002;NA;NA;3892;005;NA;085;001;190;F;08000401;32058355;NA;NA;NA;NA;NA;8704;8891;9541;8875;NA;NA;NA;NA;NA;NA;NA;OSPEDALE PIACENZA;NA;NA;NA;0
080;080902;2024;564005;2024;080902;020066;04/04/2024;06/04/2024;031;391;M;0;0;2;NA;002;NA;NA;V3000;005;3200;020;001;030;F;080902;32059298;NA;NA;NA;NA;NA;9307;9546;897;8939;8903;NA;NA;NA;NA;NA;NA;AOSPU OSPEDALI RIUNITI - PR;NA;NA;NA;0
080;080902;2024;44664;2024;080902;020066;18/05/2024;20/05/2024;039;184;M;0;44;2;NA;002;NA;NA;78703;005;NA;020;001;030;F;080902;32059298;NA;NA;NA;NA;NA;9918;9033;9039;8903;8939;897;8929;9099;8908;NA;NA;AOSPU OSPEDALI RIUNITI - PR;NA;NA;NA;0
080;080902;2024;43837;2024;080902;033021;15/05/2024;21/05/2024;062;163;C;0;16;6;5;002;5312;NA;55093;005;NA;033;001;080;M;080902;32059301;NA;NA;NA;NA;NA;8954;8765;8952;8906;9915;8965;3898;5312;NA;NA;NA;AOSPU OSPEDALI RIUNITI - PR;NA;NA;NA;0
080;080004;2024;10384;2024;080101;033021;29/04/2024;01/05/2024;031;391;M;0;0;2;NA;002;NA;NA;V3000;005;3830;033;001;080;M;08000401;32059301;NA;NA;NA;NA;NA;NA;NA;NA;NA;NA;NA;NA;NA;NA;NA;NA;OSPEDALE PIACENZA;NA;NA;NA;0
080;080004;2024;11745;2024;080101;098030;15/05/2024;18/05/2024;039;322;M;0;261;3;NA;002;NA;NA;5990;005;NA;098;001;030;F;08000401;32059394;0414;0790;NA;NA;NA;8875;NA;NA;NA;NA;NA;NA;NA;NA;NA;NA;OSPEDALE PIACENZA;NA;NA;NA;0
030;030908;2023;19651380;2023;030724;033027;18/06/2023;20/06/2023;031;390;M;0;0;2;2;002;NA;NA;V3000;005;3670;033;001;080;M;030908;32059781;7533;NA;NA;NA;NA;8875;NA;NA;NA;NA;NA;NA;NA;NA;NA;NA;NON DEFINITO;NA;NA;NA;0
030;030924;2023;19653462;2023;030924;033032;16/07/2023;31/07/2023;062;390;M;0;2;15;0;002;NA;NA;77989;005;0;033;001;080;M;030924;32059785;42682;76408;NA;NA;NA;8952;8872;8871;9449;8959;9541;NA;NA;NA;NA;NA;NON DEFINITO;NA;NA;NA;0
030;030925;2023;19653705;2023;030925;034019;24/02/2023;27/02/2023;031;391;M;0;0;3;NA;002;NA;NA;V3001;005;2695;034;001;080;F;030925;32059788;NA;NA;NA;NA;NA;NA;NA;NA;NA;NA;NA;NA;NA;NA;NA;NA;NON DEFINITO;NA;NA;NA;0
030;030907;2023;19652431;2023;030725;035023;23/11/2023;26/11/2023;031;391;M;0;0;3;1;002;NA;NA;V3001;005;3240;035;001;080;M;030907;32059797;NA;NA;NA;NA;NA;9541;NA;NA;NA;NA;NA;NA;NA;NA;NA;NA;NON DEFINITO;NA;NA;NA;0
030;030907;2023;19652335;2023;030725;035024;03/09/2023;05/09/2023;031;391;M;0;0;2;2;002;NA;NA;V3000;005;3050;035;001;080;F;030907;32059798;NA;NA;NA;NA;NA;9541;NA;NA;NA;NA;NA;NA;NA;NA;NA;NA;NON DEFINITO;NA;NA;NA;0
030;030907;2023;19652114;2023;030725;035026;19/01/2023;21/01/2023;031;391;M;0;0;2;2;002;NA;NA;V3000;005;3190;035;001;080;M;030907;32059799;NA;NA;NA;NA;NA;9541;NA;NA;NA;NA;NA;NA;NA;NA;NA;NA;NON DEFINITO;NA;NA;NA;0
030;030925;2023;19653900;2023;030925;036040;12/06/2023;21/06/2023;073;385;M;0;0;9;7;001;NA;NA;76502;005;650;036;001;080;F;030925;32059807;769;56983;NA;NA;NA;4591;9672;8744;8871;NA;NA;NA;NA;NA;NA;NA;NON DEFINITO;NA;NA;NA;0
030;030239;2023;19651858;2023;030725;038003;14/02/2023;17/02/2023;031;391;M;0;0;3;3;002;NA;NA;V3000;005;2930;038;001;080;F;030239;32059808;NA;NA;NA;NA;NA;3899;9547;NA;NA;NA;NA;NA;NA;NA;NA;NA;NON DEFINITO;NA;NA;NA;0
190;190179;2023;19772812;2023;190206;037006;23/02/2023;26/02/2023;031;391;M;0;0;3;3;002;NA;NA;V3001;005;3420;037;001;080;F;190179;32064742;NA;NA;NA;NA;NA;9059;NA;NA;NA;NA;NA;NA;NA;NA;NA;NA;NON DEFINITO;NA;NA;NA;0
190;190179;2023;19772816;2023;190206;036023;03/08/2023;06/08/2023;031;391;M;0;0;3;0;002;NA;NA;V3001;005;3350;036;001;080;F;190179;32064743;NA;NA;NA;NA;NA;9059;NA;NA;NA;NA;NA;NA;NA;NA;NA;NA;NON DEFINITO;NA;NA;NA;0
180;180912;2023;19771611;2023;180912;037011;02/10/2023;04/10/2023;062;390;M;0;3;2;0;002;NA;NA;77083;005;0;037;001;080;M;18091201;32065010;78703;7745;NA;NA;NA;9983;NA;NA;NA;NA;NA;NA;NA;NA;NA;NA;NON DEFINITO;NA;NA;NA;0
180;180912;2023;19771600;2023;180912;036020;18/03/2023;20/03/2023;062;389;M;0;0;2;2;002;NA;NA;76418;005;2460;036;001;080;M;18091201;32065011;V3001;NA;NA;NA;NA;8931;NA;NA;NA;NA;NA;NA;NA;NA;NA;NA;NON DEFINITO;NA;NA;NA;0
180;180032;2023;19771519;2023;180202;035033;18/12/2023;20/12/2023;062;391;M;0;0;2;0;002;NA;NA;V3000;005;3200;035;001;080;M;180032;32065014;NA;NA;NA;NA;NA;897;9059;NA;NA;NA;NA;NA;NA;NA;NA;NA;NON DEFINITO;NA;NA;NA;0
160;160905;2023;19764384;2023;160115;037006;14/03/2023;16/03/2023;062;390;M;0;0;2;2;002;NA;NA;V3001;005;2525;037;001;080;F;16090501;32065093;76419;NA;NA;NA;NA;8871;8875;9509;9543;NA;NA;NA;NA;NA;NA;NA;NA;NA;NA;NA;0
160;160910;2023;19764711;2023;160910;037006;14/03/2023;14/03/2023;011;186;M;0;14;1;0;002;NA;NA;7500;005;0;037;002;080;M;16091001;32065097;NA;NA;NA;NA;NA;2591;NA;NA;NA;NA;NA;NA;NA;NA;NA;NA;NON DEFINITO;NA;NA;NA;0
150;150416;2023;19767968;2023;150206;033024;04/07/2023;05/07/2023;039;322;M;0;299;1;0;005;NA;NA;5950;005;0;033;001;080;F;15041601;32065252;NA;NA;NA;NA;NA;9059;8876;NA;NA;NA;NA;NA;NA;NA;NA;NA;NON DEFINITO;NA;NA;NA;0
150;150019;2023;19767537;2023;150203;034049;22/02/2023;27/02/2023;031;391;M;0;0;5;NA;002;NA;NA;V3000;005;0;034;001;080;M;150019;32065607;NA;NA;NA;NA;NA;NA;NA;NA;NA;NA;NA;NA;NA;NA;NA;NA;NON DEFINITO;NA;NA;NA;0
150;150906;2023;19768367;2023;150906;034010;16/02/2023;21/02/2023;031;389;M;0;0;5;2;002;NA;NA;V3000;005;0;034;001;080;M;15090601;32065608;V290;7711;NA;NA;NA;9059;8871;9503;NA;NA;NA;NA;NA;NA;NA;NA;NON DEFINITO;NA;NA;NA;0
080;080909;2024;9481;2024;080909;029019;21/05/2024;28/05/2024;031;390;M;0;0;7;NA;002;NA;NA;V3000;005;3370;029;001;050;F;080909;32065714;7500;NA;NA;NA;NA;9541;9059;8906;2592;9501;NA;NA;NA;NA;NA;NA;AOSPU ARCISPEDALE S.ANNA - FE;NA;NA;NA;0
080;080004;2024;12230;2024;080101;098026;20/05/2024;24/05/2024;031;391;M;0;0;4;NA;002;NA;NA;V3000;005;3590;098;001;030;F;08000401;32065765;NA;NA;NA;NA;NA;NA;NA;NA;NA;NA;NA;NA;NA;NA;NA;NA;OSPEDALE PIACENZA;NA;NA;NA;0
080;080095;2024;9479;2024;080114;041019;01/04/2024;03/04/2024;031;391;M;0;0;2;NA;002;NA;NA;V3000;005;3485;041;001;110;M;08009501;32066195;NA;NA;NA;NA;NA;NA;NA;NA;NA;NA;NA;NA;NA;NA;NA;NA;OSPEDALE RIMINI;NA;NA;NA;0
080;080095;2024;10088;2024;080114;041044;07/04/2024;11/04/2024;062;390;M;0;0;4;NA;002;NA;NA;7661;005;4600;041;001;110;M;08009501;32066197;5690;7793;78340;NA;NA;9059;8901;9547;8906;8619;NA;NA;NA;NA;NA;NA;OSPEDALE RIMINI;NA;NA;NA;0
080;080095;2024;9635;2024;080114;042045;02/04/2024;04/04/2024;031;391;M;0;0;2;NA;002;NA;NA;V3000;005;3270;042;001;110;F;08009501;32066198;NA;NA;NA;NA;NA;NA;NA;NA;NA;NA;NA;NA;NA;NA;NA;NA;OSPEDALE RIMINI;NA;NA;NA;0
080;080095;2024;9735;2024;080114;042032;03/04/2024;05/04/2024;031;391;M;0;0;2;NA;002;NA;NA;V3000;005;3185;042;001;110;M;08009501;32066199;NA;NA;NA;NA;NA;NA;NA;NA;NA;NA;NA;NA;NA;NA;NA;NA;OSPEDALE RIMINI;NA;NA;NA;0
080;080095;2024;9655;2024;080114;041020;03/04/2024;05/04/2024;031;391;M;0;0;2;NA;002;NA;NA;V3000;005;2880;041;001;110;M;08009501;32066203;NA;NA;NA;NA;NA;NA;NA;NA;NA;NA;NA;NA;NA;NA;NA;NA;OSPEDALE RIMINI;NA;NA;NA;0
080;080095;2024;11142;2024;080114;041036;17/04/2024;19/04/2024;062;284;M;0;0;2;NA;002;NA;NA;22801;005;3310;041;001;110;F;08009501;32066206;NA;NA;NA;NA;NA;8871;8901;9547;8619;NA;NA;NA;NA;NA;NA;NA;OSPEDALE RIMINI;NA;NA;NA;0
080;080095;2024;10952;2024;080114;042035;15/04/2024;19/04/2024;062;390;M;0;0;4;NA;002;NA;NA;7793;005;3390;042;001;110;M;08009501;32066207;78340;NA;NA;NA;NA;9059;8901;9547;8619;NA;NA;NA;NA;NA;NA;NA;OSPEDALE RIMINI;NA;NA;NA;0
080;080095;2024;10802;2024;080114;042002;14/04/2024;16/04/2024;031;391;M;0;0;2;NA;002;NA;NA;V3000;005;3115;042;001;110;M;08009501;32066208;NA;NA;NA;NA;NA;NA;NA;NA;NA;NA;NA;NA;NA;NA;NA;NA;OSPEDALE RIMINI;NA;NA;NA;0
080;080095;2024;11376;2024;080114;041019;19/04/2024;22/04/2024;031;391;M;0;0;3;NA;002;NA;NA;V3001;005;3090;041;001;110;F;08009501;32066209;NA;NA;NA;NA;NA;NA;NA;NA;NA;NA;NA;NA;NA;NA;NA;NA;OSPEDALE RIMINI;NA;NA;NA;0
080;080095;2024;11653;2024;080114;042035;22/04/2024;25/04/2024;031;391;M;0;0;3;NA;002;NA;NA;V3000;005;2495;042;001;110;F;08009501;32066212;NA;NA;NA;NA;NA;NA;NA;NA;NA;NA;NA;NA;NA;NA;NA;NA;OSPEDALE RIMINI;NA;NA;NA;0
080;080095;2024;9459;2024;080114;060043;31/03/2024;04/04/2024;062;390;M;0;0;4;NA;002;NA;NA;7706;005;3000;060;001;120;M;08009501;32066214;NA;NA;NA;NA;NA;9059;9547;8871;NA;NA;NA;NA;NA;NA;NA;NA;OSPEDALE RIMINI;NA;NA;NA;0
080;080095;2024;11313;2024;080114;041019;19/04/2024;21/04/2024;031;391;M;0;0;2;NA;002;NA;NA;V3000;005;3195;041;001;110;F;08009501;32066215;NA;NA;NA;NA;NA;NA;NA;NA;NA;NA;NA;NA;NA;NA;NA;NA;OSPEDALE RIMINI;NA;NA;NA;0
080;080095;2024;10579;2024;080114;041068;11/04/2024;22/04/2024;062;386;M;0;0;11;NA;002;NA;NA;769;005;3810;041;001;110;M;08009501;32066216;77181;7793;74783;NA;NA;3892;8744;9926;9921;9915;9390;0331;8872;8871;8952;NA;OSPEDALE RIMINI;NA;NA;NA;0
130;130018;2023;19762431;2023;130203;037006;16/01/2023;18/01/2023;031;391;M;0;0;2;1;002;NA;NA;V3001;00;3070;037;001;080;F;130018;32066236;NA;NA;NA;NA;NA;9549;NA;NA;NA;NA;NA;NA;NA;NA;NA;NA;NON DEFINITO;NA;NA;NA;0
080;080909;2024;9509;2024;080909;029033;22/05/2024;28/05/2024;031;390;M;0;0;6;NA;002;NA;NA;V3000;005;3445;029;001;050;F;080909;32066724;7609;7661;77984;NA;NA;9501;9059;9541;NA;NA;NA;NA;NA;NA;NA;NA;AOSPU ARCISPEDALE S.ANNA - FE;NA;NA;NA;0
080;080904;2024;15816;2024;080904;073008;23/05/2024;27/06/2024;062;386;M;0;0;35;NA;009;NA;NA;769;005;3310;073;001;160;M;08090401;32067055;7483;7540;3488;7098;NA;313;9390;NA;NA;NA;NA;NA;NA;NA;NA;NA;AOSPU POLICLINICO - MO;NA;NA;NA;0
090;090621;2023;19778410;2023;090203;040046;21/11/2023;24/11/2023;031;391;M;0;0;3;2;002;NA;NA;V3000;005;3320;040;001;080;F;090621;32067087;NA;NA;NA;NA;NA;1621;9543;8939;NA;NA;NA;NA;NA;NA;NA;NA;NON DEFINITO;NA;NA;NA;0
080;080004;2024;12427;2024;080101;098019;22/05/2024;25/05/2024;031;391;M;0;0;3;NA;002;NA;NA;V3000;005;3630;098;001;030;M;08000401;32067737;NA;NA;NA;NA;NA;NA;NA;NA;NA;NA;NA;NA;NA;NA;NA;NA;OSPEDALE PIACENZA;NA;NA;NA;0
080;080909;2024;9642;2024;080909;029033;23/05/2024;26/05/2024;031;390;M;0;0;3;NA;002;NA;NA;V3000;005;3610;029;001;050;M;080909;32067757;74429;75012;NA;NA;NA;9501;9059;9541;NA;NA;NA;NA;NA;NA;NA;NA;AOSPU ARCISPEDALE S.ANNA - FE;NA;NA;NA;0
120;120071;2023;19751664;2023;120201;034009;09/01/2023;20/01/2023;039;087;M;0;9;11;0;002;NA;NA;51881;005;0;034;001;080;M;120071;32068028;46611;NA;NA;NA;NA;9396;9929;NA;NA;NA;NA;NA;NA;NA;NA;NA;NON DEFINITO;NA;NA;NA;0
120;120071;2022;19751662;2023;120201;034009;31/12/2022;03/01/2023;031;391;M;0;0;3;3;002;NA;NA;V3000;005;0;034;001;080;M;120071;32068028;NA;NA;NA;NA;NA;9541;NA;NA;NA;NA;NA;NA;NA;NA;NA;NA;NON DEFINITO;NA;NA;NA;0
120;120204;2023;19751587;2023;120111;036023;15/07/2023;17/07/2023;031;391;M;0;0;2;0;002;NA;NA;V3000;005;0;036;001;080;F;12020402;32068031;NA;NA;NA;NA;NA;897;8938;9929;1621;8903;NA;NA;NA;NA;NA;NA;NON DEFINITO;NA;NA;NA;0
120;120206;2023;19751589;2023;120111;033032;05/03/2023;07/03/2023;031;391;M;0;0;2;1;002;NA;NA;V3000;005;0;033;001;080;F;120206;32068032;V290;NA;NA;NA;NA;9059;8938;9542;1621;NA;NA;NA;NA;NA;NA;NA;NON DEFINITO;NA;NA;NA;0
120;120215;2023;19751612;2023;120111;039010;10/04/2023;13/04/2023;031;391;M;0;0;3;NA;002;NA;NA;V3000;005;0;039;001;080;F;120215;32068033;NA;NA;NA;NA;NA;NA;NA;NA;NA;NA;NA;NA;NA;NA;NA;NA;NON DEFINITO;NA;NA;NA;0
120;120285;2023;19751717;2023;120201;037032;04/02/2023;07/02/2023;031;391;M;0;0;3;1;007;NA;NA;V3001;005;0;037;001;080;M;12028501;32068035;V290;NA;NA;NA;NA;9059;9052;9547;9501;8903;NA;NA;NA;NA;NA;NA;NON DEFINITO;NA;NA;NA;0
120;120305;2023;19751749;2023;120201;037006;11/09/2023;14/09/2023;031;391;M;0;0;3;NA;002;NA;NA;V3000;005;0;037;001;080;M;120305;32068038;NA;NA;NA;NA;NA;NA;NA;NA;NA;NA;NA;NA;NA;NA;NA;NA;NON DEFINITO;NA;NA;NA;0
080;080902;2024;571283;2024;080902;084021;23/06/2024;06/07/2024;011;149;C;0;214;13;3;002;4699;NA;7515;005;NA;084;001;190;F;080902;32068336;NA;NA;NA;NA;NA;4699;3899;8903;897;9918;9637;8961;8929;5794;4869;9764;AOSPU OSPEDALI RIUNITI - PR;NA;NA;NA;0
080;080902;2024;559563;2024;080902;084021;21/02/2024;24/04/2024;002;190;M;0;91;2;NA;002;NA;NA;7515;005;NA;084;002;190;F;080902;32068336;NA;NA;NA;NA;NA;8723;8876;3899;8952;897;9929;9918;9449;3894;8903;NA;AOSPU OSPEDALI RIUNITI - PR;NA;NA;NA;0
080;080909;2024;9682;2024;080909;029033;24/05/2024;26/05/2024;031;391;M;0;0;2;NA;002;NA;NA;V3000;005;3185;029;001;050;F;080909;32068784;NA;NA;NA;NA;NA;9501;9541;9059;NA;NA;NA;NA;NA;NA;NA;NA;AOSPU ARCISPEDALE S.ANNA - FE;NA;NA;NA;0
080;080091;2024;509134;2024;080114;040012;26/04/2024;16/05/2024;073;389;M;0;1;20;NA;002;NA;NA;7790;005;NA;040;001;080;M;08009101;32070665;77211;77189;NA;NA;NA;8871;3893;9604;8744;8914;8891;9671;0331;9921;8954;NA;OSPEDALE CESENA;NA;NA;NA;0
080;080085;2024;8364;2024;080114;040012;25/04/2024;26/04/2024;062;385;M;0;0;1;NA;006;NA;NA;7790;005;3554;040;001;080;M;08008501;32070665;7750;NA;NA;NA;NA;8938;8959;3899;9396;9133;9052;8966;9059;9929;8952;NA;OSPEDALE FORLI';NA;NA;NA;0
080;080091;2024;512209;2024;080114;040012;07/06/2024;07/06/2024;073;012;M;0;43;1;NA;006;NA;NA;3314;005;NA;040;001;080;M;08009101;32070665;NA;NA;NA;NA;NA;8871;8954;NA;NA;NA;NA;NA;NA;NA;NA;NA;OSPEDALE CESENA;NA;NA;NA;0
080;080021;2024;569864;2024;080103;073014;11/04/2024;19/04/2024;062;389;M;0;0;8;NA;002;NA;NA;77181;005;3852;073;001;160;F;08002106;32070691;77084;7455;7725;NA;NA;9399;8873;8871;8965;9921;9003;8874;8872;NA;NA;NA;OSPEDALE S.MARIA NUOVA - RE;NA;NA;NA;0
080;080021;2024;571723;2024;080103;035033;23/04/2024;26/04/2024;031;391;M;0;0;3;NA;002;NA;NA;V3000;005;3302;035;001;080;F;08002106;32071544;NA;NA;NA;NA;NA;8903;NA;NA;NA;NA;NA;NA;NA;NA;NA;NA;OSPEDALE S.MARIA NUOVA - RE;NA;NA;NA;0
080;080908;2024;524590;2024;080908;042017;29/05/2024;01/06/2024;039;102;M;0;285;3;NA;002;NA;NA;9349;005;NA;042;001;110;F;080908;32071779;NA;NA;NA;NA;NA;9815;9815;3322;3149;8903;8744;897;9918;9394;9921;NA;IRCCS AOU BOLOGNA;NA;NA;NA;0
080;080053;2024;300295;2024;080105;999201;06/01/2024;08/01/2024;031;391;M;0;0;2;NA;002;NA;NA;V3000;005;3155;999;001;201;M;08005307;32072503;NA;NA;NA;NA;NA;897;NA;NA;NA;NA;NA;NA;NA;NA;NA;NA;OSPEDALE BENTIVOGLIO;NA;NA;NA;0
080;080021;2024;568765;2024;080103;999404;05/04/2024;07/04/2024;031;391;M;0;0;2;NA;002;NA;NA;V3000;005;3552;999;001;404;F;08002106;32073271;NA;NA;NA;NA;NA;8903;NA;NA;NA;NA;NA;NA;NA;NA;NA;NA;OSPEDALE S.MARIA NUOVA - RE;NA;NA;NA;0
080;080053;2024;301490;2024;080105;999450;22/01/2024;25/01/2024;031;391;M;0;0;3;NA;002;NA;NA;V3000;005;2660;999;001;450;M;08005301;32073273;NA;NA;NA;NA;NA;897;9547;NA;NA;NA;NA;NA;NA;NA;NA;NA;OSPEDALE MAGGIORE;NA;NA;NA;0
080;080053;2024;29445;2024;080105;999450;12/02/2024;23/02/2024;062;098;M;0;21;11;NA;002;NA;NA;46611;005;NA;999;001;450;M;08005301;32073273;NA;NA;NA;NA;NA;9390;9053;NA;NA;NA;NA;NA;NA;NA;NA;NA;OSPEDALE MAGGIORE;NA;NA;NA;0
080;080904;2024;9816;2024;080904;999436;28/03/2024;02/04/2024;031;391;M;0;0;5;NA;002;NA;NA;V3000;005;3475;999;001;436;M;08090401;32073286;NA;NA;NA;NA;NA;NA;NA;NA;NA;NA;NA;NA;NA;NA;NA;NA;AOSPU POLICLINICO - MO;NA;NA;NA;0
080;080904;2024;11147;2024;080904;999201;11/04/2024;14/04/2024;031;387;M;0;0;3;NA;002;NA;NA;7756;005;2830;999;001;201;M;08090401;32073287;76528;NA;NA;NA;NA;8871;NA;NA;NA;NA;NA;NA;NA;NA;NA;NA;AOSPU POLICLINICO - MO;NA;NA;NA;0
080;080908;2024;419232;2024;080908;044066;14/10/2024;16/10/2024;008;111;C;0;136;2;2;002;3865;NA;74710;005;NA;044;001;110;F;080908;32073568;V151;NA;NA;NA;NA;3865;8842;3722;3891;8954;8872;8744;NA;NA;NA;NA;IRCCS AOU BOLOGNA;NA;NA;NA;0
080;080908;2024;524742;2024;080908;044066;31/05/2024;18/06/2024;006;110;C;0;0;18;11;002;3834;NA;74710;005;2780;044;001;110;F;080908;32073568;7464;7470;NA;NA;NA;3834;3885;8961;8962;8872;8744;8954;9929;NA;NA;NA;IRCCS AOU BOLOGNA;NA;NA;NA;0
080;080909;2024;10114;2024;080909;029037;31/05/2024;01/06/2024;031;390;M;0;0;1;NA;005;NA;NA;V3000;005;3665;029;001;050;M;080909;32073587;7609;NA;NA;NA;NA;8906;9541;9501;9059;NA;NA;NA;NA;NA;NA;NA;AOSPU ARCISPEDALE S.ANNA - FE;NA;NA;NA;0
080;080004;2024;12933;2024;080101;098057;29/05/2024;04/06/2024;031;391;M;0;0;6;NA;002;NA;NA;V3000;005;3200;098;001;030;M;08000401;32073785;NA;NA;NA;NA;NA;NA;NA;NA;NA;NA;NA;NA;NA;NA;NA;NA;OSPEDALE PIACENZA;NA;NA;NA;0
080;080004;2024;10684;2024;080101;098035;03/05/2024;06/05/2024;031;391;M;0;0;3;NA;002;NA;NA;V3000;005;2770;098;001;030;M;08000401;32074246;NA;NA;NA;NA;NA;NA;NA;NA;NA;NA;NA;NA;NA;NA;NA;NA;OSPEDALE PIACENZA;NA;NA;NA;0
080;080095;2024;13578;2024;080114;099014;12/05/2024;14/05/2024;031;391;M;0;0;2;NA;002;NA;NA;V3000;005;3435;099;001;080;F;08009501;32074761;NA;NA;NA;NA;NA;NA;NA;NA;NA;NA;NA;NA;NA;NA;NA;NA;OSPEDALE RIMINI;NA;NA;NA;0
080;080004;2024;11417;2024;080101;098011;12/05/2024;14/05/2024;031;391;M;0;0;2;NA;002;NA;NA;V3000;005;3060;098;001;030;M;08000401;32075276;NA;NA;NA;NA;NA;NA;NA;NA;NA;NA;NA;NA;NA;NA;NA;NA;OSPEDALE PIACENZA;NA;NA;NA;0
080;080902;2024;564910;2024;080902;019021;13/04/2024;15/04/2024;062;389;M;0;0;2;NA;002;NA;NA;76418;005;2455;019;001;030;M;080902;32075342;77984;NA;NA;NA;NA;9509;8939;8903;9307;9546;897;NA;NA;NA;NA;NA;AOSPU OSPEDALI RIUNITI - PR;NA;NA;NA;0
080;080004;2024;12853;2024;080101;098019;28/05/2024;30/05/2024;039;389;M;0;23;2;NA;002;NA;NA;77189;005;NA;098;001;030;F;08000401;32076093;07999;NA;NA;NA;NA;9921;NA;NA;NA;NA;NA;NA;NA;NA;NA;NA;OSPEDALE PIACENZA;NA;NA;NA;0
080;080004;2024;10815;2024;080101;098019;05/05/2024;07/05/2024;031;391;M;0;0;2;NA;002;NA;NA;V3000;005;3740;098;001;030;F;08000401;32076093;NA;NA;NA;NA;NA;NA;NA;NA;NA;NA;NA;NA;NA;NA;NA;NA;OSPEDALE PIACENZA;NA;NA;NA;0
080;080902;2024;48937;2024;080902;101012;30/05/2024;03/06/2024;039;298;M;0;119;4;NA;002;NA;NA;27651;005;NA;101;001;180;F;080902;32076168;00861;NA;NA;NA;NA;9918;9394;8876;8939;NA;NA;NA;NA;NA;NA;NA;AOSPU OSPEDALI RIUNITI - PR;NA;NA;NA;0
080;080053;2024;311700;2024;080105;001309;03/06/2024;06/06/2024;031;391;M;0;0;3;NA;002;NA;NA;V3001;005;4060;001;001;010;F;08005301;32077411;NA;NA;NA;NA;NA;897;NA;NA;NA;NA;NA;NA;NA;NA;NA;NA;OSPEDALE MAGGIORE;NA;NA;NA;0
080;080013;2024;5638;2024;080102;034014;09/05/2024;09/05/2024;031;385;M;0;0;1;NA;001;NA;NA;V301;005;340;034;001;080;M;08001301;32077548;76511;NA;NA;NA;NA;9604;9396;8954;9963;NA;NA;NA;NA;NA;NA;NA;OSPEDALE FIDENZA;NA;NA;NA;0
080;080904;2024;17269;2024;080904;013084;10/06/2024;15/06/2024;065;479;C;0;86;5;0;002;3860;NA;74769;005;NA;013;001;030;M;08090401;32077959;NA;NA;NA;NA;NA;3860;8871;NA;NA;NA;NA;NA;NA;NA;NA;NA;AOSPU POLICLINICO - MO;NA;NA;NA;0
080;080908;2024;517342;2024;080908;999419;12/04/2024;15/04/2024;031;391;M;0;0;3;NA;002;NA;NA;V3001;005;3340;999;001;419;F;080908;32078137;NA;NA;NA;NA;NA;8903;8965;8903;9509;9059;897;9547;8619;NA;NA;NA;IRCCS AOU BOLOGNA;NA;NA;NA;0
080;080908;2024;517423;2024;080908;999615;13/04/2024;15/04/2024;031;391;M;0;0;2;NA;002;NA;NA;V3000;005;3245;999;001;615;F;080908;32078138;NA;NA;NA;NA;NA;8903;8965;8903;9509;9059;897;9547;8619;NA;NA;NA;IRCCS AOU BOLOGNA;NA;NA;NA;0
080;080908;2024;401294;2024;080908;037006;04/06/2024;06/06/2024;031;391;M;0;0;2;NA;002;NA;NA;V3000;005;3600;037;001;080;M;080908;32081005;NA;NA;NA;NA;NA;897;8965;8903;897;8619;9059;9509;9547;NA;NA;NA;IRCCS AOU BOLOGNA;NA;NA;NA;0
080;080909;2024;10395;2024;080909;029045;04/06/2024;07/06/2024;031;390;M;0;0;3;NA;002;NA;NA;V3001;005;3840;029;001;050;F;080909;32081054;7661;7609;NA;NA;NA;8952;9501;9541;9059;NA;NA;NA;NA;NA;NA;NA;AOSPU ARCISPEDALE S.ANNA - FE;NA;NA;NA;0
080;080902;2024;561598;2024;080902;019021;12/03/2024;14/03/2024;031;391;M;0;0;2;NA;002;NA;NA;V3000;005;3245;019;001;030;M;080902;32081955;NA;NA;NA;NA;NA;9959;897;8903;8939;9307;9546;NA;NA;NA;NA;NA;AOSPU OSPEDALI RIUNITI - PR;NA;NA;NA;0
080;080902;2024;566030;2024;080902;019036;26/04/2024;05/06/2024;062;386;M;0;0;40;NA;002;NA;NA;769;005;1490;019;001;030;M;080902;32082603;76515;76525;7742;NA;NA;9390;9546;8871;8744;3892;3194;8872;9605;NA;NA;NA;AOSPU OSPEDALI RIUNITI - PR;NA;NA;NA;0
080;080902;2024;553732;2024;080902;006009;06/01/2024;30/01/2024;073;076;C;0;0;24;17;002;3421;NA;7488;005;2480;006;001;010;M;080902;32082649;9348;76518;76527;5119;NA;9672;9605;8741;8872;8871;3421;9820;3499;NA;NA;NA;AOSPU OSPEDALI RIUNITI - PR;NA;NA;NA;0
080;080902;2024;558844;2024;080902;020066;14/02/2024;21/02/2024;062;360;C;0;0;7;5;002;7031;NA;75249;005;3490;020;001;030;F;080902;32082653;7672;75242;NA;NA;NA;9307;9546;8903;8939;897;7031;5794;NA;NA;NA;NA;AOSPU OSPEDALI RIUNITI - PR;NA;NA;NA;0
080;080902;2024;564674;2024;080902;019021;11/04/2024;18/04/2024;062;386;M;0;0;7;NA;002;NA;NA;769;005;3650;019;001;030;F;080902;32082659;77984;NA;NA;NA;NA;9390;8965;8871;9002;9509;897;8903;9307;8939;3899;9546;AOSPU OSPEDALI RIUNITI - PR;NA;NA;NA;0
080;080902;2024;560694;2024;080902;019021;02/03/2024;05/03/2024;062;390;M;0;0;3;NA;002;NA;NA;7706;005;3060;019;001;030;F;080902;32082664;NA;NA;NA;NA;NA;8744;9509;9053;3899;9307;8903;897;9546;8939;NA;NA;AOSPU OSPEDALI RIUNITI - PR;NA;NA;NA;0
080;080095;2024;15765;2024;080114;041020;03/06/2024;06/06/2024;062;256;M;0;0;3;NA;002;NA;NA;75563;005;2920;041;001;110;F;08009501;32082949;7756;78340;7793;NA;NA;8879;9059;NA;NA;NA;NA;NA;NA;NA;NA;NA;OSPEDALE RIMINI;NA;NA;NA;0
080;080004;2024;15170;2024;080101;076100;25/06/2024;27/06/2024;039;074;M;0;267;2;NA;002;NA;NA;3898;005;NA;076;001;170;F;08000401;32083610;NA;NA;NA;NA;NA;8703;8871;8891;9541;NA;NA;NA;NA;NA;NA;NA;OSPEDALE PIACENZA;NA;NA;NA;0
080;080909;2024;10679;2024;080909;029045;08/06/2024;11/06/2024;031;390;M;0;0;3;NA;002;NA;NA;V3000;005;3655;029;001;050;M;080909;32084043;7609;NA;NA;NA;NA;9501;9541;9059;8906;NA;NA;NA;NA;NA;NA;NA;AOSPU ARCISPEDALE S.ANNA - FE;NA;NA;NA;0
080;080909;2024;10652;2024;080909;029019;07/06/2024;10/06/2024;031;390;M;0;0;3;NA;002;NA;NA;V3001;005;2975;029;001;050;M;080909;32084102;7608;7500;NA;NA;NA;9501;9541;9059;2592;NA;NA;NA;NA;NA;NA;NA;AOSPU ARCISPEDALE S.ANNA - FE;NA;NA;NA;0
080;080902;2024;53017;2024;080902;043013;11/06/2024;19/06/2024;062;098;M;0;22;8;NA;002;NA;NA;0330;005;NA;043;001;110;F;080902;32084300;NA;NA;NA;NA;NA;8872;8744;9033;3898;8954;9053;8906;9039;NA;NA;NA;AOSPU OSPEDALI RIUNITI - PR;NA;NA;NA;0
080;080004;2024;11396;2024;080101;098019;11/05/2024;13/05/2024;031;391;M;0;0;2;NA;002;NA;NA;V3000;005;2890;098;001;030;F;08000401;32084851;NA;NA;NA;NA;NA;NA;NA;NA;NA;NA;NA;NA;NA;NA;NA;NA;OSPEDALE PIACENZA;NA;NA;NA;0
080;080004;2024;11431;2024;080101;098010;12/05/2024;14/05/2024;031;391;M;0;0;2;NA;002;NA;NA;V3000;005;3320;098;001;030;M;08000401;32085014;NA;NA;NA;NA;NA;NA;NA;NA;NA;NA;NA;NA;NA;NA;NA;NA;OSPEDALE PIACENZA;NA;NA;NA;0
080;080004;2024;11664;2024;080101;098029;14/05/2024;16/05/2024;031;391;M;0;0;2;NA;002;NA;NA;V3000;005;4160;098;001;030;F;08000401;32085015;NA;NA;NA;NA;NA;NA;NA;NA;NA;NA;NA;NA;NA;NA;NA;NA;OSPEDALE PIACENZA;NA;NA;NA;0
080;080004;2024;11182;2024;080101;018024;09/05/2024;11/05/2024;031;391;M;0;0;2;NA;002;NA;NA;V3000;005;3610;018;001;030;F;08000401;32085017;NA;NA;NA;NA;NA;NA;NA;NA;NA;NA;NA;NA;NA;NA;NA;NA;OSPEDALE PIACENZA;NA;NA;NA;0
080;080004;2024;11370;2024;080101;098026;11/05/2024;13/05/2024;031;391;M;0;0;2;NA;002;NA;NA;V3000;005;2930;098;001;030;F;08000401;32085018;NA;NA;NA;NA;NA;NA;NA;NA;NA;NA;NA;NA;NA;NA;NA;NA;OSPEDALE PIACENZA;NA;NA;NA;0
080;080004;2024;11146;2024;080101;098010;08/05/2024;10/05/2024;031;391;M;0;0;2;NA;002;NA;NA;V3000;005;3275;098;001;030;M;08000401;32085020;NA;NA;NA;NA;NA;NA;NA;NA;NA;NA;NA;NA;NA;NA;NA;NA;OSPEDALE PIACENZA;NA;NA;NA;0
080;080004;2024;11782;2024;080101;098053;15/05/2024;17/05/2024;031;391;M;0;0;2;NA;002;NA;NA;V3000;005;3190;098;001;030;M;08000401;32085021;NA;NA;NA;NA;NA;NA;NA;NA;NA;NA;NA;NA;NA;NA;NA;NA;OSPEDALE PIACENZA;NA;NA;NA;0
080;080004;2024;16986;2024;080101;098026;17/07/2024;20/07/2024;039;098;M;0;52;3;NA;002;NA;NA;46619;005;NA;098;001;030;M;08000401;32085022;51882;NA;NA;NA;NA;9396;9394;NA;NA;NA;NA;NA;NA;NA;NA;NA;OSPEDALE PIACENZA;NA;NA;NA;0
080;080004;2024;12696;2024;080101;098026;26/05/2024;30/05/2024;031;391;M;0;0;4;NA;002;NA;NA;V3000;005;3590;098;001;030;M;08000401;32085022;NA;NA;NA;NA;NA;NA;NA;NA;NA;NA;NA;NA;NA;NA;NA;NA;OSPEDALE PIACENZA;NA;NA;NA;0
080;080004;2024;11412;2024;080101;098026;12/05/2024;14/05/2024;031;391;M;0;0;2;NA;002;NA;NA;V3000;005;4750;098;001;030;F;08000401;32085023;NA;NA;NA;NA;NA;NA;NA;NA;NA;NA;NA;NA;NA;NA;NA;NA;OSPEDALE PIACENZA;NA;NA;NA;0
080;080904;2024;15862;2024;080904;036012;23/05/2024;26/05/2024;031;391;M;0;0;3;NA;002;NA;NA;V3001;005;3905;036;001;080;F;08090401;32085052;NA;NA;NA;NA;NA;NA;NA;NA;NA;NA;NA;NA;NA;NA;NA;NA;AOSPU POLICLINICO - MO;NA;NA;NA;0
080;080031;2024;4153;2024;080104;054039;07/05/2024;09/05/2024;031;391;M;0;0;2;NA;002;NA;NA;V3000;005;4100;054;001;100;M;08003104;32086722;NA;NA;NA;NA;NA;9542;897;8966;NA;NA;NA;NA;NA;NA;NA;NA;OSPEDALE CARPI;NA;NA;NA;0
080;080021;2024;574473;2024;080103;020066;13/05/2024;15/05/2024;031;391;M;0;0;2;NA;002;NA;NA;V3000;005;3490;020;001;030;F;08002106;32087938;NA;NA;NA;NA;NA;897;8903;NA;NA;NA;NA;NA;NA;NA;NA;NA;OSPEDALE S.MARIA NUOVA - RE;NA;NA;NA;0
080;080004;2024;15608;2024;080101;082027;30/06/2024;04/07/2024;038;049;C;0;362;4;2;002;2098;NA;38911;005;NA;082;001;190;F;08000401;32088110;NA;NA;NA;NA;NA;2098;NA;NA;NA;NA;NA;NA;NA;NA;NA;NA;OSPEDALE PIACENZA;NA;NA;NA;0
080;080004;2024;14028;2024;080101;082027;11/06/2024;13/06/2024;039;074;M;0;343;2;NA;002;NA;NA;38911;005;NA;082;001;190;F;08000401;32088110;NA;NA;NA;NA;NA;8703;8952;8891;9541;8906;NA;NA;NA;NA;NA;NA;OSPEDALE PIACENZA;NA;NA;NA;0
080;080908;2024;402314;2024;080908;026012;14/06/2024;14/06/2024;031;385;M;0;0;1;NA;001;NA;NA;V3001;005;2460;026;001;050;F;080908;32088298;V667;V1085;76518;NA;NA;897;9396;897;8965;8903;NA;NA;NA;NA;NA;NA;IRCCS AOU BOLOGNA;NA;NA;NA;0
080;080909;2024;11082;2024;080909;050029;14/06/2024;18/07/2024;062;386;M;0;0;34;NA;002;NA;NA;76526;005;1350;050;001;090;M;080909;32088388;76415;769;7766;7742;55092;3892;9390;9915;9983;8871;8875;8872;9503;5312;9546;NA;AOSPU ARCISPEDALE S.ANNA - FE;NA;NA;NA;0
080;080004;2024;13580;2024;080101;019076;06/06/2024;10/06/2024;062;388;M;0;0;4;NA;002;NA;NA;76519;005;2650;019;001;030;F;08000401;32089066;NA;NA;NA;NA;NA;9059;NA;NA;NA;NA;NA;NA;NA;NA;NA;NA;OSPEDALE PIACENZA;NA;NA;NA;0
080;080902;2024;561135;2024;080902;020066;06/03/2024;08/03/2024;031;391;M;0;0;2;NA;002;NA;NA;V3000;005;4220;020;001;030;F;080902;32089203;7661;NA;NA;NA;NA;9307;9546;897;8939;8903;NA;NA;NA;NA;NA;NA;AOSPU OSPEDALI RIUNITI - PR;NA;NA;NA;0
080;080902;2024;53981;2024;080902;020066;14/06/2024;17/06/2024;039;298;M;0;100;3;NA;002;NA;NA;27651;005;NA;020;001;030;F;080902;32089203;0091;6918;NA;NA;NA;8939;9918;NA;NA;NA;NA;NA;NA;NA;NA;NA;AOSPU OSPEDALI RIUNITI - PR;NA;NA;NA;0
080;080091;2024;512750;2024;080114;015077;14/06/2024;16/06/2024;039;322;M;0;33;2;NA;002;NA;NA;5990;005;NA;015;001;030;F;08009101;32089343;NA;NA;NA;NA;NA;9921;9059;8901;8939;9032;NA;NA;NA;NA;NA;NA;OSPEDALE CESENA;NA;NA;NA;0
080;080004;2024;11019;2024;080101;108034;07/05/2024;10/05/2024;031;391;M;0;0;3;NA;002;NA;NA;V3000;005;3100;108;001;030;F;08000401;32089882;NA;NA;NA;NA;NA;NA;NA;NA;NA;NA;NA;NA;NA;NA;NA;NA;OSPEDALE PIACENZA;NA;NA;NA;0
080;080004;2024;12280;2024;080101;098029;21/05/2024;23/05/2024;031;391;M;0;0;2;NA;002;NA;NA;V3000;005;2210;098;001;030;F;08000401;32089883;NA;NA;NA;NA;NA;NA;NA;NA;NA;NA;NA;NA;NA;NA;NA;NA;OSPEDALE PIACENZA;NA;NA;NA;0
080;080004;2024;15541;2024;080101;098019;29/06/2024;03/07/2024;039;298;M;0;43;4;NA;002;NA;NA;27651;005;NA;098;001;030;M;08000401;32089887;07999;NA;NA;NA;NA;9921;9918;NA;NA;NA;NA;NA;NA;NA;NA;NA;OSPEDALE PIACENZA;NA;NA;NA;0
080;080004;2024;11917;2024;080101;098019;17/05/2024;21/05/2024;031;391;M;0;0;4;NA;002;NA;NA;V3000;005;3880;098;001;030;M;08000401;32089887;NA;NA;NA;NA;NA;NA;NA;NA;NA;NA;NA;NA;NA;NA;NA;NA;OSPEDALE PIACENZA;NA;NA;NA;0
080;080004;2024;11270;2024;080101;098013;10/05/2024;12/05/2024;031;391;M;0;0;2;NA;002;NA;NA;V3000;005;3415;098;001;030;F;08000401;32089889;NA;NA;NA;NA;NA;NA;NA;NA;NA;NA;NA;NA;NA;NA;NA;NA;OSPEDALE PIACENZA;NA;NA;NA;0
080;080004;2024;11171;2024;080101;019026;09/05/2024;12/05/2024;031;391;M;0;0;3;NA;002;NA;NA;V3000;005;3125;019;001;030;F;08000401;32089891;NA;NA;NA;NA;NA;NA;NA;NA;NA;NA;NA;NA;NA;NA;NA;NA;OSPEDALE PIACENZA;NA;NA;NA;0
080;080004;2024;14297;2024;080101;098053;14/06/2024;17/06/2024;031;391;M;0;0;3;NA;002;NA;NA;V3001;005;3500;098;001;030;M;08000401;32090248;NA;NA;NA;NA;NA;NA;NA;NA;NA;NA;NA;NA;NA;NA;NA;NA;OSPEDALE PIACENZA;NA;NA;NA;0
080;080908;2024;402506;2024;080908;027042;17/06/2024;19/06/2024;031;391;M;0;0;2;NA;002;NA;NA;V3001;005;3470;027;001;050;F;080908;32090262;NA;NA;NA;NA;NA;897;8903;8965;9547;897;9059;9509;8619;897;NA;NA;IRCCS AOU BOLOGNA;NA;NA;NA;0
080;080904;2024;18657;2024;080904;036023;18/06/2024;21/06/2024;031;391;M;0;0;3;NA;002;NA;NA;V3001;005;2945;036;001;080;M;08090401;32090641;NA;NA;NA;NA;NA;NA;NA;NA;NA;NA;NA;NA;NA;NA;NA;NA;AOSPU POLICLINICO - MO;NA;NA;NA;0
080;080909;2024;11339;2024;080909;029033;18/06/2024;22/06/2024;031;390;M;0;0;4;NA;002;NA;NA;7746;005;2850;029;001;050;F;080909;32091244;7706;7852;7470;NA;NA;9390;8968;8872;9501;9059;9541;NA;NA;NA;NA;NA;AOSPU ARCISPEDALE S.ANNA - FE;NA;NA;NA;0
080;080902;2024;568788;2024;080902;098010;25/05/2024;29/05/2024;062;391;M;0;0;4;NA;002;NA;1;7686;005;NA;098;001;030;M;080902;32091476;7626;NA;NA;NA;NA;3892;8914;8744;8965;9546;8903;3898;8871;NA;NA;NA;AOSPU OSPEDALI RIUNITI - PR;NA;NA;NA;0
080;080004;2024;12642;2024;080101;098010;25/05/2024;25/05/2024;062;385;M;0;0;1;NA;006;NA;NA;7686;005;3120;098;001;030;M;08000401;32091476;7756;NA;NA;NA;NA;3892;9921;9059;NA;NA;NA;NA;NA;NA;NA;NA;OSPEDALE PIACENZA;NA;NA;NA;0
080;080095;2024;14971;2024;080114;041036;26/05/2024;31/05/2024;062;389;M;0;0;5;NA;002;NA;NA;7764;005;3540;041;001;110;M;08009501;32092205;7756;NA;NA;NA;NA;3892;966;9547;8872;9915;8871;NA;NA;NA;NA;NA;OSPEDALE RIMINI;NA;NA;NA;0
080;080095;2024;12358;2024;080114;041048;30/04/2024;02/05/2024;062;137;M;0;0;2;NA;002;NA;NA;7454;005;3485;041;001;110;M;08009501;32092208;NA;NA;NA;NA;NA;8872;9547;8952;8901;9059;NA;NA;NA;NA;NA;NA;OSPEDALE RIMINI;NA;NA;NA;0
080;080095;2024;15141;2024;080114;041051;27/05/2024;30/05/2024;031;391;M;0;0;3;NA;002;NA;NA;V3001;005;3270;041;001;110;F;08009501;32092210;NA;NA;NA;NA;NA;NA;NA;NA;NA;NA;NA;NA;NA;NA;NA;NA;OSPEDALE RIMINI;NA;NA;NA;0
080;080095;2024;14787;2024;080114;042045;24/05/2024;27/05/2024;031;391;M;0;0;3;NA;002;NA;NA;V3001;005;3070;042;001;110;M;08009501;32092215;NA;NA;NA;NA;NA;NA;NA;NA;NA;NA;NA;NA;NA;NA;NA;NA;OSPEDALE RIMINI;NA;NA;NA;0
080;080095;2024;13032;2024;080114;042034;07/05/2024;09/05/2024;031;391;M;0;0;2;NA;002;NA;NA;V3000;005;3955;042;001;110;M;08009501;32092216;NA;NA;NA;NA;NA;NA;NA;NA;NA;NA;NA;NA;NA;NA;NA;NA;OSPEDALE RIMINI;NA;NA;NA;0
080;080095;2024;15137;2024;080114;099014;27/05/2024;31/05/2024;062;390;M;0;0;4;NA;002;NA;NA;76419;005;2560;099;001;080;M;08009501;32092217;NA;NA;NA;NA;NA;8871;9059;NA;NA;NA;NA;NA;NA;NA;NA;NA;OSPEDALE RIMINI;NA;NA;NA;0
080;080095;2024;13700;2024;080114;067008;13/05/2024;16/05/2024;062;390;M;0;0;3;NA;002;NA;NA;76419;005;2780;067;001;130;F;08009501;32092219;NA;NA;NA;NA;NA;8871;9059;NA;NA;NA;NA;NA;NA;NA;NA;NA;OSPEDALE RIMINI;NA;NA;NA;0
080;080095;2024;13592;2024;080114;041044;13/05/2024;18/05/2024;062;389;M;0;0;5;NA;002;NA;NA;7756;005;3150;041;001;110;M;08009501;32092222;7793;78340;NA;NA;NA;8871;9059;NA;NA;NA;NA;NA;NA;NA;NA;NA;OSPEDALE RIMINI;NA;NA;NA;0
080;080095;2024;14215;2024;080114;058103;18/05/2024;25/05/2024;062;389;M;0;0;7;NA;002;NA;NA;77089;005;3120;058;001;120;M;08009501;32092223;8600;NA;NA;NA;NA;9059;8749;NA;NA;NA;NA;NA;NA;NA;NA;NA;OSPEDALE RIMINI;NA;NA;NA;0
080;080095;2024;12961;2024;080114;041020;06/05/2024;11/05/2024;062;388;M;0;0;5;NA;002;NA;NA;76519;005;3240;041;001;110;M;08009501;32092224;7742;NA;NA;NA;NA;9983;9059;NA;NA;NA;NA;NA;NA;NA;NA;NA;OSPEDALE RIMINI;NA;NA;NA;0
080;080095;2024;14763;2024;080114;041065;23/05/2024;25/05/2024;031;391;M;0;0;2;NA;002;NA;NA;V3000;005;3475;041;001;110;M;08009501;32092226;NA;NA;NA;NA;NA;NA;NA;NA;NA;NA;NA;NA;NA;NA;NA;NA;OSPEDALE RIMINI;NA;NA;NA;0
080;080095;2024;13548;2024;080114;041043;11/05/2024;14/05/2024;062;390;M;0;0;3;NA;002;NA;NA;7661;005;4000;041;001;110;M;08009501;32092229;7793;78340;NA;NA;NA;9059;NA;NA;NA;NA;NA;NA;NA;NA;NA;NA;OSPEDALE RIMINI;NA;NA;NA;0
080;080095;2024;14302;2024;080114;041020;19/05/2024;22/05/2024;031;391;M;0;0;3;NA;002;NA;NA;V3000;005;3165;041;001;110;F;08009501;32092230;NA;NA;NA;NA;NA;NA;NA;NA;NA;NA;NA;NA;NA;NA;NA;NA;OSPEDALE RIMINI;NA;NA;NA;0
080;080095;2024;12219;2024;080114;041029;29/04/2024;01/05/2024;031;391;M;0;0;2;NA;002;NA;NA;V3000;005;3640;041;001;110;M;08009501;32092233;NA;NA;NA;NA;NA;NA;NA;NA;NA;NA;NA;NA;NA;NA;NA;NA;OSPEDALE RIMINI;NA;NA;NA;0
080;080004;2024;14755;2024;080101;098010;19/06/2024;23/06/2024;031;391;M;0;0;4;NA;002;NA;NA;V3001;005;2780;098;001;030;F;08000401;32096160;77439;NA;NA;NA;NA;9983;NA;NA;NA;NA;NA;NA;NA;NA;NA;NA;OSPEDALE PIACENZA;NA;NA;NA;0
080;080904;2024;19000;2024;080904;020065;20/06/2024;23/06/2024;031;391;M;0;0;3;NA;002;NA;NA;V3001;005;3630;020;001;030;M;08090401;32096450;NA;NA;NA;NA;NA;NA;NA;NA;NA;NA;NA;NA;NA;NA;NA;NA;AOSPU POLICLINICO - MO;NA;NA;NA;0
080;080004;2024;14787;2024;080101;019036;20/06/2024;22/06/2024;031;391;M;0;0;2;NA;002;NA;NA;V3000;005;3800;019;001;030;M;08000401;32096872;NA;NA;NA;NA;NA;NA;NA;NA;NA;NA;NA;NA;NA;NA;NA;NA;OSPEDALE PIACENZA;NA;NA;NA;0
080;080031;2024;5561;2024;080104;036010;20/06/2024;23/06/2024;031;391;M;0;0;3;NA;002;NA;NA;V3000;005;3495;036;001;080;M;08003104;32097605;NA;NA;NA;NA;NA;8966;9542;897;NA;NA;NA;NA;NA;NA;NA;NA;OSPEDALE CARPI;NA;NA;NA;0
080;080902;2024;56633;2024;080902;019083;22/06/2024;22/06/2024;039;074;M;0;128;1;NA;002;NA;NA;7924;005;NA;019;001;030;M;080902;32097691;NA;NA;NA;NA;NA;4516;8903;8939;897;NA;NA;NA;NA;NA;NA;NA;AOSPU OSPEDALI RIUNITI - PR;NA;NA;NA;0
080;080004;2024;11410;2024;080101;098014;11/05/2024;20/05/2024;062;388;M;0;0;9;NA;002;NA;NA;76519;005;2615;098;001;030;M;08000401;32097725;7742;NA;NA;NA;NA;9983;9059;NA;NA;NA;NA;NA;NA;NA;NA;NA;OSPEDALE PIACENZA;NA;NA;NA;0
080;080004;2024;15081;2024;080101;018029;24/06/2024;27/06/2024;031;391;M;0;0;3;NA;002;NA;NA;V3001;005;3260;018;001;030;M;08000401;32099582;NA;NA;NA;NA;NA;NA;NA;NA;NA;NA;NA;NA;NA;NA;NA;NA;OSPEDALE PIACENZA;NA;NA;NA;0
080;080908;2024;403721;2024;080908;041044;25/06/2024;28/06/2024;031;391;M;0;0;3;NA;002;NA;NA;V3000;005;2880;041;001;110;F;080908;32099722;NA;NA;NA;NA;NA;897;8903;897;9509;9059;8965;9547;8619;NA;NA;NA;IRCCS AOU BOLOGNA;NA;NA;NA;0
080;080095;2024;14963;2024;080114;042034;25/05/2024;28/05/2024;031;391;M;0;0;3;NA;002;NA;NA;V3000;005;3430;042;001;110;M;08009501;32100012;NA;NA;NA;NA;NA;NA;NA;NA;NA;NA;NA;NA;NA;NA;NA;NA;OSPEDALE RIMINI;NA;NA;NA;0
080;080095;2024;14897;2024;080114;042045;24/05/2024;28/05/2024;062;387;M;0;0;4;NA;002;NA;NA;76518;005;2350;042;001;110;M;08009501;32100014;7756;NA;NA;NA;NA;8871;8901;9059;8619;9547;NA;NA;NA;NA;NA;NA;OSPEDALE RIMINI;NA;NA;NA;0
080;080909;2024;11910;2024;080909;021046;26/06/2024;21/08/2024;062;385;M;0;0;56;NA;006;NA;NA;76524;005;1300;021;001;041;M;080909;32100199;769;7766;7470;7620;76515;3892;9604;8873;9671;9915;9390;9904;9503;8875;9546;8871;AOSPU ARCISPEDALE S.ANNA - FE;NA;NA;NA;0
080;080960;2024;12241;2024;080960;102044;29/08/2024;31/08/2024;036;256;M;0;207;2;NA;002;NA;NA;75430;005;NA;102;001;180;M;080960;32100913;NA;NA;NA;NA;NA;9712;NA;NA;NA;NA;NA;NA;NA;NA;NA;NA;IRCCS - ISTITUTO ORTOPEDICO RIZZOLI;NA;NA;NA;0
080;080960;2024;10158;2024;080960;102047;05/07/2024;13/07/2024;036;256;M;0;152;8;NA;002;NA;NA;75430;005;NA;102;001;180;M;080960;32100913;NA;NA;NA;NA;NA;7975;NA;NA;NA;NA;NA;NA;NA;NA;NA;NA;IRCCS - ISTITUTO ORTOPEDICO RIZZOLI;NA;NA;NA;0
080;080960;2024;14617;2024;080960;102044;10/10/2024;12/10/2024;036;256;M;0;249;2;NA;002;NA;NA;75430;005;NA;102;001;180;M;080960;32100913;NA;NA;NA;NA;NA;9712;NA;NA;NA;NA;NA;NA;NA;NA;NA;NA;IRCCS - ISTITUTO ORTOPEDICO RIZZOLI;NA;NA;NA;0
080;080909;2024;11960;2024;080909;029033;27/06/2024;29/06/2024;031;390;M;0;0;2;NA;002;NA;NA;V3000;005;3730;029;001;050;M;080909;32101243;7609;NA;NA;NA;NA;9501;9059;9541;NA;NA;NA;NA;NA;NA;NA;NA;AOSPU ARCISPEDALE S.ANNA - FE;NA;NA;NA;0
080;080082;2024;804352;2024;080114;048026;13/05/2024;15/05/2024;031;391;M;0;0;2;NA;002;NA;NA;V3000;005;2820;048;001;090;M;080082;32101396;NA;NA;NA;NA;NA;NA;NA;NA;NA;NA;NA;NA;NA;NA;NA;NA;OSPEDALE FAENZA;NA;NA;NA;0
080;080909;2024;12028;2024;080909;029033;28/06/2024;30/06/2024;031;391;M;0;0;2;NA;002;NA;NA;V3000;005;4170;029;001;050;M;080909;32101841;7661;NA;NA;NA;NA;9059;9541;9501;NA;NA;NA;NA;NA;NA;NA;NA;AOSPU ARCISPEDALE S.ANNA - FE;NA;NA;NA;0
080;080021;2024;579913;2024;080103;043006;15/06/2024;17/06/2024;031;391;M;0;0;2;NA;002;NA;NA;V3000;005;3622;043;001;110;F;08002106;32102146;NA;NA;NA;NA;NA;8903;NA;NA;NA;NA;NA;NA;NA;NA;NA;NA;OSPEDALE S.MARIA NUOVA - RE;NA;NA;NA;0
080;080909;2024;12150;2024;080909;029049;30/06/2024;03/07/2024;031;390;M;0;0;3;NA;002;NA;NA;V3000;005;3455;029;001;050;F;080909;32102168;7609;7441;NA;NA;NA;8952;9501;9541;9059;NA;NA;NA;NA;NA;NA;NA;AOSPU ARCISPEDALE S.ANNA - FE;NA;NA;NA;0
080;080004;2024;15558;2024;080101;098019;29/06/2024;01/07/2024;039;091;M;0;205;2;NA;002;NA;NA;4809;005;NA;098;001;030;M;08000401;32102373;27651;NA;NA;NA;NA;9921;8744;9918;NA;NA;NA;NA;NA;NA;NA;NA;OSPEDALE PIACENZA;NA;NA;NA;0
080;080902;2024;568811;2024;080902;019021;26/05/2024;29/05/2024;031;391;M;0;0;3;NA;002;NA;NA;7661;005;3975;019;001;030;M;080902;32102563;NA;NA;NA;NA;NA;9307;9546;8903;8939;897;9509;NA;NA;NA;NA;NA;AOSPU OSPEDALI RIUNITI - PR;NA;NA;NA;0
080;080095;2024;18226;2024;080114;097008;27/06/2024;01/07/2024;039;322;M;0;110;4;NA;002;NA;NA;5990;005;NA;097;001;030;M;08009501;32102999;NA;NA;NA;NA;NA;9003;9921;9059;NA;NA;NA;NA;NA;NA;NA;NA;OSPEDALE RIMINI;NA;NA;NA;0
080;080095;2024;18384;2024;080114;043023;28/06/2024;30/06/2024;039;574;M;0;265;2;NA;002;NA;NA;28804;005;NA;043;001;110;M;08009501;32103052;NA;NA;NA;NA;NA;9009;9003;NA;NA;NA;NA;NA;NA;NA;NA;NA;OSPEDALE RIMINI;NA;NA;NA;0
080;080021;2024;576681;2024;080103;999460;26/05/2024;29/05/2024;031;391;M;0;0;3;NA;002;NA;NA;V3000;005;3498;999;001;460;M;08002106;32104565;NA;NA;NA;NA;NA;8903;8874;8871;NA;NA;NA;NA;NA;NA;NA;NA;OSPEDALE S.MARIA NUOVA - RE;NA;NA;NA;0
080;080053;2024;313899;2024;080105;037003;01/07/2024;03/07/2024;031;391;M;0;0;2;NA;002;NA;NA;V3000;005;3105;037;001;080;F;08005307;32104880;NA;NA;NA;NA;NA;897;NA;NA;NA;NA;NA;NA;NA;NA;NA;NA;OSPEDALE BENTIVOGLIO;NA;NA;NA;0
080;080095;2024;15778;2024;080114;041013;03/06/2024;06/06/2024;062;390;M;0;0;3;NA;002;NA;NA;7661;005;3710;041;001;110;F;08009501;32104981;7793;78340;NA;NA;NA;9059;8952;NA;NA;NA;NA;NA;NA;NA;NA;NA;OSPEDALE RIMINI;NA;NA;NA;0
080;080908;2024;404645;2024;080908;041013;02/07/2024;04/12/2024;039;301;M;0;29;6;NA;002;NA;NA;243;005;NA;041;002;110;F;080908;32104981;NA;NA;NA;NA;NA;8871;8871;897;9059;897;9059;897;9059;8876;897;9059;IRCCS AOU BOLOGNA;NA;NA;NA;0
080;080902;2024;568915;2024;080902;019036;27/05/2024;29/05/2024;031;389;M;0;0;2;NA;002;NA;NA;V3000;005;3200;019;001;030;F;080902;32105094;9534;NA;NA;NA;NA;9307;8903;8939;897;9546;9509;NA;NA;NA;NA;NA;AOSPU OSPEDALI RIUNITI - PR;NA;NA;NA;0
080;080031;2024;5928;2024;080104;020039;02/07/2024;04/07/2024;031;391;M;0;0;2;NA;002;NA;NA;V3000;005;2930;020;001;030;M;08003104;32105834;NA;NA;NA;NA;NA;8965;9542;897;NA;NA;NA;NA;NA;NA;NA;NA;OSPEDALE CARPI;NA;NA;NA;0
080;080091;2024;512244;2024;080114;067037;08/06/2024;18/06/2024;039;511;M;0;317;10;NA;002;NA;NA;9462;005;NA;067;001;130;F;08009101;32106185;94800;NA;NA;NA;NA;9059;8939;8901;3899;8907;9929;NA;NA;NA;NA;NA;OSPEDALE CESENA;NA;NA;NA;0
080;080095;2024;17295;2024;080114;041071;18/06/2024;25/06/2024;062;387;M;0;0;7;NA;002;NA;NA;77084;005;2330;041;001;110;F;08009501;32106200;7793;78340;7686;76528;76518;8744;3892;8914;8871;8965;8871;NA;NA;NA;NA;NA;OSPEDALE RIMINI;NA;NA;NA;0
080;080095;2024;16316;2024;080114;015242;08/06/2024;11/06/2024;039;023;M;0;48;3;NA;002;NA;NA;78009;005;NA;015;001;030;M;08009501;32106278;NA;NA;NA;NA;NA;8914;9059;8903;8952;NA;NA;NA;NA;NA;NA;NA;OSPEDALE RIMINI;NA;NA;NA;0
080;080902;2024;581260;2024;080902;020066;27/09/2024;27/09/2024;002;186;M;0;150;1;NA;002;NA;NA;5228;005;NA;020;002;030;F;080902;32106292;NA;NA;NA;NA;NA;8893;NA;NA;NA;NA;NA;NA;NA;NA;NA;NA;AOSPU OSPEDALI RIUNITI - PR;NA;NA;NA;0
080;080902;2024;566303;2024;080902;020066;30/04/2024;02/05/2024;031;391;M;0;0;2;NA;002;NA;NA;V3000;005;2540;020;001;030;F;080902;32106292;76409;NA;NA;NA;NA;9307;9546;8903;897;8939;NA;NA;NA;NA;NA;NA;AOSPU OSPEDALI RIUNITI - PR;NA;NA;NA;0
080;080095;2024;16793;2024;080114;041013;12/06/2024;15/06/2024;031;391;M;0;0;3;NA;002;NA;NA;V3100;005;2825;041;001;110;M;08009501;32106493;NA;NA;NA;NA;NA;NA;NA;NA;NA;NA;NA;NA;NA;NA;NA;NA;OSPEDALE RIMINI;NA;NA;NA;0
080;080902;2024;575324;2024;080902;020054;23/07/2024;14/10/2024;052;284;M;0;65;5;NA;002;NA;NA;22801;005;NA;020;002;030;F;080902;32106512;NA;NA;NA;NA;NA;8872;8901;8952;897;8906;8961;8961;8939;NA;NA;NA;AOSPU OSPEDALI RIUNITI - PR;NA;NA;NA;0
080;080902;2024;568105;2024;080902;020054;19/05/2024;21/05/2024;031;391;M;0;0;2;NA;002;NA;NA;V3000;005;3290;020;001;030;F;080902;32106512;NA;NA;NA;NA;NA;9307;9546;8903;8939;897;9509;NA;NA;NA;NA;NA;AOSPU OSPEDALI RIUNITI - PR;NA;NA;NA;0
080;080902;2024;567111;2024;080902;034012;08/05/2024;10/05/2024;031;391;M;0;0;2;NA;002;NA;NA;V3000;005;3450;034;001;080;F;080902;32106513;NA;NA;NA;NA;NA;9307;9546;8903;8939;897;9509;NA;NA;NA;NA;NA;AOSPU OSPEDALI RIUNITI - PR;NA;NA;NA;0
080;080902;2024;570614;2024;080902;019021;14/06/2024;17/06/2024;031;391;M;0;0;3;NA;002;NA;NA;V3000;005;3250;019;001;030;M;080902;32106662;NA;NA;NA;NA;NA;9307;9546;8903;8939;897;9509;NA;NA;NA;NA;NA;AOSPU OSPEDALI RIUNITI - PR;NA;NA;NA;0
080;080095;2024;16792;2024;080114;041013;12/06/2024;15/06/2024;062;390;M;0;0;3;NA;002;NA;NA;76408;005;2255;041;001;110;M;08009501;32106856;7793;78340;NA;NA;NA;8871;9059;NA;NA;NA;NA;NA;NA;NA;NA;NA;OSPEDALE RIMINI;NA;NA;NA;0
080;080095;2024;17762;2024;080114;041020;22/06/2024;24/06/2024;031;391;M;0;0;2;NA;002;NA;NA;V3000;005;3140;041;001;110;F;08009501;32106929;NA;NA;NA;NA;NA;NA;NA;NA;NA;NA;NA;NA;NA;NA;NA;NA;OSPEDALE RIMINI;NA;NA;NA;0
080;080004;2024;16722;2024;080101;098010;14/07/2024;19/07/2024;039;322;M;0;39;5;NA;002;NA;NA;5990;005;NA;098;001;030;M;08000401;32106947;0414;04321;NA;NA;NA;9921;9918;8874;NA;NA;NA;NA;NA;NA;NA;NA;OSPEDALE PIACENZA;NA;NA;NA;0
080;080004;2024;13486;2024;080101;098010;05/06/2024;08/06/2024;031;391;M;0;0;3;NA;002;NA;NA;V3000;005;3170;098;001;030;M;08000401;32106947;NA;NA;NA;NA;NA;NA;NA;NA;NA;NA;NA;NA;NA;NA;NA;NA;OSPEDALE PIACENZA;NA;NA;NA;0
080;080902;2024;570440;2024;080902;020066;13/06/2024;15/06/2024;031;391;M;0;0;2;NA;002;NA;NA;V3000;005;2950;020;001;030;F;080902;32107051;NA;NA;NA;NA;NA;9307;9546;8903;8939;897;9509;NA;NA;NA;NA;NA;AOSPU OSPEDALI RIUNITI - PR;NA;NA;NA;0
080;080902;2024;568102;2024;080902;019021;19/05/2024;22/05/2024;062;389;M;0;0;3;NA;002;NA;NA;76418;005;2460;019;001;030;M;080902;32107100;NA;NA;NA;NA;NA;9509;8939;8903;9307;9546;897;NA;NA;NA;NA;NA;AOSPU OSPEDALI RIUNITI - PR;NA;NA;NA;0
080;080909;2024;12280;2024;080909;029015;02/07/2024;22/07/2024;073;385;M;0;0;20;NA;001;NA;NA;76525;005;990;029;001;050;F;080909;32107507;76493;7775;77212;7706;7761;8871;9396;9390;3892;8744;9907;9905;8872;9604;9904;NA;AOSPU ARCISPEDALE S.ANNA - FE;NA;NA;NA;0
080;080031;2024;5954;2024;080104;020027;03/07/2024;05/07/2024;031;391;M;0;0;2;NA;002;NA;NA;V3000;005;2745;020;001;030;M;08003104;32107774;NA;NA;NA;NA;NA;8965;897;NA;NA;NA;NA;NA;NA;NA;NA;NA;OSPEDALE CARPI;NA;NA;NA;0
080;080096;2024;6647;2024;080104;013097;07/07/2024;09/07/2024;039;298;M;0;144;2;NA;002;NA;NA;27651;005;NA;013;001;030;M;080096;32109997;46619;NA;NA;NA;NA;9394;9059;9923;9039;NA;NA;NA;NA;NA;NA;NA;OSPEDALE CIVILE DI SASSUOLO S.P.A.;NA;NA;NA;0
080;080908;2024;405416;2024;080908;056030;06/07/2024;09/07/2024;031;390;M;0;0;3;NA;002;NA;NA;V3001;005;3350;056;001;120;M;080908;32110105;7750;NA;NA;NA;NA;897;8965;8903;9059;8619;9547;897;9509;NA;NA;NA;IRCCS AOU BOLOGNA;NA;NA;NA;0
080;080021;2024;577628;2024;080103;999409;31/05/2024;06/06/2024;062;390;M;0;0;6;NA;002;NA;NA;7746;005;2900;999;001;409;M;08002106;32110260;76419;NA;NA;NA;NA;9983;8871;NA;NA;NA;NA;NA;NA;NA;NA;NA;OSPEDALE S.MARIA NUOVA - RE;NA;NA;NA;0
080;080021;2024;613115;2024;080103;015195;20/11/2024;28/11/2024;039;087;M;0;163;8;NA;002;NA;NA;51881;005;NA;015;001;030;M;08002106;32111480;0793;4658;0415;46619;0413;9396;9394;9653;9635;9789;8965;8873;8744;8907;3898;9918;OSPEDALE S.MARIA NUOVA - RE;NA;NA;NA;0
080;080021;2024;581101;2024;080103;015195;24/06/2024;26/06/2024;039;099;M;0;14;2;NA;002;NA;NA;78600;005;NA;015;001;030;M;08002106;32111480;7904;V759;7793;7455;V800;8938;8871;8876;8872;8903;9059;9139;3899;8952;NA;NA;OSPEDALE S.MARIA NUOVA - RE;NA;NA;NA;0
080;080021;2024;579013;2024;080103;015146;10/06/2024;13/06/2024;031;391;M;0;0;3;NA;002;NA;NA;V3001;005;2930;015;001;030;M;08002106;32111480;NA;NA;NA;NA;NA;8903;NA;NA;NA;NA;NA;NA;NA;NA;NA;NA;OSPEDALE S.MARIA NUOVA - RE;NA;NA;NA;0
080;080021;2024;580537;2024;080103;020030;19/06/2024;22/06/2024;031;391;M;0;0;3;NA;002;NA;NA;V3001;005;3278;020;001;030;F;08002106;32111483;NA;NA;NA;NA;NA;8903;NA;NA;NA;NA;NA;NA;NA;NA;NA;NA;OSPEDALE S.MARIA NUOVA - RE;NA;NA;NA;0
080;080902;2024;62743;2024;080902;013131;11/07/2024;15/07/2024;062;391;M;0;31;4;NA;002;NA;NA;7793;005;NA;013;001;030;M;080902;32111943;NA;NA;NA;NA;NA;8871;8876;9133;9033;3898;8965;8903;4413;NA;NA;NA;AOSPU OSPEDALI RIUNITI - PR;NA;NA;NA;0
080;080004;2024;13966;2024;080101;013131;10/06/2024;17/06/2024;062;389;M;0;0;7;NA;002;NA;NA;7706;005;3130;013;001;030;M;08000401;32111943;77012;NA;NA;NA;NA;9396;8744;9059;9921;8871;8872;NA;NA;NA;NA;NA;OSPEDALE PIACENZA;NA;NA;NA;0
080;080909;2024;12609;2024;080909;029033;08/07/2024;10/07/2024;031;391;M;0;0;2;NA;002;NA;NA;V3000;005;3215;029;001;050;F;080909;32112677;NA;NA;NA;NA;NA;9501;9059;9541;NA;NA;NA;NA;NA;NA;NA;NA;AOSPU ARCISPEDALE S.ANNA - FE;NA;NA;NA;0
080;080004;2024;14155;2024;080101;098013;12/06/2024;15/06/2024;031;391;M;0;0;3;NA;002;NA;NA;V3000;005;3815;098;001;030;F;08000401;32113349;NA;NA;NA;NA;NA;NA;NA;NA;NA;NA;NA;NA;NA;NA;NA;NA;OSPEDALE PIACENZA;NA;NA;NA;0
080;080004;2024;13007;2024;080101;018131;29/05/2024;01/06/2024;031;391;M;0;0;3;NA;002;NA;NA;V3000;005;3500;018;001;030;F;08000401;32113355;NA;NA;NA;NA;NA;NA;NA;NA;NA;NA;NA;NA;NA;NA;NA;NA;OSPEDALE PIACENZA;NA;NA;NA;0
080;080004;2024;13573;2024;080101;098019;06/06/2024;09/06/2024;031;391;M;0;0;3;NA;002;NA;NA;V3001;005;2980;098;001;030;M;08000401;32113367;NA;NA;NA;NA;NA;NA;NA;NA;NA;NA;NA;NA;NA;NA;NA;NA;OSPEDALE PIACENZA;NA;NA;NA;0
080;080960;2024;11976;2024;080960;098019;26/08/2024;28/08/2024;036;225;C;0;81;2;1;002;8384;NA;75470;005;NA;098;001;030;M;080960;32113367;NA;NA;NA;NA;NA;8384;NA;NA;NA;NA;NA;NA;NA;NA;NA;NA;IRCCS - ISTITUTO ORTOPEDICO RIZZOLI;NA;NA;NA;0
080;080004;2024;13832;2024;080101;098035;08/06/2024;11/06/2024;031;391;M;0;0;3;NA;002;NA;NA;V3001;005;2835;098;001;030;F;08000401;32113369;NA;NA;NA;NA;NA;NA;NA;NA;NA;NA;NA;NA;NA;NA;NA;NA;OSPEDALE PIACENZA;NA;NA;NA;0
080;080004;2024;13231;2024;080101;098014;01/06/2024;03/06/2024;031;391;M;0;0;2;NA;002;NA;NA;V3000;005;3270;098;001;030;F;08000401;32113375;NA;NA;NA;NA;NA;NA;NA;NA;NA;NA;NA;NA;NA;NA;NA;NA;OSPEDALE PIACENZA;NA;NA;NA;0
080;080004;2024;14966;2024;080101;015191;22/06/2024;25/06/2024;062;388;M;0;0;3;NA;002;NA;NA;76518;005;2390;015;001;030;F;08000401;32113380;NA;NA;NA;NA;NA;8871;9059;8872;NA;NA;NA;NA;NA;NA;NA;NA;OSPEDALE PIACENZA;NA;NA;NA;0
080;080095;2024;16735;2024;080114;099013;12/06/2024;14/06/2024;031;391;M;0;0;2;NA;002;NA;NA;V3000;005;3520;099;001;080;M;08009501;32113819;NA;NA;NA;NA;NA;NA;NA;NA;NA;NA;NA;NA;NA;NA;NA;NA;OSPEDALE RIMINI;NA;NA;NA;0
080;080902;2024;574984;2024;080902;034027;19/07/2024;31/12/2024;002;389;M;0;34;3;NA;002;NA;NA;7711;005;NA;034;002;080;M;080902;32115402;NA;NA;NA;NA;NA;8876;3899;9546;9509;9546;3899;9509;NA;NA;NA;NA;AOSPU OSPEDALI RIUNITI - PR;NA;NA;NA;0
080;080902;2024;570683;2024;080902;034027;15/06/2024;17/06/2024;031;391;M;0;0;2;NA;002;NA;NA;V3000;005;3365;034;001;080;M;080902;32115402;NA;NA;NA;NA;NA;9307;9546;8903;8939;897;9509;NA;NA;NA;NA;NA;AOSPU OSPEDALI RIUNITI - PR;NA;NA;NA;0
080;080053;2024;313361;2024;080105;037006;24/06/2024;26/06/2024;031;391;M;0;0;2;NA;002;NA;NA;V3000;005;3620;037;001;080;F;08005301;32117370;NA;NA;NA;NA;NA;897;NA;NA;NA;NA;NA;NA;NA;NA;NA;NA;OSPEDALE MAGGIORE;NA;NA;NA;0
080;080095;2024;18864;2024;080114;042002;03/07/2024;07/07/2024;062;389;M;0;0;4;NA;002;NA;NA;76418;005;2440;042;001;110;F;08009501;32118160;NA;NA;NA;NA;NA;8901;8619;8871;9059;8901;NA;NA;NA;NA;NA;NA;OSPEDALE RIMINI;NA;NA;NA;0
080;080909;2024;13046;2024;080909;029033;14/07/2024;18/07/2024;031;390;M;0;0;4;NA;002;NA;NA;V3000;005;3635;029;001;050;F;080909;32119260;7609;NA;NA;NA;NA;9501;9059;9541;NA;NA;NA;NA;NA;NA;NA;NA;AOSPU ARCISPEDALE S.ANNA - FE;NA;NA;NA;0
080;080072;2024;15269;2024;080114;016233;08/07/2024;11/07/2024;039;422;M;0;222;3;NA;002;NA;NA;0578;005;NA;016;001;030;F;080072;32119737;7806;NA;NA;NA;NA;9918;9929;9032;8901;8744;9903;9382;9059;NA;NA;NA;OSPEDALE RAVENNA;NA;NA;NA;0
080;080095;2024;19781;2024;080114;012040;13/07/2024;15/07/2024;039;023;M;0;77;2;NA;002;NA;NA;78009;005;NA;012;001;030;M;08009501;32120015;NA;NA;NA;NA;NA;8879;8908;NA;NA;NA;NA;NA;NA;NA;NA;NA;OSPEDALE RIMINI;NA;NA;NA;0
080;080031;2024;6277;2024;080104;023019;14/07/2024;17/07/2024;031;391;M;0;0;3;NA;002;NA;NA;V3000;005;3650;023;001;050;F;08003104;32120337;NA;NA;NA;NA;NA;8965;9542;897;NA;NA;NA;NA;NA;NA;NA;NA;OSPEDALE CARPI;NA;NA;NA;0
080;080004;2024;15631;2024;080101;098049;30/06/2024;03/07/2024;031;391;M;0;0;3;NA;002;NA;NA;V3001;005;3790;098;001;030;F;08000401;32120506;NA;NA;NA;NA;NA;NA;NA;NA;NA;NA;NA;NA;NA;NA;NA;NA;OSPEDALE PIACENZA;NA;NA;NA;0
080;080095;2024;16313;2024;080114;041015;08/06/2024;10/06/2024;031;391;M;0;0;2;NA;002;NA;NA;V3000;005;3370;041;001;110;M;08009501;32120621;NA;NA;NA;NA;NA;NA;NA;NA;NA;NA;NA;NA;NA;NA;NA;NA;OSPEDALE RIMINI;NA;NA;NA;0
080;080095;2024;17205;2024;080114;001272;17/06/2024;19/06/2024;031;391;M;0;0;2;NA;002;NA;NA;V3000;005;3730;001;001;010;M;08009501;32120622;NA;NA;NA;NA;NA;NA;NA;NA;NA;NA;NA;NA;NA;NA;NA;NA;OSPEDALE RIMINI;NA;NA;NA;0
080;080095;2024;18295;2024;080114;041030;27/06/2024;29/06/2024;062;390;M;0;0;2;NA;002;NA;NA;7661;005;4275;041;001;110;F;08009501;32120623;7793;78340;NA;NA;NA;NA;NA;NA;NA;NA;NA;NA;NA;NA;NA;NA;OSPEDALE RIMINI;NA;NA;NA;0
080;080095;2024;15383;2024;080114;042045;30/05/2024;04/06/2024;062;137;M;0;0;5;NA;002;NA;NA;7455;005;3660;042;001;110;M;08009501;32120624;8600;NA;NA;NA;NA;8744;8879;8872;8952;8879;8872;NA;NA;NA;NA;NA;OSPEDALE RIMINI;NA;NA;NA;0
080;080095;2024;16063;2024;080114;041020;05/06/2024;09/06/2024;062;388;M;0;0;4;NA;002;NA;NA;76518;005;2200;041;001;110;F;08009501;32120626;76528;NA;NA;NA;NA;9059;8871;NA;NA;NA;NA;NA;NA;NA;NA;NA;OSPEDALE RIMINI;NA;NA;NA;0
080;080095;2024;16615;2024;080114;041010;11/06/2024;14/06/2024;031;391;M;0;0;3;NA;002;NA;NA;V3001;005;3280;041;001;110;M;08009501;32120628;NA;NA;NA;NA;NA;NA;NA;NA;NA;NA;NA;NA;NA;NA;NA;NA;OSPEDALE RIMINI;NA;NA;NA;0
080;080095;2024;15384;2024;080114;041031;30/05/2024;01/06/2024;031;391;M;0;0;2;NA;002;NA;NA;V3000;005;3620;041;001;110;F;08009501;32120630;NA;NA;NA;NA;NA;NA;NA;NA;NA;NA;NA;NA;NA;NA;NA;NA;OSPEDALE RIMINI;NA;NA;NA;0
080;080095;2024;16407;2024;080114;041001;09/06/2024;12/06/2024;031;391;M;0;0;3;NA;002;NA;NA;V3001;005;2830;041;001;110;M;08009501;32120632;NA;NA;NA;NA;NA;NA;NA;NA;NA;NA;NA;NA;NA;NA;NA;NA;OSPEDALE RIMINI;NA;NA;NA;0
080;080095;2024;17150;2024;080114;041013;16/06/2024;19/06/2024;031;391;M;0;0;3;NA;002;NA;NA;V3000;005;3630;041;001;110;M;08009501;32120633;NA;NA;NA;NA;NA;NA;NA;NA;NA;NA;NA;NA;NA;NA;NA;NA;OSPEDALE RIMINI;NA;NA;NA;0
080;080095;2024;17611;2024;080114;042015;20/06/2024;23/06/2024;031;391;M;0;0;3;NA;002;NA;NA;V3000;005;3030;042;001;110;M;08009501;32120634;NA;NA;NA;NA;NA;NA;NA;NA;NA;NA;NA;NA;NA;NA;NA;NA;OSPEDALE RIMINI;NA;NA;NA;0
080;080095;2024;15973;2024;080114;041044;05/06/2024;07/06/2024;031;391;M;0;0;2;NA;002;NA;NA;V3000;005;3605;041;001;110;M;08009501;32120640;NA;NA;NA;NA;NA;NA;NA;NA;NA;NA;NA;NA;NA;NA;NA;NA;OSPEDALE RIMINI;NA;NA;NA;0
080;080095;2024;17414;2024;080114;041070;18/06/2024;21/06/2024;031;391;M;0;0;3;NA;002;NA;NA;V3000;005;3475;041;001;110;M;08009501;32120641;NA;NA;NA;NA;NA;NA;NA;NA;NA;NA;NA;NA;NA;NA;NA;NA;OSPEDALE RIMINI;NA;NA;NA;0
080;080095;2024;18142;2024;080114;042002;26/06/2024;28/06/2024;031;391;M;0;0;2;NA;002;NA;NA;V3000;005;3355;042;001;110;M;08009501;32120642;NA;NA;NA;NA;NA;NA;NA;NA;NA;NA;NA;NA;NA;NA;NA;NA;OSPEDALE RIMINI;NA;NA;NA;0
080;080095;2024;17112;2024;080114;041020;16/06/2024;18/06/2024;031;391;M;0;0;2;NA;002;NA;NA;V3000;005;3730;041;001;110;M;08009501;32120645;NA;NA;NA;NA;NA;NA;NA;NA;NA;NA;NA;NA;NA;NA;NA;NA;OSPEDALE RIMINI;NA;NA;NA;0
080;080095;2024;17851;2024;080114;042043;23/06/2024;26/06/2024;031;391;M;0;0;3;NA;002;NA;NA;V3000;005;3340;042;001;110;M;08009501;32120646;NA;NA;NA;NA;NA;NA;NA;NA;NA;NA;NA;NA;NA;NA;NA;NA;OSPEDALE RIMINI;NA;NA;NA;0
080;080095;2024;17518;2024;080114;064107;19/06/2024;20/06/2024;073;385;M;0;0;1;NA;001;NA;NA;769;005;555;064;001;150;F;08009501;32120647;76502;76522;NA;NA;NA;9604;3892;9671;NA;NA;NA;NA;NA;NA;NA;NA;OSPEDALE RIMINI;NA;NA;NA;0
080;080095;2024;15369;2024;080114;041035;29/05/2024;01/06/2024;031;391;M;0;0;3;NA;002;NA;NA;V3000;005;3690;041;001;110;F;08009501;32120648;NA;NA;NA;NA;NA;NA;NA;NA;NA;NA;NA;NA;NA;NA;NA;NA;OSPEDALE RIMINI;NA;NA;NA;0
080;080095;2024;16882;2024;080114;042011;13/06/2024;15/06/2024;031;391;M;0;0;2;NA;002;NA;NA;V3000;005;3320;042;001;110;F;08009501;32120649;NA;NA;NA;NA;NA;NA;NA;NA;NA;NA;NA;NA;NA;NA;NA;NA;OSPEDALE RIMINI;NA;NA;NA;0
080;080095;2024;17092;2024;080114;042002;15/06/2024;18/06/2024;031;391;M;0;0;3;NA;002;NA;NA;V3000;005;3470;042;001;110;F;08009501;32120650;NA;NA;NA;NA;NA;NA;NA;NA;NA;NA;NA;NA;NA;NA;NA;NA;OSPEDALE RIMINI;NA;NA;NA;0
080;080095;2024;17626;2024;080114;051035;21/06/2024;25/06/2024;031;391;M;0;0;4;NA;002;NA;NA;V3001;005;3440;051;001;090;M;08009501;32120651;NA;NA;NA;NA;NA;NA;NA;NA;NA;NA;NA;NA;NA;NA;NA;NA;OSPEDALE RIMINI;NA;NA;NA;0
080;080095;2024;16728;2024;080114;042003;12/06/2024;19/06/2024;062;388;M;0;0;7;NA;002;NA;NA;76518;005;1950;042;001;110;F;08009501;32120654;NA;NA;NA;NA;NA;8871;9059;9547;NA;NA;NA;NA;NA;NA;NA;NA;OSPEDALE RIMINI;NA;NA;NA;0
080;080095;2024;16729;2024;080114;042003;12/06/2024;19/06/2024;062;388;M;0;0;7;NA;002;NA;NA;76518;005;2360;042;001;110;F;08009501;32120655;NA;NA;NA;NA;NA;8871;9547;9059;NA;NA;NA;NA;NA;NA;NA;NA;OSPEDALE RIMINI;NA;NA;NA;0
080;080095;2024;14896;2024;080114;042045;24/05/2024;28/05/2024;062;387;M;0;0;4;NA;002;NA;NA;76518;005;2170;042;001;110;M;08009501;32120656;7756;NA;NA;NA;NA;8871;8901;9059;8619;9547;NA;NA;NA;NA;NA;NA;OSPEDALE RIMINI;NA;NA;NA;0
080;080021;2024;578583;2024;080103;058091;06/06/2024;09/06/2024;031;391;M;0;0;3;NA;002;NA;NA;V3000;005;3580;058;001;120;M;08002106;32120698;NA;NA;NA;NA;NA;8904;NA;NA;NA;NA;NA;NA;NA;NA;NA;NA;OSPEDALE S.MARIA NUOVA - RE;NA;NA;NA;0
080;080021;2024;580150;2024;080103;024061;17/06/2024;19/06/2024;031;391;M;0;0;2;NA;002;NA;NA;V3001;005;3292;024;001;050;F;08002106;32120699;NA;NA;NA;NA;NA;8903;NA;NA;NA;NA;NA;NA;NA;NA;NA;NA;OSPEDALE S.MARIA NUOVA - RE;NA;NA;NA;0
080;080021;2024;580580;2024;080103;020066;19/06/2024;21/06/2024;031;391;M;0;0;2;NA;002;NA;NA;V3000;005;3676;020;001;030;M;08002106;32120700;NA;NA;NA;NA;NA;8903;NA;NA;NA;NA;NA;NA;NA;NA;NA;NA;OSPEDALE S.MARIA NUOVA - RE;NA;NA;NA;0
080;080021;2024;577818;2024;080103;020066;03/06/2024;05/06/2024;031;391;M;0;0;2;NA;002;NA;NA;V3000;005;3530;020;001;030;M;08002103;32120701;NA;NA;NA;NA;NA;897;8903;NA;NA;NA;NA;NA;NA;NA;NA;NA;OSPEDALE MONTECCHIO EMILIA;NA;NA;NA;0
080;080021;2024;580973;2024;080103;001272;22/06/2024;24/06/2024;031;391;M;0;0;2;NA;002;NA;NA;V3000;005;3024;001;001;010;F;08002106;32120707;NA;NA;NA;NA;NA;8903;NA;NA;NA;NA;NA;NA;NA;NA;NA;NA;OSPEDALE S.MARIA NUOVA - RE;NA;NA;NA;0
080;080021;2024;581106;2024;080103;020027;24/06/2024;26/06/2024;031;391;M;0;0;2;NA;002;NA;NA;V3000;005;2805;020;001;030;F;08002106;32120709;NA;NA;NA;NA;NA;8903;NA;NA;NA;NA;NA;NA;NA;NA;NA;NA;OSPEDALE S.MARIA NUOVA - RE;NA;NA;NA;0
080;080909;2024;13146;2024;080909;029033;15/07/2024;18/07/2024;031;391;M;0;0;3;NA;002;NA;NA;V3000;005;3030;029;001;050;F;080909;32121142;NA;NA;NA;NA;NA;9501;9541;9059;NA;NA;NA;NA;NA;NA;NA;NA;AOSPU ARCISPEDALE S.ANNA - FE;NA;NA;NA;0
080;080091;2024;512272;2024;080114;024120;08/06/2024;10/06/2024;031;391;M;0;0;2;NA;002;NA;NA;V3000;005;2785;024;001;050;F;08009101;32121399;NA;NA;NA;NA;NA;NA;NA;NA;NA;NA;NA;NA;NA;NA;NA;NA;OSPEDALE CESENA;NA;NA;NA;0
080;080091;2024;511493;2024;080114;084020;29/05/2024;01/06/2024;031;391;M;0;0;3;NA;002;NA;NA;V3001;005;3290;084;001;190;M;08009101;32121401;NA;NA;NA;NA;NA;NA;NA;NA;NA;NA;NA;NA;NA;NA;NA;NA;OSPEDALE CESENA;NA;NA;NA;0
080;080085;2024;11795;2024;080114;067037;14/06/2024;16/06/2024;031;391;M;0;0;2;NA;002;NA;NA;V3000;005;3204;067;001;130;F;08008501;32121406;NA;NA;NA;NA;NA;NA;NA;NA;NA;NA;NA;NA;NA;NA;NA;NA;OSPEDALE FORLI';NA;NA;NA;0
080;080021;2024;582923;2024;080103;020027;05/07/2024;08/07/2024;031;391;M;0;0;3;NA;002;NA;NA;V3101;005;3028;020;001;030;F;08002106;32121440;NA;NA;NA;NA;NA;8903;NA;NA;NA;NA;NA;NA;NA;NA;NA;NA;OSPEDALE S.MARIA NUOVA - RE;NA;NA;NA;0
080;080960;2024;13269;2024;080960;043023;17/09/2024;19/09/2024;036;225;C;0;74;2;1;002;8311;NA;73671;005;NA;043;001;110;F;080960;32121767;NA;NA;NA;NA;NA;8311;9354;9354;8311;NA;NA;NA;NA;NA;NA;NA;IRCCS - ISTITUTO ORTOPEDICO RIZZOLI;NA;NA;NA;0
080;080960;2024;11985;2024;080960;043023;26/08/2024;31/08/2024;036;467;M;0;52;5;NA;002;NA;NA;V641;005;NA;043;001;110;F;080960;32121767;75479;NA;NA;NA;NA;9305;9354;NA;NA;NA;NA;NA;NA;NA;NA;NA;IRCCS - ISTITUTO ORTOPEDICO RIZZOLI;NA;NA;NA;0
080;080908;2024;406987;2024;080908;063034;16/07/2024;23/07/2024;031;390;M;0;0;7;NA;002;NA;NA;V3001;005;3370;063;001;150;F;080908;32121945;04331;7746;NA;NA;NA;897;9983;8903;8965;9547;9039;9059;9059;9509;897;NA;IRCCS AOU BOLOGNA;NA;NA;NA;0
080;080908;2024;407252;2024;080908;044023;18/07/2024;23/07/2024;008;518;C;0;0;5;1;002;3596;NA;74602;005;3020;044;001;110;F;080908;32122843;NA;NA;NA;NA;NA;3596;9929;3721;3723;8852;8872;8744;8872;8954;NA;NA;IRCCS AOU BOLOGNA;NA;NA;NA;0
080;080004;2024;17001;2024;080101;019006;17/07/2024;20/07/2024;031;391;M;0;0;3;NA;002;NA;NA;V3000;005;3900;019;001;030;M;08000401;32123035;NA;NA;NA;NA;NA;NA;NA;NA;NA;NA;NA;NA;NA;NA;NA;NA;OSPEDALE PIACENZA;NA;NA;NA;0
080;080909;2024;13448;2024;080909;029045;19/07/2024;22/07/2024;031;390;M;0;0;3;NA;002;NA;NA;V3000;005;3850;029;001;050;M;080909;32123536;7706;NA;NA;NA;NA;8965;9396;9390;8873;8872;9501;9541;9059;NA;NA;NA;AOSPU ARCISPEDALE S.ANNA - FE;NA;NA;NA;0
080;080908;2024;407691;2024;080908;071051;21/07/2024;24/07/2024;031;390;M;0;0;3;NA;002;NA;NA;V3000;005;2925;071;001;160;M;080908;32124102;7608;7633;NA;NA;NA;897;8903;8965;8871;897;8619;9059;9509;9547;NA;NA;IRCCS AOU BOLOGNA;NA;NA;NA;0
080;080909;2024;13499;2024;080909;029009;21/07/2024;23/07/2024;031;390;M;0;0;2;NA;002;NA;NA;V3000;005;3440;029;001;050;M;080909;32124159;7609;NA;NA;NA;NA;9501;9059;9541;NA;NA;NA;NA;NA;NA;NA;NA;AOSPU ARCISPEDALE S.ANNA - FE;NA;NA;NA;0
080;080091;2024;515036;2024;080114;058091;17/07/2024;19/07/2024;039;098;M;0;84;2;NA;002;NA;NA;51971;005;NA;058;001;120;F;08009101;32125075;46611;NA;NA;NA;NA;897;8939;8901;NA;NA;NA;NA;NA;NA;NA;NA;OSPEDALE CESENA;NA;NA;NA;0
080;080902;2024;572913;2024;080902;098010;11/07/2024;17/07/2024;062;391;M;0;0;6;NA;002;NA;1;7686;005;NA;098;001;030;M;080902;32125381;NA;NA;NA;NA;NA;8914;8954;8952;8744;8871;9546;8903;8891;NA;NA;NA;AOSPU OSPEDALI RIUNITI - PR;NA;NA;NA;0
080;080004;2024;16450;2024;080101;098010;11/07/2024;11/07/2024;062;385;M;0;0;1;NA;006;NA;NA;7687;005;3250;098;001;030;M;08000401;32125381;7685;NA;NA;NA;NA;3892;9921;8744;9059;9052;NA;NA;NA;NA;NA;NA;OSPEDALE PIACENZA;NA;NA;NA;0
080;080004;2024;15094;2024;080101;019067;24/06/2024;26/06/2024;031;391;M;0;0;2;NA;002;NA;NA;V3001;005;3330;019;001;030;F;08000401;32129965;NA;NA;NA;NA;NA;NA;NA;NA;NA;NA;NA;NA;NA;NA;NA;NA;OSPEDALE PIACENZA;NA;NA;NA;0
080;080004;2024;15452;2024;080101;098010;28/06/2024;30/06/2024;031;391;M;0;0;2;NA;002;NA;NA;V3000;005;3670;098;001;030;F;08000401;32129966;NA;NA;NA;NA;NA;NA;NA;NA;NA;NA;NA;NA;NA;NA;NA;NA;OSPEDALE PIACENZA;NA;NA;NA;0
080;080004;2024;15387;2024;080101;098001;27/06/2024;30/06/2024;031;391;M;0;0;3;NA;002;NA;NA;V3000;005;3610;098;001;030;M;08000401;32129970;NA;NA;NA;NA;NA;NA;NA;NA;NA;NA;NA;NA;NA;NA;NA;NA;OSPEDALE PIACENZA;NA;NA;NA;0
080;080004;2024;14707;2024;080101;098005;19/06/2024;21/06/2024;031;391;M;0;0;2;NA;002;NA;NA;V3000;005;3300;098;001;030;M;08000401;32129972;NA;NA;NA;NA;NA;NA;NA;NA;NA;NA;NA;NA;NA;NA;NA;NA;OSPEDALE PIACENZA;NA;NA;NA;0
080;080004;2024;14858;2024;080101;098057;21/06/2024;25/06/2024;031;391;M;0;0;4;NA;002;NA;NA;V3000;005;3070;098;001;030;M;08000401;32129973;77439;NA;NA;NA;NA;9983;NA;NA;NA;NA;NA;NA;NA;NA;NA;NA;OSPEDALE PIACENZA;NA;NA;NA;0
080;080904;2024;22071;2024;080904;078033;23/07/2024;26/07/2024;031;391;M;0;0;3;NA;002;NA;NA;V3000;005;3300;078;001;180;M;08090401;32130666;NA;NA;NA;NA;NA;NA;NA;NA;NA;NA;NA;NA;NA;NA;NA;NA;AOSPU POLICLINICO - MO;NA;NA;NA;0
080;080053;2024;313227;2024;080105;999235;21/06/2024;24/07/2024;062;386;M;0;35;33;NA;002;NA;NA;76523;005;NA;999;001;235;M;08005301;32130878;36221;7707;7766;74569;77081;9390;8871;9635;8872;9547;9959;9904;9053;9502;NA;NA;OSPEDALE MAGGIORE;NA;NA;NA;0
080;080908;2024;522763;2024;080908;999235;17/05/2024;21/06/2024;073;385;M;0;0;35;NA;006;NA;NA;769;005;1053;999;001;235;M;080908;32130878;76523;76514;77081;7766;7742;897;3892;3899;9390;9604;9053;9915;9929;8906;897;9903;IRCCS AOU BOLOGNA;NA;NA;NA;0
080;080908;2024;408216;2024;080908;048017;25/07/2024;02/08/2024;008;518;C;0;0;8;6;002;3596;NA;7464;005;3015;048;001;090;M;080908;32131153;7463;NA;NA;NA;NA;3596;9929;9962;3722;8872;8842;8872;8954;NA;NA;NA;IRCCS AOU BOLOGNA;NA;NA;NA;0
080;080053;2024;315441;2024;080105;079060;25/07/2024;27/07/2024;031;391;M;0;0;2;NA;002;NA;NA;V3000;005;3670;079;001;180;F;08005301;32131742;NA;NA;NA;NA;NA;897;NA;NA;NA;NA;NA;NA;NA;NA;NA;NA;OSPEDALE MAGGIORE;NA;NA;NA;0
080;080053;2024;315517;2024;080105;071024;26/07/2024;28/07/2024;031;391;M;0;0;2;NA;002;NA;NA;V3001;005;3155;071;001;160;F;08005307;32132126;NA;NA;NA;NA;NA;2591;897;NA;NA;NA;NA;NA;NA;NA;NA;NA;OSPEDALE BENTIVOGLIO;NA;NA;NA;0
080;080053;2024;315541;2024;080105;028034;26/07/2024;29/07/2024;031;391;M;0;0;3;NA;002;NA;NA;V3001;005;3800;028;001;050;M;08005301;32132177;NA;NA;NA;NA;NA;897;NA;NA;NA;NA;NA;NA;NA;NA;NA;NA;OSPEDALE MAGGIORE;NA;NA;NA;0
080;080044;2024;9110;2024;080106;037020;26/07/2024;29/07/2024;031;390;M;0;0;3;NA;002;NA;NA;V3101;005;2350;037;001;080;M;08004401;32132294;7706;NA;NA;NA;NA;NA;NA;NA;NA;NA;NA;NA;NA;NA;NA;NA;OSPEDALE IMOLA;NA;NA;NA;0
080;080044;2024;9108;2024;080106;037020;26/07/2024;29/07/2024;031;389;M;0;0;3;NA;002;NA;NA;V3101;005;2150;037;001;080;M;08004401;32132294;76418;NA;NA;NA;NA;NA;NA;NA;NA;NA;NA;NA;NA;NA;NA;NA;OSPEDALE IMOLA;NA;NA;NA;0
080;080096;2024;7275;2024;080104;047014;27/07/2024;29/07/2024;031;391;M;0;0;2;NA;002;NA;NA;V3000;005;2920;047;001;090;F;080096;32132377;NA;NA;NA;NA;NA;9547;NA;NA;NA;NA;NA;NA;NA;NA;NA;NA;OSPEDALE CIVILE DI SASSUOLO S.P.A.;NA;NA;NA;0
080;080053;2024;315547;2024;080105;028060;27/07/2024;16/08/2024;039;386;M;0;0;20;NA;002;NA;NA;769;005;1895;028;001;050;F;08005307;32132559;7742;76526;V2135;NA;NA;9390;9915;9059;3893;9921;9396;8966;9635;8871;9998;8872;OSPEDALE BENTIVOGLIO;NA;NA;NA;0
080;080004;2024;17045;2024;080101;033049;18/07/2024;21/07/2024;031;390;M;0;0;3;NA;002;NA;NA;V3101;005;2580;033;001;080;M;08000401;32132773;7602;NA;NA;NA;NA;NA;NA;NA;NA;NA;NA;NA;NA;NA;NA;NA;OSPEDALE PIACENZA;NA;NA;NA;0
080;080004;2024;21326;2024;080101;098010;13/09/2024;17/09/2024;039;422;M;0;57;4;NA;002;NA;NA;07999;005;NA;098;001;030;M;08000401;32132774;NA;NA;NA;NA;NA;0331;9918;9921;NA;NA;NA;NA;NA;NA;NA;NA;OSPEDALE PIACENZA;NA;NA;NA;0
080;080004;2024;17044;2024;080101;033049;18/07/2024;21/07/2024;031;390;M;0;0;3;NA;002;NA;NA;V3101;005;2430;033;001;080;M;08000401;32132774;7602;NA;NA;NA;NA;NA;NA;NA;NA;NA;NA;NA;NA;NA;NA;NA;OSPEDALE PIACENZA;NA;NA;NA;0
080;080909;2024;14072;2024;080909;015036;30/07/2024;02/08/2024;031;390;M;0;0;3;NA;002;NA;NA;V3001;005;4130;015;001;030;M;080909;32135367;7661;7617;NA;NA;NA;9059;9501;9541;NA;NA;NA;NA;NA;NA;NA;NA;AOSPU ARCISPEDALE S.ANNA - FE;NA;NA;NA;0
080;080908;2024;408929;2024;080908;048017;30/07/2024;01/08/2024;011;446;M;0;51;2;NA;002;NA;NA;9599;005;NA;048;001;090;F;080908;32135371;NA;NA;NA;NA;NA;897;897;8904;8871;NA;NA;NA;NA;NA;NA;NA;IRCCS AOU BOLOGNA;NA;NA;NA;0
080;080095;2024;17918;2024;080114;041013;24/06/2024;26/06/2024;062;388;M;0;0;2;NA;002;NA;NA;76519;005;2960;041;001;110;M;08009501;32135582;NA;NA;NA;NA;NA;8871;NA;NA;NA;NA;NA;NA;NA;NA;NA;NA;OSPEDALE RIMINI;NA;NA;NA;0
080;080095;2024;17866;2024;080114;042045;24/06/2024;26/06/2024;062;390;M;0;0;2;NA;002;NA;NA;76419;005;2750;042;001;110;F;08009501;32135584;NA;NA;NA;NA;NA;9059;8871;NA;NA;NA;NA;NA;NA;NA;NA;NA;OSPEDALE RIMINI;NA;NA;NA;0
080;080095;2024;17687;2024;080114;041014;21/06/2024;25/06/2024;062;389;M;0;0;4;NA;002;NA;NA;7756;005;3060;041;001;110;M;08009501;32135586;NA;NA;NA;NA;NA;8879;NA;NA;NA;NA;NA;NA;NA;NA;NA;NA;OSPEDALE RIMINI;NA;NA;NA;0
080;080004;2024;14379;2024;080101;999450;15/06/2024;20/06/2024;062;386;M;0;0;5;NA;002;NA;NA;769;005;3380;999;001;450;M;08000401;32135746;NA;NA;NA;NA;NA;9390;8744;9059;9921;8872;NA;NA;NA;NA;NA;NA;OSPEDALE PIACENZA;NA;NA;NA;0
080;080053;2024;311385;2024;080105;999401;29/05/2024;01/06/2024;031;391;M;0;0;3;NA;002;NA;NA;V3000;005;3625;999;001;401;M;08005301;32135749;NA;NA;NA;NA;NA;897;NA;NA;NA;NA;NA;NA;NA;NA;NA;NA;OSPEDALE MAGGIORE;NA;NA;NA;0
080;080909;2024;14117;2024;080909;020061;31/07/2024;26/08/2024;062;386;M;0;0;26;NA;002;NA;NA;76528;005;2800;020;001;030;M;080909;32135917;76519;769;7742;7754;NA;9390;8744;8873;3898;8871;9983;9541;8872;9546;9093;NA;AOSPU ARCISPEDALE S.ANNA - FE;NA;NA;NA;0
080;080904;2024;22242;2024;080904;999460;25/07/2024;28/07/2024;031;391;M;0;0;3;NA;002;NA;NA;V3000;005;2450;999;001;460;F;08090401;32137401;NA;NA;NA;NA;NA;NA;NA;NA;NA;NA;NA;NA;NA;NA;NA;NA;AOSPU POLICLINICO - MO;NA;NA;NA;0
080;080095;2024;21738;2024;080114;041013;02/08/2024;09/08/2024;065;301;M;0;32;2;NA;002;NA;NA;2372;005;NA;041;002;110;F;08009501;32137603;NA;NA;NA;NA;NA;897;NA;NA;NA;NA;NA;NA;NA;NA;NA;NA;OSPEDALE RIMINI;NA;NA;NA;0
080;080021;2024;583873;2024;080103;049002;11/07/2024;26/07/2024;062;389;M;0;0;15;NA;002;NA;NA;7685;005;2920;049;001;090;M;08002106;32137695;7790;NA;NA;NA;NA;9671;3892;8872;8871;9981;8914;9915;8891;NA;NA;NA;OSPEDALE S.MARIA NUOVA - RE;NA;NA;NA;0
080;080902;2024;573181;2024;080902;020066;14/07/2024;17/07/2024;031;391;M;0;0;3;NA;002;NA;NA;V3000;005;2730;020;001;030;M;080902;32138475;NA;NA;NA;NA;NA;9307;9546;9509;897;8903;8939;NA;NA;NA;NA;NA;AOSPU OSPEDALI RIUNITI - PR;NA;NA;NA;0
080;080004;2024;15668;2024;080101;098054;01/07/2024;04/07/2024;031;391;M;0;0;3;NA;002;NA;NA;V3001;005;2870;098;001;030;M;08000401;32138530;NA;NA;NA;NA;NA;NA;NA;NA;NA;NA;NA;NA;NA;NA;NA;NA;OSPEDALE PIACENZA;NA;NA;NA;0
080;080004;2024;15596;2024;080101;098051;30/06/2024;03/07/2024;031;391;M;0;0;3;NA;002;NA;NA;V3000;005;3420;098;001;030;F;08000401;32138620;NA;NA;NA;NA;NA;NA;NA;NA;NA;NA;NA;NA;NA;NA;NA;NA;OSPEDALE PIACENZA;NA;NA;NA;0
080;080004;2024;17213;2024;080101;098019;20/07/2024;22/07/2024;031;391;M;0;0;2;NA;002;NA;NA;V3000;005;2890;098;001;030;F;08000401;32138687;NA;NA;NA;NA;NA;NA;NA;NA;NA;NA;NA;NA;NA;NA;NA;NA;OSPEDALE PIACENZA;NA;NA;NA;0
080;080909;2024;14296;2024;080909;029022;03/08/2024;05/08/2024;031;390;M;0;0;2;NA;002;NA;NA;V3000;005;3675;029;001;050;F;080909;32138779;7609;NA;NA;NA;NA;9059;9541;9501;NA;NA;NA;NA;NA;NA;NA;NA;AOSPU ARCISPEDALE S.ANNA - FE;NA;NA;NA;0
080;080004;2024;18004;2024;080101;098029;30/07/2024;02/08/2024;031;391;M;0;0;3;NA;002;NA;NA;V3000;005;3180;098;001;030;F;08000401;32138804;NA;NA;NA;NA;NA;NA;NA;NA;NA;NA;NA;NA;NA;NA;NA;NA;OSPEDALE PIACENZA;NA;NA;NA;0
080;080909;2024;14336;2024;080909;029033;04/08/2024;06/08/2024;031;391;M;0;0;2;NA;002;NA;NA;V3000;005;3595;029;001;050;F;080909;32139165;7788;NA;NA;NA;NA;9059;9541;9501;NA;NA;NA;NA;NA;NA;NA;NA;AOSPU ARCISPEDALE S.ANNA - FE;NA;NA;NA;0
080;080004;2024;16916;2024;080101;033011;17/07/2024;21/07/2024;062;386;M;0;0;4;NA;002;NA;NA;769;005;3240;033;001;080;M;08000401;32139913;7686;NA;NA;NA;NA;8914;8744;9059;9390;9503;NA;NA;NA;NA;NA;NA;OSPEDALE PIACENZA;NA;NA;NA;0
080;080004;2024;15716;2024;080101;033027;01/07/2024;13/07/2024;062;389;M;0;0;12;NA;002;NA;NA;77189;005;3470;033;001;080;M;08000401;32140223;77084;NA;NA;NA;NA;9921;9396;9918;9511;8871;NA;NA;NA;NA;NA;NA;OSPEDALE PIACENZA;NA;NA;NA;0
080;080091;2024;515940;2024;080114;021089;30/07/2024;30/07/2024;039;184;M;0;209;1;NA;005;NA;NA;0091;005;NA;021;001;041;F;08009101;32142785;2512;NA;NA;NA;NA;9918;9059;9032;8901;8966;NA;NA;NA;NA;NA;NA;OSPEDALE CESENA;NA;NA;NA;0
080;080095;2024;21698;2024;080114;015146;02/08/2024;04/08/2024;039;298;M;0;22;2;NA;002;NA;NA;2512;005;NA;015;001;030;F;08009501;32143064;7793;NA;NA;NA;NA;9929;8952;8872;8966;897;8901;9059;NA;NA;NA;NA;OSPEDALE RIMINI;NA;NA;NA;0
080;080095;2024;20727;2024;080114;017041;23/07/2024;27/07/2024;039;422;M;0;60;4;NA;002;NA;NA;7806;005;NA;017;001;030;M;08009501;32143303;32301;NA;NA;NA;NA;0331;9003;9921;8952;8872;8913;9059;897;NA;NA;NA;OSPEDALE RIMINI;NA;NA;NA;0
080;080902;2024;560706;2024;080902;019021;03/03/2024;05/03/2024;031;391;M;0;0;2;NA;002;NA;NA;V3000;005;3935;019;001;030;F;080902;32143652;NA;NA;NA;NA;NA;9307;9546;897;8939;8903;NA;NA;NA;NA;NA;NA;AOSPU OSPEDALI RIUNITI - PR;NA;NA;NA;0
080;080004;2024;16091;2024;080101;019076;06/07/2024;10/07/2024;062;388;M;0;0;4;NA;002;NA;NA;76518;005;2080;019;001;030;M;08000401;32143700;NA;NA;NA;NA;NA;9059;NA;NA;NA;NA;NA;NA;NA;NA;NA;NA;OSPEDALE PIACENZA;NA;NA;NA;0
080;080004;2024;16014;2024;080101;098026;05/07/2024;16/07/2024;062;388;M;0;0;11;NA;002;NA;NA;76518;005;2280;098;001;030;M;08000401;32143773;27541;NA;NA;NA;NA;8871;9059;8872;NA;NA;NA;NA;NA;NA;NA;NA;OSPEDALE PIACENZA;NA;NA;NA;0
080;080004;2024;18374;2024;080101;098010;05/08/2024;08/08/2024;031;391;M;0;0;3;NA;002;NA;NA;V3000;005;4030;098;001;030;M;08000401;32144714;NA;NA;NA;NA;NA;NA;NA;NA;NA;NA;NA;NA;NA;NA;NA;NA;OSPEDALE PIACENZA;NA;NA;NA;0
080;080013;2024;8278;2024;080102;020066;17/07/2024;20/07/2024;031;391;M;0;0;3;NA;002;NA;NA;V3000;005;3840;020;001;030;M;08001301;32144919;NA;NA;NA;NA;NA;9546;8939;8903;897;9307;8965;NA;NA;NA;NA;NA;OSPEDALE FIDENZA;NA;NA;NA;0
080;080013;2024;8073;2024;080102;108025;11/07/2024;14/07/2024;031;390;M;0;0;3;NA;002;NA;NA;V3000;005;3380;108;001;030;F;08001301;32144921;7731;NA;NA;NA;NA;8959;8879;8965;9983;9546;NA;NA;NA;NA;NA;NA;OSPEDALE FIDENZA;NA;NA;NA;0
080;080013;2024;8139;2024;080102;021008;13/07/2024;16/07/2024;031;391;M;0;0;3;NA;002;NA;NA;V3000;005;3700;021;001;041;F;08001301;32144929;NA;NA;NA;NA;NA;8959;8965;9546;8879;NA;NA;NA;NA;NA;NA;NA;OSPEDALE FIDENZA;NA;NA;NA;0
080;080013;2024;7735;2024;080102;019021;02/07/2024;04/07/2024;031;391;M;0;0;2;NA;002;NA;NA;V3000;005;3520;019;001;030;M;08001301;32144935;NA;NA;NA;NA;NA;9546;9307;8903;8879;8959;8939;897;NA;NA;NA;NA;OSPEDALE FIDENZA;NA;NA;NA;0
080;080904;2024;23213;2024;080904;060038;06/08/2024;08/08/2024;031;391;M;0;0;2;NA;002;NA;NA;V3000;005;3370;060;001;120;F;08090401;32145014;NA;NA;NA;NA;NA;NA;NA;NA;NA;NA;NA;NA;NA;NA;NA;NA;AOSPU POLICLINICO - MO;NA;NA;NA;0
080;080902;2024;580571;2024;080902;068028;23/09/2024;30/09/2024;010;052;C;0;221;7;1;002;2754;NA;74922;005;NA;068;001;130;M;080902;32145095;V5849;NA;NA;NA;NA;2754;9738;NA;NA;NA;NA;NA;NA;NA;NA;NA;AOSPU OSPEDALI RIUNITI - PR;NA;NA;NA;0
080;080004;2024;18448;2024;080101;098026;05/08/2024;07/08/2024;031;390;M;0;0;2;NA;002;NA;NA;V3000;005;3060;098;001;030;F;08000401;32145310;7612;NA;NA;NA;NA;NA;NA;NA;NA;NA;NA;NA;NA;NA;NA;NA;OSPEDALE PIACENZA;NA;NA;NA;0
080;080908;2024;409752;2024;080908;037030;07/08/2024;09/08/2024;031;391;M;0;0;2;NA;002;NA;NA;V3000;005;3790;037;001;080;M;080908;32145345;NA;NA;NA;NA;NA;897;8965;8903;897;9059;9509;9547;8619;NA;NA;NA;IRCCS AOU BOLOGNA;NA;NA;NA;0
080;080902;2024;576618;2024;080902;019021;05/08/2024;07/08/2024;031;391;M;0;0;2;NA;002;NA;NA;76409;005;3000;019;001;030;F;080902;32145413;NA;NA;NA;NA;NA;9546;897;8903;8939;9307;9509;NA;NA;NA;NA;NA;AOSPU OSPEDALI RIUNITI - PR;NA;NA;NA;0
080;080004;2024;18537;2024;080101;016172;07/08/2024;09/08/2024;031;391;M;0;0;2;NA;002;NA;NA;V3000;005;3070;016;001;030;M;08000401;32146104;NA;NA;NA;NA;NA;NA;NA;NA;NA;NA;NA;NA;NA;NA;NA;NA;OSPEDALE PIACENZA;NA;NA;NA;0
080;080909;2024;14527;2024;080909;029022;07/08/2024;10/08/2024;031;391;M;0;0;3;NA;002;NA;NA;V3001;005;2910;029;001;050;M;080909;32146148;NA;NA;NA;NA;NA;9541;9059;9501;NA;NA;NA;NA;NA;NA;NA;NA;AOSPU ARCISPEDALE S.ANNA - FE;NA;NA;NA;0
080;080053;2024;316474;2024;080105;053011;20/08/2024;29/08/2024;062;467;M;0;13;9;NA;002;NA;NA;V650;005;NA;053;001;090;F;08005301;32146170;NA;NA;NA;NA;NA;897;NA;NA;NA;NA;NA;NA;NA;NA;NA;NA;OSPEDALE MAGGIORE;NA;NA;NA;0
080;080053;2024;316017;2024;080105;053008;07/08/2024;12/08/2024;031;391;M;0;0;5;NA;002;NA;NA;V3001;005;2530;053;001;090;F;08005301;32146170;NA;NA;NA;NA;NA;897;NA;NA;NA;NA;NA;NA;NA;NA;NA;NA;OSPEDALE MAGGIORE;NA;NA;NA;0
080;080960;2024;15534;2024;080960;070078;26/10/2024;29/10/2024;036;225;C;0;243;3;2;002;8384;NA;75470;005;NA;070;001;140;M;080960;32147556;NA;NA;NA;NA;NA;8384;NA;NA;NA;NA;NA;NA;NA;NA;NA;NA;IRCCS - ISTITUTO ORTOPEDICO RIZZOLI;NA;NA;NA;0
080;080909;2024;14808;2024;080909;029012;11/08/2024;14/08/2024;062;389;M;0;0;3;NA;002;NA;NA;76529;005;3240;029;001;050;F;080909;32147751;77189;NA;NA;NA;NA;3898;9921;9053;9093;8959;9546;9059;9501;8871;NA;NA;AOSPU ARCISPEDALE S.ANNA - FE;NA;NA;NA;0
080;080072;2024;17756;2024;080114;019024;11/08/2024;12/08/2024;039;184;M;0;246;1;NA;002;NA;NA;5362;005;NA;019;001;030;F;080072;32148432;7235;NA;NA;NA;NA;8903;897;8959;9929;9918;NA;NA;NA;NA;NA;NA;OSPEDALE RAVENNA;NA;NA;NA;0
080;080095;2024;22438;2024;080114;058091;10/08/2024;13/08/2024;039;423;M;0;30;3;NA;002;NA;NA;0419;005;NA;058;001;120;F;08009501;32148666;NA;NA;NA;NA;NA;9921;8901;9053;9092;9099;897;9059;NA;NA;NA;NA;OSPEDALE RIMINI;NA;NA;NA;0
080;080091;2024;516395;2024;080114;022089;05/08/2024;06/08/2024;039;235;M;0;268;1;NA;002;NA;NA;82100;005;NA;022;001;042;F;08009101;32148800;NA;NA;NA;NA;NA;9353;8939;8903;8907;8827;897;3899;NA;NA;NA;NA;OSPEDALE CESENA;NA;NA;NA;0
080;080082;2024;807652;2024;080114;999201;02/09/2024;02/12/2024;039;390;M;0;47;4;NA;002;NA;NA;7765;005;NA;999;002;201;F;080082;32148852;NA;NA;NA;NA;NA;9059;8903;NA;NA;NA;NA;NA;NA;NA;NA;NA;OSPEDALE FAENZA;NA;NA;NA;0
080;080082;2024;806376;2024;080114;999201;17/07/2024;20/07/2024;031;391;M;0;0;3;NA;002;NA;NA;V3001;005;3770;999;001;201;F;080082;32148852;NA;NA;NA;NA;NA;8874;897;NA;NA;NA;NA;NA;NA;NA;NA;NA;OSPEDALE FAENZA;NA;NA;NA;0
080;080072;2024;17815;2024;080114;999201;12/08/2024;16/08/2024;039;574;M;0;26;4;NA;002;NA;NA;28310;005;NA;999;001;201;F;080072;32148852;NA;NA;NA;NA;NA;9900;9092;3899;8959;9099;8871;8876;8929;8744;8872;9541;OSPEDALE RAVENNA;NA;NA;NA;0
080;080095;2024;19138;2024;080114;041044;06/07/2024;08/07/2024;031;391;M;0;0;2;NA;002;NA;NA;V3000;005;3545;041;001;110;F;08009501;32149547;NA;NA;NA;NA;NA;NA;NA;NA;NA;NA;NA;NA;NA;NA;NA;NA;OSPEDALE RIMINI;NA;NA;NA;0
080;080095;2024;20377;2024;080114;015146;19/07/2024;21/07/2024;031;391;M;0;0;2;NA;002;NA;NA;V3000;005;3600;015;001;030;F;08009501;32149549;NA;NA;NA;NA;NA;NA;NA;NA;NA;NA;NA;NA;NA;NA;NA;NA;OSPEDALE RIMINI;NA;NA;NA;0
080;080095;2024;20249;2024;080114;041029;18/07/2024;20/07/2024;031;391;M;0;0;2;NA;002;NA;NA;V3000;005;3965;041;001;110;M;08009501;32149550;NA;NA;NA;NA;NA;NA;NA;NA;NA;NA;NA;NA;NA;NA;NA;NA;OSPEDALE RIMINI;NA;NA;NA;0
080;080095;2024;20302;2024;080114;041066;18/07/2024;20/07/2024;031;391;M;0;0;2;NA;002;NA;NA;V3000;005;2960;041;001;110;F;08009501;32149552;NA;NA;NA;NA;NA;NA;NA;NA;NA;NA;NA;NA;NA;NA;NA;NA;OSPEDALE RIMINI;NA;NA;NA;0
080;080095;2024;17854;2024;080114;042022;23/06/2024;02/07/2024;062;390;M;0;0;9;NA;002;NA;NA;7602;005;3840;042;001;110;M;08009501;32149553;NA;NA;NA;NA;NA;NA;NA;NA;NA;NA;NA;NA;NA;NA;NA;NA;OSPEDALE RIMINI;NA;NA;NA;0
080;080095;2024;18540;2024;080114;041044;30/06/2024;04/07/2024;062;390;M;0;0;4;NA;002;NA;NA;7661;005;3880;041;001;110;F;08009501;32149555;7793;78340;NA;NA;NA;9059;NA;NA;NA;NA;NA;NA;NA;NA;NA;NA;OSPEDALE RIMINI;NA;NA;NA;0
080;080095;2024;21155;2024;080114;041044;27/07/2024;29/07/2024;031;391;M;0;0;2;NA;002;NA;NA;V3000;005;3940;041;001;110;M;08009501;32149557;NA;NA;NA;NA;NA;NA;NA;NA;NA;NA;NA;NA;NA;NA;NA;NA;OSPEDALE RIMINI;NA;NA;NA;0
080;080095;2024;18516;2024;080114;042002;30/06/2024;03/07/2024;062;389;M;0;0;3;NA;002;NA;NA;76418;005;2460;042;001;110;F;08009501;32149558;7602;7421;NA;NA;NA;8871;8901;9059;9547;8619;NA;NA;NA;NA;NA;NA;OSPEDALE RIMINI;NA;NA;NA;0
080;080095;2024;20537;2024;080114;041013;21/07/2024;23/07/2024;031;391;M;0;0;2;NA;002;NA;NA;V3000;005;3800;041;001;110;F;08009501;32149559;NA;NA;NA;NA;NA;NA;NA;NA;NA;NA;NA;NA;NA;NA;NA;NA;OSPEDALE RIMINI;NA;NA;NA;0
080;080095;2024;19817;2024;080114;042045;13/07/2024;16/07/2024;031;391;M;0;0;3;NA;002;NA;NA;V3001;005;3830;042;001;110;F;08009501;32149561;NA;NA;NA;NA;NA;NA;NA;NA;NA;NA;NA;NA;NA;NA;NA;NA;OSPEDALE RIMINI;NA;NA;NA;0
080;080095;2024;18128;2024;080114;041044;26/06/2024;02/07/2024;062;389;M;0;0;6;NA;002;NA;NA;76417;005;1880;041;001;110;M;08009501;32149563;7756;NA;NA;NA;NA;9059;8871;NA;NA;NA;NA;NA;NA;NA;NA;NA;OSPEDALE RIMINI;NA;NA;NA;0
080;080095;2024;21302;2024;080114;015036;29/07/2024;31/07/2024;031;391;M;0;0;2;NA;002;NA;NA;V3001;005;3350;015;001;030;F;08009501;32149565;NA;NA;NA;NA;NA;NA;NA;NA;NA;NA;NA;NA;NA;NA;NA;NA;OSPEDALE RIMINI;NA;NA;NA;0
080;080095;2024;20699;2024;080114;042021;23/07/2024;25/07/2024;031;391;M;0;0;2;NA;002;NA;NA;V3000;005;3720;042;001;110;M;08009501;32149567;NA;NA;NA;NA;NA;NA;NA;NA;NA;NA;NA;NA;NA;NA;NA;NA;OSPEDALE RIMINI;NA;NA;NA;0
080;080095;2024;20486;2024;080114;041044;20/07/2024;22/07/2024;031;391;M;0;0;2;NA;002;NA;NA;V3000;005;3800;041;001;110;F;08009501;32149568;NA;NA;NA;NA;NA;NA;NA;NA;NA;NA;NA;NA;NA;NA;NA;NA;OSPEDALE RIMINI;NA;NA;NA;0
080;080095;2024;21120;2024;080114;041013;26/07/2024;28/07/2024;031;391;M;0;0;2;NA;002;NA;NA;V3000;005;3310;041;001;110;M;08009501;32149572;NA;NA;NA;NA;NA;NA;NA;NA;NA;NA;NA;NA;NA;NA;NA;NA;OSPEDALE RIMINI;NA;NA;NA;0
080;080095;2024;19179;2024;080114;041044;07/07/2024;09/07/2024;062;390;M;0;0;2;NA;002;NA;NA;7661;005;3940;041;001;110;F;08009501;32149573;7793;78340;NA;NA;NA;9059;NA;NA;NA;NA;NA;NA;NA;NA;NA;NA;OSPEDALE RIMINI;NA;NA;NA;0
080;080095;2024;20958;2024;080114;041067;25/07/2024;27/07/2024;031;391;M;0;0;2;NA;002;NA;NA;V3000;005;2950;041;001;110;F;08009501;32149574;NA;NA;NA;NA;NA;NA;NA;NA;NA;NA;NA;NA;NA;NA;NA;NA;OSPEDALE RIMINI;NA;NA;NA;0
080;080095;2024;20817;2024;080114;041013;24/07/2024;27/07/2024;062;390;M;0;0;3;NA;002;NA;NA;7706;005;4150;041;001;110;M;08009501;32149575;7661;NA;NA;NA;NA;9059;9396;NA;NA;NA;NA;NA;NA;NA;NA;NA;OSPEDALE RIMINI;NA;NA;NA;0
080;080095;2024;20496;2024;080114;041071;20/07/2024;22/07/2024;062;390;M;0;0;2;NA;002;NA;NA;7661;005;3870;041;001;110;F;08009501;32149577;7793;78340;NA;NA;NA;9059;NA;NA;NA;NA;NA;NA;NA;NA;NA;NA;OSPEDALE RIMINI;NA;NA;NA;0
080;080095;2024;19802;2024;080114;019067;13/07/2024;15/07/2024;031;391;M;0;0;2;NA;002;NA;NA;V3000;005;3125;019;001;030;F;08009501;32149578;NA;NA;NA;NA;NA;NA;NA;NA;NA;NA;NA;NA;NA;NA;NA;NA;OSPEDALE RIMINI;NA;NA;NA;0
080;080095;2024;20144;2024;080114;041013;17/07/2024;19/07/2024;031;391;M;0;0;2;NA;002;NA;NA;V3000;005;3300;041;001;110;F;08009501;32149582;NA;NA;NA;NA;NA;NA;NA;NA;NA;NA;NA;NA;NA;NA;NA;NA;OSPEDALE RIMINI;NA;NA;NA;0
080;080909;2024;14877;2024;080909;029046;12/08/2024;15/08/2024;031;390;M;0;0;3;NA;002;NA;NA;V3000;005;3035;029;001;050;F;080909;32149861;7609;NA;NA;NA;NA;9059;9501;9541;NA;NA;NA;NA;NA;NA;NA;NA;AOSPU ARCISPEDALE S.ANNA - FE;NA;NA;NA;0
080;080091;2024;514421;2024;080114;051030;09/07/2024;13/07/2024;031;391;M;0;0;4;NA;002;NA;NA;V3000;005;3235;051;001;090;F;08009101;32150738;NA;NA;NA;NA;NA;NA;NA;NA;NA;NA;NA;NA;NA;NA;NA;NA;OSPEDALE CESENA;NA;NA;NA;0
080;080004;2024;18941;2024;080101;098053;13/08/2024;16/08/2024;031;391;M;0;0;3;NA;002;NA;NA;V3001;005;3030;098;001;030;F;08000401;32150977;NA;NA;NA;NA;NA;NA;NA;NA;NA;NA;NA;NA;NA;NA;NA;NA;OSPEDALE PIACENZA;NA;NA;NA;0
080;080908;2024;410726;2024;080908;089013;16/08/2024;19/08/2024;031;391;M;0;0;3;NA;002;NA;NA;V3001;005;3255;089;001;190;M;080908;32151271;NA;NA;NA;NA;NA;897;8965;8903;897;9059;9509;9547;8619;NA;NA;NA;IRCCS AOU BOLOGNA;NA;NA;NA;0
080;080909;2024;15196;2024;080909;029033;18/08/2024;21/08/2024;031;389;M;0;0;3;NA;002;NA;NA;V3000;005;2675;029;001;050;F;080909;32151782;7609;76409;7788;7612;5780;9501;9634;9608;9059;9541;NA;NA;NA;NA;NA;NA;AOSPU ARCISPEDALE S.ANNA - FE;NA;NA;NA;0
080;080909;2024;15304;2024;080909;017025;20/08/2024;27/08/2024;039;087;M;0;292;7;NA;002;NA;NA;51884;005;NA;017;001;030;F;080909;32151856;46619;NA;NA;NA;NA;9032;9394;9390;8744;8903;9092;9099;3899;9059;8959;NA;AOSPU ARCISPEDALE S.ANNA - FE;NA;NA;NA;0
080;080085;2024;15822;2024;080114;019098;16/08/2024;16/08/2024;039;184;M;0;60;1;NA;002;NA;NA;78703;005;NA;019;001;030;F;08008501;32152844;NA;NA;NA;NA;NA;9059;NA;NA;NA;NA;NA;NA;NA;NA;NA;NA;OSPEDALE FORLI';NA;NA;NA;0
080;080095;2024;23011;2024;080114;012106;17/08/2024;19/08/2024;039;422;M;0;114;2;NA;002;NA;NA;04321;005;NA;012;001;030;F;08009501;32153395;V0700;78703;NA;NA;NA;9059;8901;9918;NA;NA;NA;NA;NA;NA;NA;NA;OSPEDALE RIMINI;NA;NA;NA;0
080;080004;2024;15857;2024;080101;098054;03/07/2024;06/07/2024;031;391;M;0;0;3;NA;002;NA;NA;V3001;005;3240;098;001;030;M;08000401;32153931;NA;NA;NA;NA;NA;NA;NA;NA;NA;NA;NA;NA;NA;NA;NA;NA;OSPEDALE PIACENZA;NA;NA;NA;0
080;080004;2024;17279;2024;080101;999252;21/07/2024;24/07/2024;031;391;M;0;0;3;NA;002;NA;NA;V3000;005;3390;999;001;252;F;08000401;32153972;NA;NA;NA;NA;NA;NA;NA;NA;NA;NA;NA;NA;NA;NA;NA;NA;OSPEDALE PIACENZA;NA;NA;NA;0
080;080960;2024;17144;2024;080960;069046;24/11/2024;26/11/2024;036;256;M;0;239;2;NA;002;NA;NA;75470;005;NA;069;001;130;F;080960;32154906;V5877;NA;NA;NA;NA;9354;9357;NA;NA;NA;NA;NA;NA;NA;NA;NA;IRCCS - ISTITUTO ORTOPEDICO RIZZOLI;NA;NA;NA;0
080;080960;2024;17526;2024;080960;069046;01/12/2024;03/12/2024;036;256;M;0;246;2;NA;002;NA;NA;73671;005;NA;069;001;130;F;080960;32154906;NA;NA;NA;NA;NA;9357;NA;NA;NA;NA;NA;NA;NA;NA;NA;NA;IRCCS - ISTITUTO ORTOPEDICO RIZZOLI;NA;NA;NA;0
080;080960;2024;16312;2024;080960;069046;10/11/2024;19/11/2024;036;229;C;0;225;9;1;002;7844;NA;75471;005;NA;069;001;130;F;080960;32154906;8920;75470;NA;NA;NA;7844;9357;9354;9357;NA;NA;NA;NA;NA;NA;NA;IRCCS - ISTITUTO ORTOPEDICO RIZZOLI;NA;NA;NA;0
080;080960;2024;17965;2024;080960;069046;08/12/2024;10/12/2024;036;453;M;0;253;2;NA;002;NA;NA;99883;005;NA;069;001;130;F;080960;32154906;NA;NA;NA;NA;NA;9354;9357;NA;NA;NA;NA;NA;NA;NA;NA;NA;IRCCS - ISTITUTO ORTOPEDICO RIZZOLI;NA;NA;NA;0
080;080960;2024;18375;2024;080960;069046;15/12/2024;17/12/2024;036;256;M;0;260;2;NA;002;NA;NA;75470;005;NA;069;001;130;F;080960;32154906;NA;NA;NA;NA;NA;9712;NA;NA;NA;NA;NA;NA;NA;NA;NA;NA;IRCCS - ISTITUTO ORTOPEDICO RIZZOLI;NA;NA;NA;0
080;080909;2024;15286;2024;080909;029003;20/08/2024;24/08/2024;031;389;M;0;0;4;NA;002;NA;NA;76499;005;2890;029;001;050;M;080909;32154985;7756;7788;3331;NA;NA;9501;9059;9541;8965;NA;NA;NA;NA;NA;NA;NA;AOSPU ARCISPEDALE S.ANNA - FE;NA;NA;NA;0
080;080072;2024;16766;2024;080114;018100;28/07/2024;30/07/2024;031;391;M;0;0;2;NA;002;NA;NA;V3000;005;3485;018;001;030;F;080072;32160067;NA;NA;NA;NA;NA;NA;NA;NA;NA;NA;NA;NA;NA;NA;NA;NA;OSPEDALE RAVENNA;NA;NA;NA;0
080;080072;2024;15859;2024;080114;058091;16/07/2024;21/07/2024;031;391;M;0;0;5;NA;002;NA;NA;V3000;005;2570;058;001;120;M;080072;32160071;NA;NA;NA;NA;NA;NA;NA;NA;NA;NA;NA;NA;NA;NA;NA;NA;OSPEDALE RAVENNA;NA;NA;NA;0
080;080082;2024;806054;2024;080114;039004;06/07/2024;08/07/2024;031;391;M;0;0;2;NA;002;NA;NA;V3000;005;3270;039;001;080;M;080082;32160073;NA;NA;NA;NA;NA;NA;NA;NA;NA;NA;NA;NA;NA;NA;NA;NA;OSPEDALE FAENZA;NA;NA;NA;0
080;080004;2024;25821;2024;080101;098026;05/11/2024;06/11/2024;039;284;M;0;120;1;NA;002;NA;NA;22801;005;NA;098;001;030;F;08000401;32162030;NA;NA;NA;NA;NA;8952;8872;NA;NA;NA;NA;NA;NA;NA;NA;NA;OSPEDALE PIACENZA;NA;NA;NA;0
080;080004;2024;16218;2024;080101;098026;08/07/2024;11/07/2024;031;391;M;0;0;3;NA;002;NA;NA;V3000;005;3085;098;001;030;F;08000401;32162030;NA;NA;NA;NA;NA;NA;NA;NA;NA;NA;NA;NA;NA;NA;NA;NA;OSPEDALE PIACENZA;NA;NA;NA;0
080;080004;2024;16226;2024;080101;098010;08/07/2024;10/07/2024;031;390;M;0;0;2;NA;002;NA;NA;V3000;005;3080;098;001;030;F;08000401;32162032;7731;NA;NA;NA;NA;NA;NA;NA;NA;NA;NA;NA;NA;NA;NA;NA;OSPEDALE PIACENZA;NA;NA;NA;0
080;080004;2024;17159;2024;080101;098026;19/07/2024;22/07/2024;031;391;M;0;0;3;NA;002;NA;NA;V3000;005;3580;098;001;030;F;08000401;32162036;NA;NA;NA;NA;NA;NA;NA;NA;NA;NA;NA;NA;NA;NA;NA;NA;OSPEDALE PIACENZA;NA;NA;NA;0
080;080004;2024;17428;2024;080101;098006;23/07/2024;25/07/2024;031;391;M;0;0;2;NA;002;NA;NA;V3000;005;3680;098;001;030;M;08000401;32162037;NA;NA;NA;NA;NA;NA;NA;NA;NA;NA;NA;NA;NA;NA;NA;NA;OSPEDALE PIACENZA;NA;NA;NA;0
080;080004;2024;17823;2024;080101;098019;29/07/2024;31/07/2024;031;391;M;0;0;2;NA;002;NA;NA;V3000;005;3390;098;001;030;F;08000401;32162039;NA;NA;NA;NA;NA;NA;NA;NA;NA;NA;NA;NA;NA;NA;NA;NA;OSPEDALE PIACENZA;NA;NA;NA;0
080;080004;2024;17629;2024;080101;098019;25/07/2024;28/07/2024;031;391;M;0;0;3;NA;002;NA;NA;V3000;005;3160;098;001;030;F;08000401;32162044;NA;NA;NA;NA;NA;NA;NA;NA;NA;NA;NA;NA;NA;NA;NA;NA;OSPEDALE PIACENZA;NA;NA;NA;0
080;080004;2024;16544;2024;080101;098019;12/07/2024;15/07/2024;031;391;M;0;0;3;NA;002;NA;NA;V3000;005;3400;098;001;030;M;08000401;32162045;NA;NA;NA;NA;NA;NA;NA;NA;NA;NA;NA;NA;NA;NA;NA;NA;OSPEDALE PIACENZA;NA;NA;NA;0
080;080004;2024;16274;2024;080101;098054;09/07/2024;12/07/2024;031;391;M;0;0;3;NA;002;NA;NA;V3000;005;3680;098;001;030;M;08000401;32162047;NA;NA;NA;NA;NA;NA;NA;NA;NA;NA;NA;NA;NA;NA;NA;NA;OSPEDALE PIACENZA;NA;NA;NA;0
080;080004;2024;15290;2024;080101;098019;26/06/2024;04/07/2024;062;386;M;0;0;8;NA;002;NA;NA;769;005;3190;098;001;030;F;08000401;32162050;7686;77012;77189;NA;NA;9390;3194;9921;8744;9059;9604;NA;NA;NA;NA;NA;OSPEDALE PIACENZA;NA;NA;NA;0
080;080004;2024;15449;2024;080101;098049;28/06/2024;01/07/2024;031;391;M;0;0;3;NA;002;NA;NA;V3000;005;3480;098;001;030;M;08000401;32162051;NA;NA;NA;NA;NA;NA;NA;NA;NA;NA;NA;NA;NA;NA;NA;NA;OSPEDALE PIACENZA;NA;NA;NA;0
080;080004;2024;16784;2024;080101;098035;15/07/2024;17/07/2024;031;391;M;0;0;2;NA;002;NA;NA;V3000;005;3240;098;001;030;F;08000401;32162055;NA;NA;NA;NA;NA;NA;NA;NA;NA;NA;NA;NA;NA;NA;NA;NA;OSPEDALE PIACENZA;NA;NA;NA;0
080;080908;2024;522929;2024;080908;999314;18/05/2024;21/05/2024;031;391;M;0;0;3;NA;002;NA;NA;V3000;005;3300;999;001;314;M;080908;32162133;76719;NA;NA;NA;NA;8903;8965;8903;9509;9059;9547;897;NA;NA;NA;NA;IRCCS AOU BOLOGNA;NA;NA;NA;0
080;080053;2024;316672;2024;080105;017119;25/08/2024;27/08/2024;031;391;M;0;0;2;NA;002;NA;NA;V3000;005;3150;017;001;030;F;08005301;32163143;NA;NA;NA;NA;NA;897;NA;NA;NA;NA;NA;NA;NA;NA;NA;NA;OSPEDALE MAGGIORE;NA;NA;NA;0
080;080072;2024;18961;2024;080114;015184;28/08/2024;02/09/2024;039;087;M;0;65;5;NA;002;NA;NA;51881;005;NA;015;001;030;M;080072;32163816;4660;NA;NA;NA;NA;8744;9396;9921;9059;NA;NA;NA;NA;NA;NA;NA;OSPEDALE RAVENNA;NA;NA;NA;0
080;080095;2024;23480;2024;080114;022053;22/08/2024;24/08/2024;039;446;M;0;52;2;NA;002;NA;NA;95909;005;NA;022;001;042;M;08009501;32164115;V7189;NA;NA;NA;NA;9009;8965;NA;NA;NA;NA;NA;NA;NA;NA;NA;OSPEDALE RIMINI;NA;NA;NA;0
080;080095;2024;18651;2024;080114;041035;01/07/2024;05/07/2024;062;390;M;0;0;4;NA;002;NA;NA;7661;005;3420;041;001;110;F;08009501;32164155;7793;77439;78340;NA;NA;9983;9059;9059;NA;NA;NA;NA;NA;NA;NA;NA;OSPEDALE RIMINI;NA;NA;NA;0
080;080095;2024;23305;2024;080114;013095;21/08/2024;23/08/2024;039;184;M;0;65;2;NA;002;NA;NA;0091;005;NA;013;001;030;F;08009501;32164689;27651;NA;NA;NA;NA;9918;9003;NA;NA;NA;NA;NA;NA;NA;NA;NA;OSPEDALE RIMINI;NA;NA;NA;0
080;080095;2024;23166;2024;080114;108027;19/08/2024;21/08/2024;039;464;M;0;73;2;NA;002;NA;NA;7904;005;NA;108;001;030;F;08009501;32164724;NA;NA;NA;NA;NA;8876;8903;897;9059;9032;NA;NA;NA;NA;NA;NA;OSPEDALE RIMINI;NA;NA;NA;0
080;080091;2024;517325;2024;080114;012026;20/08/2024;22/08/2024;039;100;M;0;195;2;NA;002;NA;NA;78600;005;NA;012;001;030;F;08009101;32164779;NA;NA;NA;NA;NA;8914;897;8903;8939;8952;8929;NA;NA;NA;NA;NA;OSPEDALE CESENA;NA;NA;NA;0
080;080095;2024;17519;2024;080114;064107;20/06/2024;22/06/2024;073;385;M;0;0;2;NA;001;NA;NA;769;005;777;064;001;150;M;08009501;32165153;NA;NA;NA;NA;NA;9604;3892;9672;NA;NA;NA;NA;NA;NA;NA;NA;OSPEDALE RIMINI;NA;NA;NA;0
080;080908;2024;410143;2024;080908;043028;10/08/2024;02/10/2024;008;386;M;0;0;53;NA;002;NA;NA;769;005;1426;043;001;110;M;080908;32165460;74601;7766;76405;77181;04111;9672;9672;8962;8744;8872;8954;966;9396;9921;NA;NA;IRCCS AOU BOLOGNA;NA;NA;NA;0
080;080909;2024;15647;2024;080909;029033;26/08/2024;29/08/2024;031;390;M;0;0;3;NA;002;NA;NA;V3000;005;2785;029;001;050;F;080909;32165617;76409;7609;NA;NA;NA;9541;9059;9501;NA;NA;NA;NA;NA;NA;NA;NA;AOSPU ARCISPEDALE S.ANNA - FE;NA;NA;NA;0
080;080021;2024;582925;2024;080103;020027;05/07/2024;08/07/2024;031;391;M;0;0;3;NA;002;NA;NA;V3101;005;3084;020;001;030;F;08002106;32165781;NA;NA;NA;NA;NA;8903;NA;NA;NA;NA;NA;NA;NA;NA;NA;NA;OSPEDALE S.MARIA NUOVA - RE;NA;NA;NA;0
080;080908;2024;408050;2024;080908;999201;23/07/2024;30/07/2024;073;385;M;0;89;7;NA;006;NA;NA;76523;005;NA;999;001;201;M;080908;32166613;3314;V452;NA;NA;NA;897;022;0242;3899;897;8871;8901;8906;8914;3893;9921;IRCCS AOU BOLOGNA;NA;NA;NA;0
080;080095;2024;21251;2024;080114;041044;28/07/2024;30/07/2024;031;391;M;0;0;2;NA;002;NA;NA;V3000;005;3445;041;001;110;F;08009501;32167014;NA;NA;NA;NA;NA;NA;NA;NA;NA;NA;NA;NA;NA;NA;NA;NA;OSPEDALE RIMINI;NA;NA;NA;0
080;080909;2024;15851;2024;080909;029033;29/08/2024;01/09/2024;031;389;M;0;0;3;NA;002;NA;NA;V3000;005;3620;029;001;050;M;080909;32167207;77984;7756;NA;NA;NA;9501;9059;9541;NA;NA;NA;NA;NA;NA;NA;NA;AOSPU ARCISPEDALE S.ANNA - FE;NA;NA;NA;0
080;080909;2024;14310;2024;080909;038008;03/08/2024;07/08/2024;062;391;M;0;0;4;NA;002;NA;NA;7746;005;3475;038;001;080;F;080909;32167225;76621;NA;NA;NA;NA;9501;9059;9541;9093;8968;9983;NA;NA;NA;NA;NA;AOSPU ARCISPEDALE S.ANNA - FE;NA;NA;NA;0
080;080031;2024;7502;2024;080104;020039;30/08/2024;02/09/2024;031;391;M;0;0;3;NA;002;NA;NA;V3001;005;2960;020;001;030;F;08003104;32167511;NA;NA;NA;NA;NA;8965;9542;897;NA;NA;NA;NA;NA;NA;NA;NA;OSPEDALE CARPI;NA;NA;NA;0
080;080909;2024;15996;2024;080909;029021;01/09/2024;04/09/2024;031;390;M;0;0;3;NA;002;NA;NA;V3000;005;3305;029;001;050;F;080909;32168331;7608;75460;NA;NA;NA;9501;8906;9541;9059;NA;NA;NA;NA;NA;NA;NA;AOSPU ARCISPEDALE S.ANNA - FE;NA;NA;NA;0
080;080004;2024;19453;2024;080101;017166;21/08/2024;24/08/2024;031;391;M;0;0;3;NA;002;NA;NA;V3000;005;3200;017;001;030;F;08000401;32168497;NA;NA;NA;NA;NA;NA;NA;NA;NA;NA;NA;NA;NA;NA;NA;NA;OSPEDALE PIACENZA;NA;NA;NA;0
080;080095;2024;24369;2024;080114;001002;01/09/2024;02/09/2024;039;422;M;0;44;1;NA;005;NA;NA;07999;005;NA;001;001;010;F;08009501;32169264;NA;NA;NA;NA;NA;9059;9133;9059;NA;NA;NA;NA;NA;NA;NA;NA;OSPEDALE RIMINI;NA;NA;NA;0
080;080091;2024;517727;2024;080114;015166;26/08/2024;28/08/2024;039;422;M;0;45;2;NA;002;NA;NA;04311;005;NA;015;001;030;F;08009101;32169542;NA;NA;NA;NA;NA;3899;9921;8959;9032;9092;8903;897;0331;NA;NA;NA;OSPEDALE CESENA;NA;NA;NA;0
080;080091;2024;517738;2024;080114;015166;26/08/2024;28/08/2024;039;422;M;0;45;2;NA;002;NA;NA;7806;005;NA;015;001;030;M;08009101;32169549;04311;NA;NA;NA;NA;8939;8903;9032;3899;897;8959;NA;NA;NA;NA;NA;OSPEDALE CESENA;NA;NA;NA;0
080;080085;2024;16768;2024;080114;028003;31/08/2024;05/09/2024;039;389;M;0;25;5;NA;002;NA;NA;77017;005;NA;028;001;050;M;08008501;32169589;NA;NA;NA;NA;NA;9052;8744;8872;897;9032;9921;9918;3899;8952;2121;NA;OSPEDALE FORLI';NA;NA;NA;0
080;080095;2024;22504;2024;080114;042022;10/08/2024;13/08/2024;031;391;M;0;0;3;NA;002;NA;NA;V3000;005;3495;042;001;110;M;08009501;32169748;NA;NA;NA;NA;NA;NA;NA;NA;NA;NA;NA;NA;NA;NA;NA;NA;OSPEDALE RIMINI;NA;NA;NA;0
080;080095;2024;23842;2024;080114;042022;27/08/2024;31/08/2024;062;021;M;0;17;4;NA;002;NA;NA;0479;005;NA;042;001;110;M;08009501;32169748;7806;NA;NA;NA;NA;3893;8871;0331;9921;9059;9133;9926;8891;8914;NA;NA;OSPEDALE RIMINI;NA;NA;NA;0
080;080053;2024;312566;2024;080105;999436;13/06/2024;24/06/2024;062;387;M;0;0;11;NA;002;NA;NA;76518;005;2410;999;001;436;F;08005301;32170043;V298;7755;NA;NA;NA;8871;8875;8872;897;NA;NA;NA;NA;NA;NA;NA;OSPEDALE MAGGIORE;NA;NA;NA;0
080;080044;2024;8314;2024;080106;999252;08/07/2024;12/07/2024;062;391;M;0;0;4;NA;002;NA;NA;77430;005;4190;999;001;252;F;08004401;32170048;NA;NA;NA;NA;NA;9059;9983;NA;NA;NA;NA;NA;NA;NA;NA;NA;OSPEDALE IMOLA;NA;NA;NA;0
080;080904;2024;18596;2024;080904;999460;17/06/2024;24/06/2024;062;391;M;0;0;7;NA;002;NA;NA;76408;005;2210;999;001;460;M;08090401;32170050;7746;NA;NA;NA;NA;9983;NA;NA;NA;NA;NA;NA;NA;NA;NA;NA;AOSPU POLICLINICO - MO;NA;NA;NA;0
080;080904;2024;22027;2024;080904;999460;23/07/2024;29/07/2024;039;422;M;0;36;6;NA;002;NA;NA;7806;005;NA;999;001;460;M;08090401;32170050;5990;NA;NA;NA;NA;0331;9929;9918;3899;NA;NA;NA;NA;NA;NA;NA;AOSPU POLICLINICO - MO;NA;NA;NA;0
080;080072;2024;14743;2024;080114;999401;01/07/2024;04/07/2024;031;390;M;0;0;3;NA;002;NA;NA;7750;005;2665;999;001;401;F;080072;32170051;76419;NA;NA;NA;NA;9059;NA;NA;NA;NA;NA;NA;NA;NA;NA;NA;OSPEDALE RAVENNA;NA;NA;NA;0
080;080902;2024;571911;2024;080902;020066;30/06/2024;02/07/2024;031;391;M;0;0;2;NA;002;NA;NA;V3000;005;3000;020;001;030;M;080902;32170269;NA;NA;NA;NA;NA;9307;9546;9509;8939;897;8903;NA;NA;NA;NA;NA;AOSPU OSPEDALI RIUNITI - PR;NA;NA;NA;0
080;080902;2024;575130;2024;080902;019021;21/07/2024;23/07/2024;031;391;M;0;0;2;NA;002;NA;NA;V3000;005;3095;019;001;030;M;080902;32170302;NA;NA;NA;NA;NA;9307;9546;8903;8939;897;9509;NA;NA;NA;NA;NA;AOSPU OSPEDALI RIUNITI - PR;NA;NA;NA;0
080;080091;2024;516202;2024;080114;015146;02/08/2024;04/08/2024;031;391;M;0;0;2;NA;002;NA;NA;V3000;005;3670;015;001;030;F;08009101;32170402;NA;NA;NA;NA;NA;NA;NA;NA;NA;NA;NA;NA;NA;NA;NA;NA;OSPEDALE CESENA;NA;NA;NA;0
080;080004;2024;19090;2024;080101;098022;15/08/2024;18/08/2024;031;391;M;0;0;3;NA;002;NA;NA;V3000;005;3720;098;001;030;M;08000401;32170557;NA;NA;NA;NA;NA;NA;NA;NA;NA;NA;NA;NA;NA;NA;NA;NA;OSPEDALE PIACENZA;NA;NA;NA;0
080;080095;2024;21808;2024;080114;041044;02/08/2024;05/09/2024;062;389;M;0;0;31;NA;002;NA;NA;7756;005;2080;041;001;110;M;08009501;32170727;7706;2511;7793;NA;NA;8952;9396;9059;8871;3893;9915;8872;8906;8876;8891;NA;OSPEDALE RIMINI;NA;NA;NA;0
080;080902;2024;578062;2024;080902;023091;22/08/2024;26/08/2024;062;035;M;0;58;4;NA;002;NA;NA;7424;005;NA;023;001;050;F;080902;32170911;NA;NA;NA;NA;NA;8891;8871;8872;8906;8914;8903;9502;NA;NA;NA;NA;AOSPU OSPEDALI RIUNITI - PR;NA;NA;NA;0
080;080902;2024;576206;2024;080902;020066;01/08/2024;03/08/2024;031;333;M;0;0;2;NA;002;NA;NA;7533;005;3890;020;001;030;F;080902;32170912;NA;NA;NA;NA;NA;8875;9546;8903;8939;897;9509;9307;NA;NA;NA;NA;AOSPU OSPEDALI RIUNITI - PR;NA;NA;NA;0
080;080021;2024;588519;2024;080103;020066;16/08/2024;19/08/2024;031;391;M;0;0;3;NA;002;NA;NA;V3001;005;3574;020;001;030;M;08002106;32171162;NA;NA;NA;NA;NA;897;NA;NA;NA;NA;NA;NA;NA;NA;NA;NA;OSPEDALE S.MARIA NUOVA - RE;NA;NA;NA;0
080;080902;2024;563158;2024;080902;020066;27/03/2024;29/03/2024;031;391;M;0;0;2;NA;002;NA;NA;V3000;005;4340;020;001;030;F;080902;32171168;NA;NA;NA;NA;NA;9307;9546;897;8939;8903;NA;NA;NA;NA;NA;NA;AOSPU OSPEDALI RIUNITI - PR;NA;NA;NA;0
080;080909;2024;11196;2024;080909;999436;16/06/2024;20/06/2024;031;391;M;0;0;4;NA;002;NA;NA;V3000;005;2745;999;001;436;F;080909;32171300;NA;NA;NA;NA;NA;9541;9059;9501;NA;NA;NA;NA;NA;NA;NA;NA;AOSPU ARCISPEDALE S.ANNA - FE;NA;NA;NA;0
080;080908;2024;412616;2024;080908;041013;02/09/2024;06/09/2024;008;137;M;0;0;4;NA;002;NA;NA;74721;005;3335;041;001;110;M;080908;32171419;NA;NA;NA;NA;NA;8873;9929;8954;8873;8952;8872;NA;NA;NA;NA;NA;IRCCS AOU BOLOGNA;NA;NA;NA;0
080;080909;2024;16046;2024;080909;029033;02/09/2024;05/09/2024;031;391;M;0;0;3;NA;002;NA;NA;V3000;005;2675;029;001;050;M;080909;32171496;7633;76409;NA;NA;NA;9059;9501;9541;NA;NA;NA;NA;NA;NA;NA;NA;AOSPU ARCISPEDALE S.ANNA - FE;NA;NA;NA;0
080;080053;2024;317070;2024;080105;012119;02/09/2024;05/09/2024;031;391;M;0;0;3;NA;002;NA;NA;V3000;005;2630;012;001;030;F;08005301;32171497;NA;NA;NA;NA;NA;897;NA;NA;NA;NA;NA;NA;NA;NA;NA;NA;OSPEDALE MAGGIORE;NA;NA;NA;0
080;080031;2024;7583;2024;080104;020035;02/09/2024;05/09/2024;031;391;M;0;0;3;NA;002;NA;NA;V3000;005;3150;020;001;030;F;08003104;32171659;NA;NA;NA;NA;NA;8966;9542;897;NA;NA;NA;NA;NA;NA;NA;NA;OSPEDALE CARPI;NA;NA;NA;0
080;080095;2024;22269;2024;080114;041071;08/08/2024;11/08/2024;062;390;M;0;0;3;NA;002;NA;NA;7661;005;3730;041;001;110;F;08009501;32171739;7793;78340;NA;NA;NA;9059;NA;NA;NA;NA;NA;NA;NA;NA;NA;NA;OSPEDALE RIMINI;NA;NA;NA;0
080;080095;2024;22760;2024;080114;042002;14/08/2024;17/08/2024;031;391;M;0;0;3;NA;002;NA;NA;V3000;005;3560;042;001;110;M;08009501;32172025;NA;NA;NA;NA;NA;NA;NA;NA;NA;NA;NA;NA;NA;NA;NA;NA;OSPEDALE RIMINI;NA;NA;NA;0
080;080909;2024;16140;2024;080909;029009;03/09/2024;05/09/2024;031;390;M;0;0;2;NA;002;NA;NA;V3000;005;3490;029;001;050;M;080909;32172851;7609;NA;NA;NA;NA;9541;9059;9501;NA;NA;NA;NA;NA;NA;NA;NA;AOSPU ARCISPEDALE S.ANNA - FE;NA;NA;NA;0
080;080904;2024;25650;2024;080904;058091;03/09/2024;06/09/2024;039;316;M;0;50;3;NA;002;NA;NA;7885;005;NA;058;001;120;M;08090401;32172893;30750;53081;NA;NA;NA;3899;9918;8966;8876;NA;NA;NA;NA;NA;NA;NA;AOSPU POLICLINICO - MO;NA;NA;NA;0
080;080013;2024;9469;2024;080102;034007;24/08/2024;26/08/2024;031;391;M;0;0;2;NA;002;NA;NA;V3000;005;3640;034;001;080;F;08001301;32173066;NA;NA;NA;NA;NA;8965;9546;8903;897;8939;9307;NA;NA;NA;NA;NA;OSPEDALE FIDENZA;NA;NA;NA;0
080;080902;2024;578043;2024;080902;034027;22/08/2024;24/08/2024;031;391;M;0;0;2;NA;002;NA;NA;V3000;005;2970;034;001;080;F;080902;32175769;NA;NA;NA;NA;NA;9307;9546;8903;8939;897;9509;NA;NA;NA;NA;NA;AOSPU OSPEDALI RIUNITI - PR;NA;NA;NA;0
080;080902;2024;579268;2024;080902;019036;05/09/2024;10/09/2024;062;390;M;0;0;5;NA;002;NA;NA;7731;005;3525;019;001;030;F;080902;32177956;7793;NA;NA;NA;NA;9983;8939;9546;9509;9307;897;8903;NA;NA;NA;NA;AOSPU OSPEDALI RIUNITI - PR;NA;NA;NA;0
080;080909;2024;16325;2024;080909;023055;06/09/2024;13/09/2024;062;388;M;0;0;7;NA;002;NA;NA;76528;005;2620;023;001;050;M;080909;32178050;76519;7621;7706;NA;NA;9032;9390;3898;9059;8959;9093;9546;8871;9541;9501;NA;AOSPU ARCISPEDALE S.ANNA - FE;NA;NA;NA;0
080;080004;2024;29553;2024;080101;098026;17/12/2024;18/12/2024;039;284;M;0;117;1;NA;002;NA;NA;22801;005;NA;098;001;030;M;08000401;32179054;NA;NA;NA;NA;NA;8872;8952;NA;NA;NA;NA;NA;NA;NA;NA;NA;OSPEDALE PIACENZA;NA;NA;NA;0
080;080004;2024;19501;2024;080101;098026;22/08/2024;25/08/2024;031;391;M;0;0;3;NA;002;NA;NA;V3001;005;2430;098;001;030;M;08000401;32179054;NA;NA;NA;NA;NA;NA;NA;NA;NA;NA;NA;NA;NA;NA;NA;NA;OSPEDALE PIACENZA;NA;NA;NA;0
080;080091;2024;518184;2024;080114;018182;02/09/2024;04/09/2024;039;030;M;0;163;2;NA;002;NA;NA;80001;005;NA;018;001;030;M;08009101;32179154;NA;NA;NA;NA;NA;8891;8959;897;8903;NA;NA;NA;NA;NA;NA;NA;OSPEDALE CESENA;NA;NA;NA;0
080;080095;2024;24628;2024;080114;048017;03/09/2024;05/09/2024;039;422;M;0;50;2;NA;002;NA;NA;7806;005;NA;048;001;090;M;08009501;32179226;V7399;NA;NA;NA;NA;9033;9133;9059;NA;NA;NA;NA;NA;NA;NA;NA;OSPEDALE RIMINI;NA;NA;NA;0
080;080091;2024;518353;2024;080114;013075;04/09/2024;05/09/2024;039;030;M;0;285;1;NA;002;NA;NA;80001;005;NA;013;001;030;F;08009101;32179254;NA;NA;NA;NA;NA;897;8939;8907;8901;NA;NA;NA;NA;NA;NA;NA;OSPEDALE CESENA;NA;NA;NA;0
080;080095;2024;24826;2024;080114;041067;05/09/2024;09/09/2024;039;423;M;0;84;4;NA;005;NA;NA;0414;005;NA;041;001;110;M;08009501;32179485;5950;NA;NA;NA;NA;9059;9003;9921;NA;NA;NA;NA;NA;NA;NA;NA;OSPEDALE RIMINI;NA;NA;NA;0
080;080095;2024;24927;2024;080114;015146;06/09/2024;13/09/2024;062;389;M;0;13;7;NA;002;NA;NA;77182;005;NA;015;001;030;M;08009501;32179561;NA;NA;NA;NA;NA;8871;9921;5794;0331;9059;8876;NA;NA;NA;NA;NA;OSPEDALE RIMINI;NA;NA;NA;0
080;080095;2024;23636;2024;080114;015146;24/08/2024;26/08/2024;031;391;M;0;0;2;NA;002;NA;NA;V3000;005;2910;015;001;030;M;08009501;32179561;NA;NA;NA;NA;NA;NA;NA;NA;NA;NA;NA;NA;NA;NA;NA;NA;OSPEDALE RIMINI;NA;NA;NA;0
080;080909;2024;16520;2024;080909;029041;09/09/2024;11/09/2024;031;390;M;0;0;2;NA;002;NA;NA;V3000;005;3595;029;001;050;F;080909;32180575;7609;NA;NA;NA;NA;9501;9059;9541;NA;NA;NA;NA;NA;NA;NA;NA;AOSPU ARCISPEDALE S.ANNA - FE;NA;NA;NA;0
080;080095;2024;22018;2024;080114;041067;05/08/2024;09/08/2024;062;388;M;0;0;4;NA;002;NA;NA;76519;005;2900;041;001;110;F;08009501;32180789;NA;NA;NA;NA;NA;8871;8876;9059;NA;NA;NA;NA;NA;NA;NA;NA;OSPEDALE RIMINI;NA;NA;NA;0
080;080095;2024;22072;2024;080114;041036;06/08/2024;08/08/2024;031;391;M;0;0;2;NA;002;NA;NA;V3000;005;3220;041;001;110;F;08009501;32180790;NA;NA;NA;NA;NA;NA;NA;NA;NA;NA;NA;NA;NA;NA;NA;NA;OSPEDALE RIMINI;NA;NA;NA;0
080;080095;2024;21794;2024;080114;041007;02/08/2024;09/08/2024;062;390;M;0;0;7;NA;002;NA;NA;77439;005;2965;041;001;110;F;08009501;32180791;7793;78340;NA;NA;NA;9983;9059;NA;NA;NA;NA;NA;NA;NA;NA;NA;OSPEDALE RIMINI;NA;NA;NA;0
080;080095;2024;22558;2024;080114;041019;12/08/2024;14/08/2024;031;391;M;0;0;2;NA;002;NA;NA;V3000;005;3150;041;001;110;M;08009501;32180793;NA;NA;NA;NA;NA;NA;NA;NA;NA;NA;NA;NA;NA;NA;NA;NA;OSPEDALE RIMINI;NA;NA;NA;0
080;080095;2024;23488;2024;080114;041044;23/08/2024;25/08/2024;031;391;M;0;0;2;NA;002;NA;NA;V3000;005;3350;041;001;110;M;08009501;32180794;NA;NA;NA;NA;NA;NA;NA;NA;NA;NA;NA;NA;NA;NA;NA;NA;OSPEDALE RIMINI;NA;NA;NA;0
080;080095;2024;23478;2024;080114;043025;22/08/2024;24/08/2024;031;391;M;0;0;2;NA;002;NA;NA;V3000;005;3850;043;001;110;F;08009501;32180796;NA;NA;NA;NA;NA;NA;NA;NA;NA;NA;NA;NA;NA;NA;NA;NA;OSPEDALE RIMINI;NA;NA;NA;0
080;080095;2024;22485;2024;080114;015146;10/08/2024;12/08/2024;062;390;M;0;0;2;NA;002;NA;NA;7602;005;2985;015;001;030;M;08009501;32180798;NA;NA;NA;NA;NA;9059;NA;NA;NA;NA;NA;NA;NA;NA;NA;NA;OSPEDALE RIMINI;NA;NA;NA;0
080;080095;2024;23714;2024;080114;041065;26/08/2024;28/08/2024;031;391;M;0;0;2;NA;002;NA;NA;V3000;005;3960;041;001;110;M;08009501;32180799;NA;NA;NA;NA;NA;NA;NA;NA;NA;NA;NA;NA;NA;NA;NA;NA;OSPEDALE RIMINI;NA;NA;NA;0
080;080095;2024;23018;2024;080114;041020;17/08/2024;19/08/2024;031;390;M;0;0;2;NA;002;NA;NA;76419;005;3080;041;001;110;M;08009501;32180800;NA;NA;NA;NA;NA;8871;9059;NA;NA;NA;NA;NA;NA;NA;NA;NA;OSPEDALE RIMINI;NA;NA;NA;0
080;080095;2024;23206;2024;080114;063049;20/08/2024;22/08/2024;031;391;M;0;0;2;NA;002;NA;NA;V3000;005;3240;063;001;150;M;08009501;32180802;NA;NA;NA;NA;NA;NA;NA;NA;NA;NA;NA;NA;NA;NA;NA;NA;OSPEDALE RIMINI;NA;NA;NA;0
080;080095;2024;23209;2024;080114;041013;20/08/2024;23/08/2024;062;389;M;0;0;3;NA;002;NA;NA;7756;005;3590;041;001;110;M;08009501;32180803;7793;78340;NA;NA;NA;9059;NA;NA;NA;NA;NA;NA;NA;NA;NA;NA;OSPEDALE RIMINI;NA;NA;NA;0
080;080095;2024;22794;2024;080114;024105;14/08/2024;17/08/2024;031;391;M;0;0;3;NA;002;NA;NA;V3001;005;3020;024;001;050;F;08009501;32180806;NA;NA;NA;NA;NA;NA;NA;NA;NA;NA;NA;NA;NA;NA;NA;NA;OSPEDALE RIMINI;NA;NA;NA;0
080;080095;2024;21470;2024;080114;042002;30/07/2024;02/08/2024;031;391;M;0;0;3;NA;002;NA;NA;V3000;005;3375;042;001;110;M;08009501;32180807;NA;NA;NA;NA;NA;NA;NA;NA;NA;NA;NA;NA;NA;NA;NA;NA;OSPEDALE RIMINI;NA;NA;NA;0
080;080095;2024;23662;2024;080114;015146;24/08/2024;29/08/2024;062;298;M;0;0;5;NA;002;NA;NA;78340;005;2660;015;001;030;M;08009501;32180808;7793;77439;76409;NA;NA;9983;9059;8871;NA;NA;NA;NA;NA;NA;NA;NA;OSPEDALE RIMINI;NA;NA;NA;0
080;080095;2024;23009;2024;080114;041044;17/08/2024;18/08/2024;062;389;M;0;4;1;NA;002;NA;NA;7756;005;NA;041;001;110;F;08009501;32180810;NA;NA;NA;NA;NA;8901;8965;8901;8965;NA;NA;NA;NA;NA;NA;NA;OSPEDALE RIMINI;NA;NA;NA;0
080;080095;2024;22755;2024;080114;041044;13/08/2024;16/08/2024;062;390;M;0;0;3;NA;002;NA;NA;7661;005;4390;041;001;110;F;08009501;32180810;7793;78340;NA;NA;NA;9059;9547;8901;NA;NA;NA;NA;NA;NA;NA;NA;OSPEDALE RIMINI;NA;NA;NA;0
080;080095;2024;23065;2024;080114;041071;18/08/2024;21/08/2024;031;391;M;0;0;3;NA;002;NA;NA;V3101;005;2830;041;001;110;M;08009501;32180812;NA;NA;NA;NA;NA;NA;NA;NA;NA;NA;NA;NA;NA;NA;NA;NA;OSPEDALE RIMINI;NA;NA;NA;0
080;080095;2024;23064;2024;080114;041071;18/08/2024;21/08/2024;031;391;M;0;0;3;NA;002;NA;NA;V3101;005;2650;041;001;110;M;08009501;32180813;NA;NA;NA;NA;NA;NA;NA;NA;NA;NA;NA;NA;NA;NA;NA;NA;OSPEDALE RIMINI;NA;NA;NA;0
080;080095;2024;21364;2024;080114;041029;30/07/2024;02/08/2024;031;391;M;0;0;3;NA;002;NA;NA;V3001;005;3540;041;001;110;M;08009501;32180815;NA;NA;NA;NA;NA;NA;NA;NA;NA;NA;NA;NA;NA;NA;NA;NA;OSPEDALE RIMINI;NA;NA;NA;0
080;080095;2024;22500;2024;080114;041068;10/08/2024;13/08/2024;031;391;M;0;0;3;NA;002;NA;NA;V3000;005;3980;041;001;110;F;08009501;32180816;NA;NA;NA;NA;NA;NA;NA;NA;NA;NA;NA;NA;NA;NA;NA;NA;OSPEDALE RIMINI;NA;NA;NA;0
080;080095;2024;23668;2024;080114;041001;24/08/2024;27/08/2024;031;391;M;0;0;3;NA;002;NA;NA;V3000;005;3260;041;001;110;M;08009501;32180817;NA;NA;NA;NA;NA;NA;NA;NA;NA;NA;NA;NA;NA;NA;NA;NA;OSPEDALE RIMINI;NA;NA;NA;0
080;080095;2024;22878;2024;080114;041013;15/08/2024;19/08/2024;062;389;M;0;0;4;NA;002;NA;NA;76418;005;2350;041;001;110;F;08009501;32180818;NA;NA;NA;NA;NA;8871;9059;NA;NA;NA;NA;NA;NA;NA;NA;NA;OSPEDALE RIMINI;NA;NA;NA;0
080;080095;2024;22876;2024;080114;041013;15/08/2024;19/08/2024;062;389;M;0;0;4;NA;002;NA;NA;76418;005;2210;041;001;110;M;08009501;32180819;NA;NA;NA;NA;NA;8871;9059;NA;NA;NA;NA;NA;NA;NA;NA;NA;OSPEDALE RIMINI;NA;NA;NA;0
080;080909;2024;16589;2024;080909;029045;10/09/2024;12/09/2024;031;390;M;0;0;2;NA;002;NA;NA;V3000;005;3545;029;001;050;F;080909;32181235;7441;7852;NA;NA;NA;9501;8872;9059;9541;NA;NA;NA;NA;NA;NA;NA;AOSPU ARCISPEDALE S.ANNA - FE;NA;NA;NA;0
080;080909;2024;16574;2024;080909;029033;10/09/2024;12/09/2024;031;390;M;0;0;2;NA;002;NA;NA;V3000;005;3390;029;001;050;M;080909;32181303;7609;77984;NA;NA;NA;9501;9541;9059;NA;NA;NA;NA;NA;NA;NA;NA;AOSPU ARCISPEDALE S.ANNA - FE;NA;NA;NA;0
080;080021;2024;586717;2024;080103;101008;01/08/2024;03/08/2024;062;389;M;0;0;2;NA;002;NA;NA;76499;005;2712;101;001;180;F;08002106;32181807;7756;NA;NA;NA;NA;8871;NA;NA;NA;NA;NA;NA;NA;NA;NA;NA;OSPEDALE S.MARIA NUOVA - RE;NA;NA;NA;0
080;080909;2024;16658;2024;080909;029041;11/09/2024;08/10/2024;062;386;M;0;0;27;NA;002;NA;NA;76527;005;1465;029;001;050;F;080909;32182104;76405;769;7766;NA;NA;9390;3892;8744;8872;9915;8875;8871;9391;9904;9503;NA;AOSPU ARCISPEDALE S.ANNA - FE;NA;NA;NA;0
080;080909;2024;16630;2024;080909;029024;11/09/2024;13/09/2024;031;390;M;0;0;2;NA;002;NA;NA;V3000;005;2795;029;001;050;F;080909;32182219;7609;NA;NA;NA;NA;9501;9541;9059;NA;NA;NA;NA;NA;NA;NA;NA;AOSPU ARCISPEDALE S.ANNA - FE;NA;NA;NA;0
080;080909;2024;16689;2024;080909;029037;11/09/2024;15/09/2024;031;388;M;0;0;4;NA;002;NA;NA;V3000;005;2470;029;001;050;F;080909;32182381;7788;76528;37272;NA;NA;9541;9059;9501;NA;NA;NA;NA;NA;NA;NA;NA;AOSPU ARCISPEDALE S.ANNA - FE;NA;NA;NA;0
080;080004;2024;19658;2024;080101;098029;24/08/2024;26/08/2024;031;391;M;0;0;2;NA;002;NA;NA;V3000;005;3340;098;001;030;F;08000401;32182473;NA;NA;NA;NA;NA;NA;NA;NA;NA;NA;NA;NA;NA;NA;NA;NA;OSPEDALE PIACENZA;NA;NA;NA;0
080;080004;2024;18570;2024;080101;098049;07/08/2024;09/08/2024;031;391;M;0;0;2;NA;002;NA;NA;V3000;005;2670;098;001;030;F;08000401;32182476;NA;NA;NA;NA;NA;NA;NA;NA;NA;NA;NA;NA;NA;NA;NA;NA;OSPEDALE PIACENZA;NA;NA;NA;0
080;080004;2024;19878;2024;080101;098049;27/08/2024;29/08/2024;031;391;M;0;0;2;NA;002;NA;NA;V3000;005;3530;098;001;030;M;08000401;32182477;NA;NA;NA;NA;NA;NA;NA;NA;NA;NA;NA;NA;NA;NA;NA;NA;OSPEDALE PIACENZA;NA;NA;NA;0
080;080004;2024;18921;2024;080101;098006;13/08/2024;15/08/2024;031;391;M;0;0;2;NA;002;NA;NA;V3000;005;2920;098;001;030;F;08000401;32182478;NA;NA;NA;NA;NA;NA;NA;NA;NA;NA;NA;NA;NA;NA;NA;NA;OSPEDALE PIACENZA;NA;NA;NA;0
080;080004;2024;18016;2024;080101;098019;31/07/2024;02/08/2024;031;391;M;0;0;2;NA;002;NA;NA;V3000;005;3330;098;001;030;F;08000401;32182482;NA;NA;NA;NA;NA;NA;NA;NA;NA;NA;NA;NA;NA;NA;NA;NA;OSPEDALE PIACENZA;NA;NA;NA;0
080;080004;2024;19929;2024;080101;018058;28/08/2024;30/08/2024;031;391;M;0;0;2;NA;002;NA;NA;V3000;005;3000;018;001;030;F;08000401;32182483;NA;NA;NA;NA;NA;NA;NA;NA;NA;NA;NA;NA;NA;NA;NA;NA;OSPEDALE PIACENZA;NA;NA;NA;0
080;080004;2024;18831;2024;080101;018134;11/08/2024;14/08/2024;031;391;M;0;0;3;NA;002;NA;NA;V3000;005;2390;018;001;030;M;08000401;32182486;NA;NA;NA;NA;NA;NA;NA;NA;NA;NA;NA;NA;NA;NA;NA;NA;OSPEDALE PIACENZA;NA;NA;NA;0
080;080004;2024;18938;2024;080101;098051;13/08/2024;15/08/2024;031;391;M;0;0;2;NA;002;NA;NA;V3000;005;3130;098;001;030;F;08000401;32182489;NA;NA;NA;NA;NA;NA;NA;NA;NA;NA;NA;NA;NA;NA;NA;NA;OSPEDALE PIACENZA;NA;NA;NA;0
080;080004;2024;19221;2024;080101;015230;18/08/2024;21/08/2024;031;391;M;0;0;3;NA;002;NA;NA;V3000;005;3130;015;001;030;F;08000401;32182493;NA;NA;NA;NA;NA;NA;NA;NA;NA;NA;NA;NA;NA;NA;NA;NA;OSPEDALE PIACENZA;NA;NA;NA;0
080;080908;2024;414278;2024;080908;090003;13/09/2024;13/09/2024;008;143;M;0;179;1;NA;002;NA;NA;V717;005;NA;090;001;200;F;080908;32183015;NA;NA;NA;NA;NA;8741;8741;8952;8872;8838;NA;NA;NA;NA;NA;NA;IRCCS AOU BOLOGNA;NA;NA;NA;0
080;080908;2024;414384;2024;080908;015146;13/09/2024;16/09/2024;031;391;M;0;0;3;NA;002;NA;NA;V3000;005;2720;015;001;030;F;080908;32183503;NA;NA;NA;NA;NA;8903;8619;8903;9547;9059;9509;8965;NA;NA;NA;NA;IRCCS AOU BOLOGNA;NA;NA;NA;0
080;080902;2024;579903;2024;080902;098057;12/09/2024;16/09/2024;062;389;M;0;0;4;NA;002;NA;1;7702;005;NA;098;001;030;M;080902;32183596;77084;NA;NA;NA;NA;9396;8744;9546;8903;3898;8965;8954;NA;NA;NA;NA;AOSPU OSPEDALI RIUNITI - PR;NA;NA;NA;0
080;080004;2024;21158;2024;080101;098057;12/09/2024;12/09/2024;062;094;M;0;0;1;NA;006;NA;NA;5120;005;3680;098;001;030;M;08000401;32183596;769;NA;NA;NA;NA;8744;9390;NA;NA;NA;NA;NA;NA;NA;NA;NA;OSPEDALE PIACENZA;NA;NA;NA;0
080;080904;2024;26858;2024;080904;017199;14/09/2024;17/09/2024;031;391;M;0;0;3;NA;002;NA;NA;V3001;005;3020;017;001;030;M;08090401;32183815;NA;NA;NA;NA;NA;NA;NA;NA;NA;NA;NA;NA;NA;NA;NA;NA;AOSPU POLICLINICO - MO;NA;NA;NA;0
080;080072;2024;20335;2024;080114;001112;15/09/2024;17/09/2024;039;098;M;0;57;2;NA;002;NA;NA;46619;005;NA;001;001;010;F;080072;32184349;NA;NA;NA;NA;NA;9396;8901;9059;NA;NA;NA;NA;NA;NA;NA;NA;OSPEDALE RAVENNA;NA;NA;NA;0
080;080095;2024;24307;2024;080114;041015;31/08/2024;02/09/2024;031;391;M;0;0;2;NA;002;NA;NA;V3000;005;3525;041;001;110;F;08009501;32184532;NA;NA;NA;NA;NA;NA;NA;NA;NA;NA;NA;NA;NA;NA;NA;NA;OSPEDALE RIMINI;NA;NA;NA;0
080;080909;2024;16960;2024;080909;029022;16/09/2024;21/09/2024;062;389;M;0;0;5;NA;002;NA;NA;7706;005;3540;029;001;050;F;080909;32185330;76529;77189;NA;NA;NA;9921;9390;8965;9059;9501;9546;3898;9509;9541;8871;NA;AOSPU ARCISPEDALE S.ANNA - FE;NA;NA;NA;0
080;080082;2024;807147;2024;080114;048026;14/08/2024;16/08/2024;031;391;M;0;0;2;NA;002;NA;NA;V3000;005;3990;048;001;090;M;080082;32185848;NA;NA;NA;NA;NA;NA;NA;NA;NA;NA;NA;NA;NA;NA;NA;NA;OSPEDALE FAENZA;NA;NA;NA;0
080;080072;2024;18197;2024;080114;015146;17/08/2024;19/08/2024;031;391;M;0;0;2;NA;002;NA;NA;V3000;005;3645;015;001;030;F;080072;32185849;NA;NA;NA;NA;NA;NA;NA;NA;NA;NA;NA;NA;NA;NA;NA;NA;OSPEDALE RAVENNA;NA;NA;NA;0
080;080909;2024;17015;2024;080909;029045;17/09/2024;25/10/2024;062;387;M;0;0;38;NA;002;NA;NA;7706;005;2475;029;001;050;M;080909;32187079;76528;7766;03811;76518;NA;9390;9396;0331;9904;3893;8914;8872;8965;8952;8891;NA;AOSPU ARCISPEDALE S.ANNA - FE;NA;NA;NA;0
080;080908;2024;415281;2024;080908;081001;19/09/2024;21/09/2024;031;391;M;0;0;2;NA;002;NA;NA;V3000;005;3345;081;001;190;M;080908;32187978;NA;NA;NA;NA;NA;897;8965;8903;897;9059;9509;9547;8619;NA;NA;NA;IRCCS AOU BOLOGNA;NA;NA;NA;0
080;080031;2024;8155;2024;080104;020039;21/09/2024;23/09/2024;031;391;M;0;0;2;NA;002;NA;NA;V3000;005;3270;020;001;030;M;08003104;32188843;NA;NA;NA;NA;NA;8965;9542;897;NA;NA;NA;NA;NA;NA;NA;NA;OSPEDALE CARPI;NA;NA;NA;0
080;080044;2024;13905;2024;080106;037014;22/11/2024;26/11/2024;039;322;M;0;61;4;NA;002;NA;NA;59080;005;NA;037;001;080;M;08004401;32189153;0414;NA;NA;NA;NA;3899;9192;NA;NA;NA;NA;NA;NA;NA;NA;NA;OSPEDALE IMOLA;NA;NA;NA;0
080;080044;2024;11253;2024;080106;037014;22/09/2024;24/09/2024;031;391;M;0;0;2;NA;002;NA;NA;V3000;005;3098;037;001;080;M;08004401;32189153;NA;NA;NA;NA;NA;NA;NA;NA;NA;NA;NA;NA;NA;NA;NA;NA;OSPEDALE IMOLA;NA;NA;NA;0
080;080004;2024;21852;2024;080101;098049;19/09/2024;21/09/2024;031;391;M;0;0;2;NA;002;NA;NA;V3000;005;3690;098;001;030;M;08000401;32189382;NA;NA;NA;NA;NA;NA;NA;NA;NA;NA;NA;NA;NA;NA;NA;NA;OSPEDALE PIACENZA;NA;NA;NA;0
080;080902;2024;577480;2024;080902;020066;14/08/2024;16/08/2024;062;391;M;0;4;2;NA;002;NA;NA;7793;005;NA;020;001;030;M;080902;32189480;NA;NA;NA;NA;NA;3899;9002;897;9307;8903;NA;NA;NA;NA;NA;NA;AOSPU OSPEDALI RIUNITI - PR;NA;NA;NA;0
080;080902;2024;577135;2024;080902;020066;10/08/2024;12/08/2024;031;391;M;0;0;2;NA;002;NA;NA;7661;005;4130;020;001;030;M;080902;32189480;NA;NA;NA;NA;NA;9509;9546;8903;8939;897;9307;NA;NA;NA;NA;NA;AOSPU OSPEDALI RIUNITI - PR;NA;NA;NA;0
080;080902;2024;85060;2024;080902;020066;22/09/2024;24/09/2024;039;098;M;0;43;2;NA;002;NA;NA;46619;005;NA;020;001;030;M;080902;32189480;NA;NA;NA;NA;NA;9394;9033;897;8939;8903;NA;NA;NA;NA;NA;NA;AOSPU OSPEDALI RIUNITI - PR;NA;NA;NA;0
080;080004;2024;19106;2024;080101;098043;16/08/2024;19/08/2024;031;391;M;0;0;3;NA;002;NA;NA;V3000;005;2870;098;001;030;F;08000401;32189808;NA;NA;NA;NA;NA;NA;NA;NA;NA;NA;NA;NA;NA;NA;NA;NA;OSPEDALE PIACENZA;NA;NA;NA;0
080;080902;2024;577270;2024;080902;034027;13/08/2024;15/08/2024;031;390;M;0;0;2;NA;002;NA;NA;77984;005;2950;034;001;080;F;080902;32200688;NA;NA;NA;NA;NA;3899;9546;8903;8939;897;9307;9509;NA;NA;NA;NA;AOSPU OSPEDALI RIUNITI - PR;NA;NA;NA;0
080;080021;2024;589089;2024;080103;001272;21/08/2024;23/08/2024;062;388;M;0;0;2;NA;002;NA;NA;76519;005;2965;001;001;010;F;08002106;32201367;76528;NA;NA;NA;NA;8871;8876;8903;NA;NA;NA;NA;NA;NA;NA;NA;OSPEDALE S.MARIA NUOVA - RE;NA;NA;NA;0
080;080909;2024;17561;2024;080909;029041;25/09/2024;27/09/2024;031;390;M;0;0;2;NA;002;NA;NA;V3000;005;3650;029;001;050;M;080909;32201695;7500;NA;NA;NA;NA;9059;2592;9501;9541;NA;NA;NA;NA;NA;NA;NA;AOSPU ARCISPEDALE S.ANNA - FE;NA;NA;NA;0
080;080908;2024;416779;2024;080908;043013;28/09/2024;30/09/2024;031;390;M;0;0;2;NA;002;NA;NA;V3000;005;2740;043;001;110;F;080908;32203537;76419;7608;NA;NA;NA;897;8619;8903;9547;897;9059;9509;8965;NA;NA;NA;IRCCS AOU BOLOGNA;NA;NA;NA;0
080;080904;2024;24074;2024;080904;999436;17/08/2024;20/08/2024;031;389;M;0;0;3;NA;002;NA;NA;76418;005;2425;999;001;436;F;08090401;32203759;NA;NA;NA;NA;NA;NA;NA;NA;NA;NA;NA;NA;NA;NA;NA;NA;AOSPU POLICLINICO - MO;NA;NA;NA;0
080;080004;2024;18776;2024;080101;999252;10/08/2024;13/08/2024;031;391;M;0;0;3;NA;002;NA;NA;V3000;005;3270;999;001;252;M;08000401;32204465;NA;NA;NA;NA;NA;NA;NA;NA;NA;NA;NA;NA;NA;NA;NA;NA;OSPEDALE PIACENZA;NA;NA;NA;0
080;080053;2024;315386;2024;080105;999235;24/07/2024;30/07/2024;062;467;M;0;0;6;NA;003;NA;NA;V298;005;2820;999;001;235;F;08005301;32204466;NA;NA;NA;NA;NA;897;9547;NA;NA;NA;NA;NA;NA;NA;NA;NA;OSPEDALE MAGGIORE;NA;NA;NA;0
080;080909;2024;12069;2024;080909;999451;28/06/2024;17/07/2024;062;388;M;0;0;19;NA;002;NA;NA;76528;005;3020;999;001;451;M;080909;32204469;V053;7602;NA;NA;NA;9391;9914;9929;9959;9093;8929;9546;9503;9059;8871;NA;AOSPU ARCISPEDALE S.ANNA - FE;NA;NA;NA;0
080;080902;2024;577001;2024;080902;999324;08/08/2024;08/08/2024;049;566;M;0;191;1;NA;001;NA;NA;51881;005;NA;999;001;324;M;080902;32204480;4275;74710;99702;9972;28981;9671;9723;8952;8749;0017;NA;NA;NA;NA;NA;NA;AOSPU OSPEDALI RIUNITI - PR;NA;NA;NA;0
080;080013;2024;9838;2024;080102;018182;03/09/2024;06/09/2024;031;390;M;0;0;3;NA;002;NA;NA;77082;005;3180;018;001;030;M;08001301;32206798;NA;NA;NA;NA;NA;9391;9396;8959;9307;897;9546;8903;NA;NA;NA;NA;OSPEDALE FIDENZA;NA;NA;NA;0
080;080004;2024;22500;2024;080101;019076;27/09/2024;30/09/2024;031;391;M;0;0;3;NA;002;NA;NA;V3001;005;3700;019;001;030;F;08000401;32206985;NA;NA;NA;NA;NA;NA;NA;NA;NA;NA;NA;NA;NA;NA;NA;NA;OSPEDALE PIACENZA;NA;NA;NA;0
080;080902;2024;577556;2024;080902;020066;16/08/2024;28/08/2024;062;389;M;0;0;12;NA;002;NA;NA;77084;005;2125;020;001;030;M;080902;32208241;243;04102;7686;77189;76418;9390;9921;8744;8871;9546;8879;8876;8906;NA;NA;NA;AOSPU OSPEDALI RIUNITI - PR;NA;NA;NA;0
080;080902;2024;579474;2024;080902;020066;09/09/2024;11/09/2024;031;391;M;0;0;2;NA;002;NA;NA;V3000;005;3650;020;001;030;M;080902;32208576;NA;NA;NA;NA;NA;9307;9546;8903;8939;897;9509;NA;NA;NA;NA;NA;AOSPU OSPEDALI RIUNITI - PR;NA;NA;NA;0
080;080095;2024;26140;2024;080114;041071;19/09/2024;21/09/2024;062;390;M;0;0;2;NA;002;NA;NA;7602;005;3535;041;001;110;F;08009501;32208790;NA;NA;NA;NA;NA;8876;9059;9132;8871;NA;NA;NA;NA;NA;NA;NA;OSPEDALE RIMINI;NA;NA;NA;0
080;080902;2024;577575;2024;080902;020066;17/08/2024;09/09/2024;062;389;M;0;0;23;NA;002;NA;NA;7687;005;2780;020;001;030;F;080902;32209340;77012;74783;NA;NA;NA;9981;9672;8914;8744;8872;8871;9390;8891;9546;NA;NA;AOSPU OSPEDALI RIUNITI - PR;NA;NA;NA;0
080;080902;2024;577831;2024;080902;020054;21/08/2024;23/08/2024;031;391;M;0;0;2;NA;002;NA;NA;7661;005;3400;020;001;030;F;080902;32209374;NA;NA;NA;NA;NA;9307;9546;8903;8939;897;9509;NA;NA;NA;NA;NA;AOSPU OSPEDALI RIUNITI - PR;NA;NA;NA;0
080;080095;2024;24407;2024;080114;109033;01/09/2024;04/09/2024;031;391;M;0;0;3;NA;002;NA;NA;V3000;005;2900;109;001;110;F;08009501;32210050;NA;NA;NA;NA;NA;8871;8876;9132;NA;NA;NA;NA;NA;NA;NA;NA;OSPEDALE RIMINI;NA;NA;NA;0
080;080909;2024;18099;2024;080909;029003;03/10/2024;05/10/2024;031;391;M;0;0;2;NA;002;NA;NA;V3001;005;3320;029;001;050;F;080909;32210663;7788;NA;NA;NA;NA;9501;9541;9059;NA;NA;NA;NA;NA;NA;NA;NA;AOSPU ARCISPEDALE S.ANNA - FE;NA;NA;NA;0
080;080004;2024;22483;2024;080101;098042;27/09/2024;29/09/2024;031;391;M;0;0;2;NA;002;NA;NA;V3000;005;3710;098;001;030;M;08000401;32210876;NA;NA;NA;NA;NA;NA;NA;NA;NA;NA;NA;NA;NA;NA;NA;NA;OSPEDALE PIACENZA;NA;NA;NA;0
080;080909;2024;11800;2024;080909;089013;25/06/2024;28/06/2024;031;390;M;0;0;3;NA;002;NA;NA;V3001;005;3060;089;001;190;F;080909;32210960;4481;NA;NA;NA;NA;9501;9059;9541;NA;NA;NA;NA;NA;NA;NA;NA;AOSPU ARCISPEDALE S.ANNA - FE;NA;NA;NA;0
080;080902;2024;572046;2024;080902;019021;02/07/2024;04/07/2024;031;391;M;0;0;2;NA;002;NA;NA;V3000;005;3410;019;001;030;F;080902;32211144;NA;NA;NA;NA;NA;9307;9546;8903;8939;897;9509;NA;NA;NA;NA;NA;AOSPU OSPEDALI RIUNITI - PR;NA;NA;NA;0
080;080053;2024;209365;2024;080105;016105;05/10/2024;08/10/2024;039;322;M;0;233;3;NA;002;NA;NA;5990;005;NA;016;001;030;F;08005301;32214880;NA;NA;NA;NA;NA;9921;9918;9139;8902;9133;897;9059;NA;NA;NA;NA;OSPEDALE MAGGIORE;NA;NA;NA;0
080;080909;2024;18300;2024;080909;029033;07/10/2024;09/10/2024;031;390;M;0;0;2;NA;002;NA;NA;V3000;005;3815;029;001;050;M;080909;32214945;7633;77984;7609;NA;NA;9501;9059;9541;NA;NA;NA;NA;NA;NA;NA;NA;AOSPU ARCISPEDALE S.ANNA - FE;NA;NA;NA;0
080;080902;2024;573180;2024;080902;019021;14/07/2024;21/07/2024;062;389;M;0;0;7;NA;002;NA;NA;77181;005;4150;019;001;030;M;080902;32215204;7627;NA;NA;NA;NA;9921;9053;8903;8965;9546;3898;NA;NA;NA;NA;NA;AOSPU OSPEDALI RIUNITI - PR;NA;NA;NA;0
080;080004;2024;22288;2024;080101;098019;25/09/2024;28/09/2024;031;391;M;0;0;3;NA;002;NA;NA;V3000;005;3150;098;001;030;F;08000401;32215245;NA;NA;NA;NA;NA;NA;NA;NA;NA;NA;NA;NA;NA;NA;NA;NA;OSPEDALE PIACENZA;NA;NA;NA;0
080;080095;2024;26696;2024;080114;099011;25/09/2024;27/09/2024;031;391;M;0;0;2;NA;002;NA;NA;V3000;005;3020;099;001;080;F;08009501;32215351;NA;NA;NA;NA;NA;NA;NA;NA;NA;NA;NA;NA;NA;NA;NA;NA;OSPEDALE RIMINI;NA;NA;NA;0
080;080095;2024;25345;2024;080114;041068;11/09/2024;15/09/2024;062;390;M;0;0;4;NA;002;NA;NA;7661;005;4020;041;001;110;M;08009501;32215353;7793;78340;NA;NA;NA;9059;NA;NA;NA;NA;NA;NA;NA;NA;NA;NA;OSPEDALE RIMINI;NA;NA;NA;0
080;080021;2024;602382;2024;080103;012127;14/09/2024;16/09/2024;031;391;M;0;0;2;NA;002;NA;NA;V3000;005;2950;012;001;030;M;08002103;32215845;NA;NA;NA;NA;NA;897;8903;NA;NA;NA;NA;NA;NA;NA;NA;NA;OSPEDALE MONTECCHIO EMILIA;NA;NA;NA;0
080;080021;2024;603799;2024;080103;076085;23/09/2024;26/09/2024;031;391;M;0;0;3;NA;002;NA;NA;V3000;005;2975;076;001;170;M;08002106;32215848;NA;NA;NA;NA;NA;8903;NA;NA;NA;NA;NA;NA;NA;NA;NA;NA;OSPEDALE S.MARIA NUOVA - RE;NA;NA;NA;0
080;080021;2024;601436;2024;080103;016024;08/09/2024;10/09/2024;031;391;M;0;0;2;NA;002;NA;NA;V3000;005;3520;016;001;030;M;08002106;32215849;NA;NA;NA;NA;NA;8904;NA;NA;NA;NA;NA;NA;NA;NA;NA;NA;OSPEDALE S.MARIA NUOVA - RE;NA;NA;NA;0
080;080021;2024;564184;2024;080103;999436;07/03/2024;10/03/2024;062;390;M;0;0;3;NA;002;NA;NA;7741;005;3008;999;001;436;M;08002106;32217441;NA;NA;NA;NA;NA;9983;NA;NA;NA;NA;NA;NA;NA;NA;NA;NA;OSPEDALE S.MARIA NUOVA - RE;NA;NA;NA;0
080;080004;2024;21108;2024;080101;098054;12/09/2024;15/09/2024;031;391;M;0;0;3;NA;002;NA;NA;V3001;005;3420;098;001;030;F;08000401;32217595;NA;NA;NA;NA;NA;NA;NA;NA;NA;NA;NA;NA;NA;NA;NA;NA;OSPEDALE PIACENZA;NA;NA;NA;0
080;080004;2024;20117;2024;080101;015242;30/08/2024;02/09/2024;031;391;M;0;0;3;NA;002;NA;NA;V3001;005;3300;015;001;030;M;08000401;32217597;NA;NA;NA;NA;NA;NA;NA;NA;NA;NA;NA;NA;NA;NA;NA;NA;OSPEDALE PIACENZA;NA;NA;NA;0
080;080004;2024;20061;2024;080101;098010;29/08/2024;01/09/2024;031;391;M;0;0;3;NA;002;NA;NA;V3000;005;3200;098;001;030;M;08000401;32217599;NA;NA;NA;NA;NA;NA;NA;NA;NA;NA;NA;NA;NA;NA;NA;NA;OSPEDALE PIACENZA;NA;NA;NA;0
080;080004;2024;21012;2024;080101;098029;11/09/2024;15/09/2024;031;391;M;0;0;4;NA;002;NA;NA;V3000;005;3450;098;001;030;M;08000401;32217602;NA;NA;NA;NA;NA;NA;NA;NA;NA;NA;NA;NA;NA;NA;NA;NA;OSPEDALE PIACENZA;NA;NA;NA;0
080;080004;2024;25578;2024;080101;098014;01/11/2024;03/11/2024;039;070;M;0;47;2;NA;002;NA;NA;462;005;NA;098;001;030;F;08000401;32217603;27651;0793;NA;NA;NA;9918;NA;NA;NA;NA;NA;NA;NA;NA;NA;NA;OSPEDALE PIACENZA;NA;NA;NA;0
080;080004;2024;21412;2024;080101;098014;15/09/2024;18/09/2024;031;391;M;0;0;3;NA;002;NA;NA;V3000;005;2400;098;001;030;F;08000401;32217603;NA;NA;NA;NA;NA;NA;NA;NA;NA;NA;NA;NA;NA;NA;NA;NA;OSPEDALE PIACENZA;NA;NA;NA;0
080;080004;2024;20435;2024;080101;019076;03/09/2024;05/09/2024;031;391;M;0;0;2;NA;002;NA;NA;V3000;005;2220;019;001;030;F;08000401;32217612;NA;NA;NA;NA;NA;NA;NA;NA;NA;NA;NA;NA;NA;NA;NA;NA;OSPEDALE PIACENZA;NA;NA;NA;0
080;080004;2024;20413;2024;080101;098010;03/09/2024;05/09/2024;031;391;M;0;0;2;NA;002;NA;NA;V3000;005;2930;098;001;030;M;08000401;32217615;NA;NA;NA;NA;NA;NA;NA;NA;NA;NA;NA;NA;NA;NA;NA;NA;OSPEDALE PIACENZA;NA;NA;NA;0
080;080004;2024;22257;2024;080101;098006;24/09/2024;27/09/2024;031;391;M;0;0;3;NA;002;NA;NA;V3000;005;3560;098;001;030;M;08000401;32217617;NA;NA;NA;NA;NA;NA;NA;NA;NA;NA;NA;NA;NA;NA;NA;NA;OSPEDALE PIACENZA;NA;NA;NA;0
080;080004;2024;22097;2024;080101;019076;23/09/2024;25/09/2024;031;391;M;0;0;2;NA;002;NA;NA;V3000;005;3270;019;001;030;M;08000401;32217618;NA;NA;NA;NA;NA;NA;NA;NA;NA;NA;NA;NA;NA;NA;NA;NA;OSPEDALE PIACENZA;NA;NA;NA;0
080;080004;2024;21048;2024;080101;018139;11/09/2024;14/09/2024;031;391;M;0;0;3;NA;002;NA;NA;V3000;005;2860;018;001;030;M;08000401;32217619;NA;NA;NA;NA;NA;NA;NA;NA;NA;NA;NA;NA;NA;NA;NA;NA;OSPEDALE PIACENZA;NA;NA;NA;0
080;080909;2024;18344;2024;080909;029009;07/10/2024;09/10/2024;031;390;M;0;0;2;NA;002;NA;NA;V3000;005;3495;029;001;050;F;080909;32218127;7609;NA;NA;NA;NA;9501;9059;9541;NA;NA;NA;NA;NA;NA;NA;NA;AOSPU ARCISPEDALE S.ANNA - FE;NA;NA;NA;0
080;080908;2024;418410;2024;080908;080001;09/10/2024;30/10/2024;006;111;C;0;0;21;14;002;3885;NA;7454;005;2400;080;001;180;F;080908;32218349;7455;NA;NA;NA;NA;3885;8872;8952;8879;8871;8906;8744;9059;897;NA;NA;IRCCS AOU BOLOGNA;NA;NA;NA;0
080;080004;2024;23038;2024;080101;098013;03/10/2024;06/10/2024;031;391;M;0;0;3;NA;002;NA;NA;V3000;005;3280;098;001;030;M;08000401;32218500;NA;NA;NA;NA;NA;NA;NA;NA;NA;NA;NA;NA;NA;NA;NA;NA;OSPEDALE PIACENZA;NA;NA;NA;0
080;080909;2024;18487;2024;080909;029041;09/10/2024;12/10/2024;031;390;M;0;0;3;NA;002;NA;NA;V3001;005;3315;029;001;050;F;080909;32218654;7609;NA;NA;NA;NA;9501;9059;9541;NA;NA;NA;NA;NA;NA;NA;NA;AOSPU ARCISPEDALE S.ANNA - FE;NA;NA;NA;0
080;080004;2024;23435;2024;080101;098019;08/10/2024;13/10/2024;031;391;M;0;0;5;NA;002;NA;NA;V3000;005;2990;098;001;030;F;08000401;32218851;77439;NA;NA;NA;NA;9983;NA;NA;NA;NA;NA;NA;NA;NA;NA;NA;OSPEDALE PIACENZA;NA;NA;NA;0
080;080908;2024;418345;2024;080908;023021;08/10/2024;11/10/2024;031;391;M;0;0;3;NA;002;NA;NA;V3000;005;3935;023;001;050;F;080908;32219004;7661;NA;NA;NA;NA;897;8903;8965;9547;9059;9059;9509;8619;897;NA;NA;IRCCS AOU BOLOGNA;NA;NA;NA;0
080;080909;2024;18383;2024;080909;029022;08/10/2024;18/10/2024;062;390;M;0;0;10;NA;002;NA;NA;7687;005;2990;029;001;050;M;080909;32219176;7706;76529;7793;NA;NA;3892;8744;9907;9981;9391;8965;9921;9915;8891;8914;NA;AOSPU ARCISPEDALE S.ANNA - FE;NA;NA;NA;0
080;080909;2024;18606;2024;080909;029033;10/10/2024;13/10/2024;031;390;M;0;0;3;NA;002;NA;NA;V3000;005;3615;029;001;050;M;080909;32219515;77984;V195;NA;NA;NA;9501;9541;9059;NA;NA;NA;NA;NA;NA;NA;NA;AOSPU ARCISPEDALE S.ANNA - FE;NA;NA;NA;0
080;080902;2024;570238;2024;080902;019036;11/06/2024;13/06/2024;031;391;M;0;0;2;NA;002;NA;NA;V3000;005;3150;019;001;030;F;080902;32220644;NA;NA;NA;NA;NA;9307;9546;8903;8939;897;9509;NA;NA;NA;NA;NA;AOSPU OSPEDALI RIUNITI - PR;NA;NA;NA;0
080;080095;2024;26994;2024;080114;042013;27/09/2024;29/09/2024;031;391;M;0;0;2;NA;002;NA;NA;V3000;005;3230;042;001;110;F;08009501;32220946;NA;NA;NA;NA;NA;NA;NA;NA;NA;NA;NA;NA;NA;NA;NA;NA;OSPEDALE RIMINI;NA;NA;NA;0
080;080085;2024;17996;2024;080114;018095;18/09/2024;20/09/2024;031;391;M;0;0;2;NA;002;NA;NA;V3000;005;3724;018;001;030;F;08008501;32221104;NA;NA;NA;NA;NA;NA;NA;NA;NA;NA;NA;NA;NA;NA;NA;NA;OSPEDALE FORLI';NA;NA;NA;0
080;080902;2024;573602;2024;080902;020066;15/07/2024;19/07/2024;062;390;M;0;0;4;NA;002;NA;NA;7706;005;3500;020;001;030;M;080902;32221555;NA;NA;NA;NA;NA;9396;8744;897;8903;9509;9307;9546;8939;NA;NA;NA;AOSPU OSPEDALI RIUNITI - PR;NA;NA;NA;0
080;080095;2024;25094;2024;080114;041071;09/09/2024;11/09/2024;031;391;M;0;0;2;NA;002;NA;NA;V3000;005;3955;041;001;110;M;08009501;32221993;NA;NA;NA;NA;NA;NA;NA;NA;NA;NA;NA;NA;NA;NA;NA;NA;OSPEDALE RIMINI;NA;NA;NA;0
080;080095;2024;25216;2024;080114;050026;10/09/2024;12/09/2024;031;391;M;0;0;2;NA;002;NA;NA;V3000;005;2880;050;001;090;F;08009501;32221994;NA;NA;NA;NA;NA;NA;NA;NA;NA;NA;NA;NA;NA;NA;NA;NA;OSPEDALE RIMINI;NA;NA;NA;0
080;080095;2024;25035;2024;080114;041051;08/09/2024;10/09/2024;031;391;M;0;0;2;NA;002;NA;NA;V3000;005;2920;041;001;110;F;08009501;32221996;NA;NA;NA;NA;NA;NA;NA;NA;NA;NA;NA;NA;NA;NA;NA;NA;OSPEDALE RIMINI;NA;NA;NA;0
080;080095;2024;26004;2024;080114;042010;18/09/2024;22/09/2024;062;137;M;0;0;4;NA;002;NA;NA;7470;005;2840;042;001;110;M;08009501;32221998;7756;NA;NA;NA;NA;8872;8901;9059;9547;8952;8619;NA;NA;NA;NA;NA;OSPEDALE RIMINI;NA;NA;NA;0
080;080095;2024;25411;2024;080114;041044;12/09/2024;15/09/2024;031;391;M;0;0;3;NA;002;NA;NA;V3000;005;3555;041;001;110;F;08009501;32221999;NA;NA;NA;NA;NA;NA;NA;NA;NA;NA;NA;NA;NA;NA;NA;NA;OSPEDALE RIMINI;NA;NA;NA;0
080;080095;2024;26997;2024;080114;042035;27/09/2024;29/09/2024;031;391;M;0;0;2;NA;002;NA;NA;V3000;005;3790;042;001;110;F;08009501;32222000;NA;NA;NA;NA;NA;NA;NA;NA;NA;NA;NA;NA;NA;NA;NA;NA;OSPEDALE RIMINI;NA;NA;NA;0
080;080095;2024;25710;2024;080114;043044;15/09/2024;17/09/2024;031;391;M;0;0;2;NA;002;NA;NA;V3000;005;3250;043;001;110;F;08009501;32222001;NA;NA;NA;NA;NA;NA;NA;NA;NA;NA;NA;NA;NA;NA;NA;NA;OSPEDALE RIMINI;NA;NA;NA;0
080;080095;2024;25566;2024;080114;042030;13/09/2024;15/09/2024;031;391;M;0;0;2;NA;002;NA;NA;V3000;005;3910;042;001;110;M;08009501;32222003;NA;NA;NA;NA;NA;NA;NA;NA;NA;NA;NA;NA;NA;NA;NA;NA;OSPEDALE RIMINI;NA;NA;NA;0
080;080095;2024;25977;2024;080114;041026;17/09/2024;20/09/2024;031;391;M;0;0;3;NA;002;NA;NA;V3000;005;3170;041;001;110;F;08009501;32222004;NA;NA;NA;NA;NA;NA;NA;NA;NA;NA;NA;NA;NA;NA;NA;NA;OSPEDALE RIMINI;NA;NA;NA;0
080;080095;2024;26990;2024;080114;041068;27/09/2024;29/09/2024;031;391;M;0;0;2;NA;002;NA;NA;V3000;005;3145;041;001;110;F;08009501;32222006;NA;NA;NA;NA;NA;NA;NA;NA;NA;NA;NA;NA;NA;NA;NA;NA;OSPEDALE RIMINI;NA;NA;NA;0
080;080095;2024;25612;2024;080114;042046;13/09/2024;17/09/2024;031;391;M;0;0;4;NA;002;NA;NA;V3100;005;3275;042;001;110;M;08009501;32222007;NA;NA;NA;NA;NA;NA;NA;NA;NA;NA;NA;NA;NA;NA;NA;NA;OSPEDALE RIMINI;NA;NA;NA;0
080;080095;2024;25611;2024;080114;042046;13/09/2024;17/09/2024;031;391;M;0;0;4;NA;002;NA;NA;V3100;005;3240;042;001;110;M;08009501;32222008;NA;NA;NA;NA;NA;NA;NA;NA;NA;NA;NA;NA;NA;NA;NA;NA;OSPEDALE RIMINI;NA;NA;NA;0
080;080095;2024;25050;2024;080114;041020;08/09/2024;11/09/2024;031;391;M;0;0;3;NA;002;NA;NA;V3000;005;3155;041;001;110;F;08009501;32222009;NA;NA;NA;NA;NA;NA;NA;NA;NA;NA;NA;NA;NA;NA;NA;NA;OSPEDALE RIMINI;NA;NA;NA;0
080;080095;2024;26030;2024;080114;058091;18/09/2024;21/09/2024;062;388;M;0;0;3;NA;002;NA;NA;76519;005;2520;058;001;120;F;08009501;32222010;NA;NA;NA;NA;NA;9059;8871;NA;NA;NA;NA;NA;NA;NA;NA;NA;OSPEDALE RIMINI;NA;NA;NA;0
080;080095;2024;26407;2024;080114;042050;22/09/2024;24/09/2024;062;137;M;0;0;2;NA;002;NA;NA;7454;005;3285;042;001;110;F;08009501;32222011;NA;NA;NA;NA;NA;8872;8952;NA;NA;NA;NA;NA;NA;NA;NA;NA;OSPEDALE RIMINI;NA;NA;NA;0
080;080095;2024;25170;2024;080114;043044;09/09/2024;15/09/2024;062;390;M;0;0;6;NA;002;NA;NA;7731;005;3390;043;001;110;M;08009501;32222012;NA;NA;NA;NA;NA;9983;8871;9059;NA;NA;NA;NA;NA;NA;NA;NA;OSPEDALE RIMINI;NA;NA;NA;0
080;080095;2024;22015;2024;080114;020042;05/08/2024;02/09/2024;062;387;M;0;0;26;NA;002;NA;NA;77084;005;1760;020;001;030;M;08009501;32222013;76517;76417;7756;7602;V0185;9390;9059;9921;3892;9915;3893;NA;NA;NA;NA;NA;OSPEDALE RIMINI;NA;NA;NA;0
080;080095;2024;24730;2024;080114;041009;04/09/2024;07/09/2024;062;390;M;0;0;3;NA;002;NA;NA;7793;005;3390;041;001;110;F;08009501;32222014;78340;NA;NA;NA;NA;9059;NA;NA;NA;NA;NA;NA;NA;NA;NA;NA;OSPEDALE RIMINI;NA;NA;NA;0
080;080095;2024;26124;2024;080114;041044;19/09/2024;21/09/2024;062;390;M;0;0;2;NA;002;NA;NA;7661;005;3925;041;001;110;F;08009501;32222015;7793;78340;NA;NA;NA;9059;NA;NA;NA;NA;NA;NA;NA;NA;NA;NA;OSPEDALE RIMINI;NA;NA;NA;0
080;080095;2024;26356;2024;080114;042014;21/09/2024;24/09/2024;031;391;M;0;0;3;NA;002;NA;NA;V3000;005;3065;042;001;110;F;08009501;32222016;NA;NA;NA;NA;NA;NA;NA;NA;NA;NA;NA;NA;NA;NA;NA;NA;OSPEDALE RIMINI;NA;NA;NA;0
080;080095;2024;23717;2024;080114;027004;26/08/2024;05/09/2024;062;386;M;0;0;10;NA;002;NA;NA;769;005;2400;027;001;050;F;08009501;32222017;76518;76527;7793;7742;NA;9390;3893;9921;9918;9059;9983;9635;8871;NA;NA;NA;OSPEDALE RIMINI;NA;NA;NA;0
080;080095;2024;23963;2024;080114;041044;28/08/2024;02/09/2024;062;389;M;0;0;5;NA;002;NA;NA;77181;005;3565;041;001;110;M;08009501;32222019;NA;NA;NA;NA;NA;9059;9921;NA;NA;NA;NA;NA;NA;NA;NA;NA;OSPEDALE RIMINI;NA;NA;NA;0
080;080095;2024;25735;2024;080114;041020;16/09/2024;18/09/2024;031;391;M;0;0;2;NA;002;NA;NA;V3000;005;3310;041;001;110;M;08009501;32222020;NA;NA;NA;NA;NA;NA;NA;NA;NA;NA;NA;NA;NA;NA;NA;NA;OSPEDALE RIMINI;NA;NA;NA;0
080;080095;2024;26438;2024;080114;042015;22/09/2024;25/09/2024;031;391;M;0;0;3;NA;002;NA;NA;V3001;005;3210;042;001;110;M;08009501;32222021;NA;NA;NA;NA;NA;NA;NA;NA;NA;NA;NA;NA;NA;NA;NA;NA;OSPEDALE RIMINI;NA;NA;NA;0
080;080095;2024;24830;2024;080114;041044;05/09/2024;08/09/2024;031;391;M;0;0;3;NA;002;NA;NA;V3000;005;3110;041;001;110;M;08009501;32222022;NA;NA;NA;NA;NA;NA;NA;NA;NA;NA;NA;NA;NA;NA;NA;NA;OSPEDALE RIMINI;NA;NA;NA;0
080;080095;2024;24400;2024;080114;041044;01/09/2024;03/09/2024;031;391;M;0;0;2;NA;002;NA;NA;V3000;005;3330;041;001;110;M;08009501;32222023;NA;NA;NA;NA;NA;NA;NA;NA;NA;NA;NA;NA;NA;NA;NA;NA;OSPEDALE RIMINI;NA;NA;NA;0
080;080095;2024;24344;2024;080114;041034;31/08/2024;05/09/2024;062;386;M;0;0;5;NA;002;NA;NA;769;005;3333;041;001;110;F;08009501;32222024;76419;NA;NA;NA;NA;8871;8965;9059;8744;9921;NA;NA;NA;NA;NA;NA;OSPEDALE RIMINI;NA;NA;NA;0
080;080095;2024;26687;2024;080114;041044;24/09/2024;28/09/2024;062;389;M;0;0;4;NA;002;NA;NA;76418;005;2210;041;001;110;F;08009501;32222025;NA;NA;NA;NA;NA;9059;8871;NA;NA;NA;NA;NA;NA;NA;NA;NA;OSPEDALE RIMINI;NA;NA;NA;0
080;080095;2024;26691;2024;080114;041057;25/09/2024;30/09/2024;062;388;M;0;0;5;NA;002;NA;NA;7742;005;2850;041;001;110;F;08009501;32222027;76528;76519;NA;NA;NA;9059;8903;9059;9983;8871;NA;NA;NA;NA;NA;NA;OSPEDALE RIMINI;NA;NA;NA;0
080;080095;2024;24539;2024;080114;015146;03/09/2024;05/09/2024;062;390;M;0;0;2;NA;002;NA;NA;76419;005;3000;015;001;030;F;08009501;32222028;NA;NA;NA;NA;NA;9059;NA;NA;NA;NA;NA;NA;NA;NA;NA;NA;OSPEDALE RIMINI;NA;NA;NA;0
080;080095;2024;25178;2024;080114;041015;09/09/2024;12/09/2024;031;391;M;0;0;3;NA;002;NA;NA;V3000;005;3090;041;001;110;F;08009501;32222030;NA;NA;NA;NA;NA;NA;NA;NA;NA;NA;NA;NA;NA;NA;NA;NA;OSPEDALE RIMINI;NA;NA;NA;0
080;080095;2024;25295;2024;080114;041044;10/09/2024;14/09/2024;031;391;M;0;0;4;NA;002;NA;NA;V3000;005;3030;041;001;110;F;08009501;32222031;NA;NA;NA;NA;NA;NA;NA;NA;NA;NA;NA;NA;NA;NA;NA;NA;OSPEDALE RIMINI;NA;NA;NA;0
080;080095;2024;25926;2024;080114;041029;17/09/2024;19/09/2024;031;391;M;0;0;2;NA;002;NA;NA;V3000;005;3680;041;001;110;F;08009501;32222032;NA;NA;NA;NA;NA;NA;NA;NA;NA;NA;NA;NA;NA;NA;NA;NA;OSPEDALE RIMINI;NA;NA;NA;0
080;080908;2024;425685;2024;080908;071024;21/11/2024;25/11/2024;049;233;C;0;217;4;1;006;0206;NA;7560;005;NA;071;001;160;F;080908;32222269;33818;2851;NA;NA;NA;0206;897;8903;0124;9926;8744;9904;9921;NA;NA;NA;IRCCS AOU BOLOGNA;NA;NA;NA;0
080;080153;2024;825204;2024;080105;071024;25/11/2024;28/11/2024;076;256;M;0;221;3;NA;002;NA;NA;7560;005;NA;071;001;160;F;080153;32222269;33818;NA;NA;NA;NA;9918;NA;NA;NA;NA;NA;NA;NA;NA;NA;NA;IRCCS SCIENZE NEUROLOGICHE BO;NA;NA;NA;0
080;080153;2024;825041;2024;080105;071024;21/11/2024;21/11/2024;076;256;M;0;217;1;NA;006;NA;NA;7560;005;NA;071;001;160;F;080153;32222269;NA;NA;NA;NA;NA;8903;NA;NA;NA;NA;NA;NA;NA;NA;NA;NA;IRCCS SCIENZE NEUROLOGICHE BO;NA;NA;NA;0
080;080908;2024;419111;2024;080908;037006;13/10/2024;15/10/2024;031;391;M;0;0;2;NA;002;NA;NA;V3000;005;2780;037;001;080;F;080908;32222833;NA;NA;NA;NA;NA;897;8903;8965;897;9059;9509;8619;NA;NA;NA;NA;IRCCS AOU BOLOGNA;NA;NA;NA;0
080;080095;2024;35194;2024;080114;041067;24/12/2024;28/12/2024;062;386;M;0;130;4;NA;002;NA;NA;769;005;NA;041;001;110;M;08009501;32223030;NA;NA;NA;NA;NA;9390;8744;8965;9059;8871;8879;NA;NA;NA;NA;NA;OSPEDALE RIMINI;NA;NA;NA;0
080;080095;2024;22963;2024;080114;041067;16/08/2024;14/11/2024;062;386;M;0;0;90;NA;002;NA;NA;769;005;700;041;001;110;M;08009501;32223030;76503;76523;7707;36221;7766;9671;3892;8749;9904;9509;9390;8872;NA;NA;NA;NA;OSPEDALE RIMINI;NA;NA;NA;0
080;080095;2024;22964;2024;080114;041067;16/08/2024;14/11/2024;062;386;M;0;0;90;NA;002;NA;NA;769;005;800;041;001;110;M;08009501;32223031;76503;76523;7707;36221;7766;9604;9390;9904;9509;8749;3892;8872;NA;NA;NA;NA;OSPEDALE RIMINI;NA;NA;NA;0
080;080095;2024;22747;2024;080114;041068;13/08/2024;17/10/2024;062;386;M;0;0;65;NA;002;NA;1;769;005;NA;041;001;110;M;08009501;32223049;76504;7470;7766;7742;76524;9604;9671;3892;8871;9915;9390;9059;9983;8872;3893;NA;OSPEDALE RIMINI;NA;NA;NA;0
080;080909;2024;18983;2024;080909;029033;16/10/2024;19/10/2024;031;391;M;0;0;3;NA;002;NA;NA;V3000;005;3870;029;001;050;M;080909;32223290;NA;NA;NA;NA;NA;9541;9501;9059;NA;NA;NA;NA;NA;NA;NA;NA;AOSPU ARCISPEDALE S.ANNA - FE;NA;NA;NA;0
080;080004;2024;21961;2024;080101;098050;20/09/2024;22/09/2024;031;391;M;0;0;2;NA;002;NA;NA;V3000;005;3530;098;001;030;M;08000401;32223606;NA;NA;NA;NA;NA;NA;NA;NA;NA;NA;NA;NA;NA;NA;NA;NA;OSPEDALE PIACENZA;NA;NA;NA;0
080;080004;2024;22136;2024;080101;098010;23/09/2024;25/09/2024;031;391;M;0;0;2;NA;002;NA;NA;V3000;005;2920;098;001;030;M;08000401;32223607;NA;NA;NA;NA;NA;NA;NA;NA;NA;NA;NA;NA;NA;NA;NA;NA;OSPEDALE PIACENZA;NA;NA;NA;0
080;080004;2024;21650;2024;080101;098026;18/09/2024;20/09/2024;031;391;M;0;0;2;NA;002;NA;NA;V3000;005;4230;098;001;030;M;08000401;32223609;NA;NA;NA;NA;NA;NA;NA;NA;NA;NA;NA;NA;NA;NA;NA;NA;OSPEDALE PIACENZA;NA;NA;NA;0
080;080004;2024;22441;2024;080101;030098;26/09/2024;28/09/2024;031;391;M;0;0;2;NA;002;NA;NA;V3000;005;3590;030;001;060;F;08000401;32223612;NA;NA;NA;NA;NA;NA;NA;NA;NA;NA;NA;NA;NA;NA;NA;NA;OSPEDALE PIACENZA;NA;NA;NA;0
080;080004;2024;21735;2024;080101;098029;18/09/2024;20/09/2024;031;391;M;0;0;2;NA;002;NA;NA;V3000;005;3167;098;001;030;F;08000401;32223613;NA;NA;NA;NA;NA;NA;NA;NA;NA;NA;NA;NA;NA;NA;NA;NA;OSPEDALE PIACENZA;NA;NA;NA;0
080;080004;2024;27288;2024;080101;098010;20/11/2024;23/11/2024;039;035;M;0;69;3;NA;002;NA;NA;78199;005;NA;098;001;030;M;08000401;32223614;NA;NA;NA;NA;NA;8891;8914;8913;9503;3142;NA;NA;NA;NA;NA;NA;OSPEDALE PIACENZA;NA;NA;NA;0
080;080004;2024;21204;2024;080101;098010;12/09/2024;15/09/2024;031;391;M;0;0;3;NA;002;NA;NA;V3000;005;3180;098;001;030;M;08000401;32223614;NA;NA;NA;NA;NA;NA;NA;NA;NA;NA;NA;NA;NA;NA;NA;NA;OSPEDALE PIACENZA;NA;NA;NA;0
080;080909;2024;19024;2024;080909;029033;17/10/2024;20/10/2024;031;391;M;0;0;3;NA;002;NA;NA;V301;005;2830;029;001;050;F;080909;32224646;76409;NA;NA;NA;NA;9501;9541;9059;NA;NA;NA;NA;NA;NA;NA;NA;AOSPU ARCISPEDALE S.ANNA - FE;NA;NA;NA;0
080;080095;2024;28629;2024;080114;041029;15/10/2024;16/10/2024;062;390;M;0;7;1;NA;002;NA;NA;7728;005;NA;041;001;110;M;08009501;32225397;V291;NA;NA;NA;NA;9059;8871;8903;8906;NA;NA;NA;NA;NA;NA;NA;OSPEDALE RIMINI;NA;NA;NA;0
080;080004;2024;23699;2024;080101;098049;10/10/2024;13/10/2024;031;391;M;0;0;3;NA;002;NA;NA;V3000;005;3510;098;001;030;F;08000401;32225545;NA;NA;NA;NA;NA;NA;NA;NA;NA;NA;NA;NA;NA;NA;NA;NA;OSPEDALE PIACENZA;NA;NA;NA;0
080;080072;2024;18037;2024;080114;048044;14/08/2024;15/08/2024;039;467;M;0;50;1;NA;002;NA;NA;V650;005;NA;048;001;090;M;080072;32225581;NA;NA;NA;NA;NA;NA;NA;NA;NA;NA;NA;NA;NA;NA;NA;NA;OSPEDALE RAVENNA;NA;NA;NA;0
080;080902;2024;578901;2024;080902;042045;02/09/2024;04/09/2024;039;184;M;0;112;2;NA;002;NA;NA;53011;005;NA;042;001;110;M;080902;32225616;78900;56400;NA;NA;NA;4516;8939;8903;8952;8876;897;3899;NA;NA;NA;NA;AOSPU OSPEDALI RIUNITI - PR;NA;NA;NA;0
080;080004;2024;21286;2024;080101;098019;13/09/2024;16/09/2024;031;391;M;0;0;3;NA;002;NA;NA;V3000;005;3570;098;001;030;F;08000401;32238133;NA;NA;NA;NA;NA;NA;NA;NA;NA;NA;NA;NA;NA;NA;NA;NA;OSPEDALE PIACENZA;NA;NA;NA;0
080;080004;2024;21791;2024;080101;018192;19/09/2024;21/09/2024;031;391;M;0;0;2;NA;002;NA;NA;V3000;005;3055;018;001;030;F;08000401;32238134;NA;NA;NA;NA;NA;NA;NA;NA;NA;NA;NA;NA;NA;NA;NA;NA;OSPEDALE PIACENZA;NA;NA;NA;0
080;080004;2024;21256;2024;080101;098029;13/09/2024;17/09/2024;031;391;M;0;0;4;NA;002;NA;NA;V3001;005;3230;098;001;030;F;08000401;32238135;NA;NA;NA;NA;NA;NA;NA;NA;NA;NA;NA;NA;NA;NA;NA;NA;OSPEDALE PIACENZA;NA;NA;NA;0
080;080004;2024;20906;2024;080101;098029;09/09/2024;11/09/2024;031;391;M;0;0;2;NA;002;NA;NA;V3000;005;3500;098;001;030;M;08000401;32238137;NA;NA;NA;NA;NA;NA;NA;NA;NA;NA;NA;NA;NA;NA;NA;NA;OSPEDALE PIACENZA;NA;NA;NA;0
080;080031;2024;9086;2024;080104;020027;20/10/2024;23/10/2024;031;391;M;0;0;3;NA;002;NA;NA;V3000;005;3505;020;001;030;M;08003104;32238961;NA;NA;NA;NA;NA;8965;9542;897;NA;NA;NA;NA;NA;NA;NA;NA;OSPEDALE CARPI;NA;NA;NA;0
080;080908;2024;420602;2024;080908;109030;22/10/2024;05/11/2024;006;108;C;0;0;14;6;002;3584;NA;74510;005;3080;109;001;110;M;080908;32239098;51881;NA;NA;NA;NA;3584;9604;3893;3541;9672;3961;3962;3963;8954;8872;NA;IRCCS AOU BOLOGNA;NA;NA;NA;0
080;080908;2024;413189;2024;080908;038019;06/09/2024;08/09/2024;031;391;M;0;0;2;NA;002;NA;NA;V3000;005;3920;038;001;080;F;080908;32239663;7633;NA;NA;NA;NA;897;8965;8903;8619;897;9059;9509;NA;NA;NA;NA;IRCCS AOU BOLOGNA;NA;NA;NA;0
080;080909;2024;19543;2024;080909;029033;24/10/2024;27/10/2024;031;390;M;0;0;3;NA;002;NA;NA;V3000;005;3110;029;001;050;F;080909;32240586;77984;NA;NA;NA;NA;9501;9059;9541;NA;NA;NA;NA;NA;NA;NA;NA;AOSPU ARCISPEDALE S.ANNA - FE;NA;NA;NA;0
080;080909;2024;19463;2024;080909;029022;24/10/2024;27/10/2024;031;391;M;0;0;3;NA;002;NA;NA;V3000;005;3170;029;001;050;F;080909;32240587;NA;NA;NA;NA;NA;9501;9059;9541;NA;NA;NA;NA;NA;NA;NA;NA;AOSPU ARCISPEDALE S.ANNA - FE;NA;NA;NA;0
080;080909;2024;19465;2024;080909;038010;24/10/2024;26/10/2024;031;390;M;0;0;2;NA;002;NA;NA;V301;005;3390;038;001;080;F;080909;32240609;7609;7788;37272;7518;NA;8906;9059;9501;9541;NA;NA;NA;NA;NA;NA;NA;AOSPU ARCISPEDALE S.ANNA - FE;NA;NA;NA;0
080;080091;2024;519325;2024;080114;051030;18/09/2024;21/09/2024;031;391;M;0;0;3;NA;002;NA;NA;V3001;005;3250;051;001;090;M;08009101;32240791;NA;NA;NA;NA;NA;NA;NA;NA;NA;NA;NA;NA;NA;NA;NA;NA;OSPEDALE CESENA;NA;NA;NA;0
080;080031;2024;9264;2024;080104;017029;25/10/2024;28/10/2024;031;390;M;0;0;3;NA;002;NA;NA;V3001;005;3005;017;001;030;F;08003104;32240823;V0482;NA;NA;NA;NA;8965;9547;897;NA;NA;NA;NA;NA;NA;NA;NA;OSPEDALE CARPI;NA;NA;NA;0
080;080902;2024;577562;2024;080902;073012;17/08/2024;19/08/2024;031;391;M;0;0;2;NA;002;NA;NA;V3000;005;3140;073;001;160;M;080902;32240950;NA;NA;NA;NA;NA;9509;9546;8903;8939;897;9307;NA;NA;NA;NA;NA;AOSPU OSPEDALI RIUNITI - PR;NA;NA;NA;0
080;080004;2024;25076;2024;080101;017067;26/10/2024;28/10/2024;039;422;M;0;71;2;NA;002;NA;NA;04321;005;NA;017;001;030;M;08000401;32241893;NA;NA;NA;NA;NA;NA;NA;NA;NA;NA;NA;NA;NA;NA;NA;NA;OSPEDALE PIACENZA;NA;NA;NA;0
080;080004;2024;21652;2024;080101;098010;18/09/2024;24/09/2024;062;316;M;0;0;6;NA;002;NA;NA;5849;005;2920;098;001;030;M;08000401;32242395;27651;NA;NA;NA;NA;9918;9059;8875;NA;NA;NA;NA;NA;NA;NA;NA;OSPEDALE PIACENZA;NA;NA;NA;0
080;080004;2024;21315;2024;080101;018111;13/09/2024;16/09/2024;031;391;M;0;0;3;NA;002;NA;NA;V3001;005;3540;018;001;030;M;08000401;32242448;NA;NA;NA;NA;NA;NA;NA;NA;NA;NA;NA;NA;NA;NA;NA;NA;OSPEDALE PIACENZA;NA;NA;NA;0
080;080096;2024;10238;2024;080104;019036;29/10/2024;01/11/2024;031;391;M;0;0;3;NA;002;NA;NA;V3000;005;3790;019;001;030;F;080096;32242872;V290;7661;NA;NA;NA;9547;9914;NA;NA;NA;NA;NA;NA;NA;NA;NA;OSPEDALE CIVILE DI SASSUOLO S.P.A.;NA;NA;NA;0
080;080072;2024;19016;2024;080114;076098;28/08/2024;01/09/2024;031;391;M;0;0;4;NA;002;NA;NA;V3000;005;4080;076;001;170;M;080072;32243106;NA;NA;NA;NA;NA;NA;NA;NA;NA;NA;NA;NA;NA;NA;NA;NA;OSPEDALE RAVENNA;NA;NA;NA;0
080;080902;2024;89332;2024;080902;001028;05/10/2024;07/10/2024;039;422;M;0;139;2;NA;002;NA;NA;04321;005;NA;001;001;010;F;080902;32243124;4658;NA;NA;NA;NA;8876;9394;9921;9918;3894;9052;8903;8939;897;9039;NA;AOSPU OSPEDALI RIUNITI - PR;NA;NA;NA;0
080;080031;2024;500775;2024;080104;020027;16/12/2024;19/12/2024;039;464;M;0;46;3;NA;002;NA;NA;7904;005;NA;020;001;030;M;08003104;32243340;460;NA;NA;NA;NA;9056;8876;NA;NA;NA;NA;NA;NA;NA;NA;NA;OSPEDALE CARPI;NA;NA;NA;0
080;080031;2024;9469;2024;080104;020027;31/10/2024;03/11/2024;031;390;M;0;0;3;NA;002;NA;NA;V3001;005;3100;020;001;030;M;08003104;32243340;V0482;NA;NA;NA;NA;8965;897;9542;NA;NA;NA;NA;NA;NA;NA;NA;OSPEDALE CARPI;NA;NA;NA;0
080;080021;2024;603920;2024;080103;999254;24/09/2024;26/09/2024;031;391;M;0;0;2;NA;002;NA;NA;V3000;005;3910;999;001;254;M;08002106;32243395;NA;NA;NA;NA;NA;8903;NA;NA;NA;NA;NA;NA;NA;NA;NA;NA;OSPEDALE S.MARIA NUOVA - RE;NA;NA;NA;0
080;080908;2024;412451;2024;080908;999443;01/09/2024;09/09/2024;062;389;M;0;0;8;NA;002;NA;NA;7732;005;2510;999;001;443;F;080908;32243413;76419;7746;NA;NA;NA;9983;3893;3899;9929;9059;8901;8952;897;9983;NA;NA;IRCCS AOU BOLOGNA;NA;NA;NA;0
080;080908;2024;411207;2024;080908;999254;21/08/2024;12/09/2024;011;190;M;0;1;22;NA;002;NA;NA;7515;005;NA;999;001;254;F;080908;32243416;NA;NA;NA;NA;NA;9918;5732;9918;9921;8776;897;8893;8904;8908;8952;8876;IRCCS AOU BOLOGNA;NA;NA;NA;0
080;080096;2024;10348;2024;080104;054056;02/11/2024;05/11/2024;031;390;M;0;0;3;NA;002;NA;NA;V3000;005;2750;054;001;100;M;080096;32243657;V0482;V298;NA;NA;NA;9547;9959;9139;NA;NA;NA;NA;NA;NA;NA;NA;OSPEDALE CIVILE DI SASSUOLO S.P.A.;NA;NA;NA;0
080;080904;2024;26159;2024;080904;999436;08/09/2024;11/09/2024;031;391;M;0;0;3;NA;002;NA;NA;V3000;005;3670;999;001;436;M;08090401;32243869;NA;NA;NA;NA;NA;NA;NA;NA;NA;NA;NA;NA;NA;NA;NA;NA;AOSPU POLICLINICO - MO;NA;NA;NA;0
080;080902;2024;582888;2024;080902;034027;12/10/2024;14/10/2024;031;391;M;0;0;2;NA;002;NA;NA;V3000;005;3550;034;001;080;M;080902;32244288;NA;NA;NA;NA;NA;NA;NA;NA;NA;NA;NA;NA;NA;NA;NA;NA;AOSPU OSPEDALI RIUNITI - PR;NA;NA;NA;0
080;080095;2024;27894;2024;080114;041020;07/10/2024;11/10/2024;062;390;M;0;0;4;NA;002;NA;NA;7661;005;4080;041;001;110;M;08009501;32244424;7793;78340;NA;NA;NA;3899;NA;NA;NA;NA;NA;NA;NA;NA;NA;NA;OSPEDALE RIMINI;NA;NA;NA;0
080;080095;2024;27575;2024;080114;041044;03/10/2024;05/10/2024;031;391;M;0;0;2;NA;002;NA;NA;V3000;005;3080;041;001;110;F;08009501;32244596;NA;NA;NA;NA;NA;NA;NA;NA;NA;NA;NA;NA;NA;NA;NA;NA;OSPEDALE RIMINI;NA;NA;NA;0
080;080095;2024;33083;2024;080114;041065;02/12/2024;03/12/2024;011;163;C;0;77;1;0;002;5302;NA;55091;005;NA;041;001;110;M;08009501;32244819;NA;NA;NA;NA;NA;5302;NA;NA;NA;NA;NA;NA;NA;NA;NA;NA;OSPEDALE RIMINI;NA;NA;NA;0
080;080095;2024;25801;2024;080114;041065;16/09/2024;27/10/2024;062;386;M;0;0;41;NA;002;NA;NA;769;005;1170;041;001;110;M;08009501;32244819;76526;76514;76494;76404;7742;9396;3892;9921;9983;8871;9915;9503;9059;NA;NA;NA;OSPEDALE RIMINI;NA;NA;NA;0
080;080004;2024;22619;2024;080101;098019;28/09/2024;01/10/2024;031;391;M;0;0;3;NA;002;NA;NA;V3000;005;3090;098;001;030;M;08000401;32245852;NA;NA;NA;NA;NA;NA;NA;NA;NA;NA;NA;NA;NA;NA;NA;NA;OSPEDALE PIACENZA;NA;NA;NA;0
080;080091;2024;522525;2024;080114;022205;01/11/2024;02/11/2024;039;446;M;0;316;1;NA;002;NA;NA;95901;005;NA;022;001;042;F;08009101;32246280;NA;NA;NA;NA;NA;8907;8901;8939;NA;NA;NA;NA;NA;NA;NA;NA;OSPEDALE CESENA;NA;NA;NA;0
080;080095;2024;28239;2024;080114;099015;11/10/2024;13/10/2024;031;391;M;0;0;2;NA;002;NA;NA;V3000;005;3290;099;001;080;M;08009501;32248329;NA;NA;NA;NA;NA;NA;NA;NA;NA;NA;NA;NA;NA;NA;NA;NA;OSPEDALE RIMINI;NA;NA;NA;0
080;080013;2024;11294;2024;080102;019036;13/10/2024;15/10/2024;031;391;M;0;0;2;NA;002;NA;NA;V3000;005;3250;019;001;030;M;08001301;32250237;NA;NA;NA;NA;NA;9546;8939;897;9307;8903;NA;NA;NA;NA;NA;NA;OSPEDALE FIDENZA;NA;NA;NA;0
080;080013;2024;11174;2024;080102;019036;09/10/2024;12/10/2024;031;390;M;0;0;3;NA;002;NA;NA;V3000;005;3090;019;001;030;F;08001301;32250238;V0482;NA;NA;NA;NA;8959;8965;9546;8879;NA;NA;NA;NA;NA;NA;NA;OSPEDALE FIDENZA;NA;NA;NA;0
080;080909;2024;14362;2024;080909;029012;04/08/2024;07/08/2024;031;390;M;0;0;3;NA;002;NA;NA;V3000;005;3050;029;001;050;M;080909;32250310;77984;76409;NA;NA;NA;9059;9541;9501;NA;NA;NA;NA;NA;NA;NA;NA;AOSPU ARCISPEDALE S.ANNA - FE;NA;NA;NA;0
080;080095;2024;27676;2024;080114;041044;04/10/2024;06/10/2024;031;391;M;0;0;2;NA;002;NA;NA;V3000;005;3270;041;001;110;M;08009501;32250961;NA;NA;NA;NA;NA;NA;NA;NA;NA;NA;NA;NA;NA;NA;NA;NA;OSPEDALE RIMINI;NA;NA;NA;0
080;080904;2024;32739;2024;080904;020038;10/11/2024;19/11/2024;073;385;M;0;0;9;NA;001;NA;NA;76511;005;468;020;001;030;M;08090401;32252590;769;NA;NA;NA;NA;9671;3892;8872;8871;9915;NA;NA;NA;NA;NA;NA;AOSPU POLICLINICO - MO;NA;NA;NA;0
080;080095;2024;28456;2024;080114;099001;13/10/2024;15/10/2024;062;389;M;0;0;2;NA;002;NA;NA;7710;005;3130;099;001;080;F;08009501;32253413;NA;NA;NA;NA;NA;8876;NA;NA;NA;NA;NA;NA;NA;NA;NA;NA;OSPEDALE RIMINI;NA;NA;NA;0
080;080909;2024;20171;2024;080909;029033;04/11/2024;07/11/2024;031;390;M;0;0;3;NA;002;NA;NA;V3000;005;2980;029;001;050;F;080909;32254001;V0482;7706;7726;7788;NA;9390;8965;9501;9541;9059;NA;NA;NA;NA;NA;NA;AOSPU ARCISPEDALE S.ANNA - FE;NA;NA;NA;0
080;080053;2024;321378;2024;080105;037006;31/10/2024;02/11/2024;031;390;M;0;0;2;NA;002;NA;NA;V3000;005;3205;037;001;080;M;08005301;32254461;V0482;NA;NA;NA;NA;897;NA;NA;NA;NA;NA;NA;NA;NA;NA;NA;OSPEDALE MAGGIORE;NA;NA;NA;0
080;080909;2024;19736;2024;080909;029033;28/10/2024;30/10/2024;031;391;M;0;0;2;NA;002;NA;NA;V3000;005;3180;029;001;050;M;080909;32254710;NA;NA;NA;NA;NA;9501;9059;9541;NA;NA;NA;NA;NA;NA;NA;NA;AOSPU ARCISPEDALE S.ANNA - FE;NA;NA;NA;0
080;080908;2024;421825;2024;080908;010025;29/10/2024;23/11/2024;008;565;M;0;274;25;NA;002;NA;NA;51881;005;NA;010;001;070;F;080908;32254780;4822;78551;99812;V0482;NA;9672;0017;9396;9904;8965;9921;8872;8952;8954;9914;NA;IRCCS AOU BOLOGNA;NA;NA;NA;0
080;080908;2024;424557;2024;080908;042036;14/11/2024;22/11/2024;062;388;M;0;0;8;NA;002;NA;NA;76527;005;2270;042;001;110;M;080908;32256022;76518;V201;V0482;NA;NA;897;9955;8871;9547;897;9059;9509;8901;NA;NA;NA;IRCCS AOU BOLOGNA;NA;NA;NA;0
080;080909;2024;20904;2024;080909;029037;15/11/2024;18/11/2024;031;390;M;0;0;3;NA;002;NA;NA;V3001;005;3015;029;001;050;M;080909;32257300;V0482;NA;NA;NA;NA;9541;9501;9059;NA;NA;NA;NA;NA;NA;NA;NA;AOSPU ARCISPEDALE S.ANNA - FE;NA;NA;NA;0
080;080004;2024;25205;2024;080101;098010;28/10/2024;01/11/2024;031;391;M;0;0;4;NA;002;NA;NA;V3001;005;3400;098;001;030;F;08000401;32259431;NA;NA;NA;NA;NA;NA;NA;NA;NA;NA;NA;NA;NA;NA;NA;NA;OSPEDALE PIACENZA;NA;NA;NA;0
080;080095;2024;31302;2024;080114;042045;12/11/2024;16/11/2024;062;070;M;0;8;4;NA;002;NA;NA;4659;005;NA;042;001;110;M;08009501;32259551;7806;NA;NA;NA;NA;9059;897;9133;9053;9032;NA;NA;NA;NA;NA;NA;OSPEDALE RIMINI;NA;NA;NA;0
080;080095;2024;30498;2024;080114;042045;04/11/2024;07/11/2024;062;390;M;0;0;3;NA;002;NA;NA;7661;005;3960;042;001;110;M;08009501;32259551;V0482;NA;NA;NA;NA;9059;897;NA;NA;NA;NA;NA;NA;NA;NA;NA;OSPEDALE RIMINI;NA;NA;NA;0
080;080072;2024;23219;2024;080114;090003;23/10/2024;25/10/2024;031;391;M;0;0;2;NA;002;NA;NA;V3000;005;3260;090;001;200;F;080072;32260130;NA;NA;NA;NA;NA;NA;NA;NA;NA;NA;NA;NA;NA;NA;NA;NA;OSPEDALE RAVENNA;NA;NA;NA;0
080;080004;2024;24818;2024;080101;098054;23/10/2024;25/10/2024;031;391;M;0;0;2;NA;002;NA;NA;V3000;005;2860;098;001;030;M;08000401;32262890;NA;NA;NA;NA;NA;NA;NA;NA;NA;NA;NA;NA;NA;NA;NA;NA;OSPEDALE PIACENZA;NA;NA;NA;0
080;080004;2024;23420;2024;080101;098011;08/10/2024;13/10/2024;062;386;M;0;0;5;NA;002;NA;NA;769;005;3370;098;001;030;F;08000401;32262891;7686;NA;NA;NA;NA;9390;9059;8744;9921;8871;NA;NA;NA;NA;NA;NA;OSPEDALE PIACENZA;NA;NA;NA;0
080;080004;2024;27499;2024;080101;098026;22/11/2024;25/11/2024;039;389;M;0;25;3;NA;002;NA;NA;7793;005;NA;098;001;030;M;08000401;32262893;56409;5990;NA;NA;NA;8769;9921;8874;NA;NA;NA;NA;NA;NA;NA;NA;OSPEDALE PIACENZA;NA;NA;NA;0
080;080004;2024;25258;2024;080101;098026;28/10/2024;31/10/2024;031;391;M;0;0;3;NA;002;NA;NA;V3000;005;3100;098;001;030;M;08000401;32262893;NA;NA;NA;NA;NA;NA;NA;NA;NA;NA;NA;NA;NA;NA;NA;NA;OSPEDALE PIACENZA;NA;NA;NA;0
080;080004;2024;23918;2024;080101;098022;14/10/2024;17/10/2024;031;391;M;0;0;3;NA;002;NA;NA;V3000;005;2940;098;001;030;F;08000401;32262895;NA;NA;NA;NA;NA;NA;NA;NA;NA;NA;NA;NA;NA;NA;NA;NA;OSPEDALE PIACENZA;NA;NA;NA;0
080;080004;2024;25319;2024;080101;098051;29/10/2024;31/10/2024;031;391;M;0;0;2;NA;002;NA;NA;V3000;005;3800;098;001;030;F;08000401;32262896;NA;NA;NA;NA;NA;NA;NA;NA;NA;NA;NA;NA;NA;NA;NA;NA;OSPEDALE PIACENZA;NA;NA;NA;0
080;080004;2024;24612;2024;080101;098049;21/10/2024;24/10/2024;031;391;M;0;0;3;NA;002;NA;NA;V3001;005;3640;098;001;030;F;08000401;32262897;NA;NA;NA;NA;NA;NA;NA;NA;NA;NA;NA;NA;NA;NA;NA;NA;OSPEDALE PIACENZA;NA;NA;NA;0
080;080004;2024;23327;2024;080101;098049;07/10/2024;09/10/2024;031;391;M;0;0;2;NA;002;NA;NA;V3000;005;3080;098;001;030;M;08000401;32262900;NA;NA;NA;NA;NA;NA;NA;NA;NA;NA;NA;NA;NA;NA;NA;NA;OSPEDALE PIACENZA;NA;NA;NA;0
080;080004;2024;23371;2024;080101;018187;07/10/2024;10/10/2024;031;391;M;0;0;3;NA;002;NA;NA;V3000;005;3120;018;001;030;F;08000401;32262901;NA;NA;NA;NA;NA;NA;NA;NA;NA;NA;NA;NA;NA;NA;NA;NA;OSPEDALE PIACENZA;NA;NA;NA;0
080;080004;2024;23753;2024;080101;018100;11/10/2024;15/10/2024;031;391;M;0;0;4;NA;002;NA;NA;V3001;005;3225;018;001;030;F;08000401;32262903;NA;NA;NA;NA;NA;NA;NA;NA;NA;NA;NA;NA;NA;NA;NA;NA;OSPEDALE PIACENZA;NA;NA;NA;0
080;080004;2024;23854;2024;080101;098014;12/10/2024;14/10/2024;031;391;M;0;0;2;NA;002;NA;NA;V3000;005;3670;098;001;030;F;08000401;32262905;NA;NA;NA;NA;NA;NA;NA;NA;NA;NA;NA;NA;NA;NA;NA;NA;OSPEDALE PIACENZA;NA;NA;NA;0
080;080004;2024;24516;2024;080101;098013;20/10/2024;22/10/2024;031;391;M;0;0;2;NA;002;NA;NA;V3000;005;3380;098;001;030;M;08000401;32262907;NA;NA;NA;NA;NA;NA;NA;NA;NA;NA;NA;NA;NA;NA;NA;NA;OSPEDALE PIACENZA;NA;NA;NA;0
080;080004;2024;24493;2024;080101;098014;20/10/2024;22/10/2024;031;391;M;0;0;2;NA;002;NA;NA;V3000;005;3190;098;001;030;F;08000401;32262908;NA;NA;NA;NA;NA;NA;NA;NA;NA;NA;NA;NA;NA;NA;NA;NA;OSPEDALE PIACENZA;NA;NA;NA;0
080;080004;2024;24117;2024;080101;098010;16/10/2024;19/10/2024;031;391;M;0;0;3;NA;002;NA;NA;V3001;005;3070;098;001;030;F;08000401;32262909;NA;NA;NA;NA;NA;NA;NA;NA;NA;NA;NA;NA;NA;NA;NA;NA;OSPEDALE PIACENZA;NA;NA;NA;0
080;080004;2024;23215;2024;080101;098010;06/10/2024;10/10/2024;031;391;M;0;0;4;NA;002;NA;NA;V3000;005;3770;098;001;030;F;08000401;32262913;NA;NA;NA;NA;NA;NA;NA;NA;NA;NA;NA;NA;NA;NA;NA;NA;OSPEDALE PIACENZA;NA;NA;NA;0
080;080004;2024;29402;2024;080101;018099;15/12/2024;21/12/2024;039;098;M;0;51;6;NA;002;NA;NA;46611;005;NA;018;001;030;M;08000401;32262915;51882;NA;NA;NA;NA;9396;9394;NA;NA;NA;NA;NA;NA;NA;NA;NA;OSPEDALE PIACENZA;NA;NA;NA;0
080;080004;2024;24965;2024;080101;018099;25/10/2024;27/10/2024;031;391;M;0;0;2;NA;002;NA;NA;V3000;005;4200;018;001;030;M;08000401;32262915;NA;NA;NA;NA;NA;NA;NA;NA;NA;NA;NA;NA;NA;NA;NA;NA;OSPEDALE PIACENZA;NA;NA;NA;0
080;080004;2024;23720;2024;080101;018153;10/10/2024;13/10/2024;031;391;M;0;0;3;NA;002;NA;NA;V3000;005;3660;018;001;030;M;08000401;32262916;NA;NA;NA;NA;NA;NA;NA;NA;NA;NA;NA;NA;NA;NA;NA;NA;OSPEDALE PIACENZA;NA;NA;NA;0
080;080909;2024;21352;2024;080909;029033;21/11/2024;27/11/2024;062;390;M;0;0;6;NA;002;NA;NA;7706;005;3090;029;001;050;M;080909;32263172;76529;76409;77984;V0482;NA;9390;3898;9053;8744;9093;8871;9501;9541;NA;NA;NA;AOSPU ARCISPEDALE S.ANNA - FE;NA;NA;NA;0
080;080909;2024;21160;2024;080909;038008;19/11/2024;27/11/2024;062;390;M;0;0;8;NA;002;NA;NA;V3001;005;2970;038;001;080;M;080909;32263249;V604;V0482;NA;NA;NA;8929;9093;8968;8871;9501;9059;9541;NA;NA;NA;NA;AOSPU ARCISPEDALE S.ANNA - FE;NA;NA;NA;0
080;080902;2024;584942;2024;080902;034027;03/11/2024;05/11/2024;031;390;M;0;0;2;NA;002;NA;NA;V3000;005;3000;034;001;080;F;080902;32264210;V0482;NA;NA;NA;NA;9307;9546;8903;8939;897;9509;NA;NA;NA;NA;NA;AOSPU OSPEDALI RIUNITI - PR;NA;NA;NA;0
080;080004;2024;26919;2024;080101;098049;16/11/2024;19/11/2024;031;391;M;0;0;3;NA;002;NA;NA;V3000;005;3750;098;001;030;M;08000401;32264599;NA;NA;NA;NA;NA;NA;NA;NA;NA;NA;NA;NA;NA;NA;NA;NA;OSPEDALE PIACENZA;NA;NA;NA;0
080;080053;2024;323090;2024;080105;037035;24/11/2024;26/11/2024;031;390;M;0;0;2;NA;002;NA;NA;V3000;005;3980;037;001;080;M;08005307;32264734;V0482;NA;NA;NA;NA;897;NA;NA;NA;NA;NA;NA;NA;NA;NA;NA;OSPEDALE BENTIVOGLIO;NA;NA;NA;0
080;080095;2024;28104;2024;080114;041064;09/10/2024;12/10/2024;062;390;M;0;0;3;NA;002;NA;NA;7706;005;3080;041;001;110;M;08009501;32264877;NA;NA;NA;NA;NA;9059;NA;NA;NA;NA;NA;NA;NA;NA;NA;NA;OSPEDALE RIMINI;NA;NA;NA;0
080;080095;2024;27220;2024;080114;041010;30/09/2024;02/10/2024;031;391;M;0;0;2;NA;002;NA;NA;V3000;005;3225;041;001;110;F;08009501;32264879;NA;NA;NA;NA;NA;NA;NA;NA;NA;NA;NA;NA;NA;NA;NA;NA;OSPEDALE RIMINI;NA;NA;NA;0
080;080095;2024;29325;2024;080114;041044;23/10/2024;25/10/2024;031;391;M;0;0;2;NA;002;NA;NA;V3000;005;3900;041;001;110;M;08009501;32264880;NA;NA;NA;NA;NA;NA;NA;NA;NA;NA;NA;NA;NA;NA;NA;NA;OSPEDALE RIMINI;NA;NA;NA;0
080;080095;2024;27592;2024;080114;041069;03/10/2024;06/10/2024;031;391;M;0;0;3;NA;002;NA;NA;V3001;005;2970;041;001;110;F;08009501;32264881;NA;NA;NA;NA;NA;NA;NA;NA;NA;NA;NA;NA;NA;NA;NA;NA;OSPEDALE RIMINI;NA;NA;NA;0
080;080095;2024;28024;2024;080114;041065;08/10/2024;12/10/2024;062;389;M;0;0;4;NA;002;NA;NA;7793;005;3440;041;001;110;F;08009501;32264882;78340;7756;NA;NA;NA;9059;NA;NA;NA;NA;NA;NA;NA;NA;NA;NA;OSPEDALE RIMINI;NA;NA;NA;0
080;080095;2024;29379;2024;080114;041013;23/10/2024;26/10/2024;031;391;M;0;0;3;NA;002;NA;NA;V3001;005;3120;041;001;110;F;08009501;32264884;NA;NA;NA;NA;NA;NA;NA;NA;NA;NA;NA;NA;NA;NA;NA;NA;OSPEDALE RIMINI;NA;NA;NA;0
080;080095;2024;27769;2024;080114;042019;05/10/2024;08/10/2024;031;391;M;0;0;3;NA;002;NA;NA;V3000;005;3430;042;001;110;M;08009501;32264885;NA;NA;NA;NA;NA;NA;NA;NA;NA;NA;NA;NA;NA;NA;NA;NA;OSPEDALE RIMINI;NA;NA;NA;0
080;080095;2024;28404;2024;080114;041013;12/10/2024;14/10/2024;031;391;M;0;0;2;NA;002;NA;NA;V3000;005;3110;041;001;110;M;08009501;32264887;NA;NA;NA;NA;NA;NA;NA;NA;NA;NA;NA;NA;NA;NA;NA;NA;OSPEDALE RIMINI;NA;NA;NA;0
080;080095;2024;29092;2024;080114;041044;20/10/2024;23/10/2024;031;391;M;0;0;3;NA;002;NA;NA;V3000;005;3400;041;001;110;F;08009501;32264891;NA;NA;NA;NA;NA;NA;NA;NA;NA;NA;NA;NA;NA;NA;NA;NA;OSPEDALE RIMINI;NA;NA;NA;0
080;080095;2024;28417;2024;080114;041065;12/10/2024;14/10/2024;031;391;M;0;0;2;NA;002;NA;NA;V3000;005;3200;041;001;110;F;08009501;32264892;NA;NA;NA;NA;NA;NA;NA;NA;NA;NA;NA;NA;NA;NA;NA;NA;OSPEDALE RIMINI;NA;NA;NA;0
080;080095;2024;28361;2024;080114;041013;11/10/2024;14/10/2024;031;391;M;0;0;3;NA;002;NA;NA;V3000;005;3200;041;001;110;F;08009501;32264893;NA;NA;NA;NA;NA;NA;NA;NA;NA;NA;NA;NA;NA;NA;NA;NA;OSPEDALE RIMINI;NA;NA;NA;0
080;080095;2024;29093;2024;080114;041044;20/10/2024;23/10/2024;031;391;M;0;0;3;NA;002;NA;NA;V3001;005;3040;041;001;110;F;08009501;32264896;NA;NA;NA;NA;NA;NA;NA;NA;NA;NA;NA;NA;NA;NA;NA;NA;OSPEDALE RIMINI;NA;NA;NA;0
080;080095;2024;28653;2024;080114;041044;16/10/2024;18/10/2024;031;391;M;0;0;2;NA;002;NA;NA;V3000;005;3220;041;001;110;M;08009501;32264897;NA;NA;NA;NA;NA;NA;NA;NA;NA;NA;NA;NA;NA;NA;NA;NA;OSPEDALE RIMINI;NA;NA;NA;0
080;080095;2024;27911;2024;080114;041026;08/10/2024;10/10/2024;031;391;M;0;0;2;NA;002;NA;NA;V3000;005;3425;041;001;110;M;08009501;32264900;NA;NA;NA;NA;NA;NA;NA;NA;NA;NA;NA;NA;NA;NA;NA;NA;OSPEDALE RIMINI;NA;NA;NA;0
080;080095;2024;28438;2024;080114;041045;13/10/2024;21/10/2024;062;390;M;0;0;8;NA;002;NA;NA;7706;005;3170;041;001;110;M;08009501;32264902;NA;NA;NA;NA;NA;8965;9059;8871;8872;NA;NA;NA;NA;NA;NA;NA;OSPEDALE RIMINI;NA;NA;NA;0
080;080095;2024;28980;2024;080114;099014;18/10/2024;21/10/2024;031;391;M;0;0;3;NA;002;NA;NA;V3000;005;3640;099;001;080;M;08009501;32264903;NA;NA;NA;NA;NA;NA;NA;NA;NA;NA;NA;NA;NA;NA;NA;NA;OSPEDALE RIMINI;NA;NA;NA;0
080;080095;2024;29377;2024;080114;041026;23/10/2024;25/10/2024;031;391;M;0;0;2;NA;002;NA;NA;V3000;005;3310;041;001;110;M;08009501;32264905;NA;NA;NA;NA;NA;NA;NA;NA;NA;NA;NA;NA;NA;NA;NA;NA;OSPEDALE RIMINI;NA;NA;NA;0
080;080095;2024;27710;2024;080114;042006;05/10/2024;08/10/2024;062;389;M;0;0;3;NA;002;NA;NA;76418;005;2360;042;001;110;M;08009501;32264906;7793;NA;NA;NA;NA;9059;8901;8871;9132;NA;NA;NA;NA;NA;NA;NA;OSPEDALE RIMINI;NA;NA;NA;0
080;080013;2024;12484;2024;080102;019021;11/11/2024;14/11/2024;031;390;M;0;0;3;NA;002;NA;NA;V3001;005;2840;019;001;030;F;08001301;32265006;V0482;NA;NA;NA;NA;9546;8952;8872;9307;8959;897;8903;NA;NA;NA;NA;OSPEDALE FIDENZA;NA;NA;NA;0
080;080021;2024;608372;2024;080103;020022;22/10/2024;24/10/2024;031;391;M;0;0;2;NA;002;NA;NA;V3000;005;3200;020;001;030;F;08002106;32271367;NA;NA;NA;NA;NA;8903;NA;NA;NA;NA;NA;NA;NA;NA;NA;NA;OSPEDALE S.MARIA NUOVA - RE;NA;NA;NA;0
080;080021;2024;608102;2024;080103;020027;20/10/2024;26/10/2024;062;388;M;0;0;6;NA;002;NA;NA;76519;005;2670;020;001;030;F;08002106;32271368;76528;7742;NA;NA;NA;9983;3899;8871;NA;NA;NA;NA;NA;NA;NA;NA;OSPEDALE S.MARIA NUOVA - RE;NA;NA;NA;0
080;080021;2024;605766;2024;080103;020066;05/10/2024;07/10/2024;031;391;M;0;0;2;NA;002;NA;NA;V3000;005;4006;020;001;030;F;08002106;32271371;NA;NA;NA;NA;NA;8903;NA;NA;NA;NA;NA;NA;NA;NA;NA;NA;OSPEDALE S.MARIA NUOVA - RE;NA;NA;NA;0
080;080904;2024;201042;2024;080904;029041;27/11/2024;29/11/2024;031;390;M;0;0;2;NA;002;NA;NA;V3000;005;3840;029;001;050;F;08090401;32271662;V0482;NA;NA;NA;NA;NA;NA;NA;NA;NA;NA;NA;NA;NA;NA;NA;AOSPU POLICLINICO - MO;NA;NA;NA;0
080;080909;2024;21614;2024;080909;029041;26/11/2024;28/11/2024;031;390;M;0;0;2;NA;002;NA;NA;V3000;005;3455;029;001;050;M;080909;32271811;V0482;7609;76719;NA;NA;9501;9541;9059;9929;8871;NA;NA;NA;NA;NA;NA;AOSPU ARCISPEDALE S.ANNA - FE;NA;NA;NA;0
080;080909;2024;15917;2024;080909;999436;30/08/2024;03/09/2024;039;298;M;0;18;4;NA;002;NA;NA;27651;005;NA;999;001;436;M;080909;32272968;78703;NA;NA;NA;NA;9918;9132;8929;9052;9099;8876;8959;8906;9092;9382;NA;AOSPU ARCISPEDALE S.ANNA - FE;NA;NA;NA;0
080;080909;2024;15519;2024;080909;999436;23/08/2024;27/08/2024;039;322;M;0;11;4;NA;002;NA;NA;5990;005;NA;999;001;436;M;080909;32272968;0414;NA;NA;NA;NA;9921;9918;8938;8903;897;NA;NA;NA;NA;NA;NA;AOSPU ARCISPEDALE S.ANNA - FE;NA;NA;NA;0
080;080909;2024;14815;2024;080909;999436;12/08/2024;16/08/2024;062;390;M;0;0;4;NA;002;NA;NA;7746;005;2775;999;001;436;M;080909;32272968;76529;7731;76719;NA;NA;9032;9501;8871;9983;8875;9541;9546;9059;NA;NA;NA;AOSPU ARCISPEDALE S.ANNA - FE;NA;NA;NA;0
080;080091;2024;522103;2024;080114;065007;26/10/2024;28/10/2024;031;391;M;0;0;2;NA;002;NA;NA;V3000;005;3865;065;001;150;F;08009101;32273184;NA;NA;NA;NA;NA;NA;NA;NA;NA;NA;NA;NA;NA;NA;NA;NA;OSPEDALE CESENA;NA;NA;NA;0
080;080909;2024;21551;2024;080909;029033;25/11/2024;28/11/2024;031;390;M;0;0;3;NA;002;NA;NA;V3001;005;3285;029;001;050;M;080909;32273505;V0482;75251;NA;NA;NA;9501;9541;9929;8906;9059;NA;NA;NA;NA;NA;NA;AOSPU ARCISPEDALE S.ANNA - FE;NA;NA;NA;0
080;080908;2024;426778;2024;080908;051017;28/11/2024;30/11/2024;031;390;M;0;0;2;NA;002;NA;NA;V3001;005;3175;051;001;090;M;080908;32273795;V0482;NA;NA;NA;NA;897;8965;8903;9914;9059;9509;897;9547;8619;NA;NA;IRCCS AOU BOLOGNA;NA;NA;NA;0
080;080909;2024;21761;2024;080909;029033;28/11/2024;30/11/2024;031;390;M;0;0;2;NA;002;NA;NA;V3000;005;3215;029;001;050;F;080909;32273892;77984;V0482;NA;NA;NA;9929;9059;9541;9501;NA;NA;NA;NA;NA;NA;NA;AOSPU ARCISPEDALE S.ANNA - FE;NA;NA;NA;0
080;080908;2024;427091;2024;080908;017125;29/11/2024;02/12/2024;031;390;M;0;0;3;NA;002;NA;NA;V3000;005;3225;017;001;030;F;080908;32274737;V0482;NA;NA;NA;NA;897;8965;8903;9509;897;9059;8619;9914;NA;NA;NA;IRCCS AOU BOLOGNA;NA;NA;NA;0
080;080021;2024;607837;2024;080103;999344;17/10/2024;21/10/2024;031;391;M;0;0;4;NA;002;NA;NA;V3000;005;2842;999;001;344;F;08002106;32275930;NA;NA;NA;NA;NA;8903;NA;NA;NA;NA;NA;NA;NA;NA;NA;NA;OSPEDALE S.MARIA NUOVA - RE;NA;NA;NA;0
080;080909;2024;17896;2024;080909;999243;30/09/2024;04/10/2024;031;390;M;0;0;4;NA;002;NA;NA;V3000;005;2655;999;001;243;M;080909;32275981;7608;76409;NA;NA;NA;9501;8929;8871;9541;9059;NA;NA;NA;NA;NA;NA;AOSPU ARCISPEDALE S.ANNA - FE;NA;NA;NA;0
080;080082;2024;809149;2024;080114;999443;21/10/2024;31/10/2024;062;391;M;0;0;10;NA;002;NA;NA;V3000;005;3170;999;001;443;M;080082;32275986;NA;NA;NA;NA;NA;8906;8871;8876;9382;8929;8872;8901;8952;NA;NA;NA;OSPEDALE FAENZA;NA;NA;NA;0
080;080904;2024;28510;2024;080904;999436;30/09/2024;03/10/2024;031;391;M;0;0;3;NA;002;NA;NA;V3000;005;2775;999;001;436;F;08090401;32275989;NA;NA;NA;NA;NA;NA;NA;NA;NA;NA;NA;NA;NA;NA;NA;NA;AOSPU POLICLINICO - MO;NA;NA;NA;0
080;080004;2024;25624;2024;080101;018020;02/11/2024;04/11/2024;031;390;M;0;0;2;NA;002;NA;NA;V3000;005;3320;018;001;030;M;08000401;32276385;V0482;NA;NA;NA;NA;NA;NA;NA;NA;NA;NA;NA;NA;NA;NA;NA;OSPEDALE PIACENZA;NA;NA;NA;0
080;080004;2024;28223;2024;080101;098029;01/12/2024;04/12/2024;031;390;M;0;0;3;NA;002;NA;NA;V3000;005;3300;098;001;030;M;08000401;32276904;V0482;NA;NA;NA;NA;NA;NA;NA;NA;NA;NA;NA;NA;NA;NA;NA;OSPEDALE PIACENZA;NA;NA;NA;0
080;080095;2024;33643;2024;080114;041013;07/12/2024;09/12/2024;011;270;C;0;40;2;2;002;8309;NA;6110;005;NA;041;001;110;F;08009501;32277450;NA;NA;NA;NA;NA;8604;9716;8309;NA;NA;NA;NA;NA;NA;NA;NA;OSPEDALE RIMINI;NA;NA;NA;0
080;080095;2024;29910;2024;080114;041013;28/10/2024;01/11/2024;031;391;M;0;0;4;NA;002;NA;NA;V3000;005;3600;041;001;110;F;08009501;32277450;NA;NA;NA;NA;NA;NA;NA;NA;NA;NA;NA;NA;NA;NA;NA;NA;OSPEDALE RIMINI;NA;NA;NA;0
080;080902;2024;584300;2024;080902;019021;26/10/2024;28/10/2024;031;391;M;0;0;2;NA;002;NA;NA;V3000;005;3200;019;001;030;M;080902;32277618;NA;NA;NA;NA;NA;9307;9546;8903;8939;897;9509;NA;NA;NA;NA;NA;AOSPU OSPEDALI RIUNITI - PR;NA;NA;NA;0
080;080902;2024;580949;2024;080902;020066;24/09/2024;08/10/2024;062;387;M;0;0;14;NA;002;NA;NA;76517;005;1860;020;001;030;M;080902;32277660;7706;76417;76527;NA;NA;8744;8871;9139;8903;9546;3898;8965;9053;NA;NA;NA;AOSPU OSPEDALI RIUNITI - PR;NA;NA;NA;0
080;080902;2024;584321;2024;080902;020054;27/10/2024;29/10/2024;031;390;M;0;0;2;NA;002;NA;NA;77984;005;3400;020;001;030;M;080902;32277817;NA;NA;NA;NA;NA;9307;9546;8903;8939;897;9509;NA;NA;NA;NA;NA;AOSPU OSPEDALI RIUNITI - PR;NA;NA;NA;0
080;080902;2024;583633;2024;080902;020066;20/10/2024;22/10/2024;062;390;M;0;0;2;NA;002;NA;NA;7706;005;2860;020;001;030;M;080902;32277856;NA;NA;NA;NA;NA;9396;8871;8906;8903;3898;8965;9053;NA;NA;NA;NA;AOSPU OSPEDALI RIUNITI - PR;NA;NA;NA;0
080;080902;2024;585265;2024;080902;020066;06/11/2024;08/11/2024;031;390;M;0;0;2;NA;002;NA;NA;V3001;005;3200;020;001;030;M;080902;32277980;V0482;NA;NA;NA;NA;9307;9546;9509;8939;897;8903;NA;NA;NA;NA;NA;AOSPU OSPEDALI RIUNITI - PR;NA;NA;NA;0
080;080004;2024;26622;2024;080101;098010;13/11/2024;15/11/2024;031;390;M;0;0;2;NA;002;NA;NA;V3000;005;3360;098;001;030;M;08000401;32278253;V0482;NA;NA;NA;NA;NA;NA;NA;NA;NA;NA;NA;NA;NA;NA;NA;OSPEDALE PIACENZA;NA;NA;NA;0
080;080902;2024;585634;2024;080902;019057;10/11/2024;12/11/2024;031;390;M;0;0;2;NA;002;NA;NA;V3000;005;3215;019;001;030;M;080902;32278346;V0482;NA;NA;NA;NA;9307;9546;9509;897;8903;8939;NA;NA;NA;NA;NA;AOSPU OSPEDALI RIUNITI - PR;NA;NA;NA;0
080;080902;2024;582882;2024;080902;019021;11/10/2024;13/10/2024;031;391;M;0;0;2;NA;002;NA;NA;7633;005;2530;019;001;030;F;080902;32278506;NA;NA;NA;NA;NA;NA;NA;NA;NA;NA;NA;NA;NA;NA;NA;NA;AOSPU OSPEDALI RIUNITI - PR;NA;NA;NA;0
080;080902;2024;579165;2024;080902;020066;04/09/2024;10/09/2024;062;390;M;0;0;6;NA;002;NA;NA;77982;005;2710;020;001;030;F;080902;32278666;7706;NA;NA;NA;NA;8871;8954;8872;8903;8952;8965;3898;9546;NA;NA;NA;AOSPU OSPEDALI RIUNITI - PR;NA;NA;NA;0
080;080004;2024;25373;2024;080101;098019;30/10/2024;02/11/2024;031;391;M;0;0;3;NA;002;NA;NA;V3001;005;2510;098;001;030;F;08000401;32282751;NA;NA;NA;NA;NA;NA;NA;NA;NA;NA;NA;NA;NA;NA;NA;NA;OSPEDALE PIACENZA;NA;NA;NA;0
080;080004;2024;26084;2024;080101;098048;07/11/2024;10/11/2024;031;391;M;0;0;3;NA;002;NA;NA;V3000;005;3350;098;001;030;M;08000401;32282752;NA;NA;NA;NA;NA;NA;NA;NA;NA;NA;NA;NA;NA;NA;NA;NA;OSPEDALE PIACENZA;NA;NA;NA;0
080;080004;2024;25662;2024;080101;098029;03/11/2024;06/11/2024;031;391;M;0;0;3;NA;002;NA;NA;V3000;005;2840;098;001;030;F;08000401;32282754;NA;NA;NA;NA;NA;NA;NA;NA;NA;NA;NA;NA;NA;NA;NA;NA;OSPEDALE PIACENZA;NA;NA;NA;0
080;080004;2024;26009;2024;080101;098011;06/11/2024;10/11/2024;062;388;M;0;0;4;NA;002;NA;NA;77439;005;2870;098;001;030;M;08000401;32282755;76528;NA;NA;NA;NA;9983;NA;NA;NA;NA;NA;NA;NA;NA;NA;NA;OSPEDALE PIACENZA;NA;NA;NA;0
080;080004;2024;25544;2024;080101;098017;31/10/2024;02/11/2024;031;391;M;0;0;2;NA;002;NA;NA;V3000;005;2880;098;001;030;F;08000401;32282758;NA;NA;NA;NA;NA;NA;NA;NA;NA;NA;NA;NA;NA;NA;NA;NA;OSPEDALE PIACENZA;NA;NA;NA;0
080;080053;2024;323897;2024;080105;026046;04/12/2024;06/12/2024;031;390;M;0;0;2;NA;002;NA;NA;V3000;005;3110;026;001;050;F;08005301;32283314;V0482;NA;NA;NA;NA;897;NA;NA;NA;NA;NA;NA;NA;NA;NA;NA;OSPEDALE MAGGIORE;NA;NA;NA;0
080;080004;2024;26763;2024;080101;098010;14/11/2024;19/11/2024;031;390;M;0;0;5;NA;002;NA;NA;V3000;005;3390;098;001;030;F;08000401;32283589;V0482;NA;NA;NA;NA;NA;NA;NA;NA;NA;NA;NA;NA;NA;NA;NA;OSPEDALE PIACENZA;NA;NA;NA;0
080;080004;2024;27444;2024;080101;098029;22/11/2024;25/11/2024;031;390;M;0;0;3;NA;002;NA;NA;V3001;005;3640;098;001;030;F;08000401;32283590;V0482;NA;NA;NA;NA;NA;NA;NA;NA;NA;NA;NA;NA;NA;NA;NA;OSPEDALE PIACENZA;NA;NA;NA;0
080;080004;2024;26914;2024;080101;098013;16/11/2024;18/11/2024;031;390;M;0;0;2;NA;002;NA;NA;V3000;005;3210;098;001;030;M;08000401;32283592;V0482;NA;NA;NA;NA;NA;NA;NA;NA;NA;NA;NA;NA;NA;NA;NA;OSPEDALE PIACENZA;NA;NA;NA;0
080;080004;2024;25543;2024;080101;098019;31/10/2024;08/11/2024;062;386;M;0;0;8;NA;002;NA;NA;769;005;2490;098;001;030;M;08000401;32283593;7756;76518;7742;77181;7455;9390;8744;9059;9921;9983;8872;NA;NA;NA;NA;NA;OSPEDALE PIACENZA;NA;NA;NA;0
080;080004;2024;27704;2024;080101;018153;25/11/2024;28/11/2024;031;390;M;0;0;3;NA;002;NA;NA;V3000;005;3810;018;001;030;F;08000401;32283596;V0482;NA;NA;NA;NA;NA;NA;NA;NA;NA;NA;NA;NA;NA;NA;NA;OSPEDALE PIACENZA;NA;NA;NA;0
080;080095;2024;30255;2024;080114;042022;31/10/2024;02/11/2024;031;390;M;0;0;2;NA;002;NA;NA;V3000;005;3900;042;001;110;M;08009501;32284961;V0482;NA;NA;NA;NA;9959;NA;NA;NA;NA;NA;NA;NA;NA;NA;NA;OSPEDALE RIMINI;NA;NA;NA;0
080;080095;2024;31147;2024;080114;041044;11/11/2024;13/11/2024;031;390;M;0;0;2;NA;002;NA;NA;V3001;005;3680;041;001;110;M;08009501;32284962;V0482;NA;NA;NA;NA;9959;NA;NA;NA;NA;NA;NA;NA;NA;NA;NA;OSPEDALE RIMINI;NA;NA;NA;0
080;080095;2024;31695;2024;080114;041013;16/11/2024;18/11/2024;062;390;M;0;0;2;NA;002;NA;NA;76419;005;2855;041;001;110;F;08009501;32284963;V0482;NA;NA;NA;NA;9929;8871;9059;9547;NA;NA;NA;NA;NA;NA;NA;OSPEDALE RIMINI;NA;NA;NA;0
080;080095;2024;31999;2024;080114;042002;19/11/2024;24/11/2024;062;389;M;0;0;5;NA;002;NA;NA;7756;005;3815;042;001;110;F;08009501;32284965;7793;V3000;V0482;NA;NA;9929;9059;897;NA;NA;NA;NA;NA;NA;NA;NA;OSPEDALE RIMINI;NA;NA;NA;0
080;080095;2024;30747;2024;080114;042003;06/11/2024;09/11/2024;031;390;M;0;0;3;NA;002;NA;NA;V3000;005;3360;042;001;110;F;08009501;32284966;V0482;NA;NA;NA;NA;9929;897;NA;NA;NA;NA;NA;NA;NA;NA;NA;OSPEDALE RIMINI;NA;NA;NA;0
080;080095;2024;30656;2024;080114;041069;05/11/2024;07/11/2024;031;390;M;0;0;2;NA;002;NA;NA;V3000;005;3335;041;001;110;F;08009501;32284968;V0482;NA;NA;NA;NA;9929;897;NA;NA;NA;NA;NA;NA;NA;NA;NA;OSPEDALE RIMINI;NA;NA;NA;0
080;080095;2024;31639;2024;080114;041044;15/11/2024;17/11/2024;031;391;M;0;0;2;NA;002;NA;NA;V3000;005;3545;041;001;110;M;08009501;32284969;NA;NA;NA;NA;NA;NA;NA;NA;NA;NA;NA;NA;NA;NA;NA;NA;OSPEDALE RIMINI;NA;NA;NA;0
080;080095;2024;31652;2024;080114;041044;15/11/2024;17/11/2024;031;391;M;0;0;2;NA;002;NA;NA;V3000;005;3165;041;001;110;M;08009501;32284970;NA;NA;NA;NA;NA;NA;NA;NA;NA;NA;NA;NA;NA;NA;NA;NA;OSPEDALE RIMINI;NA;NA;NA;0
080;080095;2024;31711;2024;080114;042021;16/11/2024;18/11/2024;031;390;M;0;0;2;NA;002;NA;NA;V3000;005;3230;042;001;110;M;08009501;32284971;V0482;NA;NA;NA;NA;897;9929;NA;NA;NA;NA;NA;NA;NA;NA;NA;OSPEDALE RIMINI;NA;NA;NA;0
080;080909;2024;22391;2024;080909;029037;07/12/2024;10/12/2024;031;390;M;0;0;3;NA;002;NA;NA;V3000;005;3550;029;001;050;F;080909;32285290;7609;V0482;NA;NA;NA;9929;9541;9501;9509;9059;NA;NA;NA;NA;NA;NA;AOSPU ARCISPEDALE S.ANNA - FE;NA;NA;NA;0
080;080004;2024;28780;2024;080101;098019;07/12/2024;10/12/2024;031;390;M;0;0;3;NA;002;NA;NA;V3000;005;3830;098;001;030;M;08000401;32286644;V0482;NA;NA;NA;NA;NA;NA;NA;NA;NA;NA;NA;NA;NA;NA;NA;OSPEDALE PIACENZA;NA;NA;NA;0
080;080031;2024;500416;2024;080104;020035;09/12/2024;13/12/2024;031;206;M;0;0;4;NA;002;NA;NA;7824;005;3230;020;001;030;M;08003104;32286654;V0482;V3000;NA;NA;NA;9983;8965;9547;897;NA;NA;NA;NA;NA;NA;NA;OSPEDALE CARPI;NA;NA;NA;0
080;080909;2024;19254;2024;080909;999201;21/10/2024;04/12/2024;062;387;M;0;0;44;NA;002;NA;NA;76518;005;2080;999;001;201;F;080909;32286798;V0482;76526;7706;77211;00869;8872;8744;3892;9915;9390;8873;9099;8875;9339;8871;NA;AOSPU ARCISPEDALE S.ANNA - FE;NA;NA;NA;0
080;080909;2024;22622;2024;080909;029001;11/12/2024;23/12/2024;062;390;M;0;0;12;NA;002;NA;NA;7706;005;3020;029;001;050;F;080909;32288126;74921;76529;7455;7609;7716;8873;9390;8906;8871;9503;8876;3898;8965;9541;9546;NA;AOSPU ARCISPEDALE S.ANNA - FE;NA;NA;NA;0
080;080909;2024;22735;2024;080909;029033;12/12/2024;17/12/2024;062;390;M;0;0;5;NA;002;NA;NA;7746;005;2785;029;001;050;M;080909;32288558;76409;76529;75320;V0482;NA;9501;9339;9093;9059;9983;8871;8875;9546;NA;NA;NA;AOSPU ARCISPEDALE S.ANNA - FE;NA;NA;NA;0
080;080908;2024;429210;2024;080908;032006;13/12/2024;15/12/2024;031;390;M;0;0;2;NA;002;NA;NA;V3000;005;3280;032;001;060;M;080908;32289336;7633;V0482;NA;NA;NA;897;8965;8903;9914;9059;9509;897;9547;8619;NA;NA;IRCCS AOU BOLOGNA;NA;NA;NA;0
080;080909;2024;22764;2024;080909;029033;13/12/2024;15/12/2024;031;390;M;0;0;2;NA;002;NA;NA;V3000;005;3745;029;001;050;M;080909;32289435;7609;V0482;7602;NA;NA;9501;9541;9929;9139;9059;NA;NA;NA;NA;NA;NA;AOSPU ARCISPEDALE S.ANNA - FE;NA;NA;NA;0
080;080909;2024;22863;2024;080909;029033;15/12/2024;17/12/2024;031;390;M;0;0;2;NA;002;NA;NA;V3000;005;2955;029;001;050;M;080909;32289687;V0482;7609;NA;NA;NA;9501;9541;9929;9059;NA;NA;NA;NA;NA;NA;NA;AOSPU ARCISPEDALE S.ANNA - FE;NA;NA;NA;0
080;080095;2024;31460;2024;080114;041013;14/11/2024;16/11/2024;062;390;M;0;0;2;NA;002;NA;NA;7661;005;3780;041;001;110;F;08009501;32290065;7793;78340;NA;NA;NA;9059;NA;NA;NA;NA;NA;NA;NA;NA;NA;NA;OSPEDALE RIMINI;NA;NA;NA;0
080;080095;2024;29923;2024;080114;041013;29/10/2024;04/11/2024;062;422;M;0;39;6;NA;002;NA;NA;7908;005;NA;041;001;110;M;08009501;32290066;28804;04311;7454;NA;NA;0331;8891;9059;9503;8872;8914;8952;NA;NA;NA;NA;OSPEDALE RIMINI;NA;NA;NA;0
080;080095;2024;32387;2024;080114;041009;24/11/2024;30/11/2024;062;389;M;0;0;6;NA;002;NA;NA;77181;005;3470;041;001;110;M;08009501;32290069;V0482;NA;NA;NA;NA;9921;8966;9059;9929;9059;NA;NA;NA;NA;NA;NA;OSPEDALE RIMINI;NA;NA;NA;0
080;080095;2024;31117;2024;080114;041044;11/11/2024;14/11/2024;031;390;M;0;0;3;NA;002;NA;NA;V3000;005;3060;041;001;110;F;08009501;32290070;V0482;NA;NA;NA;NA;9959;NA;NA;NA;NA;NA;NA;NA;NA;NA;NA;OSPEDALE RIMINI;NA;NA;NA;0
080;080095;2024;31008;2024;080114;042050;09/11/2024;11/11/2024;031;391;M;0;0;2;NA;002;NA;NA;V3000;005;2870;042;001;110;M;08009501;32290074;NA;NA;NA;NA;NA;NA;NA;NA;NA;NA;NA;NA;NA;NA;NA;NA;OSPEDALE RIMINI;NA;NA;NA;0
080;080095;2024;30493;2024;080114;042027;04/11/2024;06/11/2024;031;391;M;0;0;2;NA;002;NA;NA;V3000;005;2895;042;001;110;F;08009501;32290076;NA;NA;NA;NA;NA;NA;NA;NA;NA;NA;NA;NA;NA;NA;NA;NA;OSPEDALE RIMINI;NA;NA;NA;0
080;080095;2024;30438;2024;080114;054039;04/11/2024;06/11/2024;031;390;M;0;0;2;NA;002;NA;NA;V3000;005;3515;054;001;100;F;08009501;32290078;V0482;NA;NA;NA;NA;9959;NA;NA;NA;NA;NA;NA;NA;NA;NA;NA;OSPEDALE RIMINI;NA;NA;NA;0
080;080095;2024;30138;2024;080114;041065;30/10/2024;05/11/2024;062;389;M;0;0;6;NA;002;NA;NA;77181;005;3915;041;001;110;M;08009501;32290079;7706;NA;NA;NA;NA;9059;9547;9921;NA;NA;NA;NA;NA;NA;NA;NA;OSPEDALE RIMINI;NA;NA;NA;0
080;080095;2024;30285;2024;080114;042002;01/11/2024;03/11/2024;031;391;M;0;0;2;NA;002;NA;NA;V3000;005;3210;042;001;110;M;08009501;32290080;NA;NA;NA;NA;NA;NA;NA;NA;NA;NA;NA;NA;NA;NA;NA;NA;OSPEDALE RIMINI;NA;NA;NA;0
080;080095;2024;30437;2024;080114;042021;04/11/2024;06/11/2024;031;390;M;0;0;2;NA;002;NA;NA;V3000;005;3750;042;001;110;M;08009501;32290082;V0482;NA;NA;NA;NA;9959;NA;NA;NA;NA;NA;NA;NA;NA;NA;NA;OSPEDALE RIMINI;NA;NA;NA;0
080;080004;2024;25606;2024;080101;098010;01/11/2024;04/11/2024;031;391;M;0;0;3;NA;002;NA;NA;V3000;005;3590;098;001;030;M;08000401;32290613;NA;NA;NA;NA;NA;NA;NA;NA;NA;NA;NA;NA;NA;NA;NA;NA;OSPEDALE PIACENZA;NA;NA;NA;0
080;080004;2024;27395;2024;080101;098057;21/11/2024;25/11/2024;031;390;M;0;0;4;NA;002;NA;NA;V3000;005;2860;098;001;030;M;08000401;32290618;V0482;NA;NA;NA;NA;9983;NA;NA;NA;NA;NA;NA;NA;NA;NA;NA;OSPEDALE PIACENZA;NA;NA;NA;0
080;080095;2024;31736;2024;080114;054013;16/11/2024;20/11/2024;062;390;M;0;0;4;NA;002;NA;NA;7602;005;3140;054;001;100;F;08009501;32290622;V3001;V0482;NA;NA;NA;9059;8871;9959;NA;NA;NA;NA;NA;NA;NA;NA;OSPEDALE RIMINI;NA;NA;NA;0
080;080902;2024;587256;2024;080902;034010;28/11/2024;30/11/2024;031;390;M;0;0;2;NA;002;NA;NA;V3000;005;3000;034;001;080;F;080902;32290703;V0482;NA;NA;NA;NA;9307;9546;8903;8939;897;9509;NA;NA;NA;NA;NA;AOSPU OSPEDALI RIUNITI - PR;NA;NA;NA;0
080;080013;2024;13689;2024;080102;109033;10/12/2024;13/12/2024;031;390;M;0;0;3;NA;002;NA;NA;V3000;005;3540;109;001;110;F;08001301;32291454;V0482;NA;NA;NA;NA;8965;NA;NA;NA;NA;NA;NA;NA;NA;NA;NA;OSPEDALE FIDENZA;NA;NA;NA;0
080;080004;2024;28010;2024;080101;033032;28/11/2024;30/11/2024;031;390;M;0;0;2;NA;002;NA;NA;V3000;005;3830;033;001;080;M;08000401;32296517;V0482;NA;NA;NA;NA;NA;NA;NA;NA;NA;NA;NA;NA;NA;NA;NA;OSPEDALE PIACENZA;NA;NA;NA;0
080;080004;2024;26761;2024;080101;098049;14/11/2024;17/11/2024;031;390;M;0;0;3;NA;002;NA;NA;V3001;005;2730;098;001;030;F;08000401;32296519;V0482;NA;NA;NA;NA;NA;NA;NA;NA;NA;NA;NA;NA;NA;NA;NA;OSPEDALE PIACENZA;NA;NA;NA;0
080;080095;2024;35016;2024;080114;015146;22/12/2024;24/12/2024;039;030;M;0;131;2;NA;002;NA;NA;80001;005;NA;015;001;030;M;08009501;32296593;NA;NA;NA;NA;NA;8703;897;8952;8903;8906;9059;NA;NA;NA;NA;NA;OSPEDALE RIMINI;NA;NA;NA;0
080;080095;2024;33613;2024;080114;042025;06/12/2024;10/12/2024;031;391;M;0;0;4;NA;002;NA;NA;V3000;005;2915;042;001;110;F;08009501;32297014;NA;NA;NA;NA;NA;NA;NA;NA;NA;NA;NA;NA;NA;NA;NA;NA;OSPEDALE RIMINI;NA;NA;NA;0
080;080095;2024;33980;2024;080114;041044;10/12/2024;15/12/2024;031;390;M;0;0;5;NA;002;NA;NA;V3101;005;3290;041;001;110;F;08009501;32297017;V0482;NA;NA;NA;NA;NA;NA;NA;NA;NA;NA;NA;NA;NA;NA;NA;OSPEDALE RIMINI;NA;NA;NA;0
080;080095;2024;33978;2024;080114;041044;10/12/2024;15/12/2024;031;390;M;0;0;5;NA;002;NA;NA;V3101;005;3410;041;001;110;M;08009501;32297018;V0482;NA;NA;NA;NA;NA;NA;NA;NA;NA;NA;NA;NA;NA;NA;NA;OSPEDALE RIMINI;NA;NA;NA;0
080;080095;2024;34107;2024;080114;042045;12/12/2024;15/12/2024;062;388;M;0;0;3;NA;002;NA;NA;76518;005;2430;042;001;110;F;08009501;32297020;V0482;NA;NA;NA;NA;9059;NA;NA;NA;NA;NA;NA;NA;NA;NA;NA;OSPEDALE RIMINI;NA;NA;NA;0
080;080095;2024;30324;2024;080114;041019;02/11/2024;04/12/2024;062;386;M;0;0;32;NA;002;NA;NA;769;005;1430;041;001;110;M;08009501;32297022;76515;7742;7455;7756;37230;9390;3892;8965;9915;9983;8872;NA;NA;NA;NA;NA;OSPEDALE RIMINI;NA;NA;NA;0
080;080095;2024;30329;2024;080114;041019;02/11/2024;04/12/2024;062;386;M;0;0;32;NA;002;NA;NA;769;005;1500;041;001;110;M;08009501;32297023;76516;7742;7455;7756;37230;9604;3892;8965;9983;9915;8872;NA;NA;NA;NA;NA;OSPEDALE RIMINI;NA;NA;NA;0
080;080095;2024;33299;2024;080114;041044;04/12/2024;06/12/2024;031;390;M;0;0;2;NA;002;NA;NA;V3000;005;3475;041;001;110;M;08009501;32297029;V0482;NA;NA;NA;NA;897;9929;NA;NA;NA;NA;NA;NA;NA;NA;NA;OSPEDALE RIMINI;NA;NA;NA;0
080;080095;2024;31160;2024;080114;042002;11/11/2024;02/12/2024;062;386;M;0;0;21;NA;002;NA;NA;769;005;2370;042;001;110;M;08009501;32297030;76518;7756;27541;37230;V0482;9390;8871;9929;9059;9396;NA;NA;NA;NA;NA;NA;OSPEDALE RIMINI;NA;NA;NA;0
080;080095;2024;31162;2024;080114;042002;11/11/2024;02/12/2024;062;387;M;0;0;21;NA;002;NA;NA;76516;005;1720;042;001;110;F;08009501;32297031;76406;7756;27541;37230;V0482;8871;9059;9929;NA;NA;NA;NA;NA;NA;NA;NA;OSPEDALE RIMINI;NA;NA;NA;0
080;080095;2024;33689;2024;080114;041044;07/12/2024;11/12/2024;062;390;M;0;0;4;NA;002;NA;NA;7793;005;3660;041;001;110;M;08009501;32297032;78340;NA;NA;NA;NA;9059;NA;NA;NA;NA;NA;NA;NA;NA;NA;NA;OSPEDALE RIMINI;NA;NA;NA;0
080;080095;2024;33628;2024;080114;041013;07/12/2024;09/12/2024;031;390;M;0;0;2;NA;002;NA;NA;V3000;005;3650;041;001;110;F;08009501;32297058;V0482;NA;NA;NA;NA;897;9929;NA;NA;NA;NA;NA;NA;NA;NA;NA;OSPEDALE RIMINI;NA;NA;NA;0
080;080095;2024;34583;2024;080114;041044;17/12/2024;19/12/2024;062;389;M;0;5;2;NA;002;NA;NA;7756;005;NA;041;001;110;M;08009501;32297070;7793;NA;NA;NA;NA;9059;NA;NA;NA;NA;NA;NA;NA;NA;NA;NA;OSPEDALE RIMINI;NA;NA;NA;0
080;080095;2024;34178;2024;080114;041044;12/12/2024;15/12/2024;031;390;M;0;0;3;NA;002;NA;NA;V3000;005;3860;041;001;110;M;08009501;32297070;V0482;NA;NA;NA;NA;NA;NA;NA;NA;NA;NA;NA;NA;NA;NA;NA;OSPEDALE RIMINI;NA;NA;NA;0
080;080095;2024;33838;2024;080114;041017;09/12/2024;12/12/2024;062;390;M;0;0;3;NA;002;NA;NA;76419;005;3080;041;001;110;M;08009501;32297072;V0482;NA;NA;NA;NA;9929;897;NA;NA;NA;NA;NA;NA;NA;NA;NA;OSPEDALE RIMINI;NA;NA;NA;0
080;080095;2024;29914;2024;080114;041036;28/10/2024;01/11/2024;062;389;M;0;0;4;NA;002;NA;NA;7756;005;4330;041;001;110;M;08009501;32297073;7661;NA;NA;NA;NA;9059;9918;3893;NA;NA;NA;NA;NA;NA;NA;NA;OSPEDALE RIMINI;NA;NA;NA;0
080;080095;2024;33500;2024;080114;058091;05/12/2024;08/12/2024;031;390;M;0;0;3;NA;002;NA;NA;V3000;005;2835;058;001;120;M;08009501;32297084;V0482;NA;NA;NA;NA;897;9929;NA;NA;NA;NA;NA;NA;NA;NA;NA;OSPEDALE RIMINI;NA;NA;NA;0
080;080095;2024;33737;2024;080114;042034;08/12/2024;11/12/2024;031;391;M;0;0;3;NA;002;NA;NA;V3000;005;3270;042;001;110;M;08009501;32297086;NA;NA;NA;NA;NA;NA;NA;NA;NA;NA;NA;NA;NA;NA;NA;NA;OSPEDALE RIMINI;NA;NA;NA;0
080;080095;2024;33386;2024;080114;041036;04/12/2024;07/12/2024;031;390;M;0;0;3;NA;002;NA;NA;V3000;005;3640;041;001;110;M;08009501;32297089;V0482;NA;NA;NA;NA;897;9929;NA;NA;NA;NA;NA;NA;NA;NA;NA;OSPEDALE RIMINI;NA;NA;NA;0
080;080095;2024;33122;2024;080114;041065;02/12/2024;14/12/2024;062;387;M;0;0;12;NA;002;NA;NA;77084;005;1900;041;001;110;F;08009501;32297094;76528;V0482;76506;NA;NA;9390;8744;3892;8871;9929;NA;NA;NA;NA;NA;NA;OSPEDALE RIMINI;NA;NA;NA;0
080;080095;2024;34367;2024;080114;041015;15/12/2024;18/12/2024;062;390;M;0;0;3;NA;002;NA;NA;76419;005;2755;041;001;110;F;08009501;32297099;V0482;NA;NA;NA;NA;9059;8871;9929;897;NA;NA;NA;NA;NA;NA;NA;OSPEDALE RIMINI;NA;NA;NA;0
080;080909;2024;23334;2024;080909;051034;22/12/2024;25/12/2024;031;390;M;0;0;3;NA;002;NA;NA;V3001;005;3850;051;001;090;M;080909;32297589;V0482;7609;NA;NA;NA;9929;9501;9059;9541;NA;NA;NA;NA;NA;NA;NA;AOSPU ARCISPEDALE S.ANNA - FE;NA;NA;NA;0
080;080909;2024;23415;2024;080909;029022;23/12/2024;26/12/2024;031;390;M;0;0;3;NA;002;NA;NA;V3000;005;2915;029;001;050;M;080909;32297812;V0482;76409;NA;NA;NA;9501;9541;9059;2592;NA;NA;NA;NA;NA;NA;NA;AOSPU ARCISPEDALE S.ANNA - FE;NA;NA;NA;0
080;080909;2024;23532;2024;080909;063048;26/12/2024;30/12/2024;031;390;M;0;0;4;NA;002;NA;NA;V3000;005;3620;063;001;150;M;080909;32297964;V0482;7609;NA;NA;NA;8872;9390;9541;9059;2592;9501;9634;NA;NA;NA;NA;AOSPU ARCISPEDALE S.ANNA - FE;NA;NA;NA;0
080;080096;2024;12311;2024;080104;041044;27/12/2024;30/12/2024;031;390;M;0;0;3;NA;002;NA;NA;V3001;005;3210;041;001;110;M;080096;32298051;V0482;NA;NA;NA;NA;9959;9547;NA;NA;NA;NA;NA;NA;NA;NA;NA;OSPEDALE CIVILE DI SASSUOLO S.P.A.;NA;NA;NA;0
080;080908;2024;431104;2024;080908;019036;27/12/2024;30/12/2024;039;087;M;0;70;3;NA;002;NA;NA;51881;005;NA;019;001;030;F;080908;32298399;46611;7833;NA;NA;NA;9396;9396;9059;8903;9032;9918;NA;NA;NA;NA;NA;IRCCS AOU BOLOGNA;NA;NA;NA;0
080;080031;2024;501512;2024;080104;020027;29/12/2024;31/12/2024;031;390;M;0;0;2;NA;002;NA;NA;V3000;005;2610;020;001;030;M;08003104;32298486;V0482;NA;NA;NA;NA;8965;9542;897;NA;NA;NA;NA;NA;NA;NA;NA;OSPEDALE CARPI;NA;NA;NA;0
080;080902;2024;580278;2024;080902;020051;17/09/2024;19/09/2024;031;391;M;0;0;2;NA;002;NA;NA;7661;005;4050;020;001;030;M;080902;32298749;V3000;NA;NA;NA;NA;9307;9546;8903;8939;897;9509;NA;NA;NA;NA;NA;AOSPU OSPEDALI RIUNITI - PR;NA;NA;NA;0
080;080021;2024;611644;2024;080103;035033;11/11/2024;14/11/2024;031;391;M;0;0;3;NA;002;NA;NA;V3000;005;3644;035;001;080;M;08002106;32299092;NA;NA;NA;NA;NA;8903;NA;NA;NA;NA;NA;NA;NA;NA;NA;NA;OSPEDALE S.MARIA NUOVA - RE;NA;NA;NA;0
080;080021;2024;610918;2024;080103;083005;06/11/2024;11/11/2024;031;390;M;0;0;5;NA;002;NA;NA;V3000;005;3240;083;001;190;F;08002106;32299101;V0482;NA;NA;NA;NA;897;NA;NA;NA;NA;NA;NA;NA;NA;NA;NA;OSPEDALE S.MARIA NUOVA - RE;NA;NA;NA;0
080;080095;2024;33506;2024;080114;051035;06/12/2024;08/12/2024;031;390;M;0;0;2;NA;002;NA;NA;V3000;005;3630;051;001;090;F;08009501;32299715;V0482;NA;NA;NA;NA;9929;897;NA;NA;NA;NA;NA;NA;NA;NA;NA;OSPEDALE RIMINI;NA;NA;NA;0
080;080095;2024;32998;2024;080114;041030;30/11/2024;02/12/2024;031;390;M;0;0;2;NA;002;NA;NA;V3000;005;3260;041;001;110;M;08009501;32299717;V0482;NA;NA;NA;NA;9929;897;NA;NA;NA;NA;NA;NA;NA;NA;NA;OSPEDALE RIMINI;NA;NA;NA;0
080;080095;2024;26050;2024;080114;042045;18/09/2024;20/09/2024;062;390;M;0;0;2;NA;002;NA;NA;76419;005;2870;042;001;110;F;08009501;32299722;NA;NA;NA;NA;NA;9059;8871;NA;NA;NA;NA;NA;NA;NA;NA;NA;OSPEDALE RIMINI;NA;NA;NA;0
080;080095;2024;33008;2024;080114;042045;30/11/2024;02/12/2024;031;390;M;0;0;2;NA;002;NA;NA;V3000;005;3530;042;001;110;F;08009501;32299725;V0482;NA;NA;NA;NA;897;9929;NA;NA;NA;NA;NA;NA;NA;NA;NA;OSPEDALE RIMINI;NA;NA;NA;0
080;080095;2024;33057;2024;080114;041068;01/12/2024;04/12/2024;031;390;M;0;0;3;NA;002;NA;NA;V3000;005;3535;041;001;110;M;08009501;32299727;V0482;NA;NA;NA;NA;9929;897;NA;NA;NA;NA;NA;NA;NA;NA;NA;OSPEDALE RIMINI;NA;NA;NA;0
080;080004;2024;28156;2024;080101;098019;30/11/2024;03/12/2024;031;390;M;0;0;3;NA;002;NA;NA;V3000;005;2290;098;001;030;M;08000401;32302003;V0482;NA;NA;NA;NA;NA;NA;NA;NA;NA;NA;NA;NA;NA;NA;NA;OSPEDALE PIACENZA;NA;NA;NA;0
080;080004;2024;28497;2024;080101;098049;04/12/2024;06/12/2024;031;391;M;0;0;2;NA;002;NA;NA;V3000;005;3920;098;001;030;M;08000401;32302086;NA;NA;NA;NA;NA;NA;NA;NA;NA;NA;NA;NA;NA;NA;NA;NA;OSPEDALE PIACENZA;NA;NA;NA;0
080;080072;2024;26889;2024;080114;039010;11/12/2024;15/12/2024;073;390;M;0;0;4;NA;002;NA;NA;7731;005;3305;039;001;080;F;080072;32303221;V0482;NA;NA;NA;NA;3899;9983;9509;9547;9914;NA;NA;NA;NA;NA;NA;OSPEDALE RAVENNA;NA;NA;NA;0
080;080004;2024;28470;2024;080101;098042;04/12/2024;09/12/2024;062;389;M;0;0;5;NA;002;NA;NA;7706;005;3050;098;001;030;F;08000401;32306622;77189;NA;NA;NA;NA;9396;9921;9059;NA;NA;NA;NA;NA;NA;NA;NA;OSPEDALE PIACENZA;NA;NA;NA;0
080;080904;2024;32068;2024;080904;999323;03/11/2024;11/11/2024;031;390;M;0;0;8;NA;002;NA;NA;V3000;005;2670;999;001;323;F;08090401;32306862;V0482;NA;NA;NA;NA;NA;NA;NA;NA;NA;NA;NA;NA;NA;NA;NA;AOSPU POLICLINICO - MO;NA;NA;NA;0
080;080004;2024;28280;2024;080101;098049;02/12/2024;05/12/2024;031;390;M;0;0;3;NA;002;NA;NA;V3001;005;3530;098;001;030;F;08000401;32306876;V0482;NA;NA;NA;NA;NA;NA;NA;NA;NA;NA;NA;NA;NA;NA;NA;OSPEDALE PIACENZA;NA;NA;NA;0
080;080004;2024;28518;2024;080101;098041;04/12/2024;07/12/2024;031;390;M;0;0;3;NA;002;NA;NA;V3001;005;3650;098;001;030;F;08000401;32306878;V0482;NA;NA;NA;NA;NA;NA;NA;NA;NA;NA;NA;NA;NA;NA;NA;OSPEDALE PIACENZA;NA;NA;NA;0
080;080004;2024;28585;2024;080101;018023;05/12/2024;07/12/2024;031;390;M;0;0;2;NA;002;NA;NA;V3000;005;3030;018;001;030;F;08000401;32306879;V0482;NA;NA;NA;NA;NA;NA;NA;NA;NA;NA;NA;NA;NA;NA;NA;OSPEDALE PIACENZA;NA;NA;NA;0
080;080004;2024;28664;2024;080101;098019;06/12/2024;09/12/2024;031;390;M;0;0;3;NA;002;NA;NA;V3001;005;2870;098;001;030;F;08000401;32306880;V0482;NA;NA;NA;NA;NA;NA;NA;NA;NA;NA;NA;NA;NA;NA;NA;OSPEDALE PIACENZA;NA;NA;NA;0
080;080004;2024;28996;2024;080101;098047;10/12/2024;14/12/2024;031;390;M;0;0;4;NA;002;NA;NA;V3000;005;3580;098;001;030;M;08000401;32306882;V0482;NA;NA;NA;NA;NA;NA;NA;NA;NA;NA;NA;NA;NA;NA;NA;OSPEDALE PIACENZA;NA;NA;NA;0
080;080004;2024;29279;2024;080101;098019;13/12/2024;16/12/2024;031;390;M;0;0;3;NA;002;NA;NA;V3001;005;3380;098;001;030;M;08000401;32306883;V0482;NA;NA;NA;NA;NA;NA;NA;NA;NA;NA;NA;NA;NA;NA;NA;OSPEDALE PIACENZA;NA;NA;NA;0
080;080004;2024;29276;2024;080101;018134;13/12/2024;17/12/2024;031;390;M;0;0;4;NA;002;NA;NA;V3001;005;2530;018;001;030;F;08000401;32306884;V0482;NA;NA;NA;NA;NA;NA;NA;NA;NA;NA;NA;NA;NA;NA;NA;OSPEDALE PIACENZA;NA;NA;NA;0
080;080004;2024;28862;2024;080101;098054;09/12/2024;12/12/2024;031;390;M;0;0;3;NA;002;NA;NA;V3001;005;2940;098;001;030;F;08000401;32306885;V0482;NA;NA;NA;NA;NA;NA;NA;NA;NA;NA;NA;NA;NA;NA;NA;OSPEDALE PIACENZA;NA;NA;NA;0
080;080004;2024;28893;2024;080101;098026;09/12/2024;11/12/2024;031;390;M;0;0;2;NA;002;NA;NA;V3000;005;4250;098;001;030;M;08000401;32306886;V0482;NA;NA;NA;NA;NA;NA;NA;NA;NA;NA;NA;NA;NA;NA;NA;OSPEDALE PIACENZA;NA;NA;NA;0
080;080004;2024;29234;2024;080101;098019;13/12/2024;15/12/2024;031;390;M;0;0;2;NA;002;NA;NA;V3000;005;3460;098;001;030;M;08000401;32306887;V0482;NA;NA;NA;NA;NA;NA;NA;NA;NA;NA;NA;NA;NA;NA;NA;OSPEDALE PIACENZA;NA;NA;NA;0
080;080004;2024;28105;2024;080101;098054;29/11/2024;02/12/2024;031;390;M;0;0;3;NA;002;NA;NA;V3000;005;3240;098;001;030;M;08000401;32306888;V0482;NA;NA;NA;NA;NA;NA;NA;NA;NA;NA;NA;NA;NA;NA;NA;OSPEDALE PIACENZA;NA;NA;NA;0
080;080004;2024;29831;2024;080101;098037;19/12/2024;23/12/2024;031;390;M;0;0;4;NA;002;NA;NA;V3000;005;3560;098;001;030;M;08000401;32306889;V0482;NA;NA;NA;NA;NA;NA;NA;NA;NA;NA;NA;NA;NA;NA;NA;OSPEDALE PIACENZA;NA;NA;NA;0
080;080004;2024;29939;2024;080101;098019;21/12/2024;25/12/2024;031;390;M;0;0;4;NA;002;NA;NA;V3000;005;3730;098;001;030;M;08000401;32306892;V0482;77439;NA;NA;NA;9983;NA;NA;NA;NA;NA;NA;NA;NA;NA;NA;OSPEDALE PIACENZA;NA;NA;NA;0
080;080082;2024;811189;2024;080114;048026;22/12/2024;24/12/2024;031;390;M;0;0;2;NA;002;NA;NA;V3000;005;3580;048;001;090;M;080082;32307086;V0482;NA;NA;NA;NA;897;NA;NA;NA;NA;NA;NA;NA;NA;NA;NA;OSPEDALE FAENZA;NA;NA;NA;0
080;080082;2024;810451;2024;080114;048026;29/11/2024;01/12/2024;031;390;M;0;0;2;NA;002;NA;NA;V3000;005;3350;048;001;090;M;080082;32307089;V0482;NA;NA;NA;NA;NA;NA;NA;NA;NA;NA;NA;NA;NA;NA;NA;OSPEDALE FAENZA;NA;NA;NA;0
080;080082;2024;811329;2024;080114;054044;28/12/2024;30/12/2024;031;390;M;0;0;2;NA;002;NA;NA;V3000;005;2455;054;001;100;M;080082;32307091;V0482;NA;NA;NA;NA;8903;NA;NA;NA;NA;NA;NA;NA;NA;NA;NA;OSPEDALE FAENZA;NA;NA;NA;0
080;080902;2024;583454;2024;080902;019021;17/10/2024;23/10/2024;062;390;M;0;0;6;NA;002;NA;NA;7661;005;4170;019;001;030;M;080902;32307385;7904;NA;NA;NA;NA;9307;9546;8939;897;8903;9509;8744;8876;8871;8908;NA;AOSPU OSPEDALI RIUNITI - PR;NA;NA;NA;0
080;080004;2024;30339;2024;080101;098019;27/12/2024;31/12/2024;031;390;M;0;0;4;NA;002;NA;NA;V3000;005;3550;098;001;030;M;08000401;32307452;V0482;77439;NA;NA;NA;9983;NA;NA;NA;NA;NA;NA;NA;NA;NA;NA;OSPEDALE PIACENZA;NA;NA;NA;0
080;080004;2024;30305;2024;080101;098011;27/12/2024;30/12/2024;031;390;M;0;0;3;NA;002;NA;NA;V3001;005;3420;098;001;030;F;08000401;32307453;V0482;NA;NA;NA;NA;NA;NA;NA;NA;NA;NA;NA;NA;NA;NA;NA;OSPEDALE PIACENZA;NA;NA;NA;0
080;080004;2024;30316;2024;080101;098010;27/12/2024;30/12/2024;031;391;M;0;0;3;NA;002;NA;NA;V3001;005;4050;098;001;030;F;08000401;32307456;NA;NA;NA;NA;NA;NA;NA;NA;NA;NA;NA;NA;NA;NA;NA;NA;OSPEDALE PIACENZA;NA;NA;NA;0
080;080004;2024;29979;2024;080101;019025;21/12/2024;24/12/2024;031;390;M;0;0;3;NA;002;NA;NA;V3000;005;3080;019;001;030;F;08000401;32307468;V0482;NA;NA;NA;NA;NA;NA;NA;NA;NA;NA;NA;NA;NA;NA;NA;OSPEDALE PIACENZA;NA;NA;NA;0
080;080004;2024;28137;2024;080101;098019;30/11/2024;02/12/2024;031;391;M;0;0;2;NA;002;NA;NA;V3000;005;3070;098;001;030;F;08000401;32307469;NA;NA;NA;NA;NA;NA;NA;NA;NA;NA;NA;NA;NA;NA;NA;NA;OSPEDALE PIACENZA;NA;NA;NA;0
080;080004;2024;30161;2024;080101;019076;24/12/2024;27/12/2024;031;390;M;0;0;3;NA;002;NA;NA;V3000;005;3440;019;001;030;F;08000401;32307473;V0482;NA;NA;NA;NA;NA;NA;NA;NA;NA;NA;NA;NA;NA;NA;NA;OSPEDALE PIACENZA;NA;NA;NA;0
080;080004;2024;28337;2024;080101;015191;03/12/2024;06/12/2024;031;391;M;0;0;3;NA;002;NA;NA;V3000;005;2990;015;001;030;M;08000401;32307475;NA;NA;NA;NA;NA;NA;NA;NA;NA;NA;NA;NA;NA;NA;NA;NA;OSPEDALE PIACENZA;NA;NA;NA;0
080;080004;2024;30353;2024;080101;098057;27/12/2024;30/12/2024;031;390;M;0;0;3;NA;002;NA;NA;V3000;005;3850;098;001;030;F;08000401;32307477;V0482;NA;NA;NA;NA;NA;NA;NA;NA;NA;NA;NA;NA;NA;NA;NA;OSPEDALE PIACENZA;NA;NA;NA;0
080;080902;2024;584931;2024;080902;020066;02/11/2024;04/11/2024;031;391;M;0;0;2;NA;002;NA;NA;V3000;005;3450;020;001;030;F;080902;32308956;NA;NA;NA;NA;NA;9307;9546;8903;8939;897;9509;NA;NA;NA;NA;NA;AOSPU OSPEDALI RIUNITI - PR;NA;NA;NA;0
080;080902;2024;585311;2024;080902;016024;06/11/2024;09/11/2024;031;391;M;0;0;3;NA;002;NA;NA;V3001;005;3125;016;001;030;F;080902;32308958;NA;NA;NA;NA;NA;9307;9546;8903;8939;897;9509;NA;NA;NA;NA;NA;AOSPU OSPEDALI RIUNITI - PR;NA;NA;NA;0
080;080902;2024;587172;2024;080902;017199;27/11/2024;29/11/2024;031;391;M;0;0;2;NA;002;NA;NA;V3001;005;2995;017;001;030;M;080902;32308959;NA;NA;NA;NA;NA;9307;9546;8903;8939;897;9509;NA;NA;NA;NA;NA;AOSPU OSPEDALI RIUNITI - PR;NA;NA;NA;0
080;080902;2024;587746;2024;080902;020054;03/12/2024;06/12/2024;031;390;M;0;0;3;NA;002;NA;NA;V3001;005;2880;020;001;030;F;080902;32308962;V0482;NA;NA;NA;NA;8879;8939;9546;9509;9307;897;8903;NA;NA;NA;NA;AOSPU OSPEDALI RIUNITI - PR;NA;NA;NA;0
080;080902;2024;586098;2024;080902;019021;14/11/2024;16/11/2024;031;390;M;0;0;2;NA;002;NA;NA;V3001;005;3230;019;001;030;M;080902;32308964;V0482;NA;NA;NA;NA;9307;9546;8903;8939;897;9509;NA;NA;NA;NA;NA;AOSPU OSPEDALI RIUNITI - PR;NA;NA;NA;0
080;080053;2024;324090;2024;080105;999314;06/12/2024;08/12/2024;062;391;M;0;5;2;NA;002;NA;NA;7746;005;NA;999;001;314;M;08005301;32309496;NA;NA;NA;NA;NA;9983;NA;NA;NA;NA;NA;NA;NA;NA;NA;NA;OSPEDALE MAGGIORE;NA;NA;NA;0
080;080053;2024;323583;2024;080105;999314;01/12/2024;04/12/2024;031;390;M;0;0;3;NA;002;NA;NA;V3000;005;3420;999;001;314;M;08005301;32309496;V0482;NA;NA;NA;NA;897;NA;NA;NA;NA;NA;NA;NA;NA;NA;NA;OSPEDALE MAGGIORE;NA;NA;NA;0
080;080902;2024;575109;2024;080902;020022;20/07/2024;22/07/2024;031;391;M;0;0;2;NA;002;NA;NA;V3000;005;3290;020;001;030;F;080902;32310116;NA;NA;NA;NA;NA;9307;9546;8903;8939;897;9509;NA;NA;NA;NA;NA;AOSPU OSPEDALI RIUNITI - PR;NA;NA;NA;0
080;080095;2024;34947;2024;080114;042045;21/12/2024;24/12/2024;031;389;M;0;0;3;NA;002;NA;NA;V3000;005;3005;042;001;110;M;08009501;32312254;7756;V0482;NA;NA;NA;9929;9059;897;NA;NA;NA;NA;NA;NA;NA;NA;OSPEDALE RIMINI;NA;NA;NA;0
080;080095;2024;33035;2024;080114;041007;01/12/2024;03/12/2024;062;390;M;0;0;2;NA;002;NA;NA;7661;005;4020;041;001;110;M;08009501;32312255;7793;78340;NA;NA;NA;9059;8901;9547;NA;NA;NA;NA;NA;NA;NA;NA;OSPEDALE RIMINI;NA;NA;NA;0
080;080095;2024;34958;2024;080114;041044;21/12/2024;23/12/2024;031;390;M;0;0;2;NA;002;NA;NA;V3000;005;3640;041;001;110;F;08009501;32312256;V0482;NA;NA;NA;NA;9929;897;NA;NA;NA;NA;NA;NA;NA;NA;NA;OSPEDALE RIMINI;NA;NA;NA;0
080;080095;2024;35334;2024;080114;042045;27/12/2024;29/12/2024;031;390;M;0;0;2;NA;002;NA;NA;V3000;005;2830;042;001;110;F;08009501;32312260;V0482;NA;NA;NA;NA;9929;8871;897;NA;NA;NA;NA;NA;NA;NA;NA;OSPEDALE RIMINI;NA;NA;NA;0
080;080095;2024;34083;2024;080114;041044;12/12/2024;14/12/2024;031;391;M;0;0;2;NA;002;NA;NA;V3000;005;3750;041;001;110;M;08009501;32312261;NA;NA;NA;NA;NA;NA;NA;NA;NA;NA;NA;NA;NA;NA;NA;NA;OSPEDALE RIMINI;NA;NA;NA;0
080;080095;2024;35051;2024;080114;041069;23/12/2024;28/12/2024;062;388;M;0;0;5;NA;002;NA;NA;76519;005;2515;041;001;110;M;08009501;32312262;V0482;NA;NA;NA;NA;9059;9547;897;9929;NA;NA;NA;NA;NA;NA;NA;OSPEDALE RIMINI;NA;NA;NA;0
080;080095;2024;35329;2024;080114;041013;26/12/2024;29/12/2024;031;391;M;0;0;3;NA;002;NA;NA;V3000;005;3740;041;001;110;M;08009501;32312263;NA;NA;NA;NA;NA;NA;NA;NA;NA;NA;NA;NA;NA;NA;NA;NA;OSPEDALE RIMINI;NA;NA;NA;0
080;080095;2024;34968;2024;080114;041044;21/12/2024;23/12/2024;031;390;M;0;0;2;NA;002;NA;NA;V3000;005;3900;041;001;110;F;08009501;32312271;V0482;NA;NA;NA;NA;9929;897;NA;NA;NA;NA;NA;NA;NA;NA;NA;OSPEDALE RIMINI;NA;NA;NA;0
080;080095;2024;33012;2024;080114;042021;30/11/2024;03/12/2024;062;390;M;0;0;3;NA;002;NA;NA;76419;005;2800;042;001;110;F;08009501;32312272;NA;NA;NA;NA;NA;8871;8901;9059;9547;NA;NA;NA;NA;NA;NA;NA;OSPEDALE RIMINI;NA;NA;NA;0
080;080095;2024;35125;2024;080114;042030;23/12/2024;25/12/2024;031;390;M;0;0;2;NA;002;NA;NA;V3000;005;3500;042;001;110;M;08009501;32312273;V0482;NA;NA;NA;NA;9929;NA;NA;NA;NA;NA;NA;NA;NA;NA;NA;OSPEDALE RIMINI;NA;NA;NA;0
080;080095;2024;35050;2024;080114;041019;22/12/2024;24/12/2024;062;390;M;0;0;2;NA;002;NA;NA;7661;005;3980;041;001;110;F;08009501;32312274;7793;78340;NA;NA;NA;NA;NA;NA;NA;NA;NA;NA;NA;NA;NA;NA;OSPEDALE RIMINI;NA;NA;NA;0
080;080095;2024;33064;2024;080114;041044;01/12/2024;04/12/2024;031;391;M;0;0;3;NA;002;NA;NA;V3001;005;2850;041;001;110;F;08009501;32312277;NA;NA;NA;NA;NA;NA;NA;NA;NA;NA;NA;NA;NA;NA;NA;NA;OSPEDALE RIMINI;NA;NA;NA;0
080;080091;2024;525911;2024;080114;041036;18/12/2024;25/12/2024;073;389;M;0;0;7;NA;002;NA;NA;7761;005;2825;041;001;110;M;08009101;32313300;V0482;NA;NA;NA;NA;9905;8966;8871;9929;9547;8954;9509;NA;NA;NA;NA;OSPEDALE CESENA;NA;NA;NA;0
080;080021;2024;617460;2024;080103;020065;18/12/2024;21/12/2024;031;390;M;0;0;3;NA;002;NA;NA;V3000;005;3684;020;001;030;M;08002106;32321134;V0482;NA;NA;NA;NA;8903;NA;NA;NA;NA;NA;NA;NA;NA;NA;NA;OSPEDALE S.MARIA NUOVA - RE;NA;NA;NA;0
080;080021;2024;618360;2024;080103;020066;25/12/2024;30/12/2024;031;390;M;0;0;5;NA;002;NA;NA;V3000;005;4000;020;001;030;M;08002103;32321138;V0482;NA;NA;NA;NA;897;8903;NA;NA;NA;NA;NA;NA;NA;NA;NA;OSPEDALE MONTECCHIO EMILIA;NA;NA;NA;0
080;080021;2024;616931;2024;080103;019021;15/12/2024;18/12/2024;031;390;M;0;0;3;NA;002;NA;NA;V3000;005;2747;019;001;030;F;08002106;32321139;V0482;NA;NA;NA;NA;8903;NA;NA;NA;NA;NA;NA;NA;NA;NA;NA;OSPEDALE S.MARIA NUOVA - RE;NA;NA;NA;0
080;080095;2024;34708;2024;080114;042002;18/12/2024;23/12/2024;062;390;M;0;0;5;NA;002;NA;NA;7793;005;3600;042;001;110;F;08009501;32326106;78340;V0482;NA;NA;NA;9059;897;9929;NA;NA;NA;NA;NA;NA;NA;NA;OSPEDALE RIMINI;NA;NA;NA;0
080;080095;2024;35046;2024;080114;041019;22/12/2024;25/12/2024;031;391;M;0;0;3;NA;002;NA;NA;V3000;005;3635;041;001;110;F;08009501;32326107;NA;NA;NA;NA;NA;NA;NA;NA;NA;NA;NA;NA;NA;NA;NA;NA;OSPEDALE RIMINI;NA;NA;NA;0
080;080095;2024;34073;2024;080114;041068;11/12/2024;14/12/2024;031;390;M;0;0;3;NA;002;NA;NA;V3000;005;3280;041;001;110;F;08009501;32326108;V0482;NA;NA;NA;NA;9929;897;NA;NA;NA;NA;NA;NA;NA;NA;NA;OSPEDALE RIMINI;NA;NA;NA;0
080;080902;2024;559949;2024;080902;020066;25/02/2024;27/02/2024;031;391;M;0;0;2;NA;002;NA;NA;V3000;005;3200;020;001;030;F;080902;32327576;7661;NA;NA;NA;NA;9307;9546;897;8939;8903;NA;NA;NA;NA;NA;NA;AOSPU OSPEDALI RIUNITI - PR;NA;NA;NA;0
080;080909;2024;21469;2024;080909;999460;23/11/2024;25/11/2024;031;390;M;0;0;2;NA;002;NA;NA;V3000;005;3490;999;001;460;M;080909;32329877;V0482;6851;NA;NA;NA;9541;9059;9501;NA;NA;NA;NA;NA;NA;NA;NA;AOSPU ARCISPEDALE S.ANNA - FE;NA;NA;NA;0
080;080004;2024;30276;2024;080101;098049;26/12/2024;30/12/2024;062;390;M;0;0;4;NA;002;NA;NA;77989;005;2880;098;001;030;M;08000401;32331331;NA;NA;NA;NA;NA;8914;8871;NA;NA;NA;NA;NA;NA;NA;NA;NA;OSPEDALE PIACENZA;NA;NA;NA;0
080;080031;2024;500327;2024;080104;999235;08/12/2024;11/12/2024;039;390;M;0;0;3;NA;002;NA;NA;V3000;005;3758;999;001;235;M;08003104;32334805;V0482;NA;NA;NA;NA;897;8966;9542;NA;NA;NA;NA;NA;NA;NA;NA;OSPEDALE CARPI;NA;NA;NA;0
080;080095;2024;34978;2024;080114;087015;21/12/2024;23/12/2024;062;390;M;0;0;2;NA;002;NA;NA;7661;005;4230;087;001;190;F;08009501;32338204;V0482;NA;NA;NA;NA;9059;897;9929;NA;NA;NA;NA;NA;NA;NA;NA;OSPEDALE RIMINI;NA;NA;NA;0
080;080902;2024;588254;2024;080902;020066;10/12/2024;12/12/2024;062;390;M;0;0;2;NA;002;NA;NA;76419;005;3000;020;001;030;F;080902;32349893;77984;NA;NA;NA;NA;3899;897;9546;9307;8939;9509;8903;NA;NA;NA;NA;AOSPU OSPEDALI RIUNITI - PR;NA;NA;NA;0
080;080902;2024;562625;2024;080902;019052;21/03/2024;23/03/2024;031;391;M;0;0;2;NA;002;NA;NA;V3000;005;3500;019;001;030;M;080902;32356213;NA;NA;NA;NA;NA;9307;9546;8903;8939;897;NA;NA;NA;NA;NA;NA;AOSPU OSPEDALI RIUNITI - PR;NA;NA;NA;0
080;080902;2024;570835;2024;080902;019052;17/06/2024;19/06/2024;031;391;M;0;0;2;NA;002;NA;NA;V3000;005;4185;019;001;030;F;080902;32358132;7661;NA;NA;NA;NA;9307;9546;8903;8939;897;9509;NA;NA;NA;NA;NA;AOSPU OSPEDALI RIUNITI - PR;NA;NA;NA;0
080;080902;2024;566714;2024;080902;019021;05/05/2024;07/05/2024;031;391;M;0;0;2;NA;002;NA;NA;V3000;005;3060;019;001;030;M;080902;32358133;NA;NA;NA;NA;NA;9307;9546;9509;897;8903;8939;NA;NA;NA;NA;NA;AOSPU OSPEDALI RIUNITI - PR;NA;NA;NA;0
080;080902;2024;579789;2024;080902;019021;11/09/2024;14/09/2024;031;391;M;0;0;3;NA;002;NA;NA;V3001;005;2880;019;001;030;F;080902;32358134;NA;NA;NA;NA;NA;9307;9546;9509;8939;897;8903;NA;NA;NA;NA;NA;AOSPU OSPEDALI RIUNITI - PR;NA;NA;NA;0
080;080902;2024;556718;2024;080902;020066;28/01/2024;31/01/2024;031;390;M;0;0;3;NA;002;NA;NA;V3000;005;3685;020;001;030;M;080902;32358136;7750;NA;NA;NA;NA;9307;9546;897;8939;8903;NA;NA;NA;NA;NA;NA;AOSPU OSPEDALI RIUNITI - PR;NA;NA;NA;0
080;080902;2024;569213;2024;080902;020066;29/05/2024;02/06/2024;031;391;M;0;0;4;NA;002;NA;NA;V3000;005;3380;020;001;030;M;080902;32358140;NA;NA;NA;NA;NA;9307;9546;8903;8939;897;9509;NA;NA;NA;NA;NA;AOSPU OSPEDALI RIUNITI - PR;NA;NA;NA;0
080;080902;2024;565774;2024;080902;019083;23/04/2024;25/04/2024;031;391;M;0;0;2;NA;002;NA;NA;V3000;005;3435;019;001;030;M;080902;32358142;NA;NA;NA;NA;NA;9307;9546;897;8939;8903;NA;NA;NA;NA;NA;NA;AOSPU OSPEDALI RIUNITI - PR;NA;NA;NA;0
080;080902;2024;573292;2024;080902;019021;14/07/2024;17/07/2024;031;390;M;0;0;3;NA;002;NA;NA;77984;005;2850;019;001;030;F;080902;32358144;NA;NA;NA;NA;NA;9307;9546;9509;897;8903;8939;NA;NA;NA;NA;NA;AOSPU OSPEDALI RIUNITI - PR;NA;NA;NA;0
080;080902;2024;557230;2024;080902;020066;31/01/2024;02/02/2024;031;391;M;0;0;2;NA;002;NA;NA;V3000;005;3360;020;001;030;F;080902;32358145;NA;NA;NA;NA;NA;9307;9546;897;8939;8903;NA;NA;NA;NA;NA;NA;AOSPU OSPEDALI RIUNITI - PR;NA;NA;NA;0
080;080902;2024;555473;2024;080902;019090;18/01/2024;20/01/2024;031;391;M;0;0;2;NA;002;NA;NA;V3000;005;3575;019;001;030;F;080902;32358146;NA;NA;NA;NA;NA;9307;9546;897;8939;8903;NA;NA;NA;NA;NA;NA;AOSPU OSPEDALI RIUNITI - PR;NA;NA;NA;0
080;080902;2024;582898;2024;080902;019092;12/10/2024;14/10/2024;031;391;M;0;0;2;NA;002;NA;NA;V3000;005;3565;019;001;030;F;080902;32358149;NA;NA;NA;NA;NA;9307;9546;8903;8939;897;9509;NA;NA;NA;NA;NA;AOSPU OSPEDALI RIUNITI - PR;NA;NA;NA;0
080;080902;2024;567411;2024;080902;019021;13/05/2024;15/05/2024;031;391;M;0;0;2;NA;002;NA;NA;V3000;005;3710;019;001;030;M;080902;32358150;7633;NA;NA;NA;NA;9307;9546;9509;897;8903;8939;NA;NA;NA;NA;NA;AOSPU OSPEDALI RIUNITI - PR;NA;NA;NA;0
080;080902;2024;580547;2024;080902;019021;19/09/2024;21/09/2024;031;391;M;0;0;2;NA;002;NA;NA;V3001;005;3480;019;001;030;M;080902;32358151;NA;NA;NA;NA;NA;9307;9546;8903;8939;897;9509;NA;NA;NA;NA;NA;AOSPU OSPEDALI RIUNITI - PR;NA;NA;NA;0
080;080902;2024;578215;2024;080902;019021;25/08/2024;27/08/2024;031;391;M;0;0;2;NA;002;NA;NA;V3000;005;3210;019;001;030;M;080902;32358152;NA;NA;NA;NA;NA;9307;9546;8903;8939;897;9509;NA;NA;NA;NA;NA;AOSPU OSPEDALI RIUNITI - PR;NA;NA;NA;0
080;080902;2024;577565;2024;080902;019021;17/08/2024;19/08/2024;031;391;M;0;0;2;NA;002;NA;NA;V3000;005;3900;019;001;030;M;080902;32358153;NA;NA;NA;NA;NA;9509;9546;8903;8939;897;9307;NA;NA;NA;NA;NA;AOSPU OSPEDALI RIUNITI - PR;NA;NA;NA;0
080;080902;2024;567297;2024;080902;020065;10/05/2024;12/05/2024;031;391;M;0;0;2;NA;002;NA;NA;V3001;005;3555;020;001;030;M;080902;32358157;NA;NA;NA;NA;NA;9307;9546;8903;8939;897;9509;NA;NA;NA;NA;NA;AOSPU OSPEDALI RIUNITI - PR;NA;NA;NA;0
080;080902;2024;571306;2024;080902;055004;22/06/2024;30/06/2024;062;390;M;0;0;8;NA;002;NA;NA;7731;005;3500;055;001;100;M;080902;32358158;NA;NA;NA;NA;NA;9983;8939;9307;9546;9509;897;8903;3892;NA;NA;NA;AOSPU OSPEDALI RIUNITI - PR;NA;NA;NA;0
080;080902;2024;577601;2024;080902;020054;19/08/2024;21/08/2024;031;391;M;0;0;2;NA;002;NA;NA;V3001;005;3000;020;001;030;F;080902;32358160;NA;NA;NA;NA;NA;9307;9546;8903;8939;897;9509;NA;NA;NA;NA;NA;AOSPU OSPEDALI RIUNITI - PR;NA;NA;NA;0
080;080902;2024;576482;2024;080902;020066;05/08/2024;07/08/2024;031;391;M;0;0;2;NA;002;NA;NA;V3000;005;3300;020;001;030;F;080902;32358162;NA;NA;NA;NA;NA;9546;897;8903;8939;9307;9509;NA;NA;NA;NA;NA;AOSPU OSPEDALI RIUNITI - PR;NA;NA;NA;0
080;080902;2024;580637;2024;080902;019021;20/09/2024;22/09/2024;031;391;M;0;0;2;NA;002;NA;NA;V3000;005;2830;019;001;030;F;080902;32358163;NA;NA;NA;NA;NA;9307;9546;8903;8939;897;9509;NA;NA;NA;NA;NA;AOSPU OSPEDALI RIUNITI - PR;NA;NA;NA;0
080;080902;2024;565601;2024;080902;019021;21/04/2024;24/04/2024;031;391;M;0;0;3;NA;002;NA;NA;V3000;005;3650;019;001;030;M;080902;32358167;NA;NA;NA;NA;NA;9307;9546;897;8939;8903;NA;NA;NA;NA;NA;NA;AOSPU OSPEDALI RIUNITI - PR;NA;NA;NA;0
080;080902;2024;555997;2024;080902;020066;22/01/2024;25/01/2024;031;391;M;0;0;3;NA;002;NA;NA;V3000;005;3000;020;001;030;M;080902;32358171;NA;NA;NA;NA;NA;9307;9546;8903;8939;897;8879;NA;NA;NA;NA;NA;AOSPU OSPEDALI RIUNITI - PR;NA;NA;NA;0
080;080902;2024;572098;2024;080902;019021;02/07/2024;04/07/2024;031;391;M;0;0;2;NA;002;NA;NA;V3000;005;3820;019;001;030;M;080902;32358172;NA;NA;NA;NA;NA;9307;9546;8903;8939;897;9509;NA;NA;NA;NA;NA;AOSPU OSPEDALI RIUNITI - PR;NA;NA;NA;0
080;080902;2024;567119;2024;080902;020066;08/05/2024;11/05/2024;031;391;M;0;0;3;NA;002;NA;NA;V3000;005;3630;020;001;030;F;080902;32358178;NA;NA;NA;NA;NA;9509;8939;8903;9307;9546;897;NA;NA;NA;NA;NA;AOSPU OSPEDALI RIUNITI - PR;NA;NA;NA;0
080;080902;2024;571907;2024;080902;020066;30/06/2024;02/07/2024;031;391;M;0;0;2;NA;002;NA;NA;V3000;005;3400;020;001;030;M;080902;32358180;NA;NA;NA;NA;NA;9307;9546;8903;8939;897;9509;NA;NA;NA;NA;NA;AOSPU OSPEDALI RIUNITI - PR;NA;NA;NA;0
080;080902;2024;571914;2024;080902;020022;30/06/2024;03/07/2024;031;391;M;0;0;3;NA;002;NA;NA;V3000;005;3000;020;001;030;M;080902;32358181;NA;NA;NA;NA;NA;9307;9546;8903;8939;897;9509;NA;NA;NA;NA;NA;AOSPU OSPEDALI RIUNITI - PR;NA;NA;NA;0
080;080902;2024;578763;2024;080902;034027;30/08/2024;02/09/2024;031;391;M;0;0;3;NA;002;NA;NA;V3000;005;3875;034;001;080;M;080902;32358182;NA;NA;NA;NA;NA;9509;9546;9307;8939;897;8903;8879;NA;NA;NA;NA;AOSPU OSPEDALI RIUNITI - PR;NA;NA;NA;0
080;080902;2024;579531;2024;080902;020066;09/09/2024;13/09/2024;062;388;M;0;0;4;NA;002;NA;NA;76518;005;2340;020;001;030;F;080902;32358186;76528;NA;NA;NA;NA;8952;9509;8939;8903;9307;9546;897;NA;NA;NA;NA;AOSPU OSPEDALI RIUNITI - PR;NA;NA;NA;0
080;080902;2024;559520;2024;080902;020054;21/02/2024;23/02/2024;031;391;M;0;0;2;NA;002;NA;NA;V3000;005;3200;020;001;030;M;080902;32358189;NA;NA;NA;NA;NA;9307;9546;897;8939;8903;NA;NA;NA;NA;NA;NA;AOSPU OSPEDALI RIUNITI - PR;NA;NA;NA;0
080;080902;2024;577948;2024;080902;019021;21/08/2024;23/08/2024;031;391;M;0;0;2;NA;002;NA;NA;V3000;005;3300;019;001;030;F;080902;32358190;NA;NA;NA;NA;NA;9307;9546;8903;8939;897;9509;NA;NA;NA;NA;NA;AOSPU OSPEDALI RIUNITI - PR;NA;NA;NA;0
080;080902;2024;582230;2024;080902;018110;06/10/2024;08/10/2024;062;390;M;0;0;2;NA;002;NA;NA;77984;005;3600;018;001;030;F;080902;32358191;7661;NA;NA;NA;NA;9546;9509;8903;8939;897;9307;NA;NA;NA;NA;NA;AOSPU OSPEDALI RIUNITI - PR;NA;NA;NA;0
080;080902;2024;557392;2024;080902;020066;01/02/2024;03/02/2024;031;391;M;0;0;2;NA;002;NA;NA;V3000;005;2895;020;001;030;F;080902;32358192;NA;NA;NA;NA;NA;9307;9546;897;8939;8903;NA;NA;NA;NA;NA;NA;AOSPU OSPEDALI RIUNITI - PR;NA;NA;NA;0
080;080902;2024;580068;2024;080902;020066;13/09/2024;16/09/2024;031;391;M;0;0;3;NA;002;NA;NA;V3000;005;3000;020;001;030;F;080902;32358193;NA;NA;NA;NA;NA;9307;9546;8903;8939;897;9509;NA;NA;NA;NA;NA;AOSPU OSPEDALI RIUNITI - PR;NA;NA;NA;0
080;080902;2024;578793;2024;080902;016183;01/09/2024;03/09/2024;031;391;M;0;0;2;NA;002;NA;NA;V3000;005;3000;016;001;030;M;080902;32358194;NA;NA;NA;NA;NA;9307;9546;8903;9509;897;8939;NA;NA;NA;NA;NA;AOSPU OSPEDALI RIUNITI - PR;NA;NA;NA;0
080;080902;2024;572515;2024;080902;019057;07/07/2024;09/07/2024;031;391;M;0;0;2;NA;002;NA;NA;V3000;005;3050;019;001;030;F;080902;32358195;NA;NA;NA;NA;NA;9307;9546;8903;8939;897;9509;NA;NA;NA;NA;NA;AOSPU OSPEDALI RIUNITI - PR;NA;NA;NA;0
080;080902;2024;575111;2024;080902;020066;20/07/2024;22/07/2024;031;391;M;0;0;2;NA;002;NA;NA;V3000;005;3485;020;001;030;M;080902;32358196;NA;NA;NA;NA;NA;9307;9546;8939;9509;8903;897;NA;NA;NA;NA;NA;AOSPU OSPEDALI RIUNITI - PR;NA;NA;NA;0
080;080902;2024;583562;2024;080902;019021;18/10/2024;20/10/2024;031;391;M;0;0;2;NA;002;NA;NA;V3000;005;3000;019;001;030;F;080902;32358197;NA;NA;NA;NA;NA;9307;9546;8903;8939;897;9509;NA;NA;NA;NA;NA;AOSPU OSPEDALI RIUNITI - PR;NA;NA;NA;0
080;080902;2024;560700;2024;080902;019021;02/03/2024;06/03/2024;031;391;M;0;0;4;NA;002;NA;NA;V3000;005;3190;019;001;030;M;080902;32358198;NA;NA;NA;NA;NA;9307;9546;897;8939;8903;NA;NA;NA;NA;NA;NA;AOSPU OSPEDALI RIUNITI - PR;NA;NA;NA;0
080;080902;2024;588929;2024;080902;019021;18/12/2024;20/12/2024;031;390;M;0;0;2;NA;002;NA;NA;7661;005;3790;019;001;030;F;080902;32358199;V3001;V0482;NA;NA;NA;9307;9546;8903;8939;897;9509;NA;NA;NA;NA;NA;AOSPU OSPEDALI RIUNITI - PR;NA;NA;NA;0
080;080902;2024;580580;2024;080902;020066;19/09/2024;21/09/2024;031;390;M;0;0;2;NA;002;NA;NA;7750;005;3870;020;001;030;M;080902;32358200;NA;NA;NA;NA;NA;9307;9546;8903;8939;897;9509;NA;NA;NA;NA;NA;AOSPU OSPEDALI RIUNITI - PR;NA;NA;NA;0
080;080902;2024;587628;2024;080902;019021;03/12/2024;05/12/2024;031;391;M;0;0;2;NA;002;NA;NA;V3000;005;2980;019;001;030;F;080902;32358206;NA;NA;NA;NA;NA;9307;9546;8903;8939;897;9509;NA;NA;NA;NA;NA;AOSPU OSPEDALI RIUNITI - PR;NA;NA;NA;0
080;080902;2024;583771;2024;080902;019021;21/10/2024;23/10/2024;031;391;M;0;0;2;NA;002;NA;NA;V3000;005;3000;019;001;030;F;080902;32358207;NA;NA;NA;NA;NA;9509;8939;9307;8903;9546;897;NA;NA;NA;NA;NA;AOSPU OSPEDALI RIUNITI - PR;NA;NA;NA;0
080;080053;2024;317347;2024;080105;068030;07/09/2024;09/09/2024;031;391;M;0;0;2;NA;002;NA;NA;V3000;005;3540;068;001;130;M;08005307;32361485;NA;NA;NA;NA;NA;897;NA;NA;NA;NA;NA;NA;NA;NA;NA;NA;OSPEDALE BENTIVOGLIO;NA;NA;NA;0
080;080902;2024;572543;2024;080902;019026;08/07/2024;08/07/2024;002;184;M;0;342;1;NA;002;NA;NA;129;005;NA;019;002;030;M;080902;32365133;NA;NA;NA;NA;NA;4523;NA;NA;NA;NA;NA;NA;NA;NA;NA;NA;AOSPU OSPEDALI RIUNITI - PR;NA;NA;NA;0
080;080902;2023;555164;2023;080902;034027;18/01/2023;20/01/2023;031;391;M;0;0;2;NA;002;NA;NA;V3000;005;3300;034;001;080;F;080902;901000005471981;NA;NA;NA;NA;NA;9307;9546;897;8939;8903;NA;NA;NA;NA;NA;NA;AOSPU OSPEDALI RIUNITI - PR;NA;NA;NA;0
080;080902;2023;555529;2023;080902;034020;19/01/2023;21/01/2023;031;391;M;0;0;2;NA;002;NA;NA;V3000;005;3500;034;001;080;M;080902;901000005472254;NA;NA;NA;NA;NA;9307;9546;897;8939;8903;NA;NA;NA;NA;NA;NA;AOSPU OSPEDALI RIUNITI - PR;NA;NA;NA;0
080;080902;2023;554405;2023;080902;034027;12/01/2023;15/01/2023;031;391;M;0;0;3;NA;002;NA;NA;V3000;005;3000;034;001;080;F;080902;901000005472579;NA;NA;NA;NA;NA;9307;9546;897;8939;8903;NA;NA;NA;NA;NA;NA;AOSPU OSPEDALI RIUNITI - PR;NA;NA;NA;0
080;080902;2023;556665;2023;080902;034027;29/01/2023;31/01/2023;031;391;M;0;0;2;NA;002;NA;NA;V3000;005;3000;034;001;080;M;080902;901000005472959;NA;NA;NA;NA;NA;9307;9546;897;8939;8903;NA;NA;NA;NA;NA;NA;AOSPU OSPEDALI RIUNITI - PR;NA;NA;NA;0
080;080909;2023;301;2023;080909;999219;05/01/2023;12/01/2023;039;100;M;0;47;7;NA;002;NA;NA;51882;005;NA;999;001;219;M;080909;901000005473394;7833;46611;NA;NA;NA;8903;8959;9918;9390;9396;9032;NA;NA;NA;NA;NA;AOSPU ARCISPEDALE S.ANNA - FE;NA;NA;NA;0
080;080909;2023;1678;2023;080909;999235;25/01/2023;27/01/2023;034;042;C;0;324;2;1;002;1164;NA;37152;005;NA;999;001;235;F;080909;901000005474829;NA;NA;NA;NA;NA;1164;NA;NA;NA;NA;NA;NA;NA;NA;NA;NA;AOSPU ARCISPEDALE S.ANNA - FE;NA;NA;NA;0
080;080072;2023;1809;2023;080114;039014;20/01/2023;22/01/2023;031;391;M;0;0;2;NA;002;NA;NA;V3000;005;3745;039;001;080;F;080072;901000005480705;NA;NA;NA;NA;NA;NA;NA;NA;NA;NA;NA;NA;NA;NA;NA;NA;OSPEDALE RAVENNA;NA;NA;NA;11073
080;080072;2023;1380;2023;080114;999201;16/01/2023;23/01/2023;031;391;M;0;0;7;NA;002;NA;NA;V3001;005;3610;999;001;201;M;080072;901000005481149;NA;NA;NA;NA;NA;NA;NA;NA;NA;NA;NA;NA;NA;NA;NA;NA;OSPEDALE RAVENNA;NA;NA;NA;10962
080;080082;2023;800110;2023;080114;039008;04/01/2023;07/01/2023;031;391;M;0;0;3;NA;002;NA;NA;V3001;005;3615;039;001;080;M;080082;901000005481871;NA;NA;NA;NA;NA;NA;NA;NA;NA;NA;NA;NA;NA;NA;NA;NA;OSPEDALE FAENZA;NA;NA;NA;11564
080;080082;2023;800523;2023;080114;039010;17/01/2023;19/01/2023;031;391;M;0;0;2;NA;002;NA;NA;V3000;005;3490;039;001;080;M;080082;901000005481891;NA;NA;NA;NA;NA;NA;NA;NA;NA;NA;NA;NA;NA;NA;NA;NA;OSPEDALE FAENZA;NA;NA;NA;11520
080;080082;2023;800273;2023;080114;999252;10/01/2023;12/01/2023;031;391;M;0;0;2;NA;002;NA;NA;V3000;005;3270;999;001;252;F;080082;901000005482248;NA;NA;NA;NA;NA;NA;NA;NA;NA;NA;NA;NA;NA;NA;NA;NA;OSPEDALE FAENZA;NA;NA;NA;11454
080;080095;2023;1606;2023;080114;999999;16/01/2023;20/01/2023;062;389;M;0;55;4;NA;002;NA;NA;77084;005;NA;999;001;999;F;08009501;901000005486707;46619;78603;NA;NA;NA;9390;8952;9396;8744;8914;8871;NA;NA;NA;NA;NA;OSPEDALE RIMINI;NA;NA;NA;0
080;080072;2023;974;2023;080114;039012;12/01/2023;15/01/2023;031;391;M;0;0;3;NA;002;NA;NA;V3001;005;2690;039;001;080;F;080072;901000005487995;NA;NA;NA;NA;NA;NA;NA;NA;NA;NA;NA;NA;NA;NA;NA;NA;OSPEDALE RAVENNA;NA;NA;NA;10118
080;080091;2023;500959;2023;080114;039010;14/01/2023;16/01/2023;031;391;M;0;0;2;NA;002;NA;NA;V3000;005;3345;039;001;080;F;08009101;901000005490082;NA;NA;NA;NA;NA;NA;NA;NA;NA;NA;NA;NA;NA;NA;NA;NA;OSPEDALE CESENA;NA;NA;NA;13471
080;080908;2022;555406;2023;080908;999254;31/12/2022;02/01/2023;031;391;M;0;0;2;NA;002;NA;NA;V3000;005;3605;999;001;254;F;080908;901000005491950;NA;NA;NA;NA;NA;8965;8903;9059;9509;9547;8619;897;NA;NA;NA;NA;IRCCS AOU BOLOGNA;NA;NA;NA;0
080;080908;2023;501889;2023;080908;999212;13/01/2023;13/01/2023;011;446;M;0;115;1;NA;005;NA;NA;9599;005;NA;999;001;212;M;080908;901000005493499;NA;NA;NA;NA;NA;8717;8871;897;8904;8876;NA;NA;NA;NA;NA;NA;IRCCS AOU BOLOGNA;NA;NA;NA;0
080;080004;2023;2822;2023;080101;033013;02/02/2023;04/02/2023;031;391;M;0;0;2;NA;002;NA;NA;V3000;005;3470;033;001;080;M;08000401;901000005575227;NA;NA;NA;NA;NA;NA;NA;NA;NA;NA;NA;NA;NA;NA;NA;NA;OSPEDALE PIACENZA;NA;NA;NA;1170
080;080031;2023;1277;2023;080104;999999;12/02/2023;15/02/2023;031;391;M;0;0;3;NA;002;NA;NA;V3000;005;3500;999;001;999;M;08003104;901000005577319;NA;NA;NA;NA;NA;8965;897;9542;NA;NA;NA;NA;NA;NA;NA;NA;OSPEDALE CARPI;NA;NA;NA;5778
080;080072;2023;4760;2023;080114;999999;26/02/2023;28/02/2023;031;391;M;0;0;2;NA;002;NA;NA;V3000;005;3940;999;001;999;M;080072;901000005600905;NA;NA;NA;NA;NA;NA;NA;NA;NA;NA;NA;NA;NA;NA;NA;NA;OSPEDALE RAVENNA;NA;NA;NA;11201
080;080902;2022;581976;2023;080902;033032;11/11/2022;15/02/2023;073;386;M;0;0;96;NA;002;NA;NA;76503;005;755;033;001;080;M;080902;901000005617614;769;76522;7470;7707;7766;3885;8872;9915;9921;9672;3892;3891;8744;8871;9390;9503;AOSPU OSPEDALI RIUNITI - PR;NA;NA;NA;0
080;080902;2023;559117;2023;080902;034024;19/02/2023;21/02/2023;031;391;M;0;0;2;NA;002;NA;NA;V3000;005;3505;034;001;080;M;080902;901000005618423;NA;NA;NA;NA;NA;9307;9546;897;8939;8903;NA;NA;NA;NA;NA;NA;AOSPU OSPEDALI RIUNITI - PR;NA;NA;NA;18983
080;080902;2023;559136;2023;080902;035029;19/02/2023;21/02/2023;031;391;M;0;0;2;NA;005;NA;NA;V3000;005;3185;035;001;080;F;080902;901000005618433;NA;NA;NA;NA;NA;9307;9546;897;8939;8903;NA;NA;NA;NA;NA;NA;AOSPU OSPEDALI RIUNITI - PR;NA;NA;NA;18490
080;080902;2023;559233;2023;080902;034031;20/02/2023;22/02/2023;031;391;M;0;0;2;NA;002;NA;NA;V3000;005;3430;034;001;080;M;080902;901000005618493;NA;NA;NA;NA;NA;9307;9546;8903;897;8939;NA;NA;NA;NA;NA;NA;AOSPU OSPEDALI RIUNITI - PR;NA;NA;NA;18875
080;080902;2023;559263;2023;080902;033039;20/02/2023;21/02/2023;062;137;M;0;0;1;NA;006;NA;NA;74710;005;1980;033;001;080;M;080902;901000005618496;7454;7455;76417;76517;76528;3892;9915;8872;8914;8903;8876;8952;8954;8871;NA;NA;AOSPU OSPEDALI RIUNITI - PR;NA;NA;NA;0
080;080902;2023;559577;2023;080902;034010;23/02/2023;28/02/2023;062;391;M;0;0;5;NA;002;NA;NA;7793;005;3050;034;001;080;F;080902;901000005618509;NA;NA;NA;NA;NA;3899;8966;897;8903;9307;9546;8939;NA;NA;NA;NA;AOSPU OSPEDALI RIUNITI - PR;NA;NA;NA;18317
080;080902;2023;559657;2023;080902;034027;23/02/2023;25/02/2023;031;391;M;0;0;2;NA;002;NA;NA;V3001;005;2965;034;001;080;F;080902;901000005618514;NA;NA;NA;NA;NA;9307;9546;8903;897;8939;NA;NA;NA;NA;NA;NA;AOSPU OSPEDALI RIUNITI - PR;NA;NA;NA;18193
080;080902;2023;559804;2023;080902;034027;24/02/2023;26/02/2023;031;391;M;0;0;2;NA;002;NA;NA;V3000;005;3540;034;001;080;M;080902;901000005618520;NA;NA;NA;NA;NA;9307;9546;897;8939;8903;NA;NA;NA;NA;NA;NA;AOSPU OSPEDALI RIUNITI - PR;NA;NA;NA;19027
080;080902;2023;559812;2023;080902;033032;25/02/2023;27/02/2023;031;391;M;0;0;2;NA;002;NA;NA;V3000;005;3525;033;001;080;F;080902;901000005618523;NA;NA;NA;NA;NA;9307;9546;897;8939;8903;NA;NA;NA;NA;NA;NA;AOSPU OSPEDALI RIUNITI - PR;NA;NA;NA;19008
080;080902;2023;559408;2023;080902;034027;21/02/2023;23/02/2023;073;385;M;0;0;2;NA;001;NA;NA;76503;005;820;034;001;080;F;080902;901000005618589;76522;769;74783;77181;78552;9671;3892;9921;8954;8872;8744;9605;8871;NA;NA;NA;AOSPU OSPEDALI RIUNITI - PR;NA;NA;NA;17796
080;080902;2023;559420;2023;080902;019021;21/02/2023;24/02/2023;031;391;M;0;0;3;NA;002;NA;NA;V3000;005;3270;019;001;030;M;080902;901000005618591;NA;NA;NA;NA;NA;9307;9546;897;8939;8903;NA;NA;NA;NA;NA;NA;AOSPU OSPEDALI RIUNITI - PR;NA;NA;NA;18621
080;080902;2023;559833;2023;080902;034023;26/02/2023;28/02/2023;031;391;M;0;0;2;NA;002;NA;NA;V3000;005;3630;034;001;080;F;080902;901000005618595;NA;NA;NA;NA;NA;9307;9546;897;8939;8903;NA;NA;NA;NA;NA;NA;AOSPU OSPEDALI RIUNITI - PR;NA;NA;NA;19160
080;080902;2023;556843;2023;080902;034027;30/01/2023;03/02/2023;062;390;M;0;0;4;NA;002;NA;NA;76419;005;2710;034;001;080;M;080902;901000005618659;NA;NA;NA;NA;NA;9546;897;9307;8939;8903;NA;NA;NA;NA;NA;NA;AOSPU OSPEDALI RIUNITI - PR;NA;NA;NA;18004
080;080902;2023;556845;2023;080902;034009;31/01/2023;02/02/2023;031;391;M;0;0;2;NA;002;NA;NA;V3000;005;4060;034;001;080;M;080902;901000005618660;NA;NA;NA;NA;NA;8952;8872;897;8903;8939;9307;9546;NA;NA;NA;NA;AOSPU OSPEDALI RIUNITI - PR;NA;NA;NA;19507
080;080902;2023;559452;2023;080902;034039;22/02/2023;24/02/2023;031;391;M;0;0;2;NA;002;NA;NA;V3000;005;3000;034;001;080;F;080902;901000005618665;NA;NA;NA;NA;NA;9307;9546;8903;897;8939;NA;NA;NA;NA;NA;NA;AOSPU OSPEDALI RIUNITI - PR;NA;NA;NA;0
080;080902;2023;559548;2023;080902;034027;23/02/2023;25/02/2023;031;391;M;0;0;2;NA;002;NA;NA;V3000;005;3560;034;001;080;F;080902;901000005618681;NA;NA;NA;NA;NA;9307;9546;897;8939;8903;NA;NA;NA;NA;NA;NA;AOSPU OSPEDALI RIUNITI - PR;NA;NA;NA;19063
080;080902;2023;556877;2023;080902;020066;31/01/2023;02/02/2023;031;391;M;0;0;2;NA;002;NA;NA;V3000;005;3660;020;001;030;F;080902;901000005618733;NA;NA;NA;NA;NA;9307;9546;897;8939;8903;NA;NA;NA;NA;NA;NA;AOSPU OSPEDALI RIUNITI - PR;NA;NA;NA;0
080;080902;2023;557040;2023;080902;035033;31/01/2023;02/02/2023;031;391;M;0;0;2;NA;002;NA;NA;V3000;005;3450;035;001;080;F;080902;901000005618840;NA;NA;NA;NA;NA;9307;9546;897;8939;8903;NA;NA;NA;NA;NA;NA;AOSPU OSPEDALI RIUNITI - PR;NA;NA;NA;18915
080;080902;2023;557043;2023;080902;034027;01/02/2023;03/02/2023;031;391;M;0;0;2;NA;002;NA;NA;V3000;005;2890;034;001;080;M;080902;901000005618908;NA;NA;NA;NA;NA;9307;9546;897;8939;8903;NA;NA;NA;NA;NA;NA;AOSPU OSPEDALI RIUNITI - PR;NA;NA;NA;18126
080;080902;2023;558269;2023;080902;034027;10/02/2023;14/02/2023;031;390;M;0;0;4;NA;002;NA;NA;V3001;005;3400;034;001;080;F;080902;901000005618952;7706;NA;NA;NA;NA;9063;3899;8903;8939;897;9307;9546;NA;NA;NA;NA;AOSPU OSPEDALI RIUNITI - PR;NA;NA;NA;18821
080;080902;2023;558348;2023;080902;035030;10/02/2023;12/02/2023;031;391;M;0;0;2;NA;002;NA;NA;V3000;005;3710;035;001;080;F;080902;901000005619034;NA;NA;NA;NA;NA;9307;9546;897;8939;8903;NA;NA;NA;NA;NA;NA;AOSPU OSPEDALI RIUNITI - PR;NA;NA;NA;0
080;080902;2023;558357;2023;080902;033039;11/02/2023;13/02/2023;031;391;M;0;0;2;NA;002;NA;NA;V3000;005;3000;033;001;080;F;080902;901000005619038;NA;NA;NA;NA;NA;9307;9546;897;8939;8903;NA;NA;NA;NA;NA;NA;AOSPU OSPEDALI RIUNITI - PR;NA;NA;NA;0
080;080902;2023;558380;2023;080902;035022;12/02/2023;14/02/2023;031;391;M;0;0;2;NA;002;NA;NA;V3000;005;3835;035;001;080;F;080902;901000005619121;NA;NA;NA;NA;NA;9307;9546;8903;897;8939;NA;NA;NA;NA;NA;NA;AOSPU OSPEDALI RIUNITI - PR;NA;NA;NA;19354
080;080902;2023;558382;2023;080902;020066;12/02/2023;14/02/2023;031;391;M;0;0;2;NA;002;NA;NA;V3000;005;3340;020;001;030;F;080902;901000005619122;NA;NA;NA;NA;NA;9307;9546;8903;897;8939;NA;NA;NA;NA;NA;NA;AOSPU OSPEDALI RIUNITI - PR;NA;NA;NA;0
080;080902;2023;557334;2023;080902;034027;02/02/2023;08/02/2023;062;390;M;0;0;6;NA;002;NA;NA;7750;005;4570;034;001;080;M;080902;901000005619195;7661;7706;NA;NA;NA;9390;9921;8744;8872;9053;8954;9918;9546;9183;8871;NA;AOSPU OSPEDALI RIUNITI - PR;NA;NA;NA;19599
080;080902;2023;557373;2023;080902;034025;03/02/2023;05/02/2023;031;391;M;0;0;2;NA;002;NA;NA;V3000;005;2890;034;001;080;F;080902;901000005619272;NA;NA;NA;NA;NA;9307;9546;897;8939;8903;NA;NA;NA;NA;NA;NA;AOSPU OSPEDALI RIUNITI - PR;NA;NA;NA;18127
080;080902;2023;557380;2023;080902;034023;03/02/2023;05/02/2023;031;391;M;0;0;2;NA;002;NA;NA;V3101;005;2730;034;001;080;M;080902;901000005619273;NA;NA;NA;NA;NA;8952;8903;8939;897;9307;9546;NA;NA;NA;NA;NA;AOSPU OSPEDALI RIUNITI - PR;NA;NA;NA;18015
080;080902;2023;557386;2023;080902;034023;03/02/2023;05/02/2023;031;391;M;0;0;2;NA;002;NA;NA;V3101;005;2820;034;001;080;F;080902;901000005619275;NA;NA;NA;NA;NA;8952;897;8903;8939;9307;9546;NA;NA;NA;NA;NA;AOSPU OSPEDALI RIUNITI - PR;NA;NA;NA;18078
080;080902;2023;558549;2023;080902;034009;13/02/2023;16/02/2023;031;391;M;0;0;3;NA;002;NA;NA;V3000;005;3295;034;001;080;M;080902;901000005619307;NA;NA;NA;NA;NA;9307;9546;897;8939;8903;NA;NA;NA;NA;NA;NA;AOSPU OSPEDALI RIUNITI - PR;NA;NA;NA;18658
080;080902;2023;557445;2023;080902;034027;03/02/2023;05/02/2023;031;391;M;0;0;2;NA;002;NA;NA;V3000;005;3340;034;001;080;M;080902;901000005619370;NA;NA;NA;NA;NA;9307;9546;897;8939;8903;NA;NA;NA;NA;NA;NA;AOSPU OSPEDALI RIUNITI - PR;NA;NA;NA;18731
080;080902;2023;557514;2023;080902;034003;04/02/2023;08/02/2023;062;390;M;0;0;4;NA;002;NA;NA;7750;005;3300;034;001;080;M;080902;901000005619371;77439;NA;NA;NA;NA;9983;8903;9307;897;8939;9546;8952;8872;3899;NA;NA;AOSPU OSPEDALI RIUNITI - PR;NA;NA;NA;18660
080;080902;2023;557525;2023;080902;035005;05/02/2023;10/02/2023;062;390;M;0;0;5;NA;002;NA;NA;7602;005;3260;035;001;080;M;080902;901000005619443;77981;77439;NA;NA;NA;8954;9914;9959;8939;9307;897;8903;9546;8871;3899;9053;AOSPU OSPEDALI RIUNITI - PR;NA;NA;NA;18607
080;080902;2023;557642;2023;080902;035029;06/02/2023;08/02/2023;062;390;M;0;0;2;NA;002;NA;NA;7615;005;2780;035;001;080;F;080902;901000005619549;5939;NA;NA;NA;NA;8875;8908;3899;8939;9307;8903;9546;897;NA;NA;NA;AOSPU OSPEDALI RIUNITI - PR;NA;NA;NA;0
080;080902;2023;558888;2023;080902;019057;16/02/2023;18/02/2023;031;391;M;0;0;2;NA;002;NA;NA;V3001;005;3375;019;001;030;F;080902;901000005619656;NA;NA;NA;NA;NA;NA;NA;NA;NA;NA;NA;NA;NA;NA;NA;NA;AOSPU OSPEDALI RIUNITI - PR;NA;NA;NA;18790
080;080902;2023;558904;2023;080902;034027;16/02/2023;18/02/2023;031;391;M;0;0;2;NA;002;NA;NA;V3000;005;4330;034;001;080;F;080902;901000005619658;7661;NA;NA;NA;NA;9307;9546;897;8939;8903;NA;NA;NA;NA;NA;NA;AOSPU OSPEDALI RIUNITI - PR;NA;NA;NA;19582
080;080902;2023;557738;2023;080902;035006;07/02/2023;09/02/2023;031;391;M;0;0;2;NA;002;NA;NA;V3000;005;3000;035;001;080;M;080902;901000005619713;NA;NA;NA;NA;NA;9307;9546;897;8939;8903;NA;NA;NA;NA;NA;NA;AOSPU OSPEDALI RIUNITI - PR;NA;NA;NA;0
080;080902;2023;558988;2023;080902;034027;17/02/2023;19/02/2023;031;390;M;0;0;2;NA;002;NA;NA;V3000;005;3210;034;001;080;F;080902;901000005619740;7602;NA;NA;NA;NA;9914;9959;8903;8939;897;9307;9546;NA;NA;NA;NA;AOSPU OSPEDALI RIUNITI - PR;NA;NA;NA;18523
080;080902;2023;558389;2023;080902;034027;12/02/2023;14/02/2023;031;391;M;0;0;2;NA;002;NA;NA;V3000;005;2785;034;001;080;M;080902;901000005619823;7633;NA;NA;NA;NA;9307;9546;897;8939;8903;NA;NA;NA;NA;NA;NA;AOSPU OSPEDALI RIUNITI - PR;NA;NA;NA;18052
080;080902;2023;558539;2023;080902;034027;13/02/2023;14/02/2023;031;391;M;0;0;1;NA;005;NA;NA;V3000;005;3500;034;001;080;M;080902;901000005619859;NA;NA;NA;NA;NA;9959;897;8903;8939;9307;9546;NA;NA;NA;NA;NA;AOSPU OSPEDALI RIUNITI - PR;NA;NA;NA;0
080;080902;2023;557638;2023;080902;035029;06/02/2023;08/02/2023;062;390;M;0;0;2;NA;002;NA;NA;76409;005;2510;035;001;080;F;080902;901000005619906;7615;NA;NA;NA;NA;3899;9546;8939;8903;9307;897;NA;NA;NA;NA;NA;AOSPU OSPEDALI RIUNITI - PR;NA;NA;NA;0
080;080902;2023;557898;2023;080902;034027;08/02/2023;10/02/2023;031;391;M;0;0;2;NA;002;NA;NA;V3000;005;3830;034;001;080;F;080902;901000005620023;NA;NA;NA;NA;NA;9307;9546;8903;897;8939;NA;NA;NA;NA;NA;NA;AOSPU OSPEDALI RIUNITI - PR;NA;NA;NA;19347
080;080902;2023;559547;2023;080902;034006;23/02/2023;25/02/2023;031;391;M;0;0;2;NA;002;NA;NA;V3000;005;2515;034;001;080;F;080902;901000005620098;NA;NA;NA;NA;NA;8871;8908;8903;8939;897;9307;9546;NA;NA;NA;NA;AOSPU OSPEDALI RIUNITI - PR;NA;NA;NA;17911
080;080904;2023;2054;2023;080904;999239;17/01/2023;19/01/2023;031;391;M;0;0;2;NA;002;NA;NA;V3000;005;2885;999;001;239;M;08090401;901000005620902;NA;NA;NA;NA;NA;NA;NA;NA;NA;NA;NA;NA;NA;NA;NA;NA;AOSPU POLICLINICO - MO;NA;NA;NA;20122
080;080904;2023;842;2023;080904;999436;06/01/2023;09/01/2023;039;087;M;0;225;3;NA;002;NA;NA;51881;005;NA;999;001;436;F;08090401;901000005621049;46611;NA;NA;NA;NA;3899;9918;8938;8966;9396;9921;NA;NA;NA;NA;NA;AOSPU POLICLINICO - MO;NA;NA;NA;0
080;080904;2023;4957;2023;080904;999232;13/02/2023;15/02/2023;039;184;M;0;85;2;NA;002;NA;NA;00861;005;NA;999;001;232;M;08090401;901000005621493;7806;NA;NA;NA;NA;9918;9092;3899;NA;NA;NA;NA;NA;NA;NA;NA;AOSPU POLICLINICO - MO;NA;NA;NA;0
080;080904;2023;3942;2023;080904;999239;03/02/2023;05/02/2023;031;391;M;0;0;2;NA;002;NA;NA;V3000;005;3550;999;001;239;F;08090401;901000005624855;NA;NA;NA;NA;NA;NA;NA;NA;NA;NA;NA;NA;NA;NA;NA;NA;AOSPU POLICLINICO - MO;NA;NA;NA;21489
080;080153;2023;777135;2023;080105;999466;25/03/2023;27/03/2023;076;035;M;0;270;2;NA;002;NA;NA;74103;005;NA;999;001;466;M;080153;901000005658102;NA;NA;NA;NA;NA;9357;NA;NA;NA;NA;NA;NA;NA;NA;NA;NA;IRCCS SCIENZE NEUROLOGICHE BO;NA;NA;NA;0
080;080072;2023;6598;2023;080114;999235;22/03/2023;24/03/2023;031;391;M;0;0;2;NA;002;NA;NA;V3000;005;3200;999;001;235;F;080072;901000005668786;NA;NA;NA;NA;NA;NA;NA;NA;NA;NA;NA;NA;NA;NA;NA;NA;OSPEDALE RAVENNA;NA;NA;NA;10487
080;080072;2023;6138;2023;080114;999201;16/03/2023;18/03/2023;031;391;M;0;0;2;NA;002;NA;NA;V3000;005;3565;999;001;201;F;080072;901000005668802;NA;NA;NA;NA;NA;NA;NA;NA;NA;NA;NA;NA;NA;NA;NA;NA;OSPEDALE RAVENNA;NA;NA;NA;10907
080;080072;2023;6105;2023;080114;039007;15/03/2023;18/03/2023;031;391;M;0;0;3;NA;002;NA;NA;V3000;005;3530;039;001;080;M;080072;901000005669315;NA;NA;NA;NA;NA;NA;NA;NA;NA;NA;NA;NA;NA;NA;NA;NA;OSPEDALE RAVENNA;NA;NA;NA;10870
080;080072;2023;6535;2023;080114;999201;21/03/2023;24/03/2023;031;391;M;0;0;3;NA;002;NA;NA;V3001;005;4410;999;001;201;M;080072;901000005669516;NA;NA;NA;NA;NA;NA;NA;NA;NA;NA;NA;NA;NA;NA;NA;NA;OSPEDALE RAVENNA;NA;NA;NA;11295
080;080095;2023;4782;2023;080114;999236;15/02/2023;08/03/2023;062;386;M;0;0;21;NA;002;NA;NA;769;005;1700;999;001;236;F;08009501;901000005673422;76516;76527;NA;NA;NA;9396;9059;8871;NA;NA;NA;NA;NA;NA;NA;NA;OSPEDALE RIMINI;NA;NA;NA;14355
080;080095;2023;6499;2023;080114;999236;03/03/2023;05/03/2023;031;391;M;0;0;2;NA;002;NA;NA;V3000;005;3755;999;001;236;M;08009501;901000005674532;NA;NA;NA;NA;NA;NA;NA;NA;NA;NA;NA;NA;NA;NA;NA;NA;OSPEDALE RIMINI;NA;NA;NA;16129
080;080095;2023;8474;2023;080114;999999;23/03/2023;25/03/2023;031;391;M;0;0;2;NA;002;NA;NA;V3000;005;3060;999;001;999;F;08009501;901000005675256;NA;NA;NA;NA;NA;NA;NA;NA;NA;NA;NA;NA;NA;NA;NA;NA;OSPEDALE RIMINI;NA;NA;NA;14939
080;080902;2023;560568;2023;080902;034051;03/03/2023;06/03/2023;031;391;M;0;0;3;NA;002;NA;NA;V3000;005;3660;034;001;080;M;080902;901000005681437;NA;NA;NA;NA;NA;9307;9546;897;8939;8903;NA;NA;NA;NA;NA;NA;AOSPU OSPEDALI RIUNITI - PR;NA;NA;NA;19191
080;080902;2023;561680;2023;080902;034042;15/03/2023;17/03/2023;031;391;M;0;0;2;NA;002;NA;NA;V3000;005;3700;034;001;080;F;080902;901000005681461;NA;NA;NA;NA;NA;9307;9546;8903;897;8939;NA;NA;NA;NA;NA;NA;AOSPU OSPEDALI RIUNITI - PR;NA;NA;NA;0
080;080902;2023;560595;2023;080902;034027;05/03/2023;07/03/2023;062;390;M;0;0;2;NA;002;NA;NA;7750;005;3870;034;001;080;F;080902;901000005681524;NA;NA;NA;NA;NA;8872;8952;9307;8939;9546;897;8903;NA;NA;NA;NA;AOSPU OSPEDALI RIUNITI - PR;NA;NA;NA;19379
080;080902;2023;561825;2023;080902;033032;15/03/2023;22/03/2023;073;569;C;0;0;7;2;006;4680;NA;7511;005;2000;033;001;080;F;080902;901000005681653;76527;5602;7762;7885;27652;5421;8965;8872;8876;8744;9672;9908;9904;4680;4513;9905;AOSPU OSPEDALI RIUNITI - PR;NA;NA;NA;17833
080;080902;2023;560778;2023;080902;019036;07/03/2023;09/03/2023;031;391;M;0;0;2;NA;002;NA;NA;V3000;005;3395;019;001;030;M;080902;901000005681708;NA;NA;NA;NA;NA;9307;9546;897;8939;8903;NA;NA;NA;NA;NA;NA;AOSPU OSPEDALI RIUNITI - PR;NA;NA;NA;18815
080;080902;2023;561303;2023;080902;034027;11/03/2023;13/03/2023;062;390;M;0;0;2;NA;002;NA;NA;76419;005;2640;034;001;080;F;080902;901000005682366;7750;NA;NA;NA;NA;8952;9546;9307;8939;897;8903;NA;NA;NA;NA;NA;AOSPU OSPEDALI RIUNITI - PR;NA;NA;NA;17960
080;080902;2023;562791;2023;080902;023091;26/03/2023;28/03/2023;031;391;M;0;0;2;NA;002;NA;NA;V3000;005;3000;023;001;050;M;080902;901000005682993;NA;NA;NA;NA;NA;9307;9546;897;8939;8903;NA;NA;NA;NA;NA;NA;AOSPU OSPEDALI RIUNITI - PR;NA;NA;NA;0
080;080908;2023;510455;2023;080908;999466;03/03/2023;25/03/2023;039;003;C;0;248;22;15;006;0234;NA;9962;005;NA;999;001;466;M;080908;901000005684373;5185;4280;99889;NA;NA;0234;8961;9926;9921;9672;0017;8906;8879;8876;8873;8872;IRCCS AOU BOLOGNA;NA;NA;NA;0
080;080908;2023;514031;2023;080908;999254;26/03/2023;29/03/2023;065;492;M;0;207;3;NA;002;NA;NA;V5811;005;NA;999;001;254;M;080908;901000005686936;20401;78703;NA;NA;NA;9925;9925;897;9925;9059;9918;NA;NA;NA;NA;NA;IRCCS AOU BOLOGNA;NA;NA;NA;0
080;080908;2023;506303;2023;080908;999254;08/02/2023;24/03/2023;065;405;M;0;161;44;NA;002;NA;NA;20400;005;NA;999;001;254;M;080908;901000005688980;V5811;V5881;NA;NA;NA;038;038;3893;038;9925;9925;8891;9904;9921;331;9925;IRCCS AOU BOLOGNA;NA;NA;NA;0
080;080004;2023;8166;2023;080101;999272;04/04/2023;15/04/2023;039;137;M;0;134;11;NA;002;NA;NA;74569;005;NA;999;001;272;F;08000401;901000005704901;7580;NA;NA;NA;NA;8872;8952;NA;NA;NA;NA;NA;NA;NA;NA;NA;OSPEDALE PIACENZA;NA;NA;NA;0
080;080021;2023;511997;2023;080103;999201;28/03/2023;31/03/2023;031;391;M;0;0;3;NA;002;NA;NA;V3001;005;2900;999;001;201;M;08002106;901000005713291;NA;NA;NA;NA;NA;8903;NA;NA;NA;NA;NA;NA;NA;NA;NA;NA;OSPEDALE S.MARIA NUOVA - RE;NA;NA;NA;3073
080;080031;2023;3201;2023;080104;999357;16/04/2023;18/04/2023;031;391;M;0;0;2;NA;002;NA;NA;V3000;005;4270;999;001;357;F;08003104;901000005716766;7661;7746;NA;NA;NA;9983;8965;9542;897;NA;NA;NA;NA;NA;NA;NA;OSPEDALE CARPI;NA;NA;NA;6112
080;080053;2023;72294;2023;080105;999615;19/04/2023;20/04/2023;039;186;M;0;81;1;NA;002;NA;NA;5206;005;NA;999;001;615;F;08005301;901000005723511;NA;NA;NA;NA;NA;8838;9059;2729;8903;9926;NA;NA;NA;NA;NA;NA;OSPEDALE MAGGIORE;NA;NA;NA;0
080;080909;2023;7443;2023;080909;999216;18/04/2023;21/04/2023;039;298;M;0;71;3;NA;002;NA;NA;7833;005;NA;999;001;216;F;080909;901000005728675;NA;NA;NA;NA;NA;8903;9382;8959;9918;3899;9059;9921;8966;9052;9132;NA;AOSPU ARCISPEDALE S.ANNA - FE;NA;NA;NA;0
080;080902;2023;565123;2023;080902;034027;19/04/2023;21/04/2023;062;390;M;0;0;2;NA;002;NA;NA;7602;005;3590;034;001;080;M;080902;901000005733151;NA;NA;NA;NA;NA;9002;8903;8939;9546;897;9307;3899;NA;NA;NA;NA;AOSPU OSPEDALI RIUNITI - PR;NA;NA;NA;19110
080;080902;2023;564036;2023;080902;019021;07/04/2023;09/04/2023;031;391;M;0;0;2;NA;002;NA;NA;V3000;005;3220;019;001;030;F;080902;901000005733315;NA;NA;NA;NA;NA;9307;9546;897;8939;8903;NA;NA;NA;NA;NA;NA;AOSPU OSPEDALI RIUNITI - PR;NA;NA;NA;18542
080;080902;2023;564731;2023;080902;034051;15/04/2023;19/04/2023;062;390;M;0;0;4;NA;002;NA;NA;77081;005;3400;034;001;080;M;080902;901000005734301;7686;NA;NA;NA;NA;3898;9003;8903;9307;8939;9546;897;NA;NA;NA;NA;AOSPU OSPEDALI RIUNITI - PR;NA;NA;NA;18823
080;080902;2023;564742;2023;080902;034027;16/04/2023;19/04/2023;031;391;M;0;0;3;NA;002;NA;NA;V3000;005;3000;034;001;080;F;080902;901000005734310;NA;NA;NA;NA;NA;8952;8939;9307;9546;8903;897;8908;NA;NA;NA;NA;AOSPU OSPEDALI RIUNITI - PR;NA;NA;NA;0
080;080902;2023;563848;2023;080902;034027;05/04/2023;07/04/2023;031;391;M;0;0;2;NA;002;NA;NA;V3001;005;3470;034;001;080;F;080902;901000005734548;NA;NA;NA;NA;NA;9307;9546;897;8939;8903;NA;NA;NA;NA;NA;NA;AOSPU OSPEDALI RIUNITI - PR;NA;NA;NA;18933
080;080908;2023;514773;2023;080908;999254;30/03/2023;24/04/2023;065;405;M;0;211;11;NA;002;NA;NA;20400;005;NA;999;002;254;M;080908;901000005735364;NA;NA;NA;NA;NA;9925;9925;9925;9925;038;9925;9925;9925;9925;9925;NA;IRCCS AOU BOLOGNA;NA;NA;NA;0
080;080908;2023;511717;2023;080908;999272;12/03/2023;04/04/2023;006;110;C;0;111;23;9;002;3885;NA;74560;005;NA;999;001;272;F;080908;901000005735508;7454;7580;99889;NA;NA;3885;9929;8954;8872;8952;9921;8744;NA;NA;NA;NA;IRCCS AOU BOLOGNA;NA;NA;NA;0
080;080072;2023;8882;2023;080114;999235;21/04/2023;23/04/2023;031;391;M;0;0;2;NA;002;NA;NA;V3000;005;3380;999;001;235;M;080072;901000005748793;NA;NA;NA;NA;NA;NA;NA;NA;NA;NA;NA;NA;NA;NA;NA;NA;OSPEDALE RAVENNA;NA;NA;NA;10708
080;080091;2023;505769;2023;080114;999232;19/03/2023;21/03/2023;031;391;M;0;0;2;NA;002;NA;NA;V3000;005;3555;999;001;232;M;08009101;901000005753072;NA;NA;NA;NA;NA;NA;NA;NA;NA;NA;NA;NA;NA;NA;NA;NA;OSPEDALE CESENA;NA;NA;NA;13768
080;080096;2023;4212;2023;080104;999243;29/04/2023;01/05/2023;031;391;M;0;0;2;NA;002;NA;NA;V3000;005;3950;999;001;243;F;080096;901000005777659;7661;NA;NA;NA;NA;9547;NA;NA;NA;NA;NA;NA;NA;NA;NA;NA;OSPEDALE CIVILE DI SASSUOLO S.P.A.;NA;NA;NA;17680
080;080909;2023;9218;2023;080909;999235;14/05/2023;17/05/2023;031;390;M;0;0;3;NA;002;NA;NA;V3000;005;2845;999;001;235;M;080909;901000005797683;7609;77984;NA;NA;NA;9501;9541;9059;NA;NA;NA;NA;NA;NA;NA;NA;AOSPU ARCISPEDALE S.ANNA - FE;NA;NA;NA;24747
080;080072;2023;10967;2023;080114;999254;21/05/2023;23/05/2023;031;391;M;0;0;2;NA;002;NA;NA;V3000;005;3520;999;001;254;M;080072;901000005799013;NA;NA;NA;NA;NA;NA;NA;NA;NA;NA;NA;NA;NA;NA;NA;NA;OSPEDALE RAVENNA;NA;NA;NA;10858
080;080072;2023;10896;2023;080114;039012;19/05/2023;21/05/2023;031;391;M;0;0;2;NA;002;NA;NA;V3001;005;3610;039;001;080;M;080072;901000005803331;NA;NA;NA;NA;NA;NA;NA;NA;NA;NA;NA;NA;NA;NA;NA;NA;OSPEDALE RAVENNA;NA;NA;NA;10965
080;080095;2023;11309;2023;080114;999999;21/04/2023;11/05/2023;062;386;M;0;0;20;NA;002;NA;NA;769;005;2200;999;001;999;M;08009501;901000005805164;76518;7742;7756;NA;NA;9390;9059;9983;9921;8871;8879;NA;NA;NA;NA;NA;OSPEDALE RIMINI;NA;NA;NA;14393
080;080095;2023;12429;2023;080114;999999;05/05/2023;07/05/2023;031;391;M;0;0;2;NA;002;NA;NA;V3000;005;3520;999;001;999;M;08009501;901000005805825;NA;NA;NA;NA;NA;NA;NA;NA;NA;NA;NA;NA;NA;NA;NA;NA;OSPEDALE RIMINI;NA;NA;NA;15731
080;080072;2023;10469;2023;080114;039014;13/05/2023;16/05/2023;031;391;M;0;0;3;NA;002;NA;NA;V3001;005;2440;039;001;080;M;080072;901000005807327;NA;NA;NA;NA;NA;NA;NA;NA;NA;NA;NA;NA;NA;NA;NA;NA;OSPEDALE RAVENNA;NA;NA;NA;10053
080;080095;2023;12981;2023;080114;999999;10/05/2023;15/05/2023;062;391;M;0;0;5;NA;002;NA;NA;7661;005;3980;999;001;999;F;08009501;901000005807635;NA;NA;NA;NA;NA;9059;8901;9547;8619;NA;NA;NA;NA;NA;NA;NA;OSPEDALE RIMINI;NA;NA;NA;16358
080;080908;2023;518592;2023;080908;999254;26/04/2023;03/05/2023;065;405;M;0;238;7;NA;002;NA;NA;20401;005;NA;999;001;254;M;080908;901000005817425;28803;NA;NA;NA;NA;9918;9918;9921;8872;9093;897;9053;9059;8906;NA;NA;IRCCS AOU BOLOGNA;NA;NA;NA;0
080;080908;2023;520014;2023;080908;999254;05/05/2023;22/05/2023;065;492;M;0;247;12;NA;002;NA;NA;V5811;005;NA;999;002;254;M;080908;901000005818516;20401;7907;2841;NA;NA;9925;9925;038;9925;9925;9925;9925;9925;9925;9925;9925;IRCCS AOU BOLOGNA;NA;NA;NA;0
080;080908;2023;523380;2023;080908;999254;26/05/2023;30/05/2023;065;574;M;0;268;4;NA;002;NA;NA;28803;005;NA;999;001;254;M;080908;901000005819409;20401;40599;7806;NA;NA;9921;9918;9921;9053;9059;897;9059;8872;9093;8906;9904;IRCCS AOU BOLOGNA;NA;NA;NA;0
080;080902;2023;568256;2023;080902;034027;23/05/2023;25/05/2023;031;391;M;0;0;2;NA;002;NA;NA;V3001;005;3060;034;001;080;M;080902;901000005824511;NA;NA;NA;NA;NA;9307;9546;8939;8903;897;NA;NA;NA;NA;NA;NA;AOSPU OSPEDALI RIUNITI - PR;NA;NA;NA;18333
080;080902;2023;566211;2023;080902;034018;03/05/2023;08/05/2023;062;390;M;0;0;5;NA;002;NA;NA;7608;005;3590;034;001;080;M;080902;901000005824811;NA;NA;NA;NA;NA;9546;897;8939;9307;8903;NA;NA;NA;NA;NA;NA;AOSPU OSPEDALI RIUNITI - PR;NA;NA;NA;19111
080;080902;2023;565983;2023;080902;034027;30/04/2023;02/05/2023;031;391;M;0;0;2;NA;002;NA;NA;V3000;005;3500;034;001;080;F;080902;901000005825569;NA;NA;NA;NA;NA;9307;9546;897;8939;8903;NA;NA;NA;NA;NA;NA;AOSPU OSPEDALI RIUNITI - PR;NA;NA;NA;0
080;080902;2023;565998;2023;080902;034022;01/05/2023;03/05/2023;031;391;M;0;0;2;NA;002;NA;NA;V3000;005;3670;034;001;080;M;080902;901000005825579;NA;NA;NA;NA;NA;3899;897;8903;8939;9307;9546;NA;NA;NA;NA;NA;AOSPU OSPEDALI RIUNITI - PR;NA;NA;NA;19202
080;080902;2023;566104;2023;080902;034027;02/05/2023;04/05/2023;031;391;M;0;0;2;NA;002;NA;NA;V3000;005;4000;034;001;080;F;080902;901000005825753;7661;76529;NA;NA;NA;9307;9546;897;8939;8903;NA;NA;NA;NA;NA;NA;AOSPU OSPEDALI RIUNITI - PR;NA;NA;NA;0
080;080902;2023;567169;2023;080902;034009;11/05/2023;13/05/2023;031;391;M;0;0;2;NA;002;NA;NA;V3000;005;3370;034;001;080;M;080902;901000005825960;NA;NA;NA;NA;NA;9307;9546;897;8939;8903;NA;NA;NA;NA;NA;NA;AOSPU OSPEDALI RIUNITI - PR;NA;NA;NA;18785
080;080031;2023;5314;2023;080104;999314;24/06/2023;27/06/2023;031;391;M;0;0;3;NA;002;NA;NA;V3000;005;3390;999;001;314;F;08003104;901000005838601;7746;NA;NA;NA;NA;9983;9542;897;NA;NA;NA;NA;NA;NA;NA;NA;OSPEDALE CARPI;NA;NA;NA;5690
080;080031;2023;4545;2023;080104;999254;30/05/2023;02/06/2023;031;391;M;0;0;3;NA;002;NA;NA;V3000;005;4115;999;001;254;F;08003104;901000005838783;NA;NA;NA;NA;NA;897;8966;9546;NA;NA;NA;NA;NA;NA;NA;NA;OSPEDALE CARPI;NA;NA;NA;6083
080;080004;2023;9415;2023;080101;999206;19/04/2023;23/04/2023;039;322;M;0;210;4;NA;002;NA;NA;5990;005;NA;999;001;206;F;08000401;901000005844006;0414;NA;NA;NA;NA;9921;8875;NA;NA;NA;NA;NA;NA;NA;NA;NA;OSPEDALE PIACENZA;NA;NA;NA;0
080;080909;2023;4018;2023;080909;999235;27/02/2023;01/03/2023;031;391;M;0;0;2;NA;002;NA;NA;V3000;005;3780;999;001;235;F;080909;901000005863955;NA;NA;NA;NA;NA;9059;9501;9541;NA;NA;NA;NA;NA;NA;NA;NA;AOSPU ARCISPEDALE S.ANNA - FE;NA;NA;NA;25868
080;080909;2023;4176;2023;080909;999235;01/03/2023;03/03/2023;034;042;C;0;359;2;2;002;1169;NA;37103;005;NA;999;001;235;F;080909;901000005864064;NA;NA;NA;NA;NA;1169;NA;NA;NA;NA;NA;NA;NA;NA;NA;NA;AOSPU ARCISPEDALE S.ANNA - FE;NA;NA;NA;0
080;080908;2023;524558;2023;080908;999254;05/06/2023;27/06/2023;065;405;M;0;278;6;NA;002;NA;NA;20401;005;NA;999;002;254;M;080908;901000005869186;V5811;NA;NA;NA;NA;9925;9925;4131;8903;8914;9059;NA;NA;NA;NA;NA;IRCCS AOU BOLOGNA;NA;NA;NA;0
080;080908;2023;506500;2023;080908;999536;09/02/2023;11/02/2023;031;391;M;0;0;2;NA;002;NA;NA;V3001;005;3255;999;001;536;F;080908;901000005869542;NA;NA;NA;NA;NA;8903;8965;8903;9509;9059;897;9547;8619;NA;NA;NA;IRCCS AOU BOLOGNA;NA;NA;NA;23379
080;080902;2023;571683;2023;080902;034027;27/06/2023;29/06/2023;031;391;M;0;0;2;NA;002;NA;NA;V3000;005;3310;034;001;080;M;080902;901000005880399;NA;NA;NA;NA;NA;9307;9546;897;8939;8903;NA;NA;NA;NA;NA;NA;AOSPU OSPEDALI RIUNITI - PR;NA;NA;NA;0
080;080902;2023;571689;2023;080902;034051;28/06/2023;30/06/2023;031;391;M;0;0;2;NA;002;NA;NA;V3000;005;3580;034;001;080;F;080902;901000005880402;NA;NA;NA;NA;NA;9307;9546;897;8939;8903;NA;NA;NA;NA;NA;NA;AOSPU OSPEDALI RIUNITI - PR;NA;NA;NA;19091
080;080902;2023;571771;2023;080902;019021;28/06/2023;30/06/2023;031;391;M;0;0;2;NA;002;NA;NA;V3000;005;3420;019;001;030;M;080902;901000005880415;NA;NA;NA;NA;NA;9307;9546;897;8939;8903;NA;NA;NA;NA;NA;NA;AOSPU OSPEDALI RIUNITI - PR;NA;NA;NA;18863
080;080902;2023;570517;2023;080902;034008;15/06/2023;17/06/2023;031;391;M;0;0;2;NA;002;NA;NA;V3000;005;2980;034;001;080;M;080902;901000005880667;NA;NA;NA;NA;NA;9307;9546;8903;8939;897;9307;9546;8939;897;8903;NA;AOSPU OSPEDALI RIUNITI - PR;NA;NA;NA;0
080;080902;2023;570689;2023;080902;034027;17/06/2023;20/06/2023;031;391;M;0;0;3;NA;002;NA;NA;V3000;005;3500;034;001;080;F;080902;901000005880934;NA;NA;NA;NA;NA;9307;9546;897;8939;8903;NA;NA;NA;NA;NA;NA;AOSPU OSPEDALI RIUNITI - PR;NA;NA;NA;0
080;080902;2023;571363;2023;080902;034027;23/06/2023;26/06/2023;031;391;M;0;0;3;NA;002;NA;NA;V3000;005;3630;034;001;080;F;080902;901000005881577;NA;NA;NA;NA;NA;9307;9546;897;8939;8903;NA;NA;NA;NA;NA;NA;AOSPU OSPEDALI RIUNITI - PR;NA;NA;NA;19162
080;080902;2023;569024;2023;080902;034027;30/05/2023;02/06/2023;062;390;M;0;0;3;NA;002;NA;NA;77081;005;3080;034;001;080;F;080902;901000005881623;77439;NA;NA;NA;NA;9983;8939;897;9546;8903;9307;3899;NA;NA;NA;NA;AOSPU OSPEDALI RIUNITI - PR;NA;NA;NA;18352
080;080902;2023;569028;2023;080902;034008;30/05/2023;02/06/2023;031;391;M;0;0;3;NA;002;NA;NA;V3000;005;3125;034;001;080;M;080902;901000005881627;NA;NA;NA;NA;NA;8939;897;9546;9307;8903;NA;NA;NA;NA;NA;NA;AOSPU OSPEDALI RIUNITI - PR;NA;NA;NA;0
080;080902;2023;571777;2023;080902;034013;28/06/2023;30/06/2023;031;391;M;0;0;2;NA;002;NA;NA;V3000;005;3230;034;001;080;F;080902;901000005882281;NA;NA;NA;NA;NA;8952;8903;9546;9307;8939;897;NA;NA;NA;NA;NA;AOSPU OSPEDALI RIUNITI - PR;NA;NA;NA;18564
080;080902;2023;569090;2023;080902;034027;31/05/2023;02/06/2023;062;390;M;0;0;2;NA;002;NA;NA;77081;005;3000;034;001;080;M;080902;901000005882315;NA;NA;NA;NA;NA;9396;8939;897;9307;9546;8903;NA;NA;NA;NA;NA;AOSPU OSPEDALI RIUNITI - PR;NA;NA;NA;0
080;080072;2023;10524;2023;080114;039012;14/05/2023;28/06/2023;073;386;M;0;0;45;NA;002;NA;NA;76519;005;2630;039;001;080;M;080072;901000005884551;769;NA;NA;NA;NA;9390;9604;9929;8744;8966;3892;9635;8872;8891;8914;NA;OSPEDALE RAVENNA;NA;NA;NA;10096
080;080082;2023;804750;2023;080114;039010;05/06/2023;08/06/2023;031;391;M;0;0;3;NA;002;NA;NA;V3001;005;2590;039;001;080;F;080082;901000005885239;NA;NA;NA;NA;NA;NA;NA;NA;NA;NA;NA;NA;NA;NA;NA;NA;OSPEDALE FAENZA;NA;NA;NA;11314
080;080082;2023;804834;2023;080114;039006;07/06/2023;10/06/2023;031;391;M;0;0;3;NA;002;NA;NA;V3000;005;3120;039;001;080;M;080082;901000005885501;NA;NA;NA;NA;NA;NA;NA;NA;NA;NA;NA;NA;NA;NA;NA;NA;OSPEDALE FAENZA;NA;NA;NA;11394
080;080085;2023;12116;2023;080114;999219;22/06/2023;24/06/2023;031;391;M;0;0;2;NA;002;NA;NA;V3000;005;3360;999;001;219;F;08008501;901000005888257;NA;NA;NA;NA;NA;NA;NA;NA;NA;NA;NA;NA;NA;NA;NA;NA;OSPEDALE FORLI';NA;NA;NA;12176
080;080095;2023;10197;2023;080114;999201;10/04/2023;12/04/2023;031;391;M;0;0;2;NA;002;NA;NA;V3000;005;2905;999;001;201;F;08009501;901000005893817;NA;NA;NA;NA;NA;NA;NA;NA;NA;NA;NA;NA;NA;NA;NA;NA;OSPEDALE RIMINI;NA;NA;NA;14718
080;080096;2023;6843;2023;080104;999243;13/07/2023;15/07/2023;031;391;M;0;0;2;NA;002;NA;NA;V3000;005;3500;999;001;243;F;080096;901000005909119;NA;NA;NA;NA;NA;9547;NA;NA;NA;NA;NA;NA;NA;NA;NA;NA;OSPEDALE CIVILE DI SASSUOLO S.P.A.;NA;NA;NA;17342
080;080044;2023;8837;2023;080106;039008;11/07/2023;13/07/2023;031;391;M;0;0;2;NA;002;NA;NA;V3000;005;3380;039;001;080;F;08004401;901000005927335;NA;NA;NA;NA;NA;NA;NA;NA;NA;NA;NA;NA;NA;NA;NA;NA;OSPEDALE IMOLA;NA;NA;NA;6510
080;080908;2023;521736;2023;080908;999220;16/05/2023;23/07/2023;011;157;C;0;246;68;8;002;4999;NA;56949;005;NA;999;001;220;F;080908;901000005929462;59372;2552;7885;243;5859;4999;719;5732;9904;9671;9915;9926;9921;3893;5674;8604;IRCCS AOU BOLOGNA;NA;NA;NA;0
080;080908;2023;528814;2023;080908;999254;02/07/2023;30/07/2023;065;492;M;0;305;28;NA;002;NA;NA;V5811;005;NA;999;001;254;M;080908;901000005930685;20400;40591;5845;78842;NA;9918;038;9918;9059;897;038;9925;9925;9925;9925;NA;IRCCS AOU BOLOGNA;NA;NA;NA;0
080;080072;2023;14912;2023;080114;999201;12/07/2023;15/07/2023;031;391;M;0;0;3;NA;002;NA;NA;V3000;005;3185;999;001;201;F;080072;901000005934919;NA;NA;NA;NA;NA;NA;NA;NA;NA;NA;NA;NA;NA;NA;NA;NA;OSPEDALE RAVENNA;NA;NA;NA;10467
080;080072;2023;14984;2023;080114;039014;12/07/2023;16/07/2023;031;391;M;0;0;4;NA;002;NA;NA;V3000;005;3855;039;001;080;M;080072;901000005935101;NA;NA;NA;NA;NA;NA;NA;NA;NA;NA;NA;NA;NA;NA;NA;NA;OSPEDALE RAVENNA;NA;NA;NA;11153
080;080082;2023;806153;2023;080114;039010;26/07/2023;29/07/2023;031;391;M;0;0;3;NA;002;NA;NA;V3001;005;3455;039;001;080;M;080082;901000005936239;NA;NA;NA;NA;NA;NA;NA;NA;NA;NA;NA;NA;NA;NA;NA;NA;OSPEDALE FAENZA;NA;NA;NA;11512
080;080082;2023;805921;2023;080114;999201;17/07/2023;20/07/2023;031;391;M;0;0;3;NA;002;NA;NA;V3000;005;2875;999;001;201;F;080082;901000005937220;NA;NA;NA;NA;NA;NA;NA;NA;NA;NA;NA;NA;NA;NA;NA;NA;OSPEDALE FAENZA;NA;NA;NA;11342
080;080085;2023;12623;2023;080114;999999;29/06/2023;01/07/2023;062;389;M;0;0;2;NA;002;NA;NA;77084;005;3914;999;001;999;M;08008501;901000005938118;NA;NA;NA;NA;NA;9390;8966;8906;8743;897;NA;NA;NA;NA;NA;NA;OSPEDALE FORLI';NA;NA;NA;12534
080;080091;2023;514957;2023;080114;999216;22/07/2023;22/07/2023;039;184;M;0;157;1;NA;005;NA;NA;0091;005;NA;999;001;216;F;08009101;901000005941617;NA;NA;NA;NA;NA;9002;8903;8939;897;NA;NA;NA;NA;NA;NA;NA;OSPEDALE CESENA;NA;NA;NA;0
080;080072;2023;14784;2023;080114;039014;10/07/2023;12/07/2023;031;391;M;0;0;2;NA;002;NA;NA;V3000;005;3280;039;001;080;F;080072;901000005944543;NA;NA;NA;NA;NA;NA;NA;NA;NA;NA;NA;NA;NA;NA;NA;NA;OSPEDALE RAVENNA;NA;NA;NA;10590
080;080095;2023;17543;2023;080114;999608;25/06/2023;28/06/2023;031;391;M;0;0;3;NA;002;NA;NA;V3000;005;3225;999;001;608;M;08009501;901000005945399;NA;NA;NA;NA;NA;NA;NA;NA;NA;NA;NA;NA;NA;NA;NA;NA;OSPEDALE RIMINI;NA;NA;NA;15203
080;080902;2023;570816;2023;080902;034027;19/06/2023;10/07/2023;062;389;M;0;0;21;NA;002;NA;NA;76416;005;1600;034;001;080;F;080902;901000005953403;76529;NA;NA;NA;NA;3892;8744;8871;8952;3898;8965;8903;8876;NA;NA;NA;AOSPU OSPEDALI RIUNITI - PR;NA;NA;NA;0
080;080902;2023;573194;2023;080902;034027;13/07/2023;17/07/2023;062;390;M;0;0;4;NA;002;NA;NA;7602;005;3270;034;001;080;F;080902;901000005953757;NA;NA;NA;NA;NA;9005;8939;8903;9307;9546;897;NA;NA;NA;NA;NA;AOSPU OSPEDALI RIUNITI - PR;NA;NA;NA;18625
080;080902;2023;58261;2023;080902;999404;06/07/2023;07/07/2023;039;422;M;0;315;1;NA;002;NA;NA;7908;005;NA;999;001;404;F;080902;901000005954054;NA;NA;NA;NA;NA;9039;8952;897;8903;8929;NA;NA;NA;NA;NA;NA;AOSPU OSPEDALI RIUNITI - PR;NA;NA;NA;0
080;080902;2023;573006;2023;080902;034051;12/07/2023;15/07/2023;062;390;M;0;0;3;NA;002;NA;NA;7615;005;2630;034;001;080;M;080902;901000005954093;76419;77081;75500;NA;NA;8823;8876;9546;9307;8903;8939;897;NA;NA;NA;NA;AOSPU OSPEDALI RIUNITI - PR;NA;NA;NA;17955
080;080902;2023;573199;2023;080902;034027;14/07/2023;16/07/2023;031;391;M;0;0;2;NA;002;NA;NA;V3001;005;2370;034;001;080;F;080902;901000005954274;NA;NA;NA;NA;NA;9307;9546;897;8939;8903;NA;NA;NA;NA;NA;NA;AOSPU OSPEDALI RIUNITI - PR;NA;NA;NA;0
080;080902;2023;574377;2023;080902;034027;28/07/2023;30/07/2023;031;390;M;0;0;2;NA;002;NA;NA;V3000;005;2915;034;001;080;M;080902;901000005954296;76419;NA;NA;NA;NA;9307;9546;897;8939;8903;NA;NA;NA;NA;NA;NA;AOSPU OSPEDALI RIUNITI - PR;NA;NA;NA;18150
080;080902;2023;573568;2023;080902;034031;18/07/2023;20/07/2023;031;391;M;0;0;2;NA;002;NA;NA;V3000;005;3300;034;001;080;M;080902;901000005954711;NA;NA;NA;NA;NA;9307;9546;897;8939;8903;NA;NA;NA;NA;NA;NA;AOSPU OSPEDALI RIUNITI - PR;NA;NA;NA;0
080;080902;2023;573592;2023;080902;034014;19/07/2023;22/07/2023;062;390;M;0;0;3;NA;002;NA;NA;7750;005;3830;034;001;080;F;080902;901000005954783;NA;NA;NA;NA;NA;8952;8939;8903;9307;9546;897;NA;NA;NA;NA;NA;AOSPU OSPEDALI RIUNITI - PR;NA;NA;NA;19351
080;080902;2023;573671;2023;080902;034027;19/07/2023;22/07/2023;031;391;M;0;0;3;NA;002;NA;NA;V3000;005;3420;034;001;080;F;080902;901000005954796;NA;NA;NA;NA;NA;9307;9546;897;8939;8903;NA;NA;NA;NA;NA;NA;AOSPU OSPEDALI RIUNITI - PR;NA;NA;NA;18864
080;080909;2023;12361;2023;080909;999302;28/06/2023;30/06/2023;034;042;C;0;340;2;1;002;1164;NA;37100;005;NA;999;001;302;M;080909;901000005955743;3619;NA;NA;NA;NA;1459;1164;NA;NA;NA;NA;NA;NA;NA;NA;NA;AOSPU ARCISPEDALE S.ANNA - FE;NA;NA;NA;0
080;080031;2023;6852;2023;080104;999344;19/08/2023;22/08/2023;031;391;M;0;0;3;NA;002;NA;NA;V3000;005;3105;999;001;344;F;08003104;901000005969393;NA;NA;NA;NA;NA;8965;897;9542;NA;NA;NA;NA;NA;NA;NA;NA;OSPEDALE CARPI;NA;NA;NA;5445
080;080902;2023;575226;2023;080902;034027;07/08/2023;09/08/2023;031;391;M;0;0;2;NA;002;NA;NA;V3000;005;3390;034;001;080;F;080902;901000005973051;NA;NA;NA;NA;NA;9307;9546;897;8939;8903;NA;NA;NA;NA;NA;NA;AOSPU OSPEDALI RIUNITI - PR;NA;NA;NA;18814
080;080902;2023;563276;2023;080902;035038;30/03/2023;01/04/2023;031;391;M;0;0;2;NA;002;NA;NA;V3000;005;3440;035;001;080;F;080902;901000005973432;NA;NA;NA;NA;NA;9307;9546;8903;897;8939;NA;NA;NA;NA;NA;NA;AOSPU OSPEDALI RIUNITI - PR;NA;NA;NA;18891
080;080902;2023;574852;2023;080902;020054;03/08/2023;05/08/2023;031;391;M;0;0;2;NA;002;NA;NA;76409;005;2680;020;001;030;F;080902;901000005973501;V3001;NA;NA;NA;NA;9307;9546;897;8939;8903;NA;NA;NA;NA;NA;NA;AOSPU OSPEDALI RIUNITI - PR;NA;NA;NA;17984
080;080902;2023;575105;2023;080902;034027;06/08/2023;08/08/2023;031;391;M;0;0;2;NA;002;NA;NA;V3000;005;4070;034;001;080;M;080902;901000005973779;NA;NA;NA;NA;NA;9307;9546;897;8939;8903;NA;NA;NA;NA;NA;NA;AOSPU OSPEDALI RIUNITI - PR;NA;NA;NA;19513
080;080902;2023;559799;2023;080902;034027;24/02/2023;28/02/2023;062;388;M;0;0;4;NA;002;NA;NA;76518;005;2220;034;001;080;F;080902;901000005974082;76528;NA;NA;NA;NA;897;8903;9546;8939;9307;NA;NA;NA;NA;NA;NA;AOSPU OSPEDALI RIUNITI - PR;NA;NA;NA;17858
080;080902;2023;576033;2023;080902;034027;20/08/2023;22/08/2023;031;391;M;0;0;2;NA;002;NA;NA;V3000;005;3680;034;001;080;M;080902;901000005974580;NA;NA;NA;NA;NA;9307;9546;897;8939;8903;NA;NA;NA;NA;NA;NA;AOSPU OSPEDALI RIUNITI - PR;NA;NA;NA;19222
080;080044;2023;10517;2023;080106;037032;22/08/2023;24/08/2023;031;391;M;0;0;2;NA;002;NA;NA;V3001;005;2910;037;001;080;F;08004401;901000005984281;NA;NA;NA;NA;NA;NA;NA;NA;NA;NA;NA;NA;NA;NA;NA;NA;OSPEDALE IMOLA;NA;NA;NA;6260
080;080044;2023;9916;2023;080106;039013;05/08/2023;07/08/2023;031;390;M;0;0;2;NA;002;NA;NA;76400;005;2700;039;001;080;F;08004401;901000005984985;V3000;NA;NA;NA;NA;NA;NA;NA;NA;NA;NA;NA;NA;NA;NA;NA;OSPEDALE IMOLA;NA;NA;NA;6190
080;080909;2023;14449;2023;080909;999536;29/07/2023;02/08/2023;031;391;M;0;0;4;NA;002;NA;NA;V3000;005;2690;999;001;536;F;080909;901000005986154;NA;NA;NA;NA;NA;9501;9541;9059;8903;NA;NA;NA;NA;NA;NA;NA;AOSPU ARCISPEDALE S.ANNA - FE;NA;NA;NA;24662
080;080909;2023;15228;2023;080909;999536;10/08/2023;19/08/2023;073;388;M;0;0;9;NA;005;NA;NA;76528;005;3690;999;001;536;M;080909;901000005988565;76519;7706;7742;7793;NA;8744;3898;9390;9983;9059;8873;8872;9541;9546;8871;NA;AOSPU ARCISPEDALE S.ANNA - FE;NA;NA;NA;25804
080;080908;2023;534852;2023;080908;999236;17/08/2023;24/08/2023;065;410;M;0;107;7;NA;002;NA;NA;V5811;005;NA;999;001;236;M;080908;901000005991434;23875;NA;NA;NA;NA;9925;9925;9905;8876;9929;9918;9059;9904;NA;NA;NA;IRCCS AOU BOLOGNA;NA;NA;NA;0
080;080908;2023;535276;2023;080908;999254;21/08/2023;24/08/2023;031;391;M;0;0;3;NA;002;NA;NA;V3000;005;3260;999;001;254;F;080908;901000005992227;NA;NA;NA;NA;NA;8903;8965;8903;9509;9059;897;9547;8619;NA;NA;NA;IRCCS AOU BOLOGNA;NA;NA;NA;23397
080;080908;2023;536204;2023;080908;999220;29/08/2023;29/08/2023;011;190;M;0;351;1;NA;002;NA;NA;56949;005;NA;999;001;220;F;080908;901000005992458;59372;5859;243;NA;NA;8904;897;8904;NA;NA;NA;NA;NA;NA;NA;NA;IRCCS AOU BOLOGNA;NA;NA;NA;0
080;080908;2023;533777;2023;080908;999254;07/08/2023;23/08/2023;065;492;M;0;341;16;NA;002;NA;NA;V5812;005;NA;999;001;254;M;080908;901000005992960;20401;7806;NA;NA;NA;9925;9925;9925;9925;9925;9925;038;8914;9904;9921;9929;IRCCS AOU BOLOGNA;NA;NA;NA;0
080;080072;2023;17217;2023;080114;039009;10/08/2023;12/08/2023;031;391;M;0;0;2;NA;002;NA;NA;V3000;005;3925;039;001;080;M;080072;901000005999495;NA;NA;NA;NA;NA;NA;NA;NA;NA;NA;NA;NA;NA;NA;NA;NA;OSPEDALE RAVENNA;NA;NA;NA;11198
080;080072;2023;18373;2023;080114;039013;28/08/2023;30/08/2023;031;391;M;0;0;2;NA;002;NA;NA;V3000;005;3470;039;001;080;F;080072;901000006001527;NA;NA;NA;NA;NA;NA;NA;NA;NA;NA;NA;NA;NA;NA;NA;NA;OSPEDALE RAVENNA;NA;NA;NA;10803
080;080004;2023;5181;2023;080101;999272;01/03/2023;09/03/2023;039;127;M;0;100;8;NA;002;NA;NA;4289;005;NA;999;001;272;F;08000401;901000006024472;74569;7580;NA;NA;NA;8872;8744;8952;NA;NA;NA;NA;NA;NA;NA;NA;OSPEDALE PIACENZA;NA;NA;NA;0
080;080031;2023;7443;2023;080104;999411;10/09/2023;12/09/2023;031;391;M;0;0;2;NA;002;NA;NA;V3000;005;3650;999;001;411;F;08003104;901000006030061;NA;NA;NA;NA;NA;8965;897;9542;NA;NA;NA;NA;NA;NA;NA;NA;OSPEDALE CARPI;NA;NA;NA;5894
080;080096;2023;8671;2023;080104;999436;17/09/2023;19/09/2023;031;391;M;0;0;2;NA;002;NA;NA;V3000;005;3780;999;001;436;F;080096;901000006032690;V290;NA;NA;NA;NA;9547;NA;NA;NA;NA;NA;NA;NA;NA;NA;NA;OSPEDALE CIVILE DI SASSUOLO S.P.A.;NA;NA;NA;17593
080;080096;2023;8963;2023;080104;999201;25/09/2023;27/09/2023;031;391;M;0;0;2;NA;002;NA;NA;V3000;005;4200;999;001;201;M;080096;901000006032913;NA;NA;NA;NA;NA;9547;NA;NA;NA;NA;NA;NA;NA;NA;NA;NA;OSPEDALE CIVILE DI SASSUOLO S.P.A.;NA;NA;NA;17753
080;080960;2023;13721;2023;080960;999201;26/09/2023;28/09/2023;036;225;C;0;257;2;1;002;8098;NA;7358;005;NA;999;001;201;F;080960;901000006035932;NA;NA;NA;NA;NA;8098;8098;NA;NA;NA;NA;NA;NA;NA;NA;NA;IRCCS - ISTITUTO ORTOPEDICO RIZZOLI;NA;NA;NA;0
080;080021;2023;532115;2023;080103;999215;10/08/2023;11/08/2023;039;298;M;0;58;1;NA;002;NA;NA;27651;005;NA;999;001;215;F;08002106;901000006039789;7823;07999;V759;69279;28800;9918;8906;8929;9039;8903;9059;8965;3898;9022;NA;NA;OSPEDALE S.MARIA NUOVA - RE;NA;NA;NA;0
080;080095;2023;15405;2023;080114;999236;04/06/2023;05/06/2023;073;385;M;0;2;1;NA;006;NA;NA;77581;005;NA;999;001;236;M;08009501;901000006055710;7756;27651;NA;NA;NA;9390;3893;3892;9059;8965;9921;8871;NA;NA;NA;NA;OSPEDALE RIMINI;NA;NA;NA;0
080;080072;2023;20541;2023;080114;999201;26/09/2023;28/09/2023;031;391;M;0;0;2;NA;002;NA;NA;V3001;005;2730;999;001;201;F;080072;901000006058871;NA;NA;NA;NA;NA;NA;NA;NA;NA;NA;NA;NA;NA;NA;NA;NA;OSPEDALE RAVENNA;NA;NA;NA;10139
080;080072;2023;19703;2023;080114;039014;14/09/2023;16/09/2023;031;391;M;0;0;2;NA;002;NA;NA;V3000;005;3210;039;001;080;F;080072;901000006059442;NA;NA;NA;NA;NA;NA;NA;NA;NA;NA;NA;NA;NA;NA;NA;NA;OSPEDALE RAVENNA;NA;NA;NA;10505
080;080095;2023;3603;2023;080114;999236;03/02/2023;07/02/2023;062;389;M;0;4;4;NA;002;NA;NA;77083;005;NA;999;001;236;F;08009501;901000006064564;7462;7454;NA;NA;NA;9396;9059;8872;8879;NA;NA;NA;NA;NA;NA;NA;OSPEDALE RIMINI;NA;NA;NA;0
080;080095;2023;13268;2023;080114;999236;12/05/2023;17/05/2023;062;390;M;0;0;5;NA;002;NA;NA;76419;005;2355;999;001;236;F;08009501;901000006064752;7793;78340;77439;7455;NA;9983;8952;9059;8872;NA;NA;NA;NA;NA;NA;NA;OSPEDALE RIMINI;NA;NA;NA;14424
080;080095;2023;24819;2023;080114;999236;08/09/2023;10/09/2023;031;391;M;0;0;2;NA;002;NA;NA;V3000;005;2850;999;001;236;F;08009501;901000006065681;NA;NA;NA;NA;NA;NA;NA;NA;NA;NA;NA;NA;NA;NA;NA;NA;OSPEDALE RIMINI;NA;NA;NA;14669
080;080095;2023;25487;2023;080114;999999;16/09/2023;16/09/2023;073;385;M;0;0;1;NA;006;NA;NA;769;005;2350;999;001;999;F;08009501;901000006065805;74510;NA;NA;NA;NA;9390;8872;9604;8744;3892;NA;NA;NA;NA;NA;NA;OSPEDALE RIMINI;NA;NA;NA;14421
080;080095;2023;26343;2023;080114;999999;25/09/2023;29/09/2023;039;087;M;0;157;4;NA;002;NA;NA;51881;005;NA;999;001;999;M;08009501;901000006067508;46619;NA;NA;NA;NA;9396;9394;897;8903;NA;NA;NA;NA;NA;NA;NA;OSPEDALE RIMINI;NA;NA;NA;0
080;080095;2023;25783;2023;080114;999999;19/09/2023;23/09/2023;031;391;M;0;0;4;NA;002;NA;NA;V3000;005;2995;999;001;999;F;08009501;901000006068028;NA;NA;NA;NA;NA;NA;NA;NA;NA;NA;NA;NA;NA;NA;NA;NA;OSPEDALE RIMINI;NA;NA;NA;14832
080;080904;2023;27046;2023;080904;999235;19/09/2023;22/09/2023;031;391;M;0;0;3;NA;002;NA;NA;V3000;005;3655;999;001;235;F;08090401;901000006073584;NA;NA;NA;NA;NA;NA;NA;NA;NA;NA;NA;NA;NA;NA;NA;NA;AOSPU POLICLINICO - MO;NA;NA;NA;21698
080;080902;2023;577455;2023;080902;034027;06/09/2023;11/09/2023;062;388;M;0;0;5;NA;002;NA;NA;76518;005;2430;034;001;080;M;080902;901000006075413;77081;7615;NA;NA;NA;9546;8903;9307;8939;897;NA;NA;NA;NA;NA;NA;AOSPU OSPEDALI RIUNITI - PR;NA;NA;NA;17895
080;080902;2023;577463;2023;080902;034027;06/09/2023;11/09/2023;062;388;M;0;0;5;NA;002;NA;NA;76518;005;2400;034;001;080;M;080902;901000006075414;7615;NA;NA;NA;NA;9546;8903;897;8939;9307;NA;NA;NA;NA;NA;NA;AOSPU OSPEDALI RIUNITI - PR;NA;NA;NA;17885
080;080902;2023;577723;2023;080902;034039;11/09/2023;13/09/2023;031;390;M;0;0;2;NA;002;NA;NA;V3001;005;4170;034;001;080;F;080902;901000006075560;7750;7661;NA;NA;NA;9307;9546;8903;8939;897;8952;NA;NA;NA;NA;NA;AOSPU OSPEDALI RIUNITI - PR;NA;NA;NA;19547
080;080902;2023;577633;2023;080902;034018;08/09/2023;11/09/2023;031;391;M;0;0;3;NA;002;NA;NA;V3000;005;3522;034;001;080;M;080902;901000006075718;NA;NA;NA;NA;NA;9307;9546;897;8939;8903;NA;NA;NA;NA;NA;NA;AOSPU OSPEDALI RIUNITI - PR;NA;NA;NA;0
080;080902;2023;577979;2023;080902;034010;13/09/2023;17/09/2023;031;391;M;0;0;4;NA;002;NA;NA;V3001;005;2875;034;001;080;M;080902;901000006075827;NA;NA;NA;NA;NA;9307;9546;897;8939;8903;NA;NA;NA;NA;NA;NA;AOSPU OSPEDALI RIUNITI - PR;NA;NA;NA;18119
080;080902;2023;578064;2023;080902;034010;13/09/2023;15/09/2023;031;391;M;0;0;2;NA;002;NA;NA;V3001;005;3275;034;001;080;M;080902;901000006075910;NA;NA;NA;NA;NA;9546;9307;8939;897;8903;NA;NA;NA;NA;NA;NA;AOSPU OSPEDALI RIUNITI - PR;NA;NA;NA;18631
080;080902;2023;579169;2023;080902;034044;25/09/2023;27/09/2023;031;391;M;0;0;2;NA;002;NA;NA;V3000;005;3000;034;001;080;M;080902;901000006075943;NA;NA;NA;NA;NA;9307;9546;897;8939;8903;NA;NA;NA;NA;NA;NA;AOSPU OSPEDALI RIUNITI - PR;NA;NA;NA;0
080;080902;2023;576702;2023;080902;034027;29/08/2023;01/09/2023;062;390;M;0;0;3;NA;002;NA;NA;76419;005;2560;034;001;080;M;080902;901000006076469;75989;75263;NA;NA;NA;9546;897;8939;9307;8903;NA;NA;NA;NA;NA;NA;AOSPU OSPEDALI RIUNITI - PR;NA;NA;NA;17930
080;080902;2023;577359;2023;080902;034027;06/09/2023;08/09/2023;031;391;M;0;0;2;NA;002;NA;NA;V3000;005;3200;034;001;080;M;080902;901000006076717;NA;NA;NA;NA;NA;9307;9546;897;8939;8903;NA;NA;NA;NA;NA;NA;AOSPU OSPEDALI RIUNITI - PR;NA;NA;NA;18513
080;080902;2023;579023;2023;080902;034031;23/09/2023;25/09/2023;031;390;M;0;0;2;NA;002;NA;NA;V3000;005;3480;034;001;080;F;080902;901000006076757;7750;NA;NA;NA;NA;9307;9546;897;8939;8903;NA;NA;NA;NA;NA;NA;AOSPU OSPEDALI RIUNITI - PR;NA;NA;NA;18946
080;080902;2023;579027;2023;080902;034027;23/09/2023;26/09/2023;031;391;M;0;0;3;NA;002;NA;NA;V3000;005;4020;034;001;080;M;080902;901000006076758;7661;NA;NA;NA;NA;9307;897;8939;9546;8903;NA;NA;NA;NA;NA;NA;AOSPU OSPEDALI RIUNITI - PR;NA;NA;NA;19492
080;080908;2023;535734;2023;080908;999254;25/08/2023;22/09/2023;065;492;M;0;359;8;NA;002;NA;NA;V5811;005;NA;999;002;254;M;080908;901000006077091;20401;NA;NA;NA;NA;9925;9925;9925;9925;9925;NA;NA;NA;NA;NA;NA;IRCCS AOU BOLOGNA;NA;NA;NA;0
080;080908;2023;538447;2023;080908;999236;14/09/2023;20/09/2023;065;410;M;0;135;6;NA;002;NA;NA;V5811;005;NA;999;001;236;M;080908;901000006078879;23875;NA;NA;NA;NA;9925;9925;8876;8906;8872;897;9929;9918;9059;9925;NA;IRCCS AOU BOLOGNA;NA;NA;NA;0
080;080908;2023;539273;2023;080908;999235;19/09/2023;21/09/2023;039;422;M;0;48;2;NA;002;NA;NA;7806;005;NA;999;001;235;F;080908;901000006081219;28800;NA;NA;NA;NA;897;9918;9059;8903;897;9921;NA;NA;NA;NA;NA;IRCCS AOU BOLOGNA;NA;NA;NA;0
080;080096;2023;9034;2023;080104;999201;26/09/2023;02/10/2023;039;391;M;0;0;6;NA;002;NA;NA;V3000;005;2670;999;001;201;M;080096;901000006093307;V298;77439;NA;NA;NA;9547;9983;NA;NA;NA;NA;NA;NA;NA;NA;NA;OSPEDALE CIVILE DI SASSUOLO S.P.A.;NA;NA;NA;16622
080;080909;2023;19087;2023;080909;999235;07/10/2023;09/10/2023;031;390;M;0;0;2;NA;002;NA;NA;V3000;005;3590;999;001;235;F;080909;901000006119887;7609;7602;NA;NA;NA;9914;9959;8959;9059;9541;9501;NA;NA;NA;NA;NA;AOSPU ARCISPEDALE S.ANNA - FE;NA;NA;NA;25694
080;080909;2023;13877;2023;080909;999226;21/07/2023;22/07/2023;034;042;C;0;200;1;0;002;1164;NA;74343;005;NA;999;001;226;M;080909;901000006120838;NA;NA;NA;NA;NA;1164;NA;NA;NA;NA;NA;NA;NA;NA;NA;NA;AOSPU ARCISPEDALE S.ANNA - FE;NA;NA;NA;0
080;080902;2023;580451;2023;080902;034016;08/10/2023;10/10/2023;031;391;M;0;0;2;NA;002;NA;NA;V3000;005;4010;034;001;080;F;080902;901000006123942;NA;NA;NA;NA;NA;9307;9546;897;8939;8903;NA;NA;NA;NA;NA;NA;AOSPU OSPEDALI RIUNITI - PR;NA;NA;NA;19487
080;080902;2023;580456;2023;080902;034027;08/10/2023;10/10/2023;031;391;M;0;0;2;NA;002;NA;NA;V3001;005;3610;034;001;080;M;080902;901000006123946;NA;NA;NA;NA;NA;9307;9546;8903;897;8939;NA;NA;NA;NA;NA;NA;AOSPU OSPEDALI RIUNITI - PR;NA;NA;NA;19140
080;080902;2023;580463;2023;080902;034025;08/10/2023;11/10/2023;062;389;M;0;0;3;NA;002;NA;NA;77084;005;3035;034;001;080;F;080902;901000006123952;NA;NA;NA;NA;NA;9394;9546;8939;897;9307;8903;NA;NA;NA;NA;NA;AOSPU OSPEDALI RIUNITI - PR;NA;NA;NA;18306
080;080902;2023;581828;2023;080902;034027;23/10/2023;27/10/2023;062;390;M;0;0;4;NA;002;NA;NA;7686;005;3480;034;001;080;M;080902;901000006123987;7621;NA;NA;NA;NA;9605;8914;8871;8965;9546;3898;8952;NA;NA;NA;NA;AOSPU OSPEDALI RIUNITI - PR;NA;NA;NA;18950
080;080902;2023;581963;2023;080902;034027;23/10/2023;25/10/2023;031;391;M;0;0;2;NA;002;NA;NA;V3000;005;2845;034;001;080;M;080902;901000006124156;NA;NA;NA;NA;NA;9307;9546;897;8939;8903;NA;NA;NA;NA;NA;NA;AOSPU OSPEDALI RIUNITI - PR;NA;NA;NA;18097
080;080902;2023;577677;2023;080902;035006;08/09/2023;11/09/2023;031;391;M;0;0;3;NA;002;NA;NA;V3000;005;3000;035;001;080;F;080902;901000006124279;NA;NA;NA;NA;NA;9307;9546;897;8939;8903;NA;NA;NA;NA;NA;NA;AOSPU OSPEDALI RIUNITI - PR;NA;NA;NA;0
080;080902;2023;580910;2023;080902;034027;12/10/2023;14/10/2023;031;391;M;0;0;2;NA;002;NA;NA;V3000;005;3500;034;001;080;F;080902;901000006124504;NA;NA;NA;NA;NA;9307;9546;8903;897;8939;NA;NA;NA;NA;NA;NA;AOSPU OSPEDALI RIUNITI - PR;NA;NA;NA;0
080;080902;2023;580970;2023;080902;034015;13/10/2023;15/10/2023;031;391;M;0;0;2;NA;002;NA;NA;V301;005;3975;034;001;080;M;080902;901000006124592;NA;NA;NA;NA;NA;9307;9546;897;8939;8903;NA;NA;NA;NA;NA;NA;AOSPU OSPEDALI RIUNITI - PR;NA;NA;NA;19464
080;080902;2023;581442;2023;080902;033032;18/10/2023;20/10/2023;062;389;M;0;0;2;NA;002;NA;NA;77982;005;2880;033;001;080;M;080902;901000006125157;42732;NA;NA;NA;NA;8872;8952;8965;9307;8954;8903;3898;NA;NA;NA;NA;AOSPU OSPEDALI RIUNITI - PR;NA;NA;NA;18123
080;080902;2023;581506;2023;080902;035005;18/10/2023;21/10/2023;031;390;M;0;0;3;NA;002;NA;NA;V3001;005;4500;035;001;080;F;080902;901000006125238;7750;7661;NA;NA;NA;9307;9546;897;8939;8903;NA;NA;NA;NA;NA;NA;AOSPU OSPEDALI RIUNITI - PR;NA;NA;NA;19595
080;080902;2023;582513;2023;080902;034027;28/10/2023;31/10/2023;031;391;M;0;0;3;NA;002;NA;NA;V3000;005;3460;034;001;080;M;080902;901000006125787;NA;NA;NA;NA;NA;9307;9546;897;8939;8903;NA;NA;NA;NA;NA;NA;AOSPU OSPEDALI RIUNITI - PR;NA;NA;NA;18925
080;080904;2023;20901;2023;080904;999219;13/07/2023;15/07/2023;010;227;C;0;218;2;0;002;8349;NA;2150;005;NA;999;001;219;M;08090401;901000006126147;NA;NA;NA;NA;NA;8349;NA;NA;NA;NA;NA;NA;NA;NA;NA;NA;AOSPU POLICLINICO - MO;NA;NA;NA;0
080;080908;2023;538787;2023;080908;999236;16/09/2023;20/10/2023;006;108;C;0;0;34;16;002;3584;1;74510;005;NA;999;001;236;F;080908;901000006132828;51881;99811;4270;99889;NA;3584;8872;3541;3961;3962;3963;7851;9672;8854;8952;NA;IRCCS AOU BOLOGNA;NA;NA;NA;0
080;080908;2023;524509;2023;080908;999236;05/06/2023;21/07/2023;062;299;M;0;3;46;NA;002;NA;NA;2707;005;NA;999;001;236;M;080908;901000006133359;77181;0414;7767;2859;04321;3895;3895;9672;3995;0017;9921;9926;3899;3893;9915;9903;IRCCS AOU BOLOGNA;NA;NA;NA;0
080;080908;2023;541015;2023;080908;999243;30/09/2023;03/10/2023;049;077;C;0;224;3;2;006;8321;NA;51884;005;NA;999;001;243;M;080908;901000006134822;27787;V440;V441;NA;NA;8321;8611;8872;9308;9449;9671;NA;NA;NA;NA;NA;IRCCS AOU BOLOGNA;NA;NA;NA;0
080;080908;2023;542839;2023;080908;999236;12/10/2023;18/10/2023;065;410;M;0;163;6;NA;002;NA;NA;V5811;005;NA;999;001;236;M;080908;901000006136773;23875;NA;NA;NA;NA;9925;8906;9059;8872;8876;8952;897;9918;9925;NA;NA;IRCCS AOU BOLOGNA;NA;NA;NA;0
080;080908;2023;540453;2023;080908;999236;26/09/2023;17/10/2023;006;108;C;0;179;21;7;002;3582;NA;74741;005;NA;999;001;236;M;080908;901000006137818;NA;NA;NA;NA;NA;3582;3598;3963;3962;3961;NA;NA;NA;NA;NA;NA;IRCCS AOU BOLOGNA;NA;NA;NA;0
080;080072;2023;22090;2023;080114;039009;16/10/2023;19/10/2023;031;391;M;0;0;3;NA;002;NA;NA;V3000;005;3450;039;001;080;M;080072;901000006138796;NA;NA;NA;NA;NA;NA;NA;NA;NA;NA;NA;NA;NA;NA;NA;NA;OSPEDALE RAVENNA;NA;NA;NA;10788
080;080072;2023;21906;2023;080114;039013;13/10/2023;16/10/2023;031;391;M;0;0;3;NA;002;NA;NA;V3000;005;3240;039;001;080;M;080072;901000006139790;NA;NA;NA;NA;NA;NA;NA;NA;NA;NA;NA;NA;NA;NA;NA;NA;OSPEDALE RAVENNA;NA;NA;NA;10550
080;080085;2023;18598;2023;080114;999201;01/10/2023;12/10/2023;062;387;M;0;0;11;NA;002;NA;NA;76517;005;1988;999;001;201;M;08008501;901000006141574;76528;7756;NA;NA;NA;8966;9918;897;NA;NA;NA;NA;NA;NA;NA;NA;OSPEDALE FORLI';NA;NA;NA;11651
080;080082;2023;808587;2023;080114;999201;24/10/2023;26/10/2023;031;391;M;0;0;2;NA;002;NA;NA;V3000;005;3690;999;001;201;M;080082;901000006142440;NA;NA;NA;NA;NA;NA;NA;NA;NA;NA;NA;NA;NA;NA;NA;NA;OSPEDALE FAENZA;NA;NA;NA;11581
080;080095;2023;26270;2023;080114;999220;25/09/2023;27/09/2023;031;391;M;0;0;2;NA;002;NA;NA;V3000;005;3150;999;001;220;M;08009501;901000006144431;NA;NA;NA;NA;NA;NA;NA;NA;NA;NA;NA;NA;NA;NA;NA;NA;OSPEDALE RIMINI;NA;NA;NA;15066
080;080095;2023;9760;2023;080114;999236;05/04/2023;10/04/2023;039;081;M;0;310;5;NA;002;NA;NA;4848;005;NA;999;001;236;F;08009501;901000006145492;04311;V0700;NA;NA;NA;9059;9921;NA;NA;NA;NA;NA;NA;NA;NA;NA;OSPEDALE RIMINI;NA;NA;NA;0
080;080095;2023;27984;2023;080114;999236;11/10/2023;14/10/2023;031;391;M;0;0;3;NA;002;NA;NA;V3001;005;3470;999;001;236;M;08009501;901000006146737;NA;NA;NA;NA;NA;NA;NA;NA;NA;NA;NA;NA;NA;NA;NA;NA;OSPEDALE RIMINI;NA;NA;NA;15651
080;080031;2023;9817;2023;080104;999254;23/11/2023;25/11/2023;031;391;M;0;0;2;NA;002;NA;NA;V3000;005;2800;999;001;254;F;08003104;901000006162753;NA;NA;NA;NA;NA;8965;9547;897;NA;NA;NA;NA;NA;NA;NA;NA;OSPEDALE CARPI;NA;NA;NA;5252
080;080031;2023;9143;2023;080104;999206;02/11/2023;08/11/2023;039;087;M;0;124;6;NA;002;NA;NA;51881;005;NA;999;001;206;F;08003104;901000006163632;46619;NA;NA;NA;NA;9396;9039;NA;NA;NA;NA;NA;NA;NA;NA;NA;OSPEDALE CARPI;NA;NA;NA;0
080;080909;2023;20372;2023;080909;999226;26/10/2023;27/10/2023;034;042;C;0;297;1;0;002;1179;NA;36720;005;NA;999;001;226;M;080909;901000006191065;NA;NA;NA;NA;NA;1179;NA;NA;NA;NA;NA;NA;NA;NA;NA;NA;AOSPU ARCISPEDALE S.ANNA - FE;NA;NA;NA;0
080;080909;2023;16642;2023;080909;999226;01/09/2023;02/09/2023;034;042;C;0;242;1;0;002;1179;NA;36720;005;NA;999;001;226;M;080909;901000006191491;NA;NA;NA;NA;NA;1179;NA;NA;NA;NA;NA;NA;NA;NA;NA;NA;AOSPU ARCISPEDALE S.ANNA - FE;NA;NA;NA;0
080;080909;2023;7480;2023;080909;999302;18/04/2023;20/04/2023;034;042;C;0;269;2;1;002;1160;NA;36216;005;NA;999;001;302;M;080909;901000006191803;NA;NA;NA;NA;NA;1160;149;NA;NA;NA;NA;NA;NA;NA;NA;NA;AOSPU ARCISPEDALE S.ANNA - FE;NA;NA;NA;0
080;080909;2023;19814;2023;080909;999250;18/10/2023;20/10/2023;031;390;M;0;0;2;NA;002;NA;NA;V3000;005;3030;999;001;250;F;080909;901000006191884;7608;NA;NA;NA;NA;9059;9501;9541;8871;NA;NA;NA;NA;NA;NA;NA;AOSPU ARCISPEDALE S.ANNA - FE;NA;NA;NA;24919
080;080909;2023;21285;2023;080909;999240;08/11/2023;13/11/2023;039;087;M;0;220;5;NA;002;NA;NA;51881;005;NA;999;001;240;F;080909;901000006193312;46611;NA;NA;NA;NA;8903;9382;8959;9032;9390;9396;NA;NA;NA;NA;NA;AOSPU ARCISPEDALE S.ANNA - FE;NA;NA;NA;0
080;080902;2023;577242;2023;080902;034027;04/09/2023;06/09/2023;031;391;M;0;0;2;NA;002;NA;NA;V3000;005;2925;034;001;080;F;080902;901000006206525;NA;NA;NA;NA;NA;9307;9546;897;8939;8903;NA;NA;NA;NA;NA;NA;AOSPU OSPEDALI RIUNITI - PR;NA;NA;NA;18160
080;080902;2023;583878;2023;080902;034027;13/11/2023;17/11/2023;062;391;M;0;0;4;NA;002;NA;NA;7686;005;2950;034;001;080;M;080902;901000006206742;NA;NA;NA;NA;NA;8914;9546;9053;8903;8871;NA;NA;NA;NA;NA;NA;AOSPU OSPEDALI RIUNITI - PR;NA;NA;NA;0
080;080902;2023;583109;2023;080902;045016;04/11/2023;15/11/2023;031;391;M;0;0;11;NA;002;NA;NA;V3001;005;3000;045;001;090;M;080902;901000006206979;NA;NA;NA;NA;NA;9307;9546;897;8939;8903;NA;NA;NA;NA;NA;NA;AOSPU OSPEDALI RIUNITI - PR;NA;NA;NA;18259
080;080902;2023;583770;2023;080902;034027;12/11/2023;14/11/2023;031;391;M;0;0;2;NA;002;NA;NA;V3000;005;2840;034;001;080;M;080902;901000006207964;NA;NA;NA;NA;NA;9307;9546;897;8939;8903;NA;NA;NA;NA;NA;NA;AOSPU OSPEDALI RIUNITI - PR;NA;NA;NA;18093
080;080902;2023;583747;2023;080902;034027;11/11/2023;13/11/2023;031;391;M;0;0;2;NA;002;NA;NA;V3000;005;2815;034;001;080;M;080902;901000006208329;76409;NA;NA;NA;NA;9307;9546;8903;897;8939;NA;NA;NA;NA;NA;NA;AOSPU OSPEDALI RIUNITI - PR;NA;NA;NA;18076
080;080902;2023;584885;2023;080902;034027;23/11/2023;26/11/2023;031;391;M;0;0;3;NA;002;NA;NA;V3000;005;3380;034;001;080;F;080902;901000006208371;NA;NA;NA;NA;NA;9307;9546;897;8939;8903;NA;NA;NA;NA;NA;NA;AOSPU OSPEDALI RIUNITI - PR;NA;NA;NA;18803
080;080902;2023;583061;2023;080902;034023;03/11/2023;06/11/2023;031;391;M;0;0;3;NA;002;NA;NA;V3001;005;3140;034;001;080;M;080902;901000006208569;NA;NA;NA;NA;NA;9307;9546;897;8939;8903;NA;NA;NA;NA;NA;NA;AOSPU OSPEDALI RIUNITI - PR;NA;NA;NA;0
080;080908;2023;545497;2023;080908;999272;30/10/2023;02/11/2023;008;125;M;0;343;3;NA;002;NA;NA;74560;005;NA;999;001;272;F;080908;901000006209863;V151;NA;NA;NA;NA;3723;8843;8863;8872;8954;8744;NA;NA;NA;NA;NA;IRCCS AOU BOLOGNA;NA;NA;NA;0
080;080908;2023;548522;2023;080908;999236;17/11/2023;20/11/2023;008;137;M;0;231;3;NA;002;NA;NA;74742;005;NA;999;001;236;M;080908;901000006213030;4270;NA;NA;NA;NA;8954;8744;8954;8950;8952;8872;NA;NA;NA;NA;NA;IRCCS AOU BOLOGNA;NA;NA;NA;0
080;080072;2023;23423;2023;080114;039014;03/11/2023;05/11/2023;031;391;M;0;0;2;NA;002;NA;NA;V3001;005;3230;039;001;080;F;080072;901000006215192;NA;NA;NA;NA;NA;NA;NA;NA;NA;NA;NA;NA;NA;NA;NA;NA;OSPEDALE RAVENNA;NA;NA;NA;10532
080;080072;2023;23430;2023;080114;039013;03/11/2023;05/11/2023;031;391;M;0;0;2;NA;002;NA;NA;V3000;005;3120;039;001;080;M;080072;901000006215197;NA;NA;NA;NA;NA;NA;NA;NA;NA;NA;NA;NA;NA;NA;NA;NA;OSPEDALE RAVENNA;NA;NA;NA;10393
080;080072;2023;23535;2023;080114;039013;04/11/2023;07/11/2023;031;388;M;0;0;3;NA;002;NA;1;76519;005;NA;039;001;080;F;080072;901000006215550;76528;7602;V3000;NA;NA;8871;9059;NA;NA;NA;NA;NA;NA;NA;NA;NA;OSPEDALE RAVENNA;NA;NA;NA;0
080;080072;2023;24713;2023;080114;039012;20/11/2023;22/11/2023;031;391;M;0;0;2;NA;002;NA;NA;V3000;005;3500;039;001;080;F;080072;901000006217176;NA;NA;NA;NA;NA;NA;NA;NA;NA;NA;NA;NA;NA;NA;NA;NA;OSPEDALE RAVENNA;NA;NA;NA;10845
080;080091;2023;523808;2023;080114;999201;21/11/2023;23/11/2023;031;391;M;0;0;2;NA;002;NA;NA;V3000;005;3125;999;001;201;M;08009101;901000006220989;NA;NA;NA;NA;NA;NA;NA;NA;NA;NA;NA;NA;NA;NA;NA;NA;OSPEDALE CESENA;NA;NA;NA;13178
080;080095;2023;28699;2023;080114;999236;19/10/2023;02/11/2023;062;389;M;0;1;14;NA;002;NA;NA;7756;005;NA;999;001;236;M;08009501;901000006222771;77981;NA;NA;NA;NA;9059;8871;8872;8952;8891;9503;NA;NA;NA;NA;NA;OSPEDALE RIMINI;NA;NA;NA;0
080;080053;2023;304351;2023;080105;999254;14/12/2023;17/12/2023;031;391;M;0;0;3;NA;002;NA;NA;V3000;005;4005;999;001;254;M;08005301;901000006265728;NA;NA;NA;NA;NA;897;NA;NA;NA;NA;NA;NA;NA;NA;NA;NA;OSPEDALE MAGGIORE;NA;NA;NA;9717
080;080053;2023;304181;2023;080105;999254;13/12/2023;15/12/2023;031;391;M;0;0;2;NA;002;NA;NA;V3000;005;3475;999;001;254;M;08005301;901000006266601;NA;NA;NA;NA;NA;897;NA;NA;NA;NA;NA;NA;NA;NA;NA;NA;OSPEDALE MAGGIORE;NA;NA;NA;8778
080;080053;2023;305100;2023;080105;999425;28/12/2023;30/12/2023;031;391;M;0;0;2;NA;002;NA;NA;V3000;005;2635;999;001;425;F;08005301;901000006267885;NA;NA;NA;NA;NA;897;NA;NA;NA;NA;NA;NA;NA;NA;NA;NA;OSPEDALE MAGGIORE;NA;NA;NA;7064
080;080153;2023;777636;2023;080105;999236;28/12/2023;29/12/2023;033;012;M;0;100;1;NA;002;NA;NA;33399;005;NA;999;001;236;F;080153;901000006268616;V291;NA;NA;NA;NA;8913;8903;8952;9139;8891;897;9059;NA;NA;NA;NA;IRCCS SCIENZE NEUROLOGICHE BO;NA;NA;NA;0
080;080908;2023;532544;2023;080908;999236;27/07/2023;21/12/2023;039;299;M;0;55;7;NA;002;NA;NA;27789;005;NA;999;002;236;M;080908;901000006275365;7966;NA;NA;NA;NA;8906;8906;9059;8906;8906;8906;8906;8906;8906;8906;9059;IRCCS AOU BOLOGNA;NA;NA;NA;0
080;080908;2023;546403;2023;080908;999272;05/11/2023;22/12/2023;006;108;C;0;349;47;1;002;3598;NA;74560;005;NA;999;001;272;F;080908;901000006276658;99889;5185;99672;NA;NA;3598;3921;3963;3961;8744;8961;8842;3721;3723;8843;3865;IRCCS AOU BOLOGNA;NA;NA;NA;0
080;080908;2023;553630;2023;080908;999236;20/12/2023;24/12/2023;039;017;M;0;92;4;NA;002;NA;NA;34989;005;NA;999;001;236;F;080908;901000006279262;2468;NA;NA;NA;NA;9926;9199;897;8871;9926;8872;9502;3893;9199;8876;8871;IRCCS AOU BOLOGNA;NA;NA;NA;0
080;080902;2023;586091;2023;080902;034033;10/12/2023;15/12/2023;062;386;M;0;0;5;NA;002;NA;NA;769;005;3125;034;001;080;M;080902;901000006282726;77984;NA;NA;NA;NA;9390;9921;3899;3894;8965;897;9052;8903;8939;9546;9032;AOSPU OSPEDALI RIUNITI - PR;NA;NA;NA;0
080;080902;2023;585310;2023;080902;034027;28/11/2023;05/12/2023;031;391;M;0;0;7;NA;002;NA;NA;V3001;005;2590;034;001;080;F;080902;901000006282929;NA;NA;NA;NA;NA;9307;9546;897;8939;8903;NA;NA;NA;NA;NA;NA;AOSPU OSPEDALI RIUNITI - PR;NA;NA;NA;0
080;080902;2023;585667;2023;080902;034027;03/12/2023;05/12/2023;031;391;M;0;0;2;NA;002;NA;NA;7633;005;3790;034;001;080;M;080902;901000006283344;NA;NA;NA;NA;NA;9307;9546;897;8939;8903;NA;NA;NA;NA;NA;NA;AOSPU OSPEDALI RIUNITI - PR;NA;NA;NA;19314
080;080902;2023;585902;2023;080902;034051;06/12/2023;09/12/2023;031;390;M;0;0;3;NA;002;NA;NA;V3001;005;3450;034;001;080;F;080902;901000006283803;1309;7602;NA;NA;NA;3899;9502;8871;9307;9546;8903;8939;897;3899;NA;NA;AOSPU OSPEDALI RIUNITI - PR;NA;NA;NA;18921
080;080902;2023;586416;2023;080902;034020;13/12/2023;15/12/2023;031;391;M;0;0;2;NA;002;NA;NA;V3000;005;3200;034;001;080;F;080902;901000006284263;NA;NA;NA;NA;NA;9307;9546;897;8939;8903;NA;NA;NA;NA;NA;NA;AOSPU OSPEDALI RIUNITI - PR;NA;NA;NA;0
080;080902;2023;586776;2023;080902;034027;19/12/2023;29/12/2023;062;390;M;0;0;10;NA;002;NA;NA;76419;005;3000;034;001;080;M;080902;901000006284917;7608;NA;NA;NA;NA;3899;3899;8903;9307;9546;8939;897;8929;NA;NA;NA;AOSPU OSPEDALI RIUNITI - PR;NA;NA;NA;0
080;080902;2023;586961;2023;080902;034024;20/12/2023;23/12/2023;062;388;M;0;0;3;NA;002;NA;NA;76519;005;2690;034;001;080;F;080902;901000006285177;76528;NA;NA;NA;NA;8952;897;9546;8939;8903;9307;NA;NA;NA;NA;NA;AOSPU OSPEDALI RIUNITI - PR;NA;NA;NA;17991
080;080902;2023;587145;2023;080902;034027;22/12/2023;24/12/2023;031;391;M;0;0;2;NA;002;NA;NA;V3000;005;3375;034;001;080;F;080902;901000006285584;NA;NA;NA;NA;NA;9307;9546;897;8939;8903;NA;NA;NA;NA;NA;NA;AOSPU OSPEDALI RIUNITI - PR;NA;NA;NA;18796
080;080909;2023;20557;2023;080909;999219;29/10/2023;31/10/2023;031;391;M;0;0;2;NA;002;NA;NA;V3000;005;3645;999;001;219;M;080909;901000006286665;7661;NA;NA;NA;NA;9059;9541;9501;NA;NA;NA;NA;NA;NA;NA;NA;AOSPU ARCISPEDALE S.ANNA - FE;NA;NA;NA;25753
080;080909;2023;23915;2023;080909;999219;16/12/2023;21/12/2023;039;087;M;0;48;5;NA;002;NA;NA;51881;005;NA;999;001;219;M;080909;901000006287729;46619;7455;NA;NA;NA;9032;9099;9052;8906;8959;3899;8872;8903;9382;8914;NA;AOSPU ARCISPEDALE S.ANNA - FE;NA;NA;NA;0
080;080072;2023;22653;2023;080114;003068;24/10/2023;21/12/2023;073;387;M;0;0;58;NA;002;NA;NA;76416;005;1540;003;001;010;M;080072;901000006290059;76516;76528;7793;76070;NA;3892;9915;9921;9635;8871;8952;8872;8876;8879;9511;NA;OSPEDALE RAVENNA;NA;NA;NA;9997
080;080072;2023;26007;2023;080114;999999;06/12/2023;07/12/2023;073;391;M;0;339;1;NA;002;NA;NA;7746;005;NA;999;001;999;M;080072;901000006290752;NA;NA;NA;NA;NA;9983;3899;NA;NA;NA;NA;NA;NA;NA;NA;NA;OSPEDALE RAVENNA;NA;NA;NA;0
080;080072;2023;26696;2023;080114;039014;15/12/2023;23/12/2023;073;137;M;0;0;8;NA;002;NA;NA;74560;005;1900;039;001;080;F;080072;901000006290932;7580;76417;76517;76528;NA;8871;8872;3892;8749;9921;9059;9915;NA;NA;NA;NA;OSPEDALE RAVENNA;NA;NA;NA;10006
080;080095;2023;23561;2023;080114;999236;28/08/2023;28/12/2023;065;408;C;0;118;29;NA;002;3993;NA;V5811;005;NA;999;002;236;M;08009501;901000006297138;20500;NA;NA;NA;NA;9925;3993;NA;NA;NA;NA;NA;NA;NA;NA;NA;OSPEDALE RIMINI;NA;NA;NA;0
080;080095;2023;33896;2023;080114;999236;14/12/2023;16/12/2023;011;340;C;0;4;2;1;002;623;NA;60820;005;NA;999;001;236;M;08009501;901000006298451;NA;NA;NA;NA;NA;623;625;NA;NA;NA;NA;NA;NA;NA;NA;NA;OSPEDALE RIMINI;NA;NA;NA;0
080;080095;2023;33235;2023;080114;999236;06/12/2023;09/12/2023;031;391;M;0;0;3;NA;002;NA;NA;V3001;005;3550;999;001;236;F;08009501;901000006299321;NA;NA;NA;NA;NA;NA;NA;NA;NA;NA;NA;NA;NA;NA;NA;NA;OSPEDALE RIMINI;NA;NA;NA;15799
080;080095;2023;33295;2023;080114;999236;07/12/2023;09/12/2023;062;284;M;0;0;2;NA;002;NA;NA;22801;005;2800;999;001;236;F;08009501;901000006299507;NA;NA;NA;NA;NA;8871;8906;NA;NA;NA;NA;NA;NA;NA;NA;NA;OSPEDALE RIMINI;NA;NA;NA;14633
080;080072;2023;25903;2023;080114;039001;05/12/2023;07/12/2023;031;391;M;0;0;2;NA;002;NA;NA;V3001;005;2920;039;001;080;M;080072;901000006300860;NA;NA;NA;NA;NA;NA;NA;NA;NA;NA;NA;NA;NA;NA;NA;NA;OSPEDALE RAVENNA;NA;NA;NA;10236
080;080031;2024;467;2024;080104;999344;15/01/2024;19/01/2024;031;391;M;0;0;4;NA;002;NA;NA;V3000;005;2780;999;001;344;F;08003104;901000006312255;NA;NA;NA;NA;NA;8966;9542;NA;NA;NA;NA;NA;NA;NA;NA;NA;OSPEDALE CARPI;NA;NA;NA;0
080;080044;2024;519;2024;080106;999219;13/01/2024;15/01/2024;031;391;M;0;0;2;NA;002;NA;NA;V3000;005;3086;999;001;219;F;08004401;901000006327998;NA;NA;NA;NA;NA;NA;NA;NA;NA;NA;NA;NA;NA;NA;NA;NA;OSPEDALE IMOLA;NA;NA;NA;0
080;080044;2024;692;2024;080106;999219;17/01/2024;19/01/2024;062;391;M;0;4;2;NA;002;NA;NA;7746;005;NA;999;001;219;F;08004401;901000006328111;NA;NA;NA;NA;NA;9983;3899;NA;NA;NA;NA;NA;NA;NA;NA;NA;OSPEDALE IMOLA;NA;NA;NA;0
080;080902;2024;551691;2024;080902;034041;01/01/2024;04/01/2024;031;391;M;0;0;3;NA;002;NA;NA;76409;005;2540;034;001;080;F;080902;901000006342187;V3001;NA;NA;NA;NA;9307;9546;897;8939;8903;NA;NA;NA;NA;NA;NA;AOSPU OSPEDALI RIUNITI - PR;NA;NA;NA;0
080;080902;2024;554407;2024;080902;034027;10/01/2024;12/01/2024;031;391;M;0;0;2;NA;002;NA;NA;V3000;005;3645;034;001;080;F;080902;901000006342227;NA;NA;NA;NA;NA;9307;9546;8903;897;8939;NA;NA;NA;NA;NA;NA;AOSPU OSPEDALI RIUNITI - PR;NA;NA;NA;0
080;080902;2024;552687;2024;080902;034027;02/01/2024;04/01/2024;031;391;M;0;0;2;NA;002;NA;NA;V3000;005;3670;034;001;080;M;080902;901000006342472;NA;NA;NA;NA;NA;9307;9546;897;8939;8903;NA;NA;NA;NA;NA;NA;AOSPU OSPEDALI RIUNITI - PR;NA;NA;NA;0
080;080902;2024;552942;2024;080902;034027;03/01/2024;05/01/2024;031;391;M;0;0;2;NA;002;NA;NA;V3000;005;3470;034;001;080;M;080902;901000006342653;NA;NA;NA;NA;NA;9307;9546;897;8939;8903;NA;NA;NA;NA;NA;NA;AOSPU OSPEDALI RIUNITI - PR;NA;NA;NA;0
080;080902;2024;553300;2024;080902;034027;04/01/2024;10/01/2024;062;388;M;0;0;6;NA;002;NA;NA;76519;005;3035;034;001;080;F;080902;901000006342843;7742;NA;NA;NA;NA;9983;8903;9546;9307;8939;897;NA;NA;NA;NA;NA;AOSPU OSPEDALI RIUNITI - PR;NA;NA;NA;0
080;080902;2024;555804;2024;080902;034027;20/01/2024;27/01/2024;062;390;M;0;0;7;NA;002;NA;NA;7731;005;3055;034;001;080;M;080902;901000006343420;NA;NA;NA;NA;NA;3899;9983;8903;9307;8939;9546;897;NA;NA;NA;NA;AOSPU OSPEDALI RIUNITI - PR;NA;NA;NA;0
080;080902;2024;556153;2024;080902;034027;23/01/2024;25/01/2024;031;390;M;0;0;2;NA;002;NA;NA;V3000;005;2760;034;001;080;M;080902;901000006343898;81002;76419;NA;NA;NA;9307;9546;8903;8939;897;8879;9032;NA;NA;NA;NA;AOSPU OSPEDALI RIUNITI - PR;NA;NA;NA;0
080;080902;2024;554824;2024;080902;036039;13/01/2024;15/01/2024;031;391;M;0;0;2;NA;002;NA;NA;V3000;005;3160;036;001;080;F;080902;901000006343930;NA;NA;NA;NA;NA;9307;9546;897;8903;8939;NA;NA;NA;NA;NA;NA;AOSPU OSPEDALI RIUNITI - PR;NA;NA;NA;0
080;080072;2024;1444;2024;080114;039002;18/01/2024;20/01/2024;031;391;M;0;0;2;NA;002;NA;NA;V3000;005;3350;039;001;080;F;080072;901000006349973;NA;NA;NA;NA;NA;NA;NA;NA;NA;NA;NA;NA;NA;NA;NA;NA;OSPEDALE RAVENNA;NA;NA;NA;0
080;080082;2024;800872;2024;080114;039010;26/01/2024;28/01/2024;031;391;M;0;0;2;NA;002;NA;NA;V3000;005;3060;039;001;080;F;080082;901000006352138;NA;NA;NA;NA;NA;NA;NA;NA;NA;NA;NA;NA;NA;NA;NA;NA;OSPEDALE FAENZA;NA;NA;NA;0
080;080072;2024;2038;2024;080114;039008;25/01/2024;27/01/2024;031;391;M;0;0;2;NA;002;NA;NA;V3000;005;2990;039;001;080;F;080072;901000006352505;NA;NA;NA;NA;NA;NA;NA;NA;NA;NA;NA;NA;NA;NA;NA;NA;OSPEDALE RAVENNA;NA;NA;NA;0
080;080095;2023;35265;2024;080114;099004;30/12/2023;01/01/2024;031;391;M;0;0;2;NA;002;NA;NA;V3000;005;3170;099;001;080;F;08009501;901000006356466;NA;NA;NA;NA;NA;NA;NA;NA;NA;NA;NA;NA;NA;NA;NA;NA;OSPEDALE RIMINI;NA;NA;NA;0
080;080095;2024;1545;2024;080114;099005;15/01/2024;19/01/2024;031;391;M;0;0;4;NA;002;NA;NA;V3101;005;3340;099;001;080;F;08009501;901000006357497;NA;NA;NA;NA;NA;NA;NA;NA;NA;NA;NA;NA;NA;NA;NA;NA;OSPEDALE RIMINI;NA;NA;NA;0
080;080095;2024;1546;2024;080114;099005;15/01/2024;19/01/2024;031;391;M;0;0;4;NA;002;NA;NA;V3101;005;3640;099;001;080;M;08009501;901000006357498;NA;NA;NA;NA;NA;NA;NA;NA;NA;NA;NA;NA;NA;NA;NA;NA;OSPEDALE RIMINI;NA;NA;NA;0
080;080095;2024;2340;2024;080114;999999;22/01/2024;30/01/2024;062;387;M;0;0;8;NA;002;NA;NA;7706;005;1800;999;001;999;F;08009501;901000006357894;76507;7742;7754;NA;NA;9390;9059;9391;9983;NA;NA;NA;NA;NA;NA;NA;OSPEDALE RIMINI;NA;NA;NA;0
080;080082;2024;800870;2024;080114;036006;25/01/2024;28/01/2024;031;391;M;0;0;3;NA;002;NA;NA;V3000;005;2920;036;001;080;M;080082;901000006358998;NA;NA;NA;NA;NA;NA;NA;NA;NA;NA;NA;NA;NA;NA;NA;NA;OSPEDALE FAENZA;NA;NA;NA;0
080;080095;2023;34700;2024;080114;999236;22/12/2023;03/01/2024;039;087;M;0;52;12;NA;002;NA;NA;51881;005;NA;999;001;236;M;08009501;901000006360281;46611;NA;NA;NA;NA;9396;9059;NA;NA;NA;NA;NA;NA;NA;NA;NA;OSPEDALE RIMINI;NA;NA;NA;0
080;080013;2023;7824;2023;080102;017029;08/07/2023;10/07/2023;031;391;M;0;0;2;NA;002;NA;NA;V3000;005;3760;017;001;030;M;08001301;901000006363050;NA;NA;NA;NA;NA;8959;9546;8965;NA;NA;NA;NA;NA;NA;NA;NA;OSPEDALE FIDENZA;NA;NA;NA;2395
080;080004;2023;24438;2023;080101;999272;24/10/2023;30/10/2023;039;137;M;0;337;6;NA;006;NA;NA;74569;005;NA;999;001;272;F;08000401;901000006365251;7580;NA;NA;NA;NA;8872;8952;8744;NA;NA;NA;NA;NA;NA;NA;NA;OSPEDALE PIACENZA;NA;NA;NA;0
080;080095;2023;33189;2023;080114;099013;06/12/2023;10/12/2023;031;391;M;0;0;4;NA;002;NA;NA;V3000;005;2920;099;001;080;M;08009501;901000006371408;NA;NA;NA;NA;NA;NA;NA;NA;NA;NA;NA;NA;NA;NA;NA;NA;OSPEDALE RIMINI;NA;NA;NA;14740
080;080095;2023;33444;2023;080114;999236;08/12/2023;16/12/2023;062;388;M;0;0;8;NA;002;NA;NA;76409;005;2595;999;001;236;F;08009501;901000006371490;7742;76527;7833;NA;NA;9983;9059;8871;NA;NA;NA;NA;NA;NA;NA;NA;OSPEDALE RIMINI;NA;NA;NA;14497
080;080095;2023;33106;2023;080114;999201;05/12/2023;07/12/2023;039;026;M;0;176;2;NA;002;NA;NA;78032;005;NA;999;001;201;F;08009501;901000006371535;2761;NA;NA;NA;NA;9929;8903;897;NA;NA;NA;NA;NA;NA;NA;NA;OSPEDALE RIMINI;NA;NA;NA;0
080;080095;2023;32037;2023;080114;099014;24/11/2023;26/11/2023;031;391;M;0;0;2;NA;002;NA;NA;V3000;005;3650;099;001;080;M;08009501;901000006372541;NA;NA;NA;NA;NA;NA;NA;NA;NA;NA;NA;NA;NA;NA;NA;NA;OSPEDALE RIMINI;NA;NA;NA;15980
080;080072;2023;23235;2023;080114;039014;31/10/2023;03/11/2023;031;390;M;0;0;3;NA;002;NA;NA;7750;005;3810;039;001;080;M;080072;901000006372643;7661;V3001;NA;NA;NA;9059;NA;NA;NA;NA;NA;NA;NA;NA;NA;NA;OSPEDALE RAVENNA;NA;NA;NA;11121
080;080095;2023;2641;2023;080114;999236;25/01/2023;28/01/2023;062;389;M;0;0;3;NA;002;NA;NA;7706;005;3100;999;001;236;M;08009501;901000006372737;7602;V298;7454;NA;NA;9390;8872;8952;9059;NA;NA;NA;NA;NA;NA;NA;OSPEDALE RIMINI;NA;NA;NA;14990
080;080095;2023;11117;2023;080114;999236;20/04/2023;22/04/2023;031;391;M;0;0;2;NA;002;NA;NA;V3000;005;3770;999;001;236;M;08009501;901000006373908;NA;NA;NA;NA;NA;NA;NA;NA;NA;NA;NA;NA;NA;NA;NA;NA;OSPEDALE RIMINI;NA;NA;NA;16142
080;080095;2023;21349;2023;080114;999236;02/08/2023;16/08/2023;065;405;M;0;92;11;NA;002;NA;NA;20500;005;NA;999;001;236;M;08009501;901000006376027;2849;2874;NA;NA;NA;9904;4131;3993;9925;9905;8891;NA;NA;NA;NA;NA;OSPEDALE RIMINI;NA;NA;NA;0
080;080053;2023;139740;2023;080105;999216;27/07/2023;29/07/2023;031;391;M;0;0;2;NA;002;NA;NA;V3000;005;3190;999;001;216;F;08005301;901000006376289;NA;NA;NA;NA;NA;897;NA;NA;NA;NA;NA;NA;NA;NA;NA;NA;OSPEDALE MAGGIORE;NA;NA;NA;7989
080;080053;2023;115541;2023;080105;999235;21/06/2023;14/07/2023;039;467;M;0;0;23;NA;002;NA;NA;V7189;005;3410;999;001;235;M;08005307;901000006377718;NA;NA;NA;NA;NA;8959;897;NA;NA;NA;NA;NA;NA;NA;NA;NA;OSPEDALE BENTIVOGLIO;NA;NA;NA;8611
080;080053;2023;151911;2023;080105;999411;16/08/2023;23/08/2023;031;391;M;0;0;7;NA;002;NA;NA;V3000;005;3945;999;001;411;F;08005301;901000006378006;NA;NA;NA;NA;NA;9547;897;NA;NA;NA;NA;NA;NA;NA;NA;NA;OSPEDALE MAGGIORE;NA;NA;NA;9649
080;080053;2023;202368;2023;080105;999356;01/11/2023;04/11/2023;031;391;M;0;0;3;NA;002;NA;NA;V3000;005;3760;999;001;356;M;08005301;901000006379170;NA;NA;NA;NA;NA;897;NA;NA;NA;NA;NA;NA;NA;NA;NA;NA;OSPEDALE MAGGIORE;NA;NA;NA;9371
080;080053;2023;303919;2023;080105;037006;09/12/2023;11/12/2023;031;391;M;0;0;2;NA;002;NA;NA;V3000;005;2700;037;001;080;F;08005301;901000006380169;NA;NA;NA;NA;NA;897;NA;NA;NA;NA;NA;NA;NA;NA;NA;NA;OSPEDALE MAGGIORE;NA;NA;NA;0
080;080053;2023;304844;2023;080105;999216;22/12/2023;24/12/2023;031;391;M;0;0;2;NA;002;NA;NA;V3000;005;2895;999;001;216;M;08005301;901000006380357;NA;NA;NA;NA;NA;897;NA;NA;NA;NA;NA;NA;NA;NA;NA;NA;OSPEDALE MAGGIORE;NA;NA;NA;7338
080;080053;2023;305047;2023;080105;999235;28/12/2023;31/12/2023;031;391;M;0;0;3;NA;002;NA;NA;V3000;005;2520;999;001;235;M;08005301;901000006380373;NA;NA;NA;NA;NA;897;NA;NA;NA;NA;NA;NA;NA;NA;NA;NA;OSPEDALE MAGGIORE;NA;NA;NA;7008
080;080908;2023;536873;2023;080908;999254;04/09/2023;11/09/2023;062;386;M;0;0;7;NA;002;NA;NA;769;005;4780;999;001;254;M;080908;901000006392873;74783;79095;7602;74561;7661;8901;3899;9929;8744;9053;8966;8872;8901;9390;9396;8871;IRCCS AOU BOLOGNA;NA;NA;NA;24456
080;080909;2023;3611;2023;080909;083089;21/02/2023;24/02/2023;031;391;M;0;0;3;NA;002;NA;NA;V3000;005;2275;083;001;190;M;080909;901000006408408;76408;NA;NA;NA;NA;9501;9541;9059;NA;NA;NA;NA;NA;NA;NA;NA;AOSPU ARCISPEDALE S.ANNA - FE;NA;NA;NA;24536
080;080909;2023;23932;2023;080909;060035;16/12/2023;19/12/2023;031;390;M;0;0;3;NA;002;NA;NA;V3000;005;3565;060;001;120;M;080909;901000006409117;7609;77984;NA;NA;NA;9501;9541;9059;NA;NA;NA;NA;NA;NA;NA;NA;AOSPU ARCISPEDALE S.ANNA - FE;NA;NA;NA;25668
080;080909;2023;21432;2023;080909;039001;10/11/2023;12/11/2023;031;390;M;0;0;2;NA;002;NA;NA;V3000;005;3540;039;001;080;F;080909;901000006409502;7609;NA;NA;NA;NA;9501;9541;9059;NA;NA;NA;NA;NA;NA;NA;NA;AOSPU ARCISPEDALE S.ANNA - FE;NA;NA;NA;25634
080;080909;2023;4829;2023;080909;029018;10/03/2023;17/03/2023;073;389;M;0;0;7;NA;002;NA;NA;7746;005;3670;029;001;050;M;080909;901000006409842;76529;7661;7754;7609;NA;9983;9541;9059;9501;3898;NA;NA;NA;NA;NA;NA;AOSPU ARCISPEDALE S.ANNA - FE;NA;NA;NA;25773
080;080902;2023;584780;2023;080902;999219;23/11/2023;26/11/2023;031;391;M;0;0;3;NA;002;NA;NA;V3000;005;2830;999;001;219;F;080902;901000006418927;NA;NA;NA;NA;NA;9307;9546;897;8939;8903;NA;NA;NA;NA;NA;NA;AOSPU OSPEDALI RIUNITI - PR;NA;NA;NA;18088
080;080004;2024;4106;2024;080101;999216;17/02/2024;19/02/2024;039;322;M;0;177;2;NA;002;NA;NA;5990;005;NA;999;001;216;F;08000401;901000006430762;0414;75320;NA;NA;NA;9921;8875;NA;NA;NA;NA;NA;NA;NA;NA;NA;OSPEDALE PIACENZA;NA;NA;NA;0
080;080031;2024;1757;2024;080104;999460;21/02/2024;26/02/2024;039;467;M;0;176;5;NA;006;NA;NA;V1369;005;NA;999;001;460;F;08003104;901000006438591;V202;NA;NA;NA;NA;9093;NA;NA;NA;NA;NA;NA;NA;NA;NA;NA;OSPEDALE CARPI;NA;NA;NA;0
080;080072;2024;1805;2024;080114;999450;22/01/2024;24/01/2024;039;133;M;0;337;2;NA;002;NA;NA;4299;005;NA;999;001;450;F;080072;901000006459866;7580;NA;NA;NA;NA;8872;9002;3899;NA;NA;NA;NA;NA;NA;NA;NA;OSPEDALE RAVENNA;NA;NA;NA;0
080;080072;2024;2543;2024;080114;039014;31/01/2024;02/02/2024;031;390;M;0;0;2;NA;002;NA;NA;7750;005;3440;039;001;080;M;080072;901000006460720;V3000;NA;NA;NA;NA;NA;NA;NA;NA;NA;NA;NA;NA;NA;NA;NA;OSPEDALE RAVENNA;NA;NA;NA;0
080;080072;2024;3459;2024;080114;039014;10/02/2024;12/02/2024;031;391;M;0;0;2;NA;002;NA;NA;V3000;005;3000;039;001;080;F;080072;901000006461617;NA;NA;NA;NA;NA;NA;NA;NA;NA;NA;NA;NA;NA;NA;NA;NA;OSPEDALE RAVENNA;NA;NA;NA;0
080;080095;2024;4583;2024;080114;999236;12/02/2024;13/02/2024;062;467;M;0;117;1;NA;002;NA;NA;V291;005;NA;999;001;236;M;08009501;901000006466893;NA;NA;NA;NA;NA;8891;8901;NA;NA;NA;NA;NA;NA;NA;NA;NA;OSPEDALE RIMINI;NA;NA;NA;0
080;080095;2024;4245;2024;080114;099005;09/02/2024;11/02/2024;031;391;M;0;0;2;NA;002;NA;NA;V3000;005;3005;099;001;080;M;08009501;901000006467338;NA;NA;NA;NA;NA;NA;NA;NA;NA;NA;NA;NA;NA;NA;NA;NA;OSPEDALE RIMINI;NA;NA;NA;0
080;080095;2024;4749;2024;080114;999236;14/02/2024;14/02/2024;011;340;C;0;331;1;NA;002;625;NA;75251;005;NA;999;002;236;M;08009501;901000006467348;NA;NA;NA;NA;NA;625;NA;NA;NA;NA;NA;NA;NA;NA;NA;NA;OSPEDALE RIMINI;NA;NA;NA;0
080;080904;2024;5016;2024;080904;999330;14/02/2024;29/02/2024;062;389;M;0;0;15;NA;002;NA;NA;7756;005;2250;999;001;330;M;08090401;901000006471820;2691;NA;NA;NA;NA;3892;8871;3899;NA;NA;NA;NA;NA;NA;NA;NA;AOSPU POLICLINICO - MO;NA;NA;NA;0
080;080908;2024;504757;2024;080908;999450;29/01/2024;01/02/2024;008;125;M;0;344;3;NA;002;NA;NA;74560;005;NA;999;001;450;F;080908;901000006475534;4168;NA;NA;NA;NA;3723;8853;8842;9929;NA;NA;NA;NA;NA;NA;NA;IRCCS AOU BOLOGNA;NA;NA;NA;0
080;080908;2024;506283;2024;080908;999236;06/02/2024;20/02/2024;065;404;M;0;280;3;NA;002;NA;NA;20580;005;NA;999;002;236;M;080908;901000006476113;NA;NA;NA;NA;NA;8872;9059;8872;4131;9926;9093;897;NA;NA;NA;NA;IRCCS AOU BOLOGNA;NA;NA;NA;0
080;080908;2024;508139;2024;080908;999201;16/02/2024;17/02/2024;011;063;C;0;97;1;NA;002;292;NA;74441;005;NA;999;002;201;M;080908;901000006477993;NA;NA;NA;NA;NA;292;9918;8904;897;NA;NA;NA;NA;NA;NA;NA;IRCCS AOU BOLOGNA;NA;NA;NA;0
080;080902;2024;559172;2024;080902;034003;19/02/2024;23/02/2024;062;390;M;0;0;4;NA;002;NA;NA;7731;005;3220;034;001;080;M;080902;901000006481115;NA;NA;NA;NA;NA;9983;3892;8903;8939;897;9307;9546;NA;NA;NA;NA;AOSPU OSPEDALI RIUNITI - PR;NA;NA;NA;0
080;080902;2024;559727;2024;080902;034031;22/02/2024;24/02/2024;031;391;M;0;0;2;NA;002;NA;NA;V3000;005;3765;034;001;080;M;080902;901000006481304;NA;NA;NA;NA;NA;9307;9546;8903;8939;897;8952;NA;NA;NA;NA;NA;AOSPU OSPEDALI RIUNITI - PR;NA;NA;NA;0
080;080902;2024;558218;2024;080902;034027;09/02/2024;11/02/2024;031;391;M;0;0;2;NA;002;NA;NA;V3000;005;3395;034;001;080;F;080902;901000006481369;NA;NA;NA;NA;NA;9307;9546;897;8939;8903;NA;NA;NA;NA;NA;NA;AOSPU OSPEDALI RIUNITI - PR;NA;NA;NA;0
080;080902;2024;560236;2024;080902;019021;27/02/2024;29/02/2024;031;390;M;0;0;2;NA;002;NA;NA;V3000;005;2805;019;001;030;M;080902;901000006481391;7750;2469;NA;NA;NA;9307;9546;897;8939;8903;NA;NA;NA;NA;NA;NA;AOSPU OSPEDALI RIUNITI - PR;NA;NA;NA;0
080;080902;2024;559952;2024;080902;034027;25/02/2024;29/02/2024;062;389;M;0;0;4;NA;009;NA;NA;76418;005;2435;034;001;080;M;080902;901000006481847;NA;NA;NA;NA;NA;9002;9509;8903;9307;8939;9546;897;NA;NA;NA;NA;AOSPU OSPEDALI RIUNITI - PR;NA;NA;NA;0
080;080902;2024;557591;2024;080902;034018;04/02/2024;06/02/2024;031;391;M;0;0;2;NA;002;NA;NA;V3000;005;3000;034;001;080;F;080902;901000006482550;NA;NA;NA;NA;NA;9307;9546;897;8939;8903;NA;NA;NA;NA;NA;NA;AOSPU OSPEDALI RIUNITI - PR;NA;NA;NA;0
080;080902;2024;557766;2024;080902;034027;06/02/2024;08/02/2024;031;391;M;0;0;2;NA;002;NA;NA;V3001;005;3680;034;001;080;F;080902;901000006482676;NA;NA;NA;NA;NA;9307;9546;897;8939;8903;NA;NA;NA;NA;NA;NA;AOSPU OSPEDALI RIUNITI - PR;NA;NA;NA;0
080;080031;2024;2469;2024;080104;999245;13/03/2024;16/03/2024;031;391;M;0;0;3;NA;002;NA;NA;V3000;005;3470;999;001;245;F;08003104;901000006492638;NA;NA;NA;NA;NA;8965;9542;897;NA;NA;NA;NA;NA;NA;NA;NA;OSPEDALE CARPI;NA;NA;NA;0
080;080021;2024;563698;2024;080103;999219;04/03/2024;07/03/2024;031;391;M;0;0;3;NA;002;NA;NA;V3001;005;3228;999;001;219;F;08002106;901000006504070;NA;NA;NA;NA;NA;8903;NA;NA;NA;NA;NA;NA;NA;NA;NA;NA;OSPEDALE S.MARIA NUOVA - RE;NA;NA;NA;0
080;080053;2024;303636;2024;080105;999235;18/02/2024;21/02/2024;031;391;M;0;0;3;NA;002;NA;NA;V3000;005;3000;999;001;235;F;08005301;901000006511209;NA;NA;NA;NA;NA;897;NA;NA;NA;NA;NA;NA;NA;NA;NA;NA;OSPEDALE MAGGIORE;NA;NA;NA;0
080;080053;2024;306334;2024;080105;999254;22/03/2024;25/03/2024;031;391;M;0;0;3;NA;002;NA;NA;V3001;005;2560;999;001;254;M;08005301;901000006511843;NA;NA;NA;NA;NA;897;NA;NA;NA;NA;NA;NA;NA;NA;NA;NA;OSPEDALE MAGGIORE;NA;NA;NA;0
080;080153;2024;777074;2024;080105;999236;02/02/2024;12/02/2024;033;012;M;0;136;10;NA;002;NA;NA;33399;005;NA;999;001;236;F;080153;901000006512015;V291;NA;NA;NA;NA;8609;0331;8919;8769;8913;9449;NA;NA;NA;NA;NA;IRCCS SCIENZE NEUROLOGICHE BO;NA;NA;NA;0
080;080053;2024;301087;2024;080105;999241;16/01/2024;20/01/2024;031;391;M;0;0;4;NA;002;NA;NA;V3001;005;3660;999;001;241;M;08005301;901000006513599;NA;NA;NA;NA;NA;897;NA;NA;NA;NA;NA;NA;NA;NA;NA;NA;OSPEDALE MAGGIORE;NA;NA;NA;0
080;080072;2024;5795;2024;080114;054044;09/03/2024;11/03/2024;031;391;M;0;0;2;NA;002;NA;NA;V3000;005;4100;054;001;100;M;080072;901000006525079;NA;NA;NA;NA;NA;NA;NA;NA;NA;NA;NA;NA;NA;NA;NA;NA;OSPEDALE RAVENNA;NA;NA;NA;0
080;080072;2024;5968;2024;080114;039011;12/03/2024;14/03/2024;031;391;M;0;0;2;NA;002;NA;NA;V3000;005;3025;039;001;080;F;080072;901000006525545;NA;NA;NA;NA;NA;NA;NA;NA;NA;NA;NA;NA;NA;NA;NA;NA;OSPEDALE RAVENNA;NA;NA;NA;0
080;080091;2024;502200;2024;080114;999206;29/01/2024;03/02/2024;031;390;M;0;0;5;NA;002;NA;NA;7687;005;3105;999;001;206;M;08009101;901000006529808;NA;NA;NA;NA;NA;9981;8965;8914;NA;NA;NA;NA;NA;NA;NA;NA;OSPEDALE CESENA;NA;NA;NA;0
080;080091;2024;506685;2024;080114;999201;26/03/2024;26/03/2024;034;041;C;0;183;1;0;002;9504;NA;74330;005;NA;999;001;201;M;08009101;901000006530282;NA;NA;NA;NA;NA;9504;9513;NA;NA;NA;NA;NA;NA;NA;NA;NA;OSPEDALE CESENA;NA;NA;NA;0
080;080095;2024;7503;2024;080114;999999;11/03/2024;26/03/2024;062;390;M;0;0;15;NA;002;NA;NA;76419;005;2690;999;001;999;F;08009501;901000006536199;NA;NA;NA;NA;NA;9059;8871;8872;NA;NA;NA;NA;NA;NA;NA;NA;OSPEDALE RIMINI;NA;NA;NA;0
080;080095;2024;9043;2024;080114;099020;26/03/2024;28/03/2024;031;391;M;0;0;2;NA;002;NA;NA;V3000;005;3800;099;001;080;F;08009501;901000006536313;NA;NA;NA;NA;NA;NA;NA;NA;NA;NA;NA;NA;NA;NA;NA;NA;OSPEDALE RIMINI;NA;NA;NA;0
080;080908;2024;509895;2024;080908;999272;27/02/2024;22/03/2024;008;418;M;0;37;24;NA;002;NA;NA;99859;005;NA;999;001;272;F;080908;901000006543114;V151;04119;0413;7833;NA;8913;9394;9396;9921;9922;8952;8872;8879;8913;8914;9929;IRCCS AOU BOLOGNA;NA;NA;NA;0
080;080908;2024;505319;2024;080908;999272;31/01/2024;27/02/2024;006;110;C;0;10;27;8;002;3834;NA;74721;005;NA;999;001;272;F;080908;901000006547218;4280;99859;99592;78552;04119;3834;3885;9904;8961;9929;8744;8872;8952;9671;9604;9921;IRCCS AOU BOLOGNA;NA;NA;NA;0
080;080902;2024;561597;2024;080902;034027;12/03/2024;14/03/2024;031;391;M;0;0;2;NA;002;NA;NA;V3000;005;2960;034;001;080;M;080902;901000006551242;NA;NA;NA;NA;NA;9307;9546;897;8939;8903;NA;NA;NA;NA;NA;NA;AOSPU OSPEDALI RIUNITI - PR;NA;NA;NA;0
080;080902;2024;561728;2024;080902;034027;12/03/2024;16/03/2024;062;390;M;0;0;4;NA;002;NA;NA;7750;005;2045;034;001;080;F;080902;901000006551366;76408;NA;NA;NA;NA;8952;9509;3899;8939;8903;897;9307;9546;NA;NA;NA;AOSPU OSPEDALI RIUNITI - PR;NA;NA;NA;0
080;080902;2024;561427;2024;080902;034027;09/03/2024;18/03/2024;062;390;M;0;0;9;NA;002;NA;NA;7731;005;3150;034;001;080;F;080902;901000006551528;NA;NA;NA;NA;NA;3892;8954;8744;8939;8903;9546;897;9307;NA;NA;NA;AOSPU OSPEDALI RIUNITI - PR;NA;NA;NA;0
080;080902;2024;561429;2024;080902;034027;09/03/2024;12/03/2024;062;390;M;0;0;3;NA;009;NA;NA;76419;005;2960;034;001;080;F;080902;901000006551814;77984;NA;NA;NA;NA;8965;9509;3899;9307;8903;897;8939;9546;NA;NA;NA;AOSPU OSPEDALI RIUNITI - PR;NA;NA;NA;0
080;080031;2024;2060;2024;080104;999460;29/02/2024;08/04/2024;039;571;M;0;184;39;NA;009;NA;NA;7503;005;NA;999;001;460;F;08003104;901000006625689;NA;NA;NA;NA;NA;9955;8744;9396;9093;NA;NA;NA;NA;NA;NA;NA;OSPEDALE CARPI;NA;NA;NA;0
080;080902;2024;563599;2024;080902;035005;30/03/2024;02/04/2024;031;391;M;0;0;3;NA;002;NA;NA;V3000;005;4520;035;001;080;M;080902;901000006648887;7661;NA;NA;NA;NA;9307;9546;897;8939;8903;NA;NA;NA;NA;NA;NA;AOSPU OSPEDALI RIUNITI - PR;NA;NA;NA;0
080;080902;2024;34724;2024;080902;999212;18/04/2024;19/04/2024;039;030;M;0;217;1;NA;002;NA;NA;85401;005;NA;999;001;212;F;080902;901000006649162;NA;NA;NA;NA;NA;8939;8903;897;NA;NA;NA;NA;NA;NA;NA;NA;AOSPU OSPEDALI RIUNITI - PR;NA;NA;NA;0
080;080902;2024;563605;2024;080902;034027;30/03/2024;01/04/2024;031;391;M;0;0;2;NA;002;NA;NA;V3000;005;3000;034;001;080;M;080902;901000006649681;NA;NA;NA;NA;NA;9307;897;8939;9546;8903;NA;NA;NA;NA;NA;NA;AOSPU OSPEDALI RIUNITI - PR;NA;NA;NA;0
080;080902;2024;564642;2024;080902;020066;10/04/2024;12/04/2024;031;391;M;0;0;2;NA;002;NA;NA;76409;005;2800;020;001;030;F;080902;901000006650573;V3001;NA;NA;NA;NA;9307;9546;8903;8939;897;8952;NA;NA;NA;NA;NA;AOSPU OSPEDALI RIUNITI - PR;NA;NA;NA;0
080;080902;2024;566137;2024;080902;034041;26/04/2024;29/04/2024;031;390;M;0;0;3;NA;002;NA;NA;7602;005;3000;034;001;080;F;080902;901000006650637;V3000;NA;NA;NA;NA;9307;9546;8903;9914;897;9959;8939;NA;NA;NA;NA;AOSPU OSPEDALI RIUNITI - PR;NA;NA;NA;0
080;080902;2024;566138;2024;080902;034019;26/04/2024;29/04/2024;062;389;M;0;0;3;NA;002;NA;NA;76418;005;2400;034;001;080;F;080902;901000006650638;NA;NA;NA;NA;NA;9509;8939;8903;9307;9546;897;NA;NA;NA;NA;NA;AOSPU OSPEDALI RIUNITI - PR;NA;NA;NA;0
080;080902;2024;566165;2024;080902;034024;28/04/2024;30/04/2024;031;390;M;0;0;2;NA;002;NA;NA;76419;005;3000;034;001;080;F;080902;901000006650649;NA;NA;NA;NA;NA;9307;9546;8903;897;8939;NA;NA;NA;NA;NA;NA;AOSPU OSPEDALI RIUNITI - PR;NA;NA;NA;0
080;080902;2024;563774;2024;080902;034018;02/04/2024;04/04/2024;031;391;M;0;0;2;NA;002;NA;NA;7661;005;4445;034;001;080;M;080902;901000006650765;V3000;NA;NA;NA;NA;9307;9546;897;8939;8903;NA;NA;NA;NA;NA;NA;AOSPU OSPEDALI RIUNITI - PR;NA;NA;NA;0
080;080902;2024;564591;2024;080902;034027;10/04/2024;12/04/2024;031;391;M;0;0;2;NA;002;NA;NA;V3000;005;3000;034;001;080;F;080902;901000006651445;NA;NA;NA;NA;NA;9307;9546;897;8939;8903;NA;NA;NA;NA;NA;NA;AOSPU OSPEDALI RIUNITI - PR;NA;NA;NA;0
080;080902;2024;564594;2024;080902;034008;10/04/2024;12/04/2024;031;391;M;0;0;2;NA;002;NA;NA;V3000;005;3200;034;001;080;M;080902;901000006651446;NA;NA;NA;NA;NA;9307;9546;897;8939;8903;NA;NA;NA;NA;NA;NA;AOSPU OSPEDALI RIUNITI - PR;NA;NA;NA;0
080;080072;2024;9064;2024;080114;039014;19/04/2024;22/04/2024;031;390;M;0;0;3;NA;002;NA;NA;V3001;005;3260;039;001;080;F;080072;901000006664234;V08;NA;NA;NA;NA;NA;NA;NA;NA;NA;NA;NA;NA;NA;NA;NA;OSPEDALE RAVENNA;NA;NA;NA;0
080;080091;2024;509096;2024;080114;999241;26/04/2024;28/04/2024;031;391;M;0;0;2;NA;002;NA;NA;V3000;005;3390;999;001;241;F;08009101;901000006668095;NA;NA;NA;NA;NA;NA;NA;NA;NA;NA;NA;NA;NA;NA;NA;NA;OSPEDALE CESENA;NA;NA;NA;0
080;080095;2024;9950;2024;080114;999236;05/04/2024;08/04/2024;031;391;M;0;0;3;NA;002;NA;NA;V3001;005;3320;999;001;236;M;08009501;901000006669329;NA;NA;NA;NA;NA;NA;NA;NA;NA;NA;NA;NA;NA;NA;NA;NA;OSPEDALE RIMINI;NA;NA;NA;0
080;080095;2024;11348;2024;080114;999236;19/04/2024;20/04/2024;011;163;C;0;138;1;0;002;5302;NA;55090;005;NA;999;001;236;M;08009501;901000006670294;NA;NA;NA;NA;NA;5302;NA;NA;NA;NA;NA;NA;NA;NA;NA;NA;OSPEDALE RIMINI;NA;NA;NA;0
080;080031;2024;4771;2024;080104;999344;27/05/2024;30/05/2024;031;389;M;0;0;3;NA;002;NA;NA;7746;005;2820;999;001;344;M;08003104;901000006689932;7756;V3000;NA;NA;NA;9983;8965;897;9542;NA;NA;NA;NA;NA;NA;NA;OSPEDALE CARPI;NA;NA;NA;0
080;080021;2024;575925;2024;080103;999219;21/05/2024;22/05/2024;039;298;M;0;44;1;NA;002;NA;NA;27651;005;NA;999;001;219;M;08002106;901000006710836;7917;51971;7833;NA;NA;9918;8903;9132;9653;NA;NA;NA;NA;NA;NA;NA;OSPEDALE S.MARIA NUOVA - RE;NA;NA;NA;0
080;080902;2024;568340;2024;080902;019021;21/05/2024;23/05/2024;031;391;M;0;0;2;NA;002;NA;NA;V3000;005;3000;019;001;030;F;080902;901000006711533;NA;NA;NA;NA;NA;9307;9546;8903;8939;897;9509;NA;NA;NA;NA;NA;AOSPU OSPEDALI RIUNITI - PR;NA;NA;NA;0
080;080902;2024;45412;2024;080902;999226;20/05/2024;23/05/2024;039;070;M;0;165;3;NA;002;NA;NA;4659;005;NA;999;001;226;M;080902;901000006711928;0414;5990;NA;NA;NA;9921;8939;8903;897;9039;9139;9033;9132;3899;8776;NA;AOSPU OSPEDALI RIUNITI - PR;NA;NA;NA;0
080;080902;2024;566565;2024;080902;034027;03/05/2024;05/05/2024;031;391;M;0;0;2;NA;002;NA;NA;V3000;005;2800;034;001;080;F;080902;901000006714681;NA;NA;NA;NA;NA;9509;897;8903;8939;9307;9546;NA;NA;NA;NA;NA;AOSPU OSPEDALI RIUNITI - PR;NA;NA;NA;0
080;080902;2024;568401;2024;080902;034024;22/05/2024;25/05/2024;062;391;M;0;0;3;NA;002;NA;NA;77439;005;3000;034;001;080;F;080902;901000006716491;NA;NA;NA;NA;NA;9983;3899;8939;897;8903;9307;9546;9509;NA;NA;NA;AOSPU OSPEDALI RIUNITI - PR;NA;NA;NA;0
080;080902;2024;564375;2024;080902;999239;08/04/2024;12/04/2024;062;389;M;0;0;4;NA;002;NA;1;7702;005;NA;999;001;239;F;080902;901000006716584;NA;NA;NA;NA;NA;9396;8744;9921;8903;3898;8965;9546;NA;NA;NA;NA;AOSPU OSPEDALI RIUNITI - PR;NA;NA;NA;0
080;080902;2024;567377;2024;080902;034027;11/05/2024;13/05/2024;031;391;M;0;0;2;NA;002;NA;NA;V3000;005;3830;034;001;080;M;080902;901000006716797;NA;NA;NA;NA;NA;9307;9546;8903;8939;897;9509;NA;NA;NA;NA;NA;AOSPU OSPEDALI RIUNITI - PR;NA;NA;NA;0
080;080902;2024;567405;2024;080902;034027;12/05/2024;16/05/2024;062;390;M;0;0;4;NA;002;NA;NA;7673;005;3520;034;001;080;F;080902;901000006716955;7633;77439;NA;NA;NA;9983;3899;8871;897;8903;8939;9307;9546;9509;NA;NA;AOSPU OSPEDALI RIUNITI - PR;NA;NA;NA;0
080;080902;2024;566710;2024;080902;034027;05/05/2024;07/05/2024;031;391;M;0;0;2;NA;002;NA;NA;V3000;005;3370;034;001;080;F;080902;901000006717209;NA;NA;NA;NA;NA;9307;9546;8939;897;8903;8872;8952;NA;NA;NA;NA;AOSPU OSPEDALI RIUNITI - PR;NA;NA;NA;0
080;080902;2024;567685;2024;080902;034027;14/05/2024;16/05/2024;031;391;M;0;0;2;NA;002;NA;NA;V3000;005;3490;034;001;080;M;080902;901000006717592;NA;NA;NA;NA;NA;9307;9546;8903;8939;897;9509;NA;NA;NA;NA;NA;AOSPU OSPEDALI RIUNITI - PR;NA;NA;NA;0
080;080902;2024;566930;2024;080902;019021;07/05/2024;09/05/2024;031;391;M;0;0;2;NA;002;NA;NA;V301;005;3125;019;001;030;F;080902;901000006718400;NA;NA;NA;NA;NA;9307;9546;8903;8939;897;9509;NA;NA;NA;NA;NA;AOSPU OSPEDALI RIUNITI - PR;NA;NA;NA;0
080;080053;2024;311045;2024;080105;999235;25/05/2024;27/05/2024;031;391;M;0;0;2;NA;002;NA;NA;V3000;005;3800;999;001;235;F;08005301;901000006720797;NA;NA;NA;NA;NA;897;NA;NA;NA;NA;NA;NA;NA;NA;NA;NA;OSPEDALE MAGGIORE;NA;NA;NA;0
080;080909;2024;9909;2024;080909;999219;28/05/2024;30/05/2024;062;391;M;0;4;2;NA;002;NA;NA;7746;005;NA;999;001;219;M;080909;901000006723992;76529;NA;NA;NA;NA;9983;8959;9546;9059;9541;8929;9501;8871;NA;NA;NA;AOSPU ARCISPEDALE S.ANNA - FE;NA;NA;NA;0
080;080908;2024;514016;2024;080908;999236;22/03/2024;08/05/2024;065;481;C;0;325;47;12;002;4102;NA;20580;005;NA;999;001;236;M;080908;901000006727522;7895;33818;99889;NA;NA;4102;8872;9925;9921;9929;9922;9915;9904;9926;9905;9918;IRCCS AOU BOLOGNA;NA;NA;NA;0
080;080908;2024;523846;2024;080908;999201;24/05/2024;25/05/2024;011;305;C;0;221;1;0;002;5699;NA;59370;005;NA;999;001;201;M;080908;901000006733123;NA;NA;NA;NA;NA;5699;9918;8904;897;5732;9921;NA;NA;NA;NA;NA;IRCCS AOU BOLOGNA;NA;NA;NA;0
080;080072;2024;10791;2024;080114;999999;12/05/2024;14/05/2024;031;391;M;0;0;2;NA;002;NA;NA;7661;005;4155;999;001;999;F;080072;901000006739465;NA;NA;NA;NA;NA;9059;NA;NA;NA;NA;NA;NA;NA;NA;NA;NA;OSPEDALE RAVENNA;NA;NA;NA;0
080;080072;2024;11593;2024;080114;999235;22/05/2024;23/05/2024;039;574;M;0;145;1;NA;002;NA;NA;28804;005;NA;999;001;235;M;080072;901000006741075;2875;NA;NA;NA;NA;8929;9099;897;8961;8903;3899;NA;NA;NA;NA;NA;OSPEDALE RAVENNA;NA;NA;NA;0
080;080072;2024;11945;2024;080114;039016;27/05/2024;29/05/2024;031;391;M;0;0;2;NA;002;NA;NA;V3000;005;2980;039;001;080;F;080072;901000006741630;NA;NA;NA;NA;NA;NA;NA;NA;NA;NA;NA;NA;NA;NA;NA;NA;OSPEDALE RAVENNA;NA;NA;NA;0
080;080091;2024;511291;2024;080114;999235;27/05/2024;29/05/2024;031;391;M;0;0;2;NA;002;NA;NA;V3000;005;3720;999;001;235;F;08009101;901000006745253;NA;NA;NA;NA;NA;NA;NA;NA;NA;NA;NA;NA;NA;NA;NA;NA;OSPEDALE CESENA;NA;NA;NA;0
080;080095;2024;12060;2024;080114;999999;26/04/2024;17/05/2024;062;389;M;0;0;21;NA;002;NA;NA;76418;005;2345;999;001;999;F;08009501;901000006745920;V298;NA;NA;NA;NA;8871;9059;8872;8879;8874;NA;NA;NA;NA;NA;NA;OSPEDALE RIMINI;NA;NA;NA;0
080;080095;2024;12572;2024;080114;999999;02/05/2024;14/05/2024;062;389;M;0;0;12;NA;002;NA;NA;7765;005;3210;999;001;999;F;08009501;901000006746893;7454;V298;NA;NA;NA;9903;8871;8872;3892;NA;NA;NA;NA;NA;NA;NA;OSPEDALE RIMINI;NA;NA;NA;0
080;080085;2024;5702;2024;080114;999235;18/03/2024;21/03/2024;031;391;M;0;0;3;NA;002;NA;NA;V3000;005;2808;999;001;235;M;08008501;901000006750386;NA;NA;NA;NA;NA;NA;NA;NA;NA;NA;NA;NA;NA;NA;NA;NA;OSPEDALE FORLI';NA;NA;NA;0
080;080095;2024;13882;2024;080114;999236;15/05/2024;18/05/2024;031;391;M;0;0;3;NA;002;NA;NA;V3001;005;3300;999;001;236;F;08009501;901000006751264;NA;NA;NA;NA;NA;NA;NA;NA;NA;NA;NA;NA;NA;NA;NA;NA;OSPEDALE RIMINI;NA;NA;NA;0
080;080095;2024;15087;2024;080114;099014;27/05/2024;30/05/2024;062;390;M;0;0;3;NA;002;NA;NA;7615;005;2800;099;001;080;M;08009501;901000006751458;NA;NA;NA;NA;NA;9547;9059;NA;NA;NA;NA;NA;NA;NA;NA;NA;OSPEDALE RIMINI;NA;NA;NA;0
080;080031;2024;4889;2024;080104;999423;30/05/2024;01/06/2024;031;391;M;0;0;2;NA;002;NA;NA;V3000;005;3540;999;001;423;F;08003104;901000006761188;NA;NA;NA;NA;NA;8966;897;9546;NA;NA;NA;NA;NA;NA;NA;NA;OSPEDALE CARPI;NA;NA;NA;0
080;080909;2024;71;2024;080909;999215;02/01/2024;05/01/2024;039;087;M;0;22;3;NA;002;NA;NA;51881;005;NA;999;001;215;M;080909;901000006779206;46619;NA;NA;NA;NA;9390;8903;9382;9032;9396;8959;NA;NA;NA;NA;NA;AOSPU ARCISPEDALE S.ANNA - FE;NA;NA;NA;0
080;080909;2024;8171;2024;080909;999235;02/05/2024;05/05/2024;031;390;M;0;0;3;NA;002;NA;NA;V3000;005;3550;999;001;235;M;080909;901000006781504;7608;NA;NA;NA;NA;8871;8875;9501;9541;9059;NA;NA;NA;NA;NA;NA;AOSPU ARCISPEDALE S.ANNA - FE;NA;NA;NA;0
080;080044;2024;7958;2024;080106;999219;28/06/2024;30/06/2024;031;391;M;0;0;2;NA;002;NA;NA;7633;005;3220;999;001;219;M;08004401;901000006785253;NA;NA;NA;NA;NA;NA;NA;NA;NA;NA;NA;NA;NA;NA;NA;NA;OSPEDALE IMOLA;NA;NA;NA;0
080;080908;2024;524032;2024;080908;999201;26/05/2024;07/06/2024;011;333;M;0;223;12;NA;002;NA;NA;59389;005;NA;999;001;201;M;080908;901000006794211;59372;7538;NA;NA;NA;8875;9918;9921;897;8904;8929;8875;NA;NA;NA;NA;IRCCS AOU BOLOGNA;NA;NA;NA;0
080;080082;2024;805431;2024;080114;001272;13/06/2024;16/06/2024;031;391;M;0;0;3;NA;002;NA;NA;V3000;005;3410;001;001;010;F;080082;901000006799184;NA;NA;NA;NA;NA;NA;NA;NA;NA;NA;NA;NA;NA;NA;NA;NA;OSPEDALE FAENZA;NA;NA;NA;0
080;080072;2024;12862;2024;080114;039014;07/06/2024;11/06/2024;031;391;M;0;0;4;NA;002;NA;NA;V3001;005;2500;039;001;080;M;080072;901000006799697;NA;NA;NA;NA;NA;NA;NA;NA;NA;NA;NA;NA;NA;NA;NA;NA;OSPEDALE RAVENNA;NA;NA;NA;0
080;080072;2024;13483;2024;080114;039014;14/06/2024;16/06/2024;031;391;M;0;0;2;NA;002;NA;NA;V3000;005;3410;039;001;080;F;080072;901000006800739;NA;NA;NA;NA;NA;NA;NA;NA;NA;NA;NA;NA;NA;NA;NA;NA;OSPEDALE RAVENNA;NA;NA;NA;0
080;080072;2024;13093;2024;080114;039014;10/06/2024;12/06/2024;031;391;M;0;0;2;NA;002;NA;NA;V3000;005;3040;039;001;080;F;080072;901000006801364;NA;NA;NA;NA;NA;NA;NA;NA;NA;NA;NA;NA;NA;NA;NA;NA;OSPEDALE RAVENNA;NA;NA;NA;0
080;080082;2024;805513;2024;080114;039010;17/06/2024;20/06/2024;031;391;M;0;0;3;NA;002;NA;NA;V3001;005;3495;039;001;080;M;080082;901000006804127;NA;NA;NA;NA;NA;NA;NA;NA;NA;NA;NA;NA;NA;NA;NA;NA;OSPEDALE FAENZA;NA;NA;NA;0
080;080091;2024;510904;2024;080114;999219;21/05/2024;22/05/2024;039;511;M;0;332;1;NA;002;NA;NA;94800;005;NA;999;001;219;M;08009101;901000006805080;9462;NA;NA;NA;NA;897;8906;8907;8901;NA;NA;NA;NA;NA;NA;NA;OSPEDALE CESENA;NA;NA;NA;0
080;080095;2024;17416;2024;080114;999201;18/06/2024;22/06/2024;039;423;M;0;309;4;NA;002;NA;NA;0879;005;NA;999;001;201;M;08009501;901000006807965;4660;NA;NA;NA;NA;9059;897;8903;8872;8952;NA;NA;NA;NA;NA;NA;OSPEDALE RIMINI;NA;NA;NA;0
080;080095;2024;18070;2024;080114;099001;25/06/2024;29/06/2024;031;391;M;0;0;4;NA;002;NA;NA;V3000;005;2735;099;001;080;F;08009501;901000006809820;NA;NA;NA;NA;NA;NA;NA;NA;NA;NA;NA;NA;NA;NA;NA;NA;OSPEDALE RIMINI;NA;NA;NA;0
080;080902;2024;571334;2024;080902;034027;23/06/2024;26/06/2024;031;391;M;0;0;3;NA;002;NA;NA;V3000;005;3500;034;001;080;F;080902;901000006817601;NA;NA;NA;NA;NA;9307;9546;8903;8939;897;9509;NA;NA;NA;NA;NA;AOSPU OSPEDALI RIUNITI - PR;NA;NA;NA;0
080;080902;2024;570536;2024;080902;036005;13/06/2024;16/06/2024;031;390;M;0;0;3;NA;002;NA;NA;V3001;005;3000;036;001;080;M;080902;901000006818135;7750;NA;NA;NA;NA;9307;9546;8903;8939;897;9509;NA;NA;NA;NA;NA;AOSPU OSPEDALI RIUNITI - PR;NA;NA;NA;0
080;080902;2024;570880;2024;080902;034027;18/06/2024;20/06/2024;031;391;M;0;0;2;NA;002;NA;NA;V3000;005;3690;034;001;080;M;080902;901000006818578;NA;NA;NA;NA;NA;9307;9546;8903;8939;897;9509;NA;NA;NA;NA;NA;AOSPU OSPEDALI RIUNITI - PR;NA;NA;NA;0
080;080902;2024;571091;2024;080902;034027;20/06/2024;22/06/2024;031;391;M;0;0;2;NA;002;NA;NA;V3000;005;3260;034;001;080;M;080902;901000006818777;NA;NA;NA;NA;NA;9307;9546;8903;8939;897;9509;NA;NA;NA;NA;NA;AOSPU OSPEDALI RIUNITI - PR;NA;NA;NA;0
080;080902;2024;570048;2024;080902;035005;07/06/2024;09/06/2024;031;391;M;0;0;2;NA;002;NA;NA;V3000;005;2600;035;001;080;M;080902;901000006818924;76409;NA;NA;NA;NA;9307;9546;8903;8939;897;9509;NA;NA;NA;NA;NA;AOSPU OSPEDALI RIUNITI - PR;NA;NA;NA;0
080;080902;2024;570077;2024;080902;019021;08/06/2024;12/06/2024;031;391;M;0;0;4;NA;002;NA;NA;V3000;005;4610;019;001;030;F;080902;901000006818937;7661;NA;NA;NA;NA;9307;9546;9509;897;8903;8939;NA;NA;NA;NA;NA;AOSPU OSPEDALI RIUNITI - PR;NA;NA;NA;0
080;080902;2024;571304;2024;080902;034031;22/06/2024;24/06/2024;031;391;M;0;0;2;NA;002;NA;NA;7661;005;4540;034;001;080;M;080902;901000006819239;NA;NA;NA;NA;NA;8908;8939;9546;9509;9307;897;8903;NA;NA;NA;NA;AOSPU OSPEDALI RIUNITI - PR;NA;NA;NA;0
080;080902;2024;570693;2024;080902;034027;16/06/2024;21/06/2024;062;388;M;0;0;5;NA;002;NA;NA;76518;005;2140;034;001;080;M;080902;901000006819410;7742;76528;NA;NA;NA;9983;9307;9546;897;8939;8903;9509;3899;NA;NA;NA;AOSPU OSPEDALI RIUNITI - PR;NA;NA;NA;0
080;080902;2024;569816;2024;080902;034027;05/06/2024;08/06/2024;031;391;M;0;0;3;NA;002;NA;NA;V3000;005;2945;034;001;080;F;080902;901000006819544;NA;NA;NA;NA;NA;9307;9546;8903;8939;897;9509;NA;NA;NA;NA;NA;AOSPU OSPEDALI RIUNITI - PR;NA;NA;NA;0
080;080053;2024;309647;2024;080105;999201;07/05/2024;09/05/2024;031;391;M;0;0;2;NA;002;NA;NA;V3001;005;3880;999;001;201;F;08005301;901000006838982;NA;NA;NA;NA;NA;897;NA;NA;NA;NA;NA;NA;NA;NA;NA;NA;OSPEDALE MAGGIORE;NA;NA;NA;0
080;080904;2024;12756;2024;080904;999460;26/04/2024;03/05/2024;039;467;M;0;17;7;NA;002;NA;NA;V604;005;NA;999;001;460;F;08090401;901000006861760;7746;NA;NA;NA;NA;3899;897;NA;NA;NA;NA;NA;NA;NA;NA;NA;AOSPU POLICLINICO - MO;NA;NA;NA;0
080;080072;2024;14602;2024;080114;029009;29/06/2024;01/07/2024;031;391;M;0;0;2;NA;002;NA;NA;V3000;005;2865;029;001;050;M;080072;901000006864369;NA;NA;NA;NA;NA;NA;NA;NA;NA;NA;NA;NA;NA;NA;NA;NA;OSPEDALE RAVENNA;NA;NA;NA;0
080;080072;2024;14632;2024;080114;999235;30/06/2024;02/07/2024;031;391;M;0;0;2;NA;002;NA;NA;V3000;005;2785;999;001;235;M;080072;901000006864459;NA;NA;NA;NA;NA;NA;NA;NA;NA;NA;NA;NA;NA;NA;NA;NA;OSPEDALE RAVENNA;NA;NA;NA;0
080;080082;2024;806524;2024;080114;999235;22/07/2024;22/07/2024;039;422;M;0;317;1;NA;005;NA;NA;04311;005;NA;999;001;235;M;080082;901000006867784;NA;NA;NA;NA;NA;9059;9918;NA;NA;NA;NA;NA;NA;NA;NA;NA;OSPEDALE FAENZA;NA;NA;NA;0
080;080085;2024;13141;2024;080114;040012;04/07/2024;06/07/2024;031;391;M;0;0;2;NA;002;NA;NA;V3000;005;2770;040;001;080;F;08008501;901000006867826;NA;NA;NA;NA;NA;NA;NA;NA;NA;NA;NA;NA;NA;NA;NA;NA;OSPEDALE FORLI';NA;NA;NA;0
080;080095;2024;18495;2024;080114;999201;29/06/2024;19/07/2024;039;578;C;0;320;20;20;005;3428;NA;7806;005;NA;999;001;201;M;08009501;901000006869931;NA;NA;NA;NA;NA;4131;8876;9059;8897;8744;8903;897;8907;3428;NA;NA;OSPEDALE RIMINI;NA;NA;NA;0
080;080091;2024;515721;2024;080114;999233;26/07/2024;28/07/2024;039;030;M;0;276;2;NA;002;NA;NA;85301;005;NA;999;001;233;M;08009101;901000006870072;NA;NA;NA;NA;NA;8703;8909;9009;9019;NA;NA;NA;NA;NA;NA;NA;OSPEDALE CESENA;NA;NA;NA;0
080;080091;2024;515766;2024;080114;999206;27/07/2024;30/07/2024;039;100;M;0;267;3;NA;002;NA;NA;78603;005;NA;999;001;206;F;08009101;901000006870155;46619;NA;NA;NA;NA;9059;8901;9032;8952;8939;8966;NA;NA;NA;NA;NA;OSPEDALE CESENA;NA;NA;NA;0
080;080095;2024;19417;2024;080114;999236;09/07/2024;13/07/2024;031;391;M;0;0;4;NA;002;NA;NA;V3000;005;2390;999;001;236;F;08009501;901000006871588;NA;NA;NA;NA;NA;NA;NA;NA;NA;NA;NA;NA;NA;NA;NA;NA;OSPEDALE RIMINI;NA;NA;NA;0
080;080095;2024;20534;2024;080114;999999;20/07/2024;24/07/2024;031;391;M;0;0;4;NA;002;NA;NA;V3001;005;3630;999;001;999;M;08009501;901000006871904;NA;NA;NA;NA;NA;NA;NA;NA;NA;NA;NA;NA;NA;NA;NA;NA;OSPEDALE RIMINI;NA;NA;NA;0
080;080085;2024;13178;2024;080114;040012;04/07/2024;07/07/2024;031;391;M;0;0;3;NA;002;NA;NA;V3000;005;2678;040;001;080;M;08008501;901000006874154;NA;NA;NA;NA;NA;NA;NA;NA;NA;NA;NA;NA;NA;NA;NA;NA;OSPEDALE FORLI';NA;NA;NA;0
080;080902;2024;573170;2024;080902;034027;14/07/2024;16/07/2024;031;391;M;0;0;2;NA;002;NA;NA;V3000;005;3200;034;001;080;F;080902;901000006877869;NA;NA;NA;NA;NA;9307;9546;8903;8939;897;9509;NA;NA;NA;NA;NA;AOSPU OSPEDALI RIUNITI - PR;NA;NA;NA;0
080;080902;2024;574641;2024;080902;034003;16/07/2024;18/07/2024;031;390;M;0;0;2;NA;002;NA;NA;77984;005;3150;034;001;080;F;080902;901000006878052;NA;NA;NA;NA;NA;9955;9546;8903;8939;897;9307;9509;NA;NA;NA;NA;AOSPU OSPEDALI RIUNITI - PR;NA;NA;NA;0
080;080902;2024;574654;2024;080902;034027;17/07/2024;19/07/2024;031;390;M;0;0;2;NA;002;NA;NA;77984;005;3000;034;001;080;M;080902;901000006878121;NA;NA;NA;NA;NA;9307;9546;9509;8939;897;8903;8952;NA;NA;NA;NA;AOSPU OSPEDALI RIUNITI - PR;NA;NA;NA;0
080;080902;2024;574820;2024;080902;034027;18/07/2024;20/07/2024;031;391;M;0;0;2;NA;002;NA;NA;V3000;005;3985;034;001;080;M;080902;901000006878219;NA;NA;NA;NA;NA;8906;9546;8903;8939;897;9307;9509;NA;NA;NA;NA;AOSPU OSPEDALI RIUNITI - PR;NA;NA;NA;0
080;080902;2024;575060;2024;080902;034027;19/07/2024;21/07/2024;031;391;M;0;0;2;NA;002;NA;NA;V3000;005;3445;034;001;080;F;080902;901000006878408;NA;NA;NA;NA;NA;9307;9546;8903;8939;897;9509;NA;NA;NA;NA;NA;AOSPU OSPEDALI RIUNITI - PR;NA;NA;NA;0
080;080902;2024;575115;2024;080902;034027;20/07/2024;24/07/2024;031;391;M;0;0;4;NA;002;NA;NA;V3000;005;2960;034;001;080;F;080902;901000006878489;NA;NA;NA;NA;NA;9307;9546;8903;8939;897;9509;NA;NA;NA;NA;NA;AOSPU OSPEDALI RIUNITI - PR;NA;NA;NA;0
080;080902;2024;575769;2024;080902;034030;26/07/2024;29/07/2024;062;390;M;0;0;3;NA;002;NA;NA;7750;005;3000;034;001;080;F;080902;901000006878934;NA;NA;NA;NA;NA;8952;9509;8939;8903;9307;9546;897;NA;NA;NA;NA;AOSPU OSPEDALI RIUNITI - PR;NA;NA;NA;0
080;080902;2024;575805;2024;080902;034010;29/07/2024;31/07/2024;031;390;M;0;0;2;NA;002;NA;NA;77984;005;3310;034;001;080;F;080902;901000006878950;V3000;NA;NA;NA;NA;9546;9509;8903;8939;897;9307;NA;NA;NA;NA;NA;AOSPU OSPEDALI RIUNITI - PR;NA;NA;NA;0
080;080902;2024;573037;2024;080902;034027;12/07/2024;14/07/2024;031;390;M;0;0;2;NA;002;NA;NA;77984;005;3000;034;001;080;F;080902;901000006879099;NA;NA;NA;NA;NA;9307;9546;8903;8939;897;9509;NA;NA;NA;NA;NA;AOSPU OSPEDALI RIUNITI - PR;NA;NA;NA;0
080;080902;2024;575378;2024;080902;034027;23/07/2024;25/07/2024;031;391;M;0;0;2;NA;002;NA;NA;V3000;005;2630;034;001;080;F;080902;901000006879515;NA;NA;NA;NA;NA;9509;9546;8903;8939;897;9307;NA;NA;NA;NA;NA;AOSPU OSPEDALI RIUNITI - PR;NA;NA;NA;0
080;080902;2024;572792;2024;080902;028060;09/07/2024;12/07/2024;031;390;M;0;0;3;NA;002;NA;NA;77984;005;2875;028;001;050;M;080902;901000006879534;7750;NA;NA;NA;NA;9307;9546;8939;897;8903;9509;8952;NA;NA;NA;NA;AOSPU OSPEDALI RIUNITI - PR;NA;NA;NA;0
080;080908;2024;407355;2024;080908;999460;18/07/2024;20/07/2024;031;391;M;0;0;2;NA;002;NA;NA;V3000;005;4000;999;001;460;M;080908;901000006881129;NA;NA;NA;NA;NA;897;8965;8903;897;9059;9509;9547;8619;NA;NA;NA;IRCCS AOU BOLOGNA;NA;NA;NA;0
080;080004;2024;16651;2024;080101;999201;13/07/2024;15/07/2024;039;070;M;0;186;2;NA;002;NA;NA;462;005;NA;999;001;201;M;08000401;901000006890621;28249;NA;NA;NA;NA;9921;NA;NA;NA;NA;NA;NA;NA;NA;NA;NA;OSPEDALE PIACENZA;NA;NA;NA;0
080;080031;2024;7097;2024;080104;999436;14/08/2024;19/08/2024;039;388;M;0;28;5;NA;002;NA;NA;76515;005;NA;999;001;436;M;08003104;901000006894100;7508;NA;NA;NA;NA;897;966;9542;8965;NA;NA;NA;NA;NA;NA;NA;OSPEDALE CARPI;NA;NA;NA;0
080;080031;2024;7221;2024;080104;999215;19/08/2024;21/08/2024;039;098;M;0;53;2;NA;002;NA;NA;51971;005;NA;999;001;215;F;08003104;901000006894470;NA;NA;NA;NA;NA;9039;8966;NA;NA;NA;NA;NA;NA;NA;NA;NA;OSPEDALE CARPI;NA;NA;NA;0
080;080095;2024;17220;2024;080114;999232;17/06/2024;20/08/2024;073;386;M;0;0;64;NA;003;NA;NA;769;005;950;999;001;232;F;08009501;901000006915554;76503;76523;77211;7470;36221;9604;9672;3892;8871;8872;9390;9396;8891;NA;NA;NA;OSPEDALE RIMINI;NA;NA;NA;0
080;080072;2024;16793;2024;080114;039014;28/07/2024;01/08/2024;031;391;M;0;0;4;NA;002;NA;NA;V3000;005;3085;039;001;080;F;080072;901000006916595;NA;NA;NA;NA;NA;NA;NA;NA;NA;NA;NA;NA;NA;NA;NA;NA;OSPEDALE RAVENNA;NA;NA;NA;0
080;080072;2024;17803;2024;080114;039001;11/08/2024;13/08/2024;031;391;M;0;0;2;NA;002;NA;NA;V3000;005;3140;039;001;080;M;080072;901000006917362;NA;NA;NA;NA;NA;NA;NA;NA;NA;NA;NA;NA;NA;NA;NA;NA;OSPEDALE RAVENNA;NA;NA;NA;0
080;080091;2024;516712;2024;080114;999201;10/08/2024;12/08/2024;031;391;M;0;0;2;NA;002;NA;NA;V3000;005;3115;999;001;201;F;08009101;901000006921747;NA;NA;NA;NA;NA;NA;NA;NA;NA;NA;NA;NA;NA;NA;NA;NA;OSPEDALE CESENA;NA;NA;NA;0
080;080095;2024;23294;2024;080114;999236;20/08/2024;24/08/2024;062;390;M;0;29;4;NA;002;NA;NA;77082;005;NA;999;001;236;M;08009501;901000006923529;V0700;NA;NA;NA;NA;8871;9059;8952;8914;NA;NA;NA;NA;NA;NA;NA;OSPEDALE RIMINI;NA;NA;NA;0
080;080095;2024;23086;2024;080114;999236;18/08/2024;20/08/2024;062;137;M;0;0;2;NA;002;NA;NA;7470;005;3520;999;001;236;F;08009501;901000006923959;NA;NA;NA;NA;NA;8872;NA;NA;NA;NA;NA;NA;NA;NA;NA;NA;OSPEDALE RIMINI;NA;NA;NA;0
080;080095;2024;23690;2024;080114;099013;25/08/2024;27/08/2024;031;391;M;0;0;2;NA;002;NA;NA;V3000;005;4100;099;001;080;M;08009501;901000006924447;NA;NA;NA;NA;NA;NA;NA;NA;NA;NA;NA;NA;NA;NA;NA;NA;OSPEDALE RIMINI;NA;NA;NA;0
080;080902;2024;577478;2024;080902;034027;14/08/2024;17/08/2024;062;390;M;0;0;3;NA;002;NA;NA;7602;005;4125;034;001;080;M;080902;901000006936280;NA;NA;NA;NA;NA;8872;3899;897;8939;9307;9509;9546;8903;8952;8906;NA;AOSPU OSPEDALI RIUNITI - PR;NA;NA;NA;0
080;080902;2024;577484;2024;080902;034027;14/08/2024;17/08/2024;062;390;M;0;0;3;NA;002;NA;NA;7750;005;4120;034;001;080;M;080902;901000006936282;7661;NA;NA;NA;NA;8871;897;9307;8903;8939;9546;9509;3899;8872;8952;NA;AOSPU OSPEDALI RIUNITI - PR;NA;NA;NA;0
080;080902;2024;577485;2024;080902;034009;15/08/2024;17/08/2024;031;391;M;0;0;2;NA;002;NA;NA;V3000;005;3320;034;001;080;F;080902;901000006936283;NA;NA;NA;NA;NA;8906;9546;9307;9509;8939;897;8903;3899;NA;NA;NA;AOSPU OSPEDALI RIUNITI - PR;NA;NA;NA;0
080;080902;2024;69406;2024;080902;999203;02/08/2024;06/08/2024;039;098;M;0;208;4;NA;002;NA;NA;0330;005;NA;999;001;203;F;080902;901000006936325;NA;NA;NA;NA;NA;9033;9039;3899;8952;9921;3894;9396;8903;8939;897;9918;AOSPU OSPEDALI RIUNITI - PR;NA;NA;NA;0
080;080902;2024;577494;2024;080902;034027;15/08/2024;18/08/2024;031;390;M;0;0;3;NA;002;NA;NA;76400;005;2800;034;001;080;M;080902;901000006936427;NA;NA;NA;NA;NA;3899;9546;8903;8939;897;9509;9307;NA;NA;NA;NA;AOSPU OSPEDALI RIUNITI - PR;NA;NA;NA;0
080;080902;2024;577832;2024;080902;034027;21/08/2024;29/08/2024;062;387;M;0;0;8;NA;002;NA;NA;76519;005;2575;034;001;080;F;080902;901000006936575;7706;76528;7756;77211;7742;9396;8744;9983;8903;9915;9546;8871;NA;NA;NA;NA;AOSPU OSPEDALI RIUNITI - PR;NA;NA;NA;0
080;080902;2024;576612;2024;080902;034018;05/08/2024;11/08/2024;062;389;M;0;0;6;NA;002;NA;NA;77084;005;3650;034;001;080;M;080902;901000006936705;75989;NA;NA;NA;NA;9390;897;8903;8939;9307;9509;9546;9002;8744;8965;3899;AOSPU OSPEDALI RIUNITI - PR;NA;NA;NA;0
080;080902;2024;576872;2024;080902;034027;07/08/2024;09/08/2024;031;391;M;0;0;2;NA;002;NA;NA;V3000;005;3400;034;001;080;M;080902;901000006936976;NA;NA;NA;NA;NA;9509;9546;8903;8939;897;9307;NA;NA;NA;NA;NA;AOSPU OSPEDALI RIUNITI - PR;NA;NA;NA;0
080;080902;2024;578329;2024;080902;019021;26/08/2024;28/08/2024;031;391;M;0;0;2;NA;002;NA;NA;V3000;005;3875;019;001;030;F;080902;901000006937716;NA;NA;NA;NA;NA;9307;9546;8903;8939;897;9509;NA;NA;NA;NA;NA;AOSPU OSPEDALI RIUNITI - PR;NA;NA;NA;0
080;080031;2024;8035;2024;080104;999425;18/09/2024;21/09/2024;031;391;M;0;0;3;NA;002;NA;NA;V3000;005;3545;999;001;425;F;08003104;901000006950752;NA;NA;NA;NA;NA;8965;897;NA;NA;NA;NA;NA;NA;NA;NA;NA;OSPEDALE CARPI;NA;NA;NA;0
080;080053;2024;304173;2024;080105;999436;25/02/2024;27/02/2024;039;390;M;0;0;2;NA;002;NA;NA;7706;005;3420;999;001;436;M;08005307;901000006959363;NA;NA;NA;NA;NA;9396;NA;NA;NA;NA;NA;NA;NA;NA;NA;NA;OSPEDALE BENTIVOGLIO;NA;NA;NA;0
080;080021;2024;565731;2024;080103;035015;16/03/2024;17/03/2024;073;385;M;0;0;1;NA;001;NA;NA;76413;005;880;035;001;080;F;08002106;901000006967726;76524;769;76493;7702;7761;3892;9671;3194;9907;9905;9983;9921;9915;8872;8871;9963;OSPEDALE S.MARIA NUOVA - RE;NA;NA;NA;0
080;080909;2024;11373;2024;080909;999235;18/06/2024;22/06/2024;034;036;C;0;133;4;1;002;149;NA;37929;005;NA;999;001;235;F;080909;901000006976010;NA;NA;NA;NA;NA;149;9421;1341;NA;NA;NA;NA;NA;NA;NA;NA;AOSPU ARCISPEDALE S.ANNA - FE;NA;NA;NA;0
080;080909;2024;17429;2024;080909;999344;23/09/2024;27/09/2024;062;390;M;0;0;4;NA;002;NA;NA;7746;005;3400;999;001;344;F;080909;901000006976447;76529;76384;NA;NA;NA;9983;9093;9023;9049;9541;8968;9501;NA;NA;NA;NA;AOSPU ARCISPEDALE S.ANNA - FE;NA;NA;NA;0
080;080909;2024;16371;2024;080909;999436;06/09/2024;11/09/2024;062;391;M;0;25;5;NA;002;NA;NA;7793;005;NA;999;001;436;M;080909;901000006977344;NA;NA;NA;NA;NA;9099;9059;8929;8968;9093;3898;9132;NA;NA;NA;NA;AOSPU ARCISPEDALE S.ANNA - FE;NA;NA;NA;0
080;080904;2024;26822;2024;080904;999322;13/09/2024;15/09/2024;031;391;M;0;0;2;NA;002;NA;NA;V3000;005;4070;999;001;322;M;08090401;901000006981883;NA;NA;NA;NA;NA;NA;NA;NA;NA;NA;NA;NA;NA;NA;NA;NA;AOSPU POLICLINICO - MO;NA;NA;NA;0
080;080960;2024;13439;2024;080960;999236;19/09/2024;21/09/2024;036;225;C;0;102;2;1;002;8384;NA;75470;005;NA;999;001;236;F;080960;901000006984079;NA;NA;NA;NA;NA;8384;9354;9354;8384;NA;NA;NA;NA;NA;NA;NA;IRCCS - ISTITUTO ORTOPEDICO RIZZOLI;NA;NA;NA;0
080;080072;2024;19454;2024;080114;999235;03/09/2024;06/09/2024;039;098;M;0;249;3;NA;002;NA;NA;51911;005;NA;999;001;235;M;080072;901000006985966;00867;2883;NA;NA;NA;8744;9059;9039;9059;NA;NA;NA;NA;NA;NA;NA;OSPEDALE RAVENNA;NA;NA;NA;0
080;080072;2024;20772;2024;080114;999450;21/09/2024;24/09/2024;031;391;M;0;0;3;NA;002;NA;NA;V3001;005;2900;999;001;450;M;080072;901000006987277;NA;NA;NA;NA;NA;NA;NA;NA;NA;NA;NA;NA;NA;NA;NA;NA;OSPEDALE RAVENNA;NA;NA;NA;0
080;080095;2024;26745;2024;080114;999216;25/09/2024;28/09/2024;039;423;M;0;73;3;NA;002;NA;NA;0419;005;NA;999;001;216;M;08009501;901000006994032;5990;V0700;NA;NA;NA;9929;8903;897;NA;NA;NA;NA;NA;NA;NA;NA;OSPEDALE RIMINI;NA;NA;NA;0
080;080095;2024;26927;2024;080114;999201;27/09/2024;30/09/2024;073;561;M;0;75;3;NA;006;NA;NA;3229;005;NA;999;001;201;F;08009501;901000006994323;77181;NA;NA;NA;NA;3893;0331;8872;9904;8744;9915;8919;9053;NA;NA;NA;OSPEDALE RIMINI;NA;NA;NA;0
080;080095;2024;25848;2024;080114;999999;16/09/2024;19/09/2024;031;391;M;0;0;3;NA;002;NA;NA;V3000;005;3285;999;001;999;F;08009501;901000006994829;NA;NA;NA;NA;NA;NA;NA;NA;NA;NA;NA;NA;NA;NA;NA;NA;OSPEDALE RIMINI;NA;NA;NA;0
080;080072;2024;19829;2024;080114;039014;09/09/2024;12/09/2024;031;391;M;0;0;3;NA;002;NA;NA;V3001;005;3670;039;001;080;M;080072;901000006995121;NA;NA;NA;NA;NA;NA;NA;NA;NA;NA;NA;NA;NA;NA;NA;NA;OSPEDALE RAVENNA;NA;NA;NA;0
080;080072;2024;20835;2024;080114;999314;22/09/2024;24/09/2024;031;391;M;0;0;2;NA;002;NA;NA;V3000;005;3700;999;001;314;M;080072;901000006996032;NA;NA;NA;NA;NA;NA;NA;NA;NA;NA;NA;NA;NA;NA;NA;NA;OSPEDALE RAVENNA;NA;NA;NA;0
080;080902;2024;579407;2024;080902;034051;08/09/2024;10/09/2024;031;391;M;0;0;2;NA;002;NA;NA;V3000;005;3230;034;001;080;F;080902;901000006999374;NA;NA;NA;NA;NA;9307;9546;8903;8939;897;9509;NA;NA;NA;NA;NA;AOSPU OSPEDALI RIUNITI - PR;NA;NA;NA;0
080;080902;2024;579809;2024;080902;034020;11/09/2024;16/09/2024;062;387;M;0;0;5;NA;002;NA;NA;76417;005;1885;034;001;080;F;080902;901000006999825;76517;76529;7686;NA;NA;9915;8871;9546;8903;8965;8954;3898;NA;NA;NA;NA;AOSPU OSPEDALI RIUNITI - PR;NA;NA;NA;0
080;080902;2024;579727;2024;080902;034027;11/09/2024;13/09/2024;031;391;M;0;0;2;NA;002;NA;NA;V3000;005;3090;034;001;080;M;080902;901000006999826;NA;NA;NA;NA;NA;9307;9546;8903;8939;897;9509;NA;NA;NA;NA;NA;AOSPU OSPEDALI RIUNITI - PR;NA;NA;NA;0
080;080902;2024;580994;2024;080902;034027;24/09/2024;27/09/2024;062;390;M;0;0;3;NA;002;NA;NA;76419;005;2570;034;001;080;M;080902;901000007000737;NA;NA;NA;NA;NA;8871;9546;8939;8903;9307;9509;897;NA;NA;NA;NA;AOSPU OSPEDALI RIUNITI - PR;NA;NA;NA;0
080;080902;2024;581231;2024;080902;034014;25/09/2024;28/09/2024;031;391;M;0;0;3;NA;002;NA;NA;V3000;005;3000;034;001;080;M;080902;901000007000809;NA;NA;NA;NA;NA;9307;9546;9509;8939;897;8903;8908;NA;NA;NA;NA;AOSPU OSPEDALI RIUNITI - PR;NA;NA;NA;0
080;080902;2024;581263;2024;080902;034027;26/09/2024;28/09/2024;031;391;M;0;0;2;NA;002;NA;NA;V3000;005;3265;034;001;080;F;080902;901000007000818;NA;NA;NA;NA;NA;9307;9546;8903;8939;897;9509;NA;NA;NA;NA;NA;AOSPU OSPEDALI RIUNITI - PR;NA;NA;NA;0
080;080902;2024;581357;2024;080902;034027;26/09/2024;29/09/2024;031;391;M;0;0;3;NA;002;NA;NA;V3000;005;3350;034;001;080;F;080902;901000007000867;NA;NA;NA;NA;NA;9307;9546;8903;8939;897;9509;NA;NA;NA;NA;NA;AOSPU OSPEDALI RIUNITI - PR;NA;NA;NA;0
080;080902;2024;581367;2024;080902;034018;27/09/2024;29/09/2024;031;390;M;0;0;2;NA;002;NA;NA;7609;005;3200;034;001;080;F;080902;901000007000871;V3000;NA;NA;NA;NA;8952;8908;9509;8939;897;8903;9307;9546;NA;NA;NA;AOSPU OSPEDALI RIUNITI - PR;NA;NA;NA;0
080;080902;2024;580515;2024;080902;035029;19/09/2024;21/09/2024;031;391;M;0;0;2;NA;002;NA;NA;V3000;005;3000;035;001;080;F;080902;901000007001143;NA;NA;NA;NA;NA;9307;9546;8903;8939;897;9509;NA;NA;NA;NA;NA;AOSPU OSPEDALI RIUNITI - PR;NA;NA;NA;0
080;080902;2024;579413;2024;080902;058091;08/09/2024;11/09/2024;062;391;M;0;0;3;NA;002;NA;NA;7793;005;3080;058;001;120;F;080902;901000007001307;NA;NA;NA;NA;NA;8876;8939;9307;9546;9509;897;8903;8871;NA;NA;NA;AOSPU OSPEDALI RIUNITI - PR;NA;NA;NA;0
080;080902;2024;580797;2024;080902;034027;22/09/2024;24/09/2024;031;391;M;0;0;2;NA;002;NA;NA;V3000;005;3420;034;001;080;M;080902;901000007001328;NA;NA;NA;NA;NA;9307;9546;8903;8939;897;9509;NA;NA;NA;NA;NA;AOSPU OSPEDALI RIUNITI - PR;NA;NA;NA;0
080;080902;2024;579535;2024;080902;034017;09/09/2024;11/09/2024;031;391;M;0;0;2;NA;002;NA;NA;V3000;005;2880;034;001;080;F;080902;901000007001432;NA;NA;NA;NA;NA;9307;9546;8903;8939;897;9509;NA;NA;NA;NA;NA;AOSPU OSPEDALI RIUNITI - PR;NA;NA;NA;0
080;080004;2024;24753;2024;080101;033032;22/10/2024;25/10/2024;031;391;M;0;0;3;NA;002;NA;NA;V3000;005;3510;033;001;080;M;08000401;901000007022958;NA;NA;NA;NA;NA;NA;NA;NA;NA;NA;NA;NA;NA;NA;NA;NA;OSPEDALE PIACENZA;NA;NA;NA;0
080;080908;2024;409747;2024;080908;999536;06/08/2024;08/08/2024;031;390;M;0;0;2;NA;002;NA;NA;V3000;005;3710;999;001;536;F;080908;901000007054636;5890;NA;NA;NA;NA;897;8903;8965;897;8619;9059;9509;9547;8876;NA;NA;IRCCS AOU BOLOGNA;NA;NA;NA;0
080;080095;2024;28073;2024;080114;999236;09/10/2024;14/10/2024;031;391;M;0;0;5;NA;002;NA;NA;V3001;005;2950;999;001;236;F;08009501;901000007060898;NA;NA;NA;NA;NA;NA;NA;NA;NA;NA;NA;NA;NA;NA;NA;NA;OSPEDALE RIMINI;NA;NA;NA;0
080;080072;2024;23638;2024;080114;999999;29/10/2024;31/10/2024;031;390;M;0;0;2;NA;002;NA;NA;7602;005;3650;999;001;999;F;080072;901000007067104;V028;V0482;NA;NA;NA;8966;NA;NA;NA;NA;NA;NA;NA;NA;NA;NA;OSPEDALE RAVENNA;NA;NA;NA;0
080;080095;2024;28865;2024;080114;999999;17/10/2024;19/10/2024;062;390;M;0;0;2;NA;002;NA;NA;76419;005;2870;999;001;999;M;08009501;901000007068447;NA;NA;NA;NA;NA;8879;8901;9059;NA;NA;NA;NA;NA;NA;NA;NA;OSPEDALE RIMINI;NA;NA;NA;0
080;080902;2024;89370;2024;080902;999241;05/10/2024;08/10/2024;039;026;M;0;309;3;NA;002;NA;NA;78031;005;NA;999;001;241;M;080902;901000007080478;NA;NA;NA;NA;NA;9918;9039;9033;9099;9092;897;8903;8939;NA;NA;NA;AOSPU OSPEDALI RIUNITI - PR;NA;NA;NA;0
080;080902;2024;581655;2024;080902;034027;30/09/2024;11/10/2024;062;390;M;0;0;11;NA;002;NA;NA;7731;005;3115;034;001;080;F;080902;901000007082621;77984;NA;NA;NA;NA;9983;8939;9307;9546;9509;897;8903;3899;NA;NA;NA;AOSPU OSPEDALI RIUNITI - PR;NA;NA;NA;0
080;080902;2024;584288;2024;080902;034027;25/10/2024;27/10/2024;031;391;M;0;0;2;NA;002;NA;NA;V3000;005;3650;034;001;080;M;080902;901000007082780;NA;NA;NA;NA;NA;9307;9546;8903;8939;897;9509;NA;NA;NA;NA;NA;AOSPU OSPEDALI RIUNITI - PR;NA;NA;NA;0
080;080902;2024;584316;2024;080902;034027;27/10/2024;29/10/2024;031;391;M;0;0;2;NA;002;NA;NA;V3000;005;3600;034;001;080;M;080902;901000007082792;NA;NA;NA;NA;NA;9307;9546;8903;8939;897;9509;NA;NA;NA;NA;NA;AOSPU OSPEDALI RIUNITI - PR;NA;NA;NA;0
080;080902;2024;581806;2024;080902;034025;02/10/2024;04/10/2024;031;390;M;0;0;2;NA;002;NA;NA;7750;005;2575;034;001;080;M;080902;901000007082808;NA;NA;NA;NA;NA;9307;9546;8903;8939;897;9509;NA;NA;NA;NA;NA;AOSPU OSPEDALI RIUNITI - PR;NA;NA;NA;0
080;080902;2024;583579;2024;080902;034027;18/10/2024;21/10/2024;031;391;M;0;0;3;NA;002;NA;NA;V3000;005;2510;034;001;080;F;080902;901000007083396;NA;NA;NA;NA;NA;8876;9546;8903;8939;897;9307;9509;NA;NA;NA;NA;AOSPU OSPEDALI RIUNITI - PR;NA;NA;NA;0
080;080902;2024;581925;2024;080902;034027;03/10/2024;05/10/2024;031;391;M;0;0;2;NA;002;NA;NA;V3000;005;3200;034;001;080;F;080902;901000007083496;NA;NA;NA;NA;NA;9307;9546;8903;8939;897;9509;NA;NA;NA;NA;NA;AOSPU OSPEDALI RIUNITI - PR;NA;NA;NA;0
080;080902;2024;583358;2024;080902;034027;17/10/2024;19/10/2024;031;391;M;0;0;2;NA;002;NA;NA;V3000;005;3500;034;001;080;F;080902;901000007083582;NA;NA;NA;NA;NA;9307;9546;8903;8939;897;9509;NA;NA;NA;NA;NA;AOSPU OSPEDALI RIUNITI - PR;NA;NA;NA;0
080;080031;2024;10198;2024;080104;999344;22/11/2024;25/11/2024;031;390;M;0;0;3;NA;002;NA;NA;V3001;005;4020;999;001;344;M;08003104;901000007101105;V0482;7746;NA;NA;NA;9983;897;9542;8965;NA;NA;NA;NA;NA;NA;NA;OSPEDALE CARPI;NA;NA;NA;0
080;080031;2024;9906;2024;080104;999344;14/11/2024;16/11/2024;031;390;M;0;0;2;NA;002;NA;NA;V3000;005;2770;999;001;344;F;08003104;901000007101288;V0482;NA;NA;NA;NA;897;9542;8966;NA;NA;NA;NA;NA;NA;NA;NA;OSPEDALE CARPI;NA;NA;NA;0
080;080096;2024;10360;2024;080104;999215;02/11/2024;04/11/2024;031;390;M;0;0;2;NA;002;NA;NA;V3000;005;3460;999;001;215;F;080096;901000007102816;V0482;NA;NA;NA;NA;9547;9959;NA;NA;NA;NA;NA;NA;NA;NA;NA;OSPEDALE CIVILE DI SASSUOLO S.P.A.;NA;NA;NA;0
080;080031;2024;9245;2024;080104;999436;25/10/2024;27/10/2024;039;467;M;0;100;2;NA;002;NA;NA;V068;005;NA;999;001;436;M;08003104;901000007103872;V053;V063;76526;NA;NA;9939;9959;9941;NA;NA;NA;NA;NA;NA;NA;NA;OSPEDALE CARPI;NA;NA;NA;0
080;080053;2024;316920;2024;080105;999219;29/08/2024;05/09/2024;031;391;M;0;0;7;NA;002;NA;NA;V3000;005;3650;999;001;219;F;08005301;901000007117545;NA;NA;NA;NA;NA;897;NA;NA;NA;NA;NA;NA;NA;NA;NA;NA;OSPEDALE MAGGIORE;NA;NA;NA;0
080;080053;2024;318481;2024;080105;999216;24/09/2024;27/09/2024;031;391;M;0;0;3;NA;002;NA;NA;V3000;005;3860;999;001;216;M;08005301;901000007118073;NA;NA;NA;NA;NA;NA;NA;NA;NA;NA;NA;NA;NA;NA;NA;NA;OSPEDALE MAGGIORE;NA;NA;NA;0
080;080053;2024;322127;2024;080105;999333;12/11/2024;15/11/2024;031;390;M;0;0;3;NA;002;NA;NA;V3001;005;2730;999;001;333;F;08005301;901000007118183;V0482;NA;NA;NA;NA;897;NA;NA;NA;NA;NA;NA;NA;NA;NA;NA;OSPEDALE MAGGIORE;NA;NA;NA;0
080;080091;2024;523204;2024;080114;999201;11/11/2024;15/11/2024;039;070;M;0;356;4;NA;002;NA;NA;4659;005;NA;999;001;201;M;08009101;901000007133193;0796;0790;NA;NA;NA;897;8901;9133;9059;9032;NA;NA;NA;NA;NA;NA;OSPEDALE CESENA;NA;NA;NA;0
080;080095;2024;32329;2024;080114;099011;23/11/2024;26/11/2024;031;390;M;0;0;3;NA;002;NA;NA;V3000;005;3470;099;001;080;M;08009501;901000007141419;V0482;NA;NA;NA;NA;897;9929;NA;NA;NA;NA;NA;NA;NA;NA;NA;OSPEDALE RIMINI;NA;NA;NA;0
080;080095;2024;30369;2024;080114;999236;02/11/2024;06/11/2024;062;390;M;0;63;4;NA;002;NA;NA;7706;005;NA;999;001;236;M;08009501;901000007142422;7455;NA;NA;NA;NA;8872;8744;8952;NA;NA;NA;NA;NA;NA;NA;NA;OSPEDALE RIMINI;NA;NA;NA;0
080;080909;2024;9671;2024;080909;999219;24/05/2024;26/05/2024;031;391;M;0;0;2;NA;002;NA;NA;V3000;005;3355;999;001;219;M;080909;901000007145450;NA;NA;NA;NA;NA;9541;9501;9059;NA;NA;NA;NA;NA;NA;NA;NA;AOSPU ARCISPEDALE S.ANNA - FE;NA;NA;NA;0
080;080909;2024;13213;2024;080909;999235;16/07/2024;18/07/2024;034;048;M;0;161;2;NA;002;NA;NA;37929;005;NA;999;001;235;F;080909;901000007146013;NA;NA;NA;NA;NA;9421;NA;NA;NA;NA;NA;NA;NA;NA;NA;NA;AOSPU ARCISPEDALE S.ANNA - FE;NA;NA;NA;0
080;080909;2024;15483;2024;080909;999219;23/08/2024;27/08/2024;062;390;M;0;0;4;NA;002;NA;NA;7706;005;4165;999;001;219;M;080909;901000007146074;76529;NA;NA;NA;NA;3898;9390;9053;9093;8871;9059;8873;9501;9541;NA;NA;AOSPU ARCISPEDALE S.ANNA - FE;NA;NA;NA;0
080;080909;2024;21284;2024;080909;999235;21/11/2024;21/11/2024;034;042;C;0;157;1;0;002;1199;NA;V425;005;NA;999;001;235;F;080909;901000007146618;NA;NA;NA;NA;NA;1199;9421;NA;NA;NA;NA;NA;NA;NA;NA;NA;AOSPU ARCISPEDALE S.ANNA - FE;NA;NA;NA;0
080;080909;2024;20343;2024;080909;999235;07/11/2024;07/11/2024;034;048;M;0;275;1;NA;002;NA;NA;36289;005;NA;999;001;235;F;080909;901000007147357;NA;NA;NA;NA;NA;9421;NA;NA;NA;NA;NA;NA;NA;NA;NA;NA;AOSPU ARCISPEDALE S.ANNA - FE;NA;NA;NA;0
080;080902;2024;585226;2024;080902;034027;06/11/2024;08/11/2024;031;391;M;0;0;2;NA;002;NA;NA;V3000;005;3290;034;001;080;M;080902;901000007151212;NA;NA;NA;NA;NA;9307;9546;8903;8939;897;9509;NA;NA;NA;NA;NA;AOSPU OSPEDALI RIUNITI - PR;NA;NA;NA;0
080;080902;2024;586288;2024;080902;034027;17/11/2024;19/11/2024;031;390;M;0;0;2;NA;002;NA;NA;V3000;005;3000;034;001;080;M;080902;901000007151746;V0482;NA;NA;NA;NA;9307;9546;8903;8939;897;9509;NA;NA;NA;NA;NA;AOSPU OSPEDALI RIUNITI - PR;NA;NA;NA;0
080;080902;2024;585614;2024;080902;034027;09/11/2024;11/11/2024;031;391;M;0;0;2;NA;002;NA;NA;7661;005;3835;034;001;080;M;080902;901000007151931;V3000;NA;NA;NA;NA;9307;9546;8903;8939;897;9509;NA;NA;NA;NA;NA;AOSPU OSPEDALI RIUNITI - PR;NA;NA;NA;0
080;080902;2024;586276;2024;080902;033032;16/11/2024;28/11/2024;062;186;M;0;0;12;NA;002;NA;NA;74921;005;3230;033;001;080;M;080902;901000007152338;V0482;NA;NA;NA;NA;8891;9509;9546;9307;8903;8906;8871;8876;NA;NA;NA;AOSPU OSPEDALI RIUNITI - PR;NA;NA;NA;0
080;080902;2024;586903;2024;080902;034013;23/11/2024;25/11/2024;031;390;M;0;0;2;NA;002;NA;NA;77984;005;2940;034;001;080;M;080902;901000007152687;V0482;V3000;NA;NA;NA;9307;9546;8903;8939;897;9509;NA;NA;NA;NA;NA;AOSPU OSPEDALI RIUNITI - PR;NA;NA;NA;0
080;080904;2024;29414;2024;080904;999236;08/10/2024;10/10/2024;031;391;M;0;0;2;NA;002;NA;NA;V3000;005;2905;999;001;236;F;08090401;901000007157301;NA;NA;NA;NA;NA;NA;NA;NA;NA;NA;NA;NA;NA;NA;NA;NA;AOSPU POLICLINICO - MO;NA;NA;NA;0
080;080904;2024;31808;2024;080904;999257;31/10/2024;02/11/2024;031;390;M;0;0;2;NA;002;NA;NA;V3000;005;2670;999;001;257;F;08090401;901000007157817;V0482;NA;NA;NA;NA;NA;NA;NA;NA;NA;NA;NA;NA;NA;NA;NA;AOSPU POLICLINICO - MO;NA;NA;NA;0
080;080904;2024;27509;2024;080904;999201;21/09/2024;15/11/2024;062;386;M;0;0;55;NA;002;NA;NA;76515;005;1350;999;001;201;M;08090401;901000007158245;769;7742;55090;NA;NA;5302;9671;8872;8871;NA;NA;NA;NA;NA;NA;NA;AOSPU POLICLINICO - MO;NA;NA;NA;0
080;080013;2024;12105;2024;080102;999254;01/11/2024;05/11/2024;031;390;M;0;0;4;NA;002;NA;NA;77430;005;2930;999;001;254;M;08001301;901000007161900;V3000;V0482;NA;NA;NA;9983;9546;8939;8965;9307;8903;897;NA;NA;NA;NA;OSPEDALE FIDENZA;NA;NA;NA;0
080;080021;2024;616853;2024;080103;035027;15/12/2024;17/12/2024;031;391;M;0;0;2;NA;002;NA;NA;V3000;005;3112;035;001;080;M;08002106;901000007196756;NA;NA;NA;NA;NA;8903;NA;NA;NA;NA;NA;NA;NA;NA;NA;NA;OSPEDALE S.MARIA NUOVA - RE;NA;NA;NA;0
080;080909;2024;18979;2024;080909;999235;16/10/2024;17/10/2024;034;042;C;0;121;1;1;002;1199;NA;V425;005;NA;999;001;235;F;080909;901000007202742;NA;NA;NA;NA;NA;1199;NA;NA;NA;NA;NA;NA;NA;NA;NA;NA;AOSPU ARCISPEDALE S.ANNA - FE;NA;NA;NA;0
080;080909;2024;16706;2024;080909;999235;12/09/2024;13/09/2024;034;042;C;0;87;1;0;002;1169;NA;37100;005;NA;999;001;235;F;080909;901000007202824;NA;NA;NA;NA;NA;9421;1169;NA;NA;NA;NA;NA;NA;NA;NA;NA;AOSPU ARCISPEDALE S.ANNA - FE;NA;NA;NA;0
080;080909;2024;3211;2024;080909;038018;17/02/2024;16/05/2024;062;386;M;0;0;89;NA;002;NA;NA;76524;005;970;038;001;080;F;080909;901000007202950;76513;769;7742;7766;7470;9390;3892;8744;9604;9671;9915;8872;3893;8871;9391;NA;AOSPU ARCISPEDALE S.ANNA - FE;NA;NA;NA;0
080;080909;2024;4384;2024;080909;038008;05/03/2024;08/03/2024;031;391;M;0;0;3;NA;002;NA;NA;V3000;005;3375;038;001;080;M;080909;901000007202954;NA;NA;NA;NA;NA;9501;9059;9541;NA;NA;NA;NA;NA;NA;NA;NA;AOSPU ARCISPEDALE S.ANNA - FE;NA;NA;NA;0
080;080909;2024;11898;2024;080909;029033;26/06/2024;28/06/2024;031;390;M;0;0;2;NA;002;NA;NA;V3000;005;3745;029;001;050;M;080909;901000007203147;7661;7852;NA;NA;NA;8872;9501;9541;9059;NA;NA;NA;NA;NA;NA;NA;AOSPU ARCISPEDALE S.ANNA - FE;NA;NA;NA;0
080;080909;2024;21214;2024;080909;999436;20/11/2024;23/11/2024;031;390;M;0;0;3;NA;002;NA;NA;V3000;005;2790;999;001;436;M;080909;901000007203758;7609;V0482;76409;NA;NA;9501;9059;8871;8875;9541;NA;NA;NA;NA;NA;NA;AOSPU ARCISPEDALE S.ANNA - FE;NA;NA;NA;0
080;080909;2024;23555;2024;080909;999235;27/12/2024;27/12/2024;034;042;C;0;193;1;0;002;1199;NA;V425;005;NA;999;001;235;F;080909;901000007205234;NA;NA;NA;NA;NA;1199;NA;NA;NA;NA;NA;NA;NA;NA;NA;NA;AOSPU ARCISPEDALE S.ANNA - FE;NA;NA;NA;0
080;080902;2024;589345;2024;080902;033032;27/12/2024;30/12/2024;031;391;M;0;0;3;NA;002;NA;NA;V3101;005;2490;033;001;080;F;080902;901000007207200;NA;NA;NA;NA;NA;9307;9546;8903;8939;897;9509;NA;NA;NA;NA;NA;AOSPU OSPEDALI RIUNITI - PR;NA;NA;NA;0
080;080902;2024;588636;2024;080902;015103;15/12/2024;17/12/2024;031;390;M;0;0;2;NA;002;NA;NA;V3000;005;3020;015;001;030;F;080902;901000007207218;V0482;NA;NA;NA;NA;9307;9546;8903;8939;897;9509;NA;NA;NA;NA;NA;AOSPU OSPEDALI RIUNITI - PR;NA;NA;NA;0
080;080902;2024;588120;2024;080902;034027;08/12/2024;11/12/2024;031;390;M;0;0;3;NA;002;NA;NA;7706;005;3000;034;001;080;M;080902;901000007207570;V3000;77984;V0482;NA;NA;9396;9546;9307;9509;8939;897;8903;NA;NA;NA;NA;AOSPU OSPEDALI RIUNITI - PR;NA;NA;NA;0
080;080902;2024;589347;2024;080902;033032;27/12/2024;30/12/2024;031;391;M;0;0;3;NA;002;NA;NA;V3101;005;2380;033;001;080;F;080902;901000007207627;NA;NA;NA;NA;NA;9307;9546;8903;9509;897;8939;NA;NA;NA;NA;NA;AOSPU OSPEDALI RIUNITI - PR;NA;NA;NA;0
080;080902;2024;588968;2024;080902;019021;19/12/2024;21/12/2024;031;390;M;0;0;2;NA;002;NA;NA;V3000;005;3355;019;001;030;M;080902;901000007207883;V0482;NA;NA;NA;NA;9307;9546;8903;8939;897;9509;NA;NA;NA;NA;NA;AOSPU OSPEDALI RIUNITI - PR;NA;NA;NA;0
080;080902;2024;589155;2024;080902;034032;23/12/2024;30/12/2024;062;390;M;0;0;7;NA;002;NA;NA;7602;005;3370;034;001;080;F;080902;901000007207932;77984;V0482;NA;NA;NA;3899;9546;8939;8903;9307;9509;897;NA;NA;NA;NA;AOSPU OSPEDALI RIUNITI - PR;NA;NA;NA;0
080;080072;2024;26577;2024;080114;039011;06/12/2024;08/12/2024;031;391;M;0;0;2;NA;002;NA;NA;V3000;005;2975;039;001;080;F;080072;901000007222261;NA;NA;NA;NA;NA;897;NA;NA;NA;NA;NA;NA;NA;NA;NA;NA;OSPEDALE RAVENNA;NA;NA;NA;0
080;080072;2024;26682;2024;080114;999344;08/12/2024;11/12/2024;031;390;M;0;0;3;NA;002;NA;NA;V3000;005;3365;999;001;344;F;080072;901000007222317;V0482;NA;NA;NA;NA;9914;NA;NA;NA;NA;NA;NA;NA;NA;NA;NA;OSPEDALE RAVENNA;NA;NA;NA;0
080;080072;2024;25985;2024;080114;039014;30/11/2024;03/12/2024;073;390;M;0;0;3;NA;002;NA;NA;77984;005;2845;039;001;080;F;080072;901000007222698;V0482;NA;NA;NA;NA;3899;8901;8966;NA;NA;NA;NA;NA;NA;NA;NA;OSPEDALE RAVENNA;NA;NA;NA;0
080;080072;2024;27505;2024;080114;039014;19/12/2024;21/12/2024;031;390;M;0;0;2;NA;002;NA;NA;V3000;005;4390;039;001;080;M;080072;901000007223969;V0482;NA;NA;NA;NA;NA;NA;NA;NA;NA;NA;NA;NA;NA;NA;NA;OSPEDALE RAVENNA;NA;NA;NA;0
080;080072;2024;26954;2024;080114;039007;12/12/2024;14/12/2024;031;390;M;0;0;2;NA;002;NA;NA;V3000;005;3400;039;001;080;F;080072;901000007224133;V0482;NA;NA;NA;NA;9914;NA;NA;NA;NA;NA;NA;NA;NA;NA;NA;OSPEDALE RAVENNA;NA;NA;NA;0
080;080072;2024;27352;2024;080114;999999;17/12/2024;19/12/2024;039;467;M;0;35;2;NA;002;NA;NA;V202;005;NA;999;001;999;M;080072;901000007225078;NA;NA;NA;NA;NA;8872;8871;8952;897;NA;NA;NA;NA;NA;NA;NA;OSPEDALE RAVENNA;NA;NA;NA;0
080;080095;2024;34750;2024;080114;040014;19/12/2024;19/12/2024;073;385;M;0;0;1;NA;001;NA;1;7685;005;NA;040;001;080;M;08009501;901000007227645;7687;78550;7765;NA;NA;9604;3892;9671;9904;8871;3893;NA;NA;NA;NA;NA;OSPEDALE RIMINI;NA;NA;NA;0
080;080095;2024;434;2024;080114;999236;04/01/2024;27/12/2024;065;408;C;0;247;68;NA;002;3993;NA;V5811;005;NA;999;002;236;M;08009501;901000007229708;20500;99685;NA;NA;NA;3993;9789;8872;8876;9925;NA;NA;NA;NA;NA;NA;OSPEDALE RIMINI;NA;NA;NA;0
080;080095;2024;29867;2024;080114;999999;28/10/2024;05/12/2024;062;386;M;0;0;38;NA;002;NA;NA;769;005;1630;999;001;999;F;08009501;901000007231826;76526;76406;65103;7775;7756;9390;9604;8871;3892;8744;9915;3893;8872;8819;9132;8879;OSPEDALE RIMINI;NA;NA;NA;0
080;080095;2024;29868;2024;080114;999999;28/10/2024;05/12/2024;062;386;M;0;0;38;NA;002;NA;NA;769;005;1390;999;001;999;F;08009501;901000007235689;76526;76415;76505;7775;7756;9390;8871;8744;3892;9915;3893;9921;8819;8872;9132;8879;OSPEDALE RIMINI;NA;NA;NA;0
080;080095;2024;30404;2024;080114;999235;03/11/2024;07/11/2024;062;390;M;0;0;4;NA;002;NA;NA;76419;005;2570;999;001;235;F;08009501;901000007306757;V0482;NA;NA;NA;NA;8871;8872;8952;897;9929;NA;NA;NA;NA;NA;NA;OSPEDALE RIMINI;NA;NA;NA;0
080;080095;2024;21218;2024;080114;999250;28/07/2024;29/07/2024;031;391;M;0;0;1;NA;002;NA;NA;V3000;005;3570;999;001;250;M;08009501;901000007308117;NA;NA;NA;NA;NA;NA;NA;NA;NA;NA;NA;NA;NA;NA;NA;NA;OSPEDALE RIMINI;NA;NA;NA;0
080;080095;2024;15086;2024;080114;099014;27/05/2024;30/05/2024;062;390;M;0;0;3;NA;002;NA;NA;7793;005;2870;099;001;080;M;08009501;901000007308190;78340;NA;NA;NA;NA;9547;9059;NA;NA;NA;NA;NA;NA;NA;NA;NA;OSPEDALE RIMINI;NA;NA;NA;0
080;080095;2024;21686;2024;080114;999235;02/08/2024;04/08/2024;031;391;M;0;0;2;NA;002;NA;NA;V3000;005;3730;999;001;235;F;08009501;901000007308213;NA;NA;NA;NA;NA;NA;NA;NA;NA;NA;NA;NA;NA;NA;NA;NA;OSPEDALE RIMINI;NA;NA;NA;0
080;080095;2024;7094;2024;080114;999235;07/03/2024;09/03/2024;062;390;M;0;0;2;NA;002;NA;NA;76419;005;2785;999;001;235;F;08009501;901000007308316;NA;NA;NA;NA;NA;9059;8871;NA;NA;NA;NA;NA;NA;NA;NA;NA;OSPEDALE RIMINI;NA;NA;NA;0
080;080095;2024;2528;2024;080114;999201;23/01/2024;18/02/2024;062;389;M;0;0;26;NA;002;NA;NA;77430;005;2840;999;001;201;M;08009501;901000007309654;7756;1120;NA;NA;NA;9059;9983;NA;NA;NA;NA;NA;NA;NA;NA;NA;OSPEDALE RIMINI;NA;NA;NA;0
080;080095;2024;20949;2024;080114;099013;25/07/2024;27/07/2024;062;390;M;0;0;2;NA;002;NA;NA;7661;005;4050;099;001;080;F;08009501;901000007309740;7793;78340;NA;NA;NA;9059;NA;NA;NA;NA;NA;NA;NA;NA;NA;NA;OSPEDALE RIMINI;NA;NA;NA;0
080;080072;2024;27303;2024;080114;039012;16/12/2024;18/12/2024;031;390;M;0;0;2;NA;002;NA;NA;V3000;005;3215;039;001;080;F;080072;901000007310035;V0482;NA;NA;NA;NA;897;NA;NA;NA;NA;NA;NA;NA;NA;NA;NA;OSPEDALE RAVENNA;NA;NA;NA;0
080;080072;2024;28018;2024;080114;039014;27/12/2024;29/12/2024;031;390;M;0;0;2;NA;002;NA;NA;V3001;005;2920;039;001;080;F;080072;901000007310180;V0482;NA;NA;NA;NA;9914;NA;NA;NA;NA;NA;NA;NA;NA;NA;NA;OSPEDALE RAVENNA;NA;NA;NA;0
080;080053;2024;313262;2024;080105;999271;23/06/2024;26/06/2024;062;391;M;0;0;3;NA;002;NA;NA;76408;005;2320;999;001;271;M;08005301;901000007313730;NA;NA;NA;NA;NA;897;NA;NA;NA;NA;NA;NA;NA;NA;NA;NA;OSPEDALE MAGGIORE;NA;NA;NA;0
080;080053;2024;314078;2024;080105;999235;03/07/2024;05/07/2024;031;391;M;0;0;2;NA;002;NA;NA;V3000;005;3065;999;001;235;F;08005307;901000007313890;NA;NA;NA;NA;NA;897;NA;NA;NA;NA;NA;NA;NA;NA;NA;NA;OSPEDALE BENTIVOGLIO;NA;NA;NA;0
080;080053;2024;310377;2024;080105;999235;16/05/2024;18/05/2024;031;391;M;0;0;2;NA;002;NA;NA;V3000;005;3500;999;001;235;F;08005301;901000007313990;NA;NA;NA;NA;NA;897;NA;NA;NA;NA;NA;NA;NA;NA;NA;NA;OSPEDALE MAGGIORE;NA;NA;NA;0
080;080053;2024;305504;2024;080105;999999;12/03/2024;14/03/2024;031;391;M;0;0;2;NA;002;NA;NA;V3001;005;3300;999;001;999;F;08005301;901000007315724;NA;NA;NA;NA;NA;897;NA;NA;NA;NA;NA;NA;NA;NA;NA;NA;OSPEDALE MAGGIORE;NA;NA;NA;0
080;080053;2024;374464;2024;080105;999221;26/10/2024;29/10/2024;039;098;M;0;287;3;NA;002;NA;NA;46619;005;NA;999;001;221;M;08005301;901000007315780;75251;NA;NA;NA;NA;9396;9394;897;8903;9039;NA;NA;NA;NA;NA;NA;OSPEDALE MAGGIORE;NA;NA;NA;0
080;080013;2024;3364;2024;080102;088002;15/03/2024;17/03/2024;031;391;M;0;0;2;NA;002;NA;NA;V3000;005;3300;088;001;190;F;08001301;901000007342047;NA;NA;NA;NA;NA;8879;9546;8908;897;8939;9307;8903;8959;NA;NA;NA;OSPEDALE FIDENZA;NA;NA;NA;0
080;080908;2024;410621;2024;080908;999272;15/08/2024;11/09/2024;049;111;C;0;0;27;10;001;3799;NA;7467;005;2600;999;001;272;M;080908;901000007346583;NA;NA;NA;NA;NA;3799;3999;3891;3845;8843;3721;3723;8842;NA;NA;NA;IRCCS AOU BOLOGNA;NA;NA;NA;0
080;080908;2024;524865;2024;080908;999219;01/06/2024;07/06/2024;062;386;M;0;0;6;NA;002;NA;NA;769;005;3656;999;001;219;M;080908;901000007349388;7631;7633;7746;NA;NA;897;3899;9390;9396;9983;9059;8901;8906;8919;897;8871;IRCCS AOU BOLOGNA;NA;NA;NA;0
080;080908;2024;422513;2024;080908;999233;03/11/2024;05/11/2024;031;390;M;0;0;2;NA;002;NA;NA;V3000;005;3455;999;001;233;F;080908;901000007350906;7608;V0482;NA;NA;NA;897;897;8965;8903;9509;9547;9059;8619;9914;NA;NA;IRCCS AOU BOLOGNA;NA;NA;NA;0
080;080908;2024;415919;2024;080908;999235;23/09/2024;27/09/2024;031;391;M;0;0;4;NA;002;NA;NA;V3000;005;3150;999;001;235;M;080908;901000007351266;NA;NA;NA;NA;NA;897;8619;8903;9547;897;9059;9509;8965;NA;NA;NA;IRCCS AOU BOLOGNA;NA;NA;NA;0
080;080908;2024;426688;2024;080908;999239;27/11/2024;01/12/2024;031;389;M;0;0;4;NA;002;NA;NA;V3001;005;3160;999;001;239;F;080908;901000007354355;7750;7755;7731;V0482;NA;897;8965;8903;9914;9509;9059;8619;897;9547;8952;8872;IRCCS AOU BOLOGNA;NA;NA;NA;0
080;080908;2024;506720;2024;080908;999236;08/02/2024;29/02/2024;039;299;M;0;251;2;NA;002;NA;NA;27789;005;NA;999;002;236;M;080908;901000007357656;NA;NA;NA;NA;NA;8906;8906;897;9059;8902;897;9059;NA;NA;NA;NA;IRCCS AOU BOLOGNA;NA;NA;NA;0
080;080908;2024;509688;2024;080908;999219;26/02/2024;28/02/2024;031;391;M;0;0;2;NA;002;NA;NA;V3001;005;3465;999;001;219;M;080908;901000007358510;NA;NA;NA;NA;NA;897;8903;8965;897;9059;9509;9547;8619;NA;NA;NA;IRCCS AOU BOLOGNA;NA;NA;NA;0
080;080902;2024;575728;2024;080902;034015;26/07/2024;26/07/2024;073;385;M;0;0;1;NA;001;NA;NA;769;005;1110;034;001;080;F;080902;901000007363711;7685;76514;76524;7621;77181;9605;9671;9963;898;3891;8744;3194;3892;NA;NA;NA;AOSPU OSPEDALI RIUNITI - PR;NA;NA;NA;0
080;080909;2024;2845;2024;080909;999250;12/02/2024;15/02/2024;031;391;M;0;0;3;NA;002;NA;NA;V3000;005;3760;999;001;250;M;080909;901000007368495;NA;NA;NA;NA;NA;9059;9501;9541;8952;NA;NA;NA;NA;NA;NA;NA;AOSPU ARCISPEDALE S.ANNA - FE;NA;NA;NA;0
080;080909;2024;16872;2024;080909;999999;14/09/2024;18/09/2024;031;390;M;0;0;4;NA;002;NA;NA;V3001;005;2620;999;001;999;M;080909;901000007368731;76409;7706;NA;NA;NA;9059;9541;9501;8968;8875;8965;3898;8871;NA;NA;NA;AOSPU ARCISPEDALE S.ANNA - FE;NA;NA;NA;0
080;080909;2024;11578;2024;080909;999219;21/06/2024;23/06/2024;031;390;M;0;0;2;NA;002;NA;NA;V3001;005;3595;999;001;219;F;080909;901000007369586;7500;NA;NA;NA;NA;9501;2592;9541;9059;NA;NA;NA;NA;NA;NA;NA;AOSPU ARCISPEDALE S.ANNA - FE;NA;NA;NA;0
010;010009;2023;19618837;2023;010206;038008;15/02/2023;18/02/2023;031;390;M;0;0;3;1;002;NA;NA;V3000;005;4350;038;001;080;F;01000901;918000019618837;7661;7608;7455;7470;NA;8872;9509;9547;3899;NA;NA;NA;NA;NA;NA;NA;NON DEFINITO;NA;NA;NA;0
010;010905;2023;19619359;2023;010905;038007;05/01/2023;06/01/2023;031;391;M;0;0;1;1;005;NA;NA;V3000;005;3355;038;001;080;F;01090501;918000019619359;V290;NA;NA;NA;NA;3899;NA;NA;NA;NA;NA;NA;NA;NA;NA;NA;NON DEFINITO;NA;NA;NA;0
010;010905;2023;19619373;2023;010905;036001;20/04/2023;23/04/2023;031;391;M;0;0;3;2;002;NA;NA;V3000;005;3090;036;001;080;M;01090501;918000019619373;NA;NA;NA;NA;NA;9509;9547;NA;NA;NA;NA;NA;NA;NA;NA;NA;NON DEFINITO;NA;NA;NA;0
010;010907;2023;19619459;2023;010907;033032;30/03/2023;01/04/2023;031;391;M;0;0;2;0;002;NA;NA;V3000;005;3000;033;001;080;F;01090702;918000019619459;NA;NA;NA;NA;NA;8966;NA;NA;NA;NA;NA;NA;NA;NA;NA;NA;NON DEFINITO;NA;NA;NA;0
010;010908;2023;19619471;2023;010908;033021;28/03/2023;31/03/2023;031;391;M;0;0;3;3;002;NA;NA;V3000;005;3380;033;001;080;M;010908;918000019619471;7746;NA;NA;NA;NA;9992;NA;NA;NA;NA;NA;NA;NA;NA;NA;NA;NON DEFINITO;NA;NA;NA;0
010;010908;2023;19619473;2023;010908;037006;29/03/2023;31/03/2023;031;391;M;0;0;2;NA;002;NA;NA;V3000;005;3040;037;001;080;F;010908;918000019619473;7746;NA;NA;NA;NA;NA;NA;NA;NA;NA;NA;NA;NA;NA;NA;NA;NON DEFINITO;NA;NA;NA;0
010;010908;2023;19619477;2023;010908;035033;21/04/2023;23/04/2023;031;390;M;0;0;2;1;002;NA;NA;V3000;005;2660;035;001;080;M;010908;918000019619477;7773;7746;76409;NA;NA;3899;9633;NA;NA;NA;NA;NA;NA;NA;NA;NA;NON DEFINITO;NA;NA;NA;0
010;010909;2022;19619578;2023;010909;099014;31/12/2022;04/01/2023;062;390;M;0;0;4;0;002;NA;NA;77439;005;3200;099;001;080;F;01090906;918000019619578;77989;79095;V3000;NA;NA;8966;9921;9983;NA;NA;NA;NA;NA;NA;NA;NA;NON DEFINITO;NA;NA;NA;0
010;010909;2023;19619587;2023;010909;033032;27/05/2023;30/05/2023;062;389;M;0;0;3;3;002;NA;NA;7763;005;2990;033;001;080;M;01090906;918000019619587;V3000;NA;NA;NA;NA;8871;NA;NA;NA;NA;NA;NA;NA;NA;NA;NA;NON DEFINITO;NA;NA;NA;0
010;010909;2023;19619591;2023;010909;037006;22/06/2023;25/06/2023;031;391;M;0;0;3;2;002;NA;NA;V3000;005;2930;037;001;080;F;01090906;918000019619591;76529;NA;NA;NA;NA;9546;NA;NA;NA;NA;NA;NA;NA;NA;NA;NA;NON DEFINITO;NA;NA;NA;0
010;010909;2023;19619596;2023;010909;037006;14/07/2023;20/07/2023;031;391;M;0;0;6;NA;002;NA;NA;7633;005;3270;037;001;080;M;01090906;918000019619596;V3000;NA;NA;NA;NA;NA;NA;NA;NA;NA;NA;NA;NA;NA;NA;NA;NON DEFINITO;NA;NA;NA;0
010;010909;2023;19619598;2023;010909;035033;18/07/2023;20/07/2023;031;391;M;0;0;2;2;002;NA;NA;V3000;005;3530;035;001;080;F;01090906;918000019619598;76529;NA;NA;NA;NA;9546;NA;NA;NA;NA;NA;NA;NA;NA;NA;NA;NON DEFINITO;NA;NA;NA;0
030;030176;2023;19643574;2023;030326;033032;26/09/2023;29/09/2023;031;391;M;0;0;3;NA;002;NA;NA;V3000;005;2450;033;001;080;F;030176;918000019643574;76409;NA;NA;NA;NA;NA;NA;NA;NA;NA;NA;NA;NA;NA;NA;NA;NON DEFINITO;NA;NA;NA;0
030;030176;2023;19643581;2023;030326;033032;12/10/2023;16/10/2023;031;391;M;0;0;4;NA;002;NA;NA;V3001;005;3680;033;001;080;M;030176;918000019643581;NA;NA;NA;NA;NA;NA;NA;NA;NA;NA;NA;NA;NA;NA;NA;NA;NON DEFINITO;NA;NA;NA;0
030;030295;2023;19644211;2023;030326;099001;09/02/2023;11/02/2023;031;391;M;0;0;2;NA;002;NA;NA;V3000;005;2730;099;001;080;F;030295;918000019644211;NA;NA;NA;NA;76409;NA;NA;NA;NA;NA;NA;NA;NA;NA;NA;NA;NON DEFINITO;NA;NA;NA;0
030;030295;2023;19644242;2023;030326;033027;25/03/2023;30/03/2023;062;388;M;0;0;5;0;002;NA;NA;76519;005;2875;033;001;080;M;030295;918000019644242;76528;V3001;NA;NA;NA;8872;8875;8873;8876;NA;NA;NA;NA;NA;NA;NA;NON DEFINITO;NA;NA;NA;0
030;030295;2023;19644267;2023;030326;033036;04/05/2023;07/05/2023;031;391;M;0;0;3;NA;002;NA;NA;V3001;005;3455;033;001;080;M;030295;918000019644267;NA;NA;NA;NA;NA;NA;NA;NA;NA;NA;NA;NA;NA;NA;NA;NA;NON DEFINITO;NA;NA;NA;0
030;030295;2023;19644305;2023;030326;033014;15/06/2023;17/06/2023;031;391;M;0;0;2;NA;002;NA;NA;V3000;005;3240;033;001;080;F;030295;918000019644305;NA;NA;NA;NA;NA;NA;NA;NA;NA;NA;NA;NA;NA;NA;NA;NA;NON DEFINITO;NA;NA;NA;0
030;030295;2023;19644341;2023;030326;034027;11/09/2023;13/09/2023;031;391;M;0;0;2;2;002;NA;NA;V3000;005;2980;034;001;080;F;030295;918000019644341;NA;NA;NA;NA;7454;8872;NA;NA;NA;NA;NA;NA;NA;NA;NA;NA;NON DEFINITO;NA;NA;NA;0
030;030295;2023;19644347;2023;030326;035029;14/09/2023;15/09/2023;031;391;M;0;0;1;NA;002;NA;NA;V3000;005;2970;035;001;080;F;030295;918000019644347;NA;NA;NA;NA;NA;NA;NA;NA;NA;NA;NA;NA;NA;NA;NA;NA;NON DEFINITO;NA;NA;NA;0
030;030295;2023;19644361;2023;030326;033039;29/09/2023;01/10/2023;031;391;M;0;0;2;NA;002;NA;NA;V3000;005;3735;033;001;080;M;030295;918000019644361;NA;NA;NA;NA;NA;NA;NA;NA;NA;NA;NA;NA;NA;NA;NA;NA;NON DEFINITO;NA;NA;NA;0
030;030295;2023;19644372;2023;030326;036037;17/10/2023;19/10/2023;031;391;M;0;0;2;NA;002;NA;NA;V3000;005;2910;036;001;080;F;030295;918000019644372;NA;NA;NA;NA;NA;NA;NA;NA;NA;NA;NA;NA;NA;NA;NA;NA;NON DEFINITO;NA;NA;NA;0
030;030913;2023;19648901;2023;030701;033032;28/02/2023;04/03/2023;031;391;M;0;0;4;NA;002;NA;NA;V3000;005;3860;033;001;080;M;030913;918000019648901;NA;NA;NA;NA;NA;NA;NA;NA;NA;NA;NA;NA;NA;NA;NA;NA;NON DEFINITO;NA;NA;NA;0
030;030913;2023;19648933;2023;030701;033032;28/03/2023;30/04/2023;073;385;M;0;0;33;2;001;NA;NA;76503;005;780;033;001;080;F;030913;918000019648933;769;7503;7452;77214;NA;4251;3173;3402;9672;3893;NA;NA;NA;NA;NA;NA;NON DEFINITO;NA;NA;NA;0
030;030913;2023;19649056;2023;030701;033032;07/08/2023;16/08/2023;031;391;M;0;0;9;NA;002;NA;NA;V3000;005;2960;033;001;080;M;030913;918000019649056;NA;NA;NA;NA;NA;NA;NA;NA;NA;NA;NA;NA;NA;NA;NA;NA;NON DEFINITO;NA;NA;NA;0
030;030915;2023;19649280;2023;030702;034032;20/03/2023;24/03/2023;031;391;M;0;0;4;NA;002;NA;NA;V3000;005;3220;034;001;080;F;030915;918000019649280;NA;NA;NA;NA;NA;NA;NA;NA;NA;NA;NA;NA;NA;NA;NA;NA;NON DEFINITO;NA;NA;NA;0
030;030057;2023;19649412;2023;030703;033001;24/07/2023;27/07/2023;031;391;M;0;0;3;NA;002;NA;NA;V3001;005;3020;033;001;080;M;030057;918000019649412;NA;NA;NA;NA;NA;NA;NA;NA;NA;NA;NA;NA;NA;NA;NA;NA;NON DEFINITO;NA;NA;NA;0
030;030903;2023;19650099;2023;030715;035032;24/04/2023;04/05/2023;062;391;M;0;0;10;NA;002;NA;NA;V3000;005;3335;035;001;080;F;030903;918000019650099;V298;NA;NA;NA;NA;NA;NA;NA;NA;NA;NA;NA;NA;NA;NA;NA;NON DEFINITO;NA;NA;NA;0
030;030903;2023;19650109;2023;030715;035033;19/10/2023;22/10/2023;031;391;M;0;0;3;NA;002;NA;NA;V3000;005;3945;035;001;080;M;030903;918000019650109;NA;NA;NA;NA;NA;NA;NA;NA;NA;NA;NA;NA;NA;NA;NA;NA;NON DEFINITO;NA;NA;NA;0
030;030068;2023;19650116;2023;030717;036023;22/05/2023;26/05/2023;031;391;M;0;0;4;NA;002;NA;NA;V3001;005;3480;036;001;080;F;030068;918000019650116;NA;NA;NA;NA;NA;NA;NA;NA;NA;NA;NA;NA;NA;NA;NA;NA;NON DEFINITO;NA;NA;NA;0
030;030905;2023;19650162;2023;030718;033013;24/01/2023;26/01/2023;031;391;M;0;0;2;NA;002;NA;NA;V3001;005;2990;033;001;080;F;030905;918000019650162;NA;NA;NA;NA;NA;NA;NA;NA;NA;NA;NA;NA;NA;NA;NA;NA;NON DEFINITO;NA;NA;NA;0
030;030140;2023;19650327;2023;030720;034006;29/03/2023;31/03/2023;031;391;M;0;0;2;NA;002;NA;NA;V3000;005;3600;034;001;080;M;030140;918000019650327;NA;NA;NA;NA;NA;NA;NA;NA;NA;NA;NA;NA;NA;NA;NA;NA;NON DEFINITO;NA;NA;NA;0
030;030167;2023;19650358;2023;030721;033014;06/02/2023;10/02/2023;031;391;M;0;0;4;2;002;NA;NA;V3101;005;2305;033;001;080;F;030167;918000019650358;NA;NA;NA;NA;NA;897;NA;NA;NA;NA;NA;NA;NA;NA;NA;NA;NON DEFINITO;NA;NA;NA;0
030;030167;2023;19650359;2023;030721;033014;06/02/2023;10/02/2023;031;391;M;0;0;4;2;002;NA;NA;V3101;005;2310;033;001;080;F;030167;918000019650359;NA;NA;NA;NA;NA;897;NA;NA;NA;NA;NA;NA;NA;NA;NA;NA;NON DEFINITO;NA;NA;NA;0
030;030167;2023;19650382;2023;030721;037041;23/08/2023;25/08/2023;031;391;M;0;0;2;0;002;NA;NA;V3001;005;3285;037;001;080;F;030167;918000019650382;NA;NA;NA;NA;NA;897;NA;NA;NA;NA;NA;NA;NA;NA;NA;NA;NON DEFINITO;NA;NA;NA;0
030;030167;2023;19650393;2023;030721;036040;13/10/2023;16/10/2023;062;391;M;0;0;3;0;002;NA;NA;V3000;005;3525;036;001;080;M;030167;918000019650393;NA;NA;NA;NA;NA;897;NA;NA;NA;NA;NA;NA;NA;NA;NA;NA;NON DEFINITO;NA;NA;NA;0
030;030167;2023;19650395;2023;030721;033018;20/10/2023;24/11/2023;062;532;C;0;0;35;4;002;0351;NA;3492;005;3076;033;001;080;M;030167;918000019650395;2859;75617;NA;NA;NA;8891;9903;8872;9671;0351;NA;NA;NA;NA;NA;NA;NON DEFINITO;NA;NA;NA;0
030;030209;2023;19652477;2023;030726;037054;24/10/2023;27/10/2023;031;391;M;0;0;3;3;002;NA;NA;V3000;005;3730;037;001;080;M;030209;918000019652477;NA;NA;NA;NA;NA;8872;8915;NA;NA;NA;NA;NA;NA;NA;NA;NA;NON DEFINITO;NA;NA;NA;0
030;030194;2023;19652555;2023;030727;033039;11/08/2023;14/08/2023;031;391;M;0;0;3;1;002;NA;NA;V3001;005;3380;033;001;080;F;030194;918000019652555;NA;NA;NA;NA;NA;9546;NA;NA;NA;NA;NA;NA;NA;NA;NA;NA;NON DEFINITO;NA;NA;NA;0
030;030194;2023;19652561;2023;030727;033013;14/10/2023;17/10/2023;031;391;M;0;0;3;2;002;NA;NA;V3000;005;3070;033;001;080;M;030194;918000019652561;NA;NA;NA;NA;NA;9546;NA;NA;NA;NA;NA;NA;NA;NA;NA;NA;NON DEFINITO;NA;NA;NA;0
030;030383;2022;19652576;2023;030727;033013;29/12/2022;01/01/2023;031;391;M;0;0;3;3;002;NA;NA;V3001;005;3280;033;001;080;F;030383;918000019652576;NA;NA;NA;NA;NA;9546;NA;NA;NA;NA;NA;NA;NA;NA;NA;NA;NON DEFINITO;NA;NA;NA;0
030;030383;2023;19652578;2023;030727;033013;03/01/2023;07/01/2023;031;391;M;0;0;4;2;002;NA;NA;V3000;005;2700;033;001;080;F;030383;918000019652578;NA;NA;NA;NA;NA;9546;3899;NA;NA;NA;NA;NA;NA;NA;NA;NA;NON DEFINITO;NA;NA;NA;0
030;030383;2023;19652581;2023;030727;033006;20/01/2023;23/01/2023;031;391;M;0;0;3;2;002;NA;NA;V3000;005;2980;033;001;080;F;030383;918000019652581;NA;NA;NA;NA;NA;9546;NA;NA;NA;NA;NA;NA;NA;NA;NA;NA;NON DEFINITO;NA;NA;NA;0
030;030383;2023;19652584;2023;030727;033013;23/01/2023;26/01/2023;031;391;M;0;0;3;2;002;NA;NA;V3001;005;3500;033;001;080;M;030383;918000019652584;NA;NA;NA;NA;NA;9546;NA;NA;NA;NA;NA;NA;NA;NA;NA;NA;NON DEFINITO;NA;NA;NA;0
030;030383;2023;19652587;2023;030727;033033;29/01/2023;03/02/2023;031;391;M;0;0;5;4;002;NA;NA;V3001;005;3660;033;001;080;M;030383;918000019652587;V290;NA;NA;NA;NA;9546;9921;9052;9131;NA;NA;NA;NA;NA;NA;NA;NON DEFINITO;NA;NA;NA;0
030;030383;2023;19652589;2023;030727;033013;29/01/2023;02/02/2023;031;388;M;0;0;4;3;002;NA;NA;V3001;005;2840;033;001;080;M;030383;918000019652589;76519;NA;NA;NA;NA;9546;NA;NA;NA;NA;NA;NA;NA;NA;NA;NA;NON DEFINITO;NA;NA;NA;0
030;030383;2023;19652591;2023;030727;033040;30/01/2023;02/02/2023;031;391;M;0;0;3;2;002;NA;NA;V3000;005;3260;033;001;080;F;030383;918000019652591;NA;NA;NA;NA;NA;9546;NA;NA;NA;NA;NA;NA;NA;NA;NA;NA;NON DEFINITO;NA;NA;NA;0
030;030383;2023;19652593;2023;030727;033013;02/02/2023;05/02/2023;031;391;M;0;0;3;2;002;NA;NA;V3001;005;3660;033;001;080;M;030383;918000019652593;NA;NA;NA;NA;NA;9546;NA;NA;NA;NA;NA;NA;NA;NA;NA;NA;NON DEFINITO;NA;NA;NA;0
030;030383;2023;19652595;2023;030727;033013;03/02/2023;05/02/2023;031;391;M;0;0;2;1;002;NA;NA;V3000;005;3460;033;001;080;M;030383;918000019652595;NA;NA;NA;NA;NA;9546;NA;NA;NA;NA;NA;NA;NA;NA;NA;NA;NON DEFINITO;NA;NA;NA;0
030;030383;2023;19652597;2023;030727;033006;04/02/2023;07/02/2023;031;391;M;0;0;3;2;002;NA;NA;V3000;005;4060;033;001;080;F;030383;918000019652597;7661;NA;NA;NA;NA;9546;NA;NA;NA;NA;NA;NA;NA;NA;NA;NA;NON DEFINITO;NA;NA;NA;0
030;030383;2023;19652599;2023;030727;033006;07/02/2023;09/02/2023;031;391;M;0;0;2;1;002;NA;NA;V3000;005;3740;033;001;080;M;030383;918000019652599;NA;NA;NA;NA;NA;9546;NA;NA;NA;NA;NA;NA;NA;NA;NA;NA;NON DEFINITO;NA;NA;NA;0
030;030383;2023;19652601;2023;030727;033013;09/02/2023;12/02/2023;031;391;M;0;0;3;3;002;NA;NA;V3001;005;3720;033;001;080;M;030383;918000019652601;NA;NA;NA;NA;NA;9546;NA;NA;NA;NA;NA;NA;NA;NA;NA;NA;NON DEFINITO;NA;NA;NA;0
030;030383;2023;19652603;2023;030727;033005;14/02/2023;17/02/2023;031;391;M;0;0;3;2;002;NA;NA;V3001;005;2580;033;001;080;F;030383;918000019652603;76409;NA;NA;NA;NA;9546;NA;NA;NA;NA;NA;NA;NA;NA;NA;NA;NON DEFINITO;NA;NA;NA;0
030;030383;2023;19652607;2023;030727;033006;16/03/2023;19/03/2023;031;391;M;0;0;3;3;002;NA;NA;V3000;005;3160;033;001;080;M;030383;918000019652607;NA;NA;NA;NA;NA;9546;NA;NA;NA;NA;NA;NA;NA;NA;NA;NA;NON DEFINITO;NA;NA;NA;0
030;030383;2023;19652610;2023;030727;033013;21/03/2023;23/03/2023;031;391;M;0;0;2;2;002;NA;NA;V3000;005;3680;033;001;080;M;030383;918000019652610;NA;NA;NA;NA;NA;9546;NA;NA;NA;NA;NA;NA;NA;NA;NA;NA;NON DEFINITO;NA;NA;NA;0
030;030383;2023;19652614;2023;030727;033013;30/03/2023;03/04/2023;031;391;M;0;0;4;4;002;NA;NA;V3000;005;3840;033;001;080;M;030383;918000019652614;7746;NA;NA;NA;NA;9546;9983;NA;NA;NA;NA;NA;NA;NA;NA;NA;NON DEFINITO;NA;NA;NA;0
030;030383;2023;19652619;2023;030727;033013;14/04/2023;17/04/2023;031;391;M;0;0;3;2;002;NA;NA;V3000;005;2840;033;001;080;M;030383;918000019652619;76408;NA;NA;NA;NA;9546;NA;NA;NA;NA;NA;NA;NA;NA;NA;NA;NON DEFINITO;NA;NA;NA;0
030;030383;2023;19652621;2023;030727;033013;15/04/2023;18/04/2023;031;391;M;0;0;3;2;002;NA;NA;V3000;005;2860;033;001;080;M;030383;918000019652621;76409;NA;NA;NA;NA;9546;NA;NA;NA;NA;NA;NA;NA;NA;NA;NA;NON DEFINITO;NA;NA;NA;0
030;030383;2023;19652623;2023;030727;033013;16/04/2023;19/04/2023;031;391;M;0;0;3;1;002;NA;NA;V3000;005;3000;033;001;080;M;030383;918000019652623;76409;NA;NA;NA;NA;9546;NA;NA;NA;NA;NA;NA;NA;NA;NA;NA;NON DEFINITO;NA;NA;NA;0
030;030383;2023;19652626;2023;030727;033013;18/04/2023;21/04/2023;031;391;M;0;0;3;2;002;NA;NA;V3000;005;3820;033;001;080;M;030383;918000019652626;NA;NA;NA;NA;NA;9546;NA;NA;NA;NA;NA;NA;NA;NA;NA;NA;NON DEFINITO;NA;NA;NA;0
030;030383;2023;19652633;2023;030727;033006;21/05/2023;24/05/2023;031;391;M;0;0;3;2;002;NA;NA;V3000;005;3320;033;001;080;M;030383;918000019652633;NA;NA;NA;NA;NA;9546;NA;NA;NA;NA;NA;NA;NA;NA;NA;NA;NON DEFINITO;NA;NA;NA;0
030;030383;2023;19652640;2023;030727;033039;07/07/2023;10/07/2023;031;391;M;0;0;3;2;002;NA;NA;V3001;005;3460;033;001;080;M;030383;918000019652640;NA;NA;NA;NA;NA;9546;NA;NA;NA;NA;NA;NA;NA;NA;NA;NA;NON DEFINITO;NA;NA;NA;0
030;030383;2023;19652645;2023;030727;033006;31/07/2023;04/08/2023;031;391;M;0;0;4;2;002;NA;NA;V3001;005;3880;033;001;080;M;030383;918000019652645;7661;NA;NA;NA;NA;9546;NA;NA;NA;NA;NA;NA;NA;NA;NA;NA;NON DEFINITO;NA;NA;NA;0
030;030383;2023;19652646;2023;030727;033042;31/07/2023;02/08/2023;031;391;M;0;0;2;2;002;NA;NA;V3000;005;2800;033;001;080;M;030383;918000019652646;NA;NA;NA;NA;NA;9546;NA;NA;NA;NA;NA;NA;NA;NA;NA;NA;NON DEFINITO;NA;NA;NA;0
030;030924;2022;19653167;2023;030924;033049;27/12/2022;04/01/2023;062;387;M;0;0;8;0;002;NA;NA;76517;005;1975;033;001;080;M;030924;918000019653167;76528;7756;75261;NA;NA;9918;8871;9541;9449;NA;NA;NA;NA;NA;NA;NA;NON DEFINITO;NA;NA;NA;0
030;030924;2022;19653168;2023;030924;033049;27/12/2022;04/01/2023;062;387;M;0;0;8;0;002;NA;NA;76517;005;1940;033;001;080;M;030924;918000019653168;76528;7756;75261;NA;NA;9918;8871;9541;9449;NA;NA;NA;NA;NA;NA;NA;NON DEFINITO;NA;NA;NA;0
030;030924;2023;19653190;2023;030924;033013;10/01/2023;17/01/2023;031;387;M;0;0;7;3;002;NA;NA;V3001;005;2235;033;001;080;F;030924;918000019653190;76528;76408;7756;NA;NA;9541;8871;NA;NA;NA;NA;NA;NA;NA;NA;NA;NON DEFINITO;NA;NA;NA;0
030;030924;2023;19653201;2023;030924;033001;16/01/2023;11/02/2023;062;390;M;0;0;26;0;002;NA;NA;77989;005;3205;033;001;080;F;030924;918000019653201;7866;NA;NA;NA;NA;8959;8744;8741;8871;8872;8876;NA;NA;NA;NA;NA;NON DEFINITO;NA;NA;NA;0
030;030924;2023;19653209;2023;030924;033033;20/01/2023;23/01/2023;031;391;M;0;0;3;3;002;NA;NA;V3000;005;3475;033;001;080;F;030924;918000019653209;NA;NA;NA;NA;NA;9541;NA;NA;NA;NA;NA;NA;NA;NA;NA;NA;NON DEFINITO;NA;NA;NA;0
030;030924;2023;19653213;2023;030924;033032;24/01/2023;26/01/2023;031;391;M;0;0;2;2;002;NA;NA;V3000;005;2860;033;001;080;M;030924;918000019653213;NA;NA;NA;NA;NA;9541;NA;NA;NA;NA;NA;NA;NA;NA;NA;NA;NON DEFINITO;NA;NA;NA;0
030;030924;2023;19653226;2023;030924;033032;02/02/2023;04/02/2023;031;391;M;0;0;2;2;002;NA;NA;V3000;005;3180;033;001;080;M;030924;918000019653226;NA;NA;NA;NA;NA;9541;NA;NA;NA;NA;NA;NA;NA;NA;NA;NA;NON DEFINITO;NA;NA;NA;0
030;030924;2023;19653230;2023;030924;033032;05/02/2023;07/02/2023;031;391;M;0;0;2;2;002;NA;NA;V3000;005;4265;033;001;080;M;030924;918000019653230;NA;NA;NA;NA;NA;9541;9449;NA;NA;NA;NA;NA;NA;NA;NA;NA;NON DEFINITO;NA;NA;NA;0
030;030924;2023;19653292;2023;030924;033032;16/03/2023;19/03/2023;031;391;M;0;0;3;3;002;NA;NA;V3001;005;2670;033;001;080;M;030924;918000019653292;NA;NA;NA;NA;NA;9541;NA;NA;NA;NA;NA;NA;NA;NA;NA;NA;NON DEFINITO;NA;NA;NA;0
030;030924;2023;19653296;2023;030924;034033;19/03/2023;21/03/2023;031;391;M;0;0;2;2;002;NA;NA;V3000;005;3135;034;001;080;F;030924;918000019653296;NA;NA;NA;NA;NA;9541;NA;NA;NA;NA;NA;NA;NA;NA;NA;NA;NON DEFINITO;NA;NA;NA;0
030;030924;2023;19653334;2023;030924;033049;16/04/2023;18/04/2023;031;391;M;0;0;2;1;002;NA;NA;V3000;005;3390;033;001;080;M;030924;918000019653334;NA;NA;NA;NA;NA;9541;NA;NA;NA;NA;NA;NA;NA;NA;NA;NA;NON DEFINITO;NA;NA;NA;0
030;030924;2023;19653342;2023;030924;033032;21/04/2023;23/04/2023;031;391;M;0;0;2;2;002;NA;NA;V3000;005;3230;033;001;080;M;030924;918000019653342;NA;NA;NA;NA;NA;9541;NA;NA;NA;NA;NA;NA;NA;NA;NA;NA;NON DEFINITO;NA;NA;NA;0
030;030924;2023;19653401;2023;030924;033032;30/05/2023;02/06/2023;031;391;M;0;0;3;2;002;NA;NA;V3001;005;3415;033;001;080;M;030924;918000019653401;NA;NA;NA;NA;NA;9541;NA;NA;NA;NA;NA;NA;NA;NA;NA;NA;NON DEFINITO;NA;NA;NA;0
030;030924;2023;19653407;2023;030924;034027;01/06/2023;04/06/2023;031;391;M;0;0;3;1;002;NA;NA;V3001;005;3215;034;001;080;M;030924;918000019653407;NA;NA;NA;NA;NA;9541;NA;NA;NA;NA;NA;NA;NA;NA;NA;NA;NON DEFINITO;NA;NA;NA;0
030;030924;2023;19653438;2023;030924;033006;27/06/2023;30/06/2023;031;390;M;0;0;3;1;002;NA;NA;V3000;005;3180;033;001;080;F;030924;918000019653438;75500;NA;NA;NA;NA;9541;9449;8952;NA;NA;NA;NA;NA;NA;NA;NA;NON DEFINITO;NA;NA;NA;0
030;030924;2023;19653457;2023;030924;033048;11/07/2023;14/07/2023;031;391;M;0;0;3;3;002;NA;NA;V3001;005;3270;033;001;080;M;030924;918000019653457;NA;NA;NA;NA;NA;9541;NA;NA;NA;NA;NA;NA;NA;NA;NA;NA;NON DEFINITO;NA;NA;NA;0
030;030924;2023;19653482;2023;030924;033013;08/08/2023;10/08/2023;031;391;M;0;0;2;2;002;NA;NA;V3000;005;3105;033;001;080;M;030924;918000019653482;NA;NA;NA;NA;NA;9541;NA;NA;NA;NA;NA;NA;NA;NA;NA;NA;NON DEFINITO;NA;NA;NA;0
030;030924;2023;19653487;2023;030924;033032;12/08/2023;17/08/2023;031;391;M;0;0;5;2;002;NA;NA;V3001;005;2930;033;001;080;M;030924;918000019653487;NA;NA;NA;NA;NA;9541;NA;NA;NA;NA;NA;NA;NA;NA;NA;NA;NON DEFINITO;NA;NA;NA;0
030;030924;2023;19653495;2023;030924;033013;23/08/2023;26/08/2023;031;391;M;0;0;3;2;002;NA;NA;V3001;005;3445;033;001;080;M;030924;918000019653495;NA;NA;NA;NA;NA;9541;NA;NA;NA;NA;NA;NA;NA;NA;NA;NA;NON DEFINITO;NA;NA;NA;0
030;030924;2023;19653544;2023;030924;033033;10/10/2023;12/10/2023;031;391;M;0;0;2;2;002;NA;NA;V3000;005;3470;033;001;080;F;030924;918000019653544;NA;NA;NA;NA;NA;9541;NA;NA;NA;NA;NA;NA;NA;NA;NA;NA;NON DEFINITO;NA;NA;NA;0
030;030924;2023;19653555;2023;030924;033013;15/10/2023;17/10/2023;031;391;M;0;0;2;2;002;NA;NA;V3000;005;3000;033;001;080;F;030924;918000019653555;NA;NA;NA;NA;NA;9541;NA;NA;NA;NA;NA;NA;NA;NA;NA;NA;NON DEFINITO;NA;NA;NA;0
030;030924;2023;19653560;2023;030924;034027;21/10/2023;24/10/2023;031;391;M;0;0;3;3;002;NA;NA;V3000;005;3545;034;001;080;M;030924;918000019653560;NA;NA;NA;NA;NA;9541;NA;NA;NA;NA;NA;NA;NA;NA;NA;NA;NON DEFINITO;NA;NA;NA;0
030;030924;2023;19653575;2023;030924;033032;06/11/2023;10/11/2023;031;391;M;0;0;4;3;002;NA;NA;V3000;005;2830;033;001;080;M;030924;918000019653575;76409;77439;NA;NA;NA;9983;9541;NA;NA;NA;NA;NA;NA;NA;NA;NA;NON DEFINITO;NA;NA;NA;0
030;030925;2022;19653608;2023;030925;033032;30/12/2022;05/01/2023;062;389;M;0;0;6;5;002;NA;NA;76418;005;2050;033;001;080;F;030925;918000019653608;NA;NA;NA;NA;NA;9059;8871;8876;NA;NA;NA;NA;NA;NA;NA;NA;NON DEFINITO;NA;NA;NA;0
030;030925;2023;19653618;2023;030925;034007;11/01/2023;14/01/2023;031;391;M;0;0;3;NA;002;NA;NA;V3001;005;3065;034;001;080;F;030925;918000019653618;NA;NA;NA;NA;NA;NA;NA;NA;NA;NA;NA;NA;NA;NA;NA;NA;NON DEFINITO;NA;NA;NA;0
030;030925;2023;19653631;2023;030925;033032;16/01/2023;19/01/2023;031;391;M;0;0;3;NA;002;NA;NA;V3000;005;3360;033;001;080;M;030925;918000019653631;NA;NA;NA;NA;NA;NA;NA;NA;NA;NA;NA;NA;NA;NA;NA;NA;NON DEFINITO;NA;NA;NA;0
030;030925;2023;19653646;2023;030925;034031;27/01/2023;30/01/2023;062;391;M;0;0;3;3;002;NA;NA;V3001;005;3475;034;001;080;M;030925;918000019653646;V298;NA;NA;NA;NA;9059;NA;NA;NA;NA;NA;NA;NA;NA;NA;NA;NON DEFINITO;NA;NA;NA;0
030;030925;2023;19653648;2023;030925;033006;28/01/2023;31/01/2023;062;391;M;0;0;3;NA;002;NA;NA;7661;005;4140;033;001;080;M;030925;918000019653648;NA;NA;NA;NA;NA;NA;NA;NA;NA;NA;NA;NA;NA;NA;NA;NA;NON DEFINITO;NA;NA;NA;0
030;030925;2023;19653663;2023;030925;036023;03/02/2023;06/02/2023;031;391;M;0;0;3;1;002;NA;NA;V3001;005;3415;036;001;080;M;030925;918000019653663;NA;NA;NA;NA;NA;8872;NA;NA;NA;NA;NA;NA;NA;NA;NA;NA;NON DEFINITO;NA;NA;NA;0
030;030925;2023;19653666;2023;030925;034014;03/02/2023;06/02/2023;062;390;M;0;0;3;NA;002;NA;NA;V3001;005;3105;034;001;080;F;030925;918000019653666;V0185;NA;NA;NA;NA;NA;NA;NA;NA;NA;NA;NA;NA;NA;NA;NA;NON DEFINITO;NA;NA;NA;0
030;030925;2023;19653676;2023;030925;033032;09/02/2023;14/02/2023;062;391;M;0;0;5;4;002;NA;NA;V3001;005;3190;033;001;080;M;030925;918000019653676;V298;NA;NA;NA;NA;8872;NA;NA;NA;NA;NA;NA;NA;NA;NA;NA;NON DEFINITO;NA;NA;NA;0
030;030925;2023;19653688;2023;030925;033032;15/02/2023;18/02/2023;031;391;M;0;0;3;NA;002;NA;NA;V3001;005;2820;033;001;080;F;030925;918000019653688;NA;NA;NA;NA;NA;NA;NA;NA;NA;NA;NA;NA;NA;NA;NA;NA;NON DEFINITO;NA;NA;NA;0
030;030925;2023;19653727;2023;030925;033032;12/03/2023;15/03/2023;062;391;M;0;0;3;NA;002;NA;NA;76409;005;2590;033;001;080;F;030925;918000019653727;NA;NA;NA;NA;NA;NA;NA;NA;NA;NA;NA;NA;NA;NA;NA;NA;NON DEFINITO;NA;NA;NA;0
030;030925;2023;19653732;2023;030925;035033;15/03/2023;18/03/2023;031;391;M;0;0;3;NA;002;NA;NA;V3001;005;3495;035;001;080;M;030925;918000019653732;NA;NA;NA;NA;NA;NA;NA;NA;NA;NA;NA;NA;NA;NA;NA;NA;NON DEFINITO;NA;NA;NA;0
030;030925;2023;19653741;2023;030925;033032;21/03/2023;30/03/2023;062;391;M;0;0;9;9;002;NA;NA;V3001;005;3195;033;001;080;M;030925;918000019653741;V298;NA;NA;NA;NA;8879;NA;NA;NA;NA;NA;NA;NA;NA;NA;NA;NON DEFINITO;NA;NA;NA;0
030;030925;2023;19653750;2023;030925;035033;24/03/2023;28/03/2023;062;391;M;0;0;4;3;002;NA;NA;V3001;005;3555;035;001;080;M;030925;918000019653750;V298;NA;NA;NA;NA;8871;8872;8952;8879;NA;NA;NA;NA;NA;NA;NA;NON DEFINITO;NA;NA;NA;0
030;030925;2023;19653799;2023;030925;040013;24/04/2023;26/04/2023;031;391;M;0;0;2;NA;002;NA;NA;V3000;005;3440;040;001;080;M;030925;918000019653799;NA;NA;NA;NA;NA;NA;NA;NA;NA;NA;NA;NA;NA;NA;NA;NA;NON DEFINITO;NA;NA;NA;0
030;030925;2023;19653822;2023;030925;033010;08/05/2023;11/05/2023;062;390;M;0;0;3;0;002;NA;NA;77089;005;3385;033;001;080;M;030925;918000019653822;NA;NA;NA;NA;NA;9059;NA;NA;NA;NA;NA;NA;NA;NA;NA;NA;NON DEFINITO;NA;NA;NA;0
030;030925;2023;19653837;2023;030925;033032;12/05/2023;14/05/2023;031;391;M;0;0;2;NA;002;NA;NA;V3000;005;3410;033;001;080;M;030925;918000019653837;NA;NA;NA;NA;NA;NA;NA;NA;NA;NA;NA;NA;NA;NA;NA;NA;NON DEFINITO;NA;NA;NA;0
030;030925;2023;19653849;2023;030925;035033;18/05/2023;26/05/2023;062;387;M;0;0;8;1;002;NA;NA;76518;005;2285;035;001;080;F;030925;918000019653849;77084;NA;NA;NA;NA;9390;8871;9059;NA;NA;NA;NA;NA;NA;NA;NA;NON DEFINITO;NA;NA;NA;0
030;030925;2023;19653861;2023;030925;033038;25/05/2023;28/05/2023;031;391;M;0;0;3;NA;002;NA;NA;V3000;005;3520;033;001;080;F;030925;918000019653861;NA;NA;NA;NA;NA;NA;NA;NA;NA;NA;NA;NA;NA;NA;NA;NA;NON DEFINITO;NA;NA;NA;0
030;030925;2023;19653865;2023;030925;034027;25/05/2023;28/05/2023;031;391;M;0;0;3;NA;002;NA;NA;V3000;005;3420;034;001;080;F;030925;918000019653865;NA;NA;NA;NA;NA;NA;NA;NA;NA;NA;NA;NA;NA;NA;NA;NA;NON DEFINITO;NA;NA;NA;0
030;030925;2023;19653876;2023;030925;033036;31/05/2023;02/06/2023;031;391;M;0;0;2;1;002;NA;NA;V3000;005;3510;033;001;080;F;030925;918000019653876;V298;NA;NA;NA;NA;9059;NA;NA;NA;NA;NA;NA;NA;NA;NA;NA;NON DEFINITO;NA;NA;NA;0
030;030925;2023;19653936;2023;030925;034050;12/07/2023;17/07/2023;062;139;M;0;0;5;5;002;NA;NA;4279;005;3115;034;001;080;F;030925;918000019653936;NA;NA;NA;NA;NA;8952;NA;NA;NA;NA;NA;NA;NA;NA;NA;NA;NON DEFINITO;NA;NA;NA;0
030;030925;2023;19653950;2023;030925;034027;20/07/2023;23/07/2023;031;391;M;0;0;3;NA;002;NA;NA;V3001;005;3155;034;001;080;M;030925;918000019653950;NA;NA;NA;NA;NA;NA;NA;NA;NA;NA;NA;NA;NA;NA;NA;NA;NON DEFINITO;NA;NA;NA;0
030;030925;2023;19653967;2023;030925;033032;12/08/2023;17/08/2023;062;391;M;0;0;5;3;002;NA;NA;V3000;005;3550;033;001;080;M;030925;918000019653967;V298;NA;NA;NA;NA;9059;8871;NA;NA;NA;NA;NA;NA;NA;NA;NA;NON DEFINITO;NA;NA;NA;0
030;030925;2023;19654021;2023;030925;033039;18/09/2023;21/09/2023;062;391;M;0;0;3;2;002;NA;NA;V3001;005;2735;033;001;080;M;030925;918000019654021;V298;NA;NA;NA;NA;9059;NA;NA;NA;NA;NA;NA;NA;NA;NA;NA;NON DEFINITO;NA;NA;NA;0
030;030925;2023;19654071;2023;030925;033035;14/10/2023;28/10/2023;062;387;M;0;0;14;13;002;NA;NA;76518;005;2280;033;001;080;M;030925;918000019654071;77084;7742;NA;NA;NA;9390;9983;8871;8744;9059;NA;NA;NA;NA;NA;NA;NON DEFINITO;NA;NA;NA;0
030;030926;2023;19654189;2023;030926;036042;31/05/2023;03/06/2023;031;391;M;0;0;3;NA;002;NA;NA;V3000;005;3150;036;001;080;F;030926;918000019654189;V298;NA;NA;NA;NA;NA;NA;NA;NA;NA;NA;NA;NA;NA;NA;NA;NON DEFINITO;NA;NA;NA;0
030;030926;2023;19654195;2023;030926;035033;22/09/2023;27/09/2023;031;391;M;0;0;5;5;002;NA;NA;V3100;005;3260;035;001;080;F;030926;918000019654195;V298;7746;NA;NA;NA;9983;NA;NA;NA;NA;NA;NA;NA;NA;NA;NA;NON DEFINITO;NA;NA;NA;0
030;030926;2023;19654196;2023;030926;035033;22/09/2023;27/09/2023;031;391;M;0;0;5;NA;002;NA;NA;V3100;005;2760;035;001;080;F;030926;918000019654196;V298;NA;NA;NA;NA;NA;NA;NA;NA;NA;NA;NA;NA;NA;NA;NA;NON DEFINITO;NA;NA;NA;0
030;030926;2023;19654198;2023;030926;033032;18/10/2023;21/10/2023;031;391;M;0;0;3;NA;002;NA;NA;V3000;005;3420;033;001;080;M;030926;918000019654198;V290;NA;NA;NA;NA;NA;NA;NA;NA;NA;NA;NA;NA;NA;NA;NA;NON DEFINITO;NA;NA;NA;0
042;042006;2023;19695899;2023;042101;037006;15/06/2023;18/06/2023;039;391;M;0;0;3;0;002;NA;NA;V3000;005;2890;037;001;080;F;042006;918000019695899;76409;NA;NA;NA;NA;8903;897;8965;1621;8938;9543;NA;NA;NA;NA;NA;NON DEFINITO;NA;NA;NA;0
050;050505;2023;19710794;2023;050505;038017;10/01/2023;13/01/2023;031;391;M;0;0;3;3;002;NA;NA;V3001;005;3890;038;001;080;F;05050501;918000019710794;NA;NA;NA;NA;NA;9503;9546;NA;NA;NA;NA;NA;NA;NA;NA;NA;NON DEFINITO;NA;NA;NA;0
050;050505;2023;19710807;2023;050505;038030;18/01/2023;22/01/2023;031;391;M;0;0;4;4;002;NA;NA;V3001;005;3290;038;001;080;F;05050501;918000019710807;NA;NA;NA;NA;NA;9503;3899;NA;NA;NA;NA;NA;NA;NA;NA;NA;NON DEFINITO;NA;NA;NA;0
050;050505;2023;19710813;2023;050505;038025;22/01/2023;24/01/2023;031;391;M;0;0;2;2;002;NA;NA;V3000;005;3170;038;001;080;F;05050501;918000019710813;NA;NA;NA;NA;NA;9546;9503;NA;NA;NA;NA;NA;NA;NA;NA;NA;NON DEFINITO;NA;NA;NA;0
050;050505;2023;19710901;2023;050505;038008;21/03/2023;24/03/2023;031;391;M;0;0;3;3;002;NA;NA;V3001;005;2890;038;001;080;M;05050501;918000019710901;NA;NA;NA;NA;NA;9546;9503;NA;NA;NA;NA;NA;NA;NA;NA;NA;NON DEFINITO;NA;NA;NA;0
050;050505;2023;19710921;2023;050505;039010;31/03/2023;03/04/2023;031;391;M;0;0;3;3;002;NA;NA;V3000;005;3300;039;001;080;F;05050501;918000019710921;NA;NA;NA;NA;NA;9546;9503;NA;NA;NA;NA;NA;NA;NA;NA;NA;NON DEFINITO;NA;NA;NA;0
050;050505;2023;19711045;2023;050505;038008;31/07/2023;02/08/2023;031;391;M;0;0;2;2;002;NA;NA;V3000;005;4230;038;001;080;M;05050501;918000019711045;NA;NA;NA;NA;NA;9503;9546;NA;NA;NA;NA;NA;NA;NA;NA;NA;NON DEFINITO;NA;NA;NA;0
050;050505;2023;19711054;2023;050505;038014;08/08/2023;15/08/2023;062;389;M;0;0;7;3;002;NA;NA;77189;005;4260;038;001;080;M;05050501;918000019711054;V3000;NA;NA;NA;NA;9921;3893;9918;9546;8915;NA;NA;NA;NA;NA;NA;NON DEFINITO;NA;NA;NA;0
050;050505;2023;19711135;2023;050505;038008;18/10/2023;20/10/2023;031;390;M;0;0;2;1;002;NA;NA;V3000;005;3060;038;001;080;F;05050501;918000019711135;7608;NA;NA;NA;NA;9546;9503;NA;NA;NA;NA;NA;NA;NA;NA;NA;NON DEFINITO;NA;NA;NA;0
050;050505;2023;19711137;2023;050505;038007;19/10/2023;21/10/2023;031;391;M;0;0;2;1;002;NA;NA;V3000;005;2800;038;001;080;F;05050501;918000019711137;NA;NA;NA;NA;NA;9546;9503;NA;NA;NA;NA;NA;NA;NA;NA;NA;NON DEFINITO;NA;NA;NA;0
050;050505;2023;19711300;2023;050505;038005;03/01/2023;05/01/2023;031;391;M;0;0;2;0;002;NA;NA;V3000;005;3260;038;001;080;M;05050503;918000019711300;NA;NA;NA;NA;NA;9929;8959;9546;NA;NA;NA;NA;NA;NA;NA;NA;NON DEFINITO;NA;NA;NA;0
050;050505;2023;19711333;2023;050505;038014;23/02/2023;25/02/2023;031;391;M;0;0;2;0;002;NA;NA;V3000;005;3210;038;001;080;M;05050503;918000019711333;NA;NA;NA;NA;NA;9929;8959;NA;NA;NA;NA;NA;NA;NA;NA;NA;NON DEFINITO;NA;NA;NA;0
050;050505;2023;19711343;2023;050505;038014;03/03/2023;06/03/2023;031;391;M;0;0;3;0;002;NA;NA;V3000;005;2980;038;001;080;F;05050503;918000019711343;NA;NA;NA;NA;NA;9929;8959;9546;NA;NA;NA;NA;NA;NA;NA;NA;NON DEFINITO;NA;NA;NA;0
050;050505;2023;19711365;2023;050505;038029;31/03/2023;05/04/2023;031;391;M;0;0;5;0;002;NA;NA;V3000;005;3200;038;001;080;F;05050503;918000019711365;NA;NA;NA;NA;NA;9929;8959;9546;NA;NA;NA;NA;NA;NA;NA;NA;NON DEFINITO;NA;NA;NA;0
050;050505;2023;19711366;2023;050505;038029;31/03/2023;03/04/2023;031;391;M;0;0;3;0;002;NA;NA;V3000;005;2790;038;001;080;F;05050503;918000019711366;NA;NA;NA;NA;NA;9929;8959;9546;NA;NA;NA;NA;NA;NA;NA;NA;NON DEFINITO;NA;NA;NA;0
050;050505;2023;19711392;2023;050505;038005;09/05/2023;13/05/2023;031;391;M;0;0;4;0;002;NA;NA;V3000;005;2400;038;001;080;F;05050503;918000019711392;76408;NA;NA;NA;NA;9929;8959;9546;9503;NA;NA;NA;NA;NA;NA;NA;NON DEFINITO;NA;NA;NA;0
050;050505;2023;19711397;2023;050505;038014;13/05/2023;15/05/2023;031;391;M;0;0;2;0;002;NA;NA;V3000;005;3980;038;001;080;F;05050503;918000019711397;NA;NA;NA;NA;NA;9929;9546;9503;NA;NA;NA;NA;NA;NA;NA;NA;NON DEFINITO;NA;NA;NA;0
050;050505;2023;19711398;2023;050505;038011;13/05/2023;18/05/2023;031;391;M;0;0;5;0;002;NA;NA;V3000;005;2160;038;001;080;F;05050503;918000019711398;76408;NA;NA;NA;NA;9929;8959;9546;9503;NA;NA;NA;NA;NA;NA;NA;NON DEFINITO;NA;NA;NA;0
050;050505;2023;19711403;2023;050505;038014;28/05/2023;30/05/2023;031;391;M;0;0;2;0;002;NA;NA;V3000;005;3775;038;001;080;F;05050503;918000019711403;NA;NA;NA;NA;NA;9929;8959;9546;NA;NA;NA;NA;NA;NA;NA;NA;NON DEFINITO;NA;NA;NA;0
050;050505;2023;19711424;2023;050505;038014;21/06/2023;23/06/2023;031;391;M;0;0;2;0;002;NA;NA;V3000;005;3910;038;001;080;M;05050503;918000019711424;NA;NA;NA;NA;NA;9929;8959;9546;9503;NA;NA;NA;NA;NA;NA;NA;NON DEFINITO;NA;NA;NA;0
050;050505;2023;19711431;2023;050505;039002;28/06/2023;03/07/2023;039;423;M;0;0;5;2;002;NA;NA;0419;005;3540;039;001;080;M;05050503;918000019711431;V3000;NA;NA;NA;NA;9921;9918;9053;8959;9546;NA;NA;NA;NA;NA;NA;NON DEFINITO;NA;NA;NA;0
050;050505;2023;19711469;2023;050505;038029;31/08/2023;02/09/2023;031;391;M;0;0;2;0;002;NA;NA;V3000;005;3020;038;001;080;F;05050503;918000019711469;NA;NA;NA;NA;NA;9929;8959;NA;NA;NA;NA;NA;NA;NA;NA;NA;NON DEFINITO;NA;NA;NA;0
050;050505;2023;19711477;2023;050505;038029;07/09/2023;11/09/2023;031;391;M;0;0;4;0;002;NA;NA;V3001;005;2910;038;001;080;F;05050503;918000019711477;NA;NA;NA;NA;NA;9929;8959;8954;9503;NA;NA;NA;NA;NA;NA;NA;NON DEFINITO;NA;NA;NA;0
050;050505;2023;19711480;2023;050505;038005;11/09/2023;14/09/2023;031;391;M;0;0;3;0;002;NA;NA;V3000;005;2750;038;001;080;F;05050503;918000019711480;NA;NA;NA;NA;NA;9929;9546;9503;NA;NA;NA;NA;NA;NA;NA;NA;NON DEFINITO;NA;NA;NA;0
050;050505;2023;19711518;2023;050505;038014;29/10/2023;01/11/2023;031;391;M;0;0;3;0;002;NA;NA;V3000;005;3000;038;001;080;F;05050503;918000019711518;NA;NA;NA;NA;NA;9929;9546;9503;NA;NA;NA;NA;NA;NA;NA;NA;NON DEFINITO;NA;NA;NA;0
050;050505;2023;19711526;2023;050505;038006;11/11/2023;14/11/2023;031;391;M;0;0;3;0;002;NA;NA;V3000;005;3100;038;001;080;F;05050503;918000019711526;NA;NA;NA;NA;NA;9929;9546;9503;NA;NA;NA;NA;NA;NA;NA;NA;NON DEFINITO;NA;NA;NA;0
050;050505;2023;19711527;2023;050505;038025;12/11/2023;15/11/2023;031;391;M;0;0;3;0;002;NA;NA;V3000;005;3600;038;001;080;M;05050503;918000019711527;NA;NA;NA;NA;NA;9929;9546;9503;NA;NA;NA;NA;NA;NA;NA;NA;NON DEFINITO;NA;NA;NA;0
050;050505;2023;19711537;2023;050505;038014;01/12/2023;04/12/2023;031;391;M;0;0;3;0;002;NA;NA;V3001;005;2480;038;001;080;F;05050503;918000019711537;NA;NA;NA;NA;NA;9929;8959;9503;NA;NA;NA;NA;NA;NA;NA;NA;NON DEFINITO;NA;NA;NA;0
050;050505;2023;19711540;2023;050505;038029;05/12/2023;08/12/2023;031;391;M;0;0;3;0;002;NA;NA;V3000;005;3740;038;001;080;F;05050503;918000019711540;NA;NA;NA;NA;NA;9929;9546;9503;NA;NA;NA;NA;NA;NA;NA;NA;NON DEFINITO;NA;NA;NA;0
050;050123;2023;19711945;2023;050506;040037;19/04/2023;21/04/2023;031;391;M;0;0;2;NA;002;NA;NA;V3000;005;3020;040;001;080;F;050123;918000019711945;NA;NA;NA;NA;NA;NA;NA;NA;NA;NA;NA;NA;NA;NA;NA;NA;NON DEFINITO;NA;NA;NA;0
050;050506;2023;19712375;2023;050506;037034;16/12/2023;19/12/2023;031;391;M;0;0;3;2;002;NA;NA;V3000;005;3492;037;001;080;F;05050605;918000019712375;NA;NA;NA;NA;NA;8915;NA;NA;NA;NA;NA;NA;NA;NA;NA;NA;NON DEFINITO;NA;NA;NA;0
050;050506;2023;19712378;2023;050506;037034;25/12/2023;29/12/2023;039;070;M;0;9;4;0;002;NA;NA;4871;005;0;037;001;080;F;05050605;918000019712378;NA;NA;NA;NA;NA;0331;9921;NA;NA;NA;NA;NA;NA;NA;NA;NA;NON DEFINITO;NA;NA;NA;0
050;050507;2023;19712411;2023;050507;039007;04/07/2023;08/07/2023;031;391;M;0;0;4;NA;002;NA;NA;V3001;005;3305;039;001;080;M;05050703;918000019712411;NA;NA;NA;NA;NA;NA;NA;NA;NA;NA;NA;NA;NA;NA;NA;NA;NON DEFINITO;NA;NA;NA;0
050;050507;2023;19712419;2023;050507;037042;23/11/2023;26/11/2023;031;391;M;0;0;3;1;002;NA;NA;V3000;005;3965;037;001;080;M;05050703;918000019712419;NA;NA;NA;NA;NA;8875;NA;NA;NA;NA;NA;NA;NA;NA;NA;NA;NON DEFINITO;NA;NA;NA;0
050;050508;2023;19712611;2023;050508;099014;27/03/2023;30/03/2023;031;391;M;0;0;3;NA;002;NA;NA;V3001;005;3150;099;001;080;F;05050801;918000019712611;NA;NA;NA;NA;NA;NA;NA;NA;NA;NA;NA;NA;NA;NA;NA;NA;NON DEFINITO;NA;NA;NA;0
050;050508;2023;19712670;2023;050508;099017;25/09/2023;28/09/2023;031;391;M;0;0;3;NA;002;NA;NA;V3001;005;4400;099;001;080;M;05050801;918000019712670;NA;NA;NA;NA;NA;NA;NA;NA;NA;NA;NA;NA;NA;NA;NA;NA;NON DEFINITO;NA;NA;NA;0
050;050508;2023;19712717;2023;050508;036023;21/04/2023;23/04/2023;031;391;M;0;0;2;0;002;NA;NA;V3000;005;3020;036;001;080;F;05050806;918000019712717;NA;NA;NA;NA;NA;9546;NA;NA;NA;NA;NA;NA;NA;NA;NA;NA;NON DEFINITO;NA;NA;NA;0
050;050017;2023;19713047;2023;050509;038030;27/05/2023;30/05/2023;031;391;M;0;0;3;NA;002;NA;NA;V3000;005;3885;038;001;080;M;050017;918000019713047;NA;NA;NA;NA;NA;NA;NA;NA;NA;NA;NA;NA;NA;NA;NA;NA;NON DEFINITO;NA;NA;NA;0
050;050017;2023;19713220;2023;050509;034027;29/08/2023;02/09/2023;031;391;M;0;0;4;NA;002;NA;NA;V3001;005;3340;034;001;080;F;050017;918000019713220;NA;NA;NA;NA;NA;NA;NA;NA;NA;NA;NA;NA;NA;NA;NA;NA;NON DEFINITO;NA;NA;NA;0
050;050017;2023;19713393;2023;050509;034027;30/10/2023;03/11/2023;039;390;M;0;0;4;0;002;NA;NA;7706;005;4110;034;001;080;M;050017;918000019713393;V3000;NA;NA;NA;NA;9390;9396;9918;NA;NA;NA;NA;NA;NA;NA;NA;NON DEFINITO;NA;NA;NA;0
050;050017;2023;19713488;2023;050509;035032;09/12/2023;13/12/2023;031;390;M;0;0;4;3;002;NA;NA;V3000;005;3370;035;001;080;F;050017;918000019713488;75460;7608;NA;NA;NA;8871;NA;NA;NA;NA;NA;NA;NA;NA;NA;NA;NON DEFINITO;NA;NA;NA;0
050;050022;2023;19714251;2023;050509;036015;09/06/2023;12/06/2023;031;391;M;0;0;3;2;002;NA;NA;V3001;005;4360;036;001;080;M;050022;918000019714251;NA;NA;NA;NA;NA;9547;8939;3899;NA;NA;NA;NA;NA;NA;NA;NA;NON DEFINITO;NA;NA;NA;0
050;050509;2023;19714714;2023;050509;038029;10/03/2023;12/03/2023;031;390;M;0;0;2;2;002;NA;NA;V3001;005;3300;038;001;080;M;05050901;918000019714714;7500;NA;NA;NA;NA;8902;8939;9541;NA;NA;NA;NA;NA;NA;NA;NA;NON DEFINITO;NA;NA;NA;0
050;050509;2023;19714724;2023;050509;038003;11/05/2023;15/05/2023;039;098;M;0;117;4;0;002;NA;NA;46619;005;0;038;001;080;M;05050901;918000019714724;7833;NA;NA;NA;NA;9390;9635;9607;8966;8954;NA;NA;NA;NA;NA;NA;NON DEFINITO;NA;NA;NA;0
050;050509;2023;19714751;2023;050509;038007;28/09/2023;30/09/2023;031;391;M;0;0;2;0;002;NA;NA;V3000;005;3200;038;001;080;M;05050901;918000019714751;NA;NA;NA;NA;NA;8902;9541;NA;NA;NA;NA;NA;NA;NA;NA;NA;NON DEFINITO;NA;NA;NA;0
050;050912;2023;19715570;2023;050912;039018;08/05/2023;11/05/2023;031;391;M;0;0;3;1;002;NA;NA;V3001;005;3810;039;001;080;F;05091201;918000019715570;7661;NA;NA;NA;NA;9547;3899;NA;NA;NA;NA;NA;NA;NA;NA;NA;NON DEFINITO;NA;NA;NA;0
050;050912;2023;19715625;2023;050912;033048;23/08/2023;25/08/2023;031;391;M;0;0;2;2;002;NA;NA;V3000;005;3000;033;001;080;M;05091201;918000019715625;NA;NA;NA;NA;NA;3899;9547;9502;NA;NA;NA;NA;NA;NA;NA;NA;NON DEFINITO;NA;NA;NA;0
070;070901;2023;19745786;2023;070901;037054;10/01/2023;13/01/2023;031;391;M;0;0;3;2;002;NA;NA;V3000;005;NA;037;001;080;F;070901;918000019745786;NA;NA;NA;NA;NA;9059;NA;NA;NA;NA;NA;NA;NA;NA;NA;NA;NON DEFINITO;NA;NA;NA;0
160;160170;2023;19764041;2023;160106;035033;22/03/2023;26/03/2023;031;391;M;0;0;4;1;002;NA;NA;V3001;005;3220;035;001;080;F;16017001;918000019764041;NA;NA;NA;NA;NA;9059;NA;NA;NA;NA;NA;NA;NA;NA;NA;NA;NON DEFINITO;NA;NA;NA;0
160;160170;2023;19764049;2023;160106;036023;08/07/2023;11/07/2023;031;391;M;0;0;3;1;002;NA;NA;V3001;005;3230;036;001;080;F;16017001;918000019764049;NA;NA;NA;NA;NA;9059;NA;NA;NA;NA;NA;NA;NA;NA;NA;NA;NON DEFINITO;NA;NA;NA;0
160;160075;2023;19764072;2023;160112;037006;12/05/2023;16/05/2023;031;391;M;0;0;4;NA;002;NA;NA;V3000;005;3300;037;001;080;F;16007501;918000019764072;NA;NA;NA;NA;NA;NA;897;9929;9547;9503;NA;NA;NA;NA;NA;NA;NA;NA;NA;NA;0
160;160075;2023;19764075;2023;160112;037006;06/07/2023;09/07/2023;031;391;M;0;0;3;NA;002;NA;NA;V3000;005;3270;037;001;080;M;16007501;918000019764075;NA;NA;NA;NA;NA;NA;897;9929;9547;9503;NA;NA;NA;NA;NA;NA;NA;NA;NA;NA;0
160;160168;2023;19764099;2023;160112;037033;25/04/2023;28/04/2023;031;391;M;0;0;3;NA;002;NA;NA;V3001;005;2540;037;001;080;F;16016801;918000019764099;NA;NA;NA;NA;NA;NA;8903;8959;9543;NA;NA;NA;NA;NA;NA;NA;NON DEFINITO;NA;NA;NA;0
160;160168;2023;19764103;2023;160112;037006;10/08/2023;13/08/2023;031;390;M;0;0;3;NA;002;NA;NA;V3001;005;3895;037;001;080;M;16016801;918000019764103;7612;NA;NA;NA;NA;NA;8959;9543;8903;NA;NA;NA;NA;NA;NA;NA;NON DEFINITO;NA;NA;NA;0
160;160172;2023;19764116;2023;160112;037032;06/04/2023;08/04/2023;031;391;M;0;0;2;NA;002;NA;NA;V3000;005;3570;037;001;080;M;16017201;918000019764116;NA;NA;NA;NA;NA;NA;8901;9503;9546;9059;NA;NA;NA;NA;NA;NA;NON DEFINITO;NA;NA;NA;0
160;160172;2023;19764155;2023;160112;040007;08/12/2023;11/12/2023;031;391;M;0;0;3;2;002;NA;NA;V3001;005;3730;040;001;080;F;16017201;918000019764155;NA;NA;NA;NA;NA;9546;8901;8908;9509;NA;NA;NA;NA;NA;NA;NA;NON DEFINITO;NA;NA;NA;0
160;160178;2023;19764180;2023;160113;033037;06/10/2023;09/10/2023;031;390;M;0;0;3;NA;002;NA;NA;V3000;005;2620;033;001;080;F;16017801;918000019764180;V800;V777;V802;NA;NA;NA;9547;8938;8901;9059;9929;NA;NA;NA;NA;NA;NON DEFINITO;NA;NA;NA;0
160;160158;2023;19764283;2023;160114;037006;17/05/2023;20/05/2023;031;391;M;0;0;3;NA;002;NA;NA;V3000;005;2970;037;001;080;F;16015801;918000019764283;NA;NA;NA;NA;NA;NA;9059;8901;9546;NA;NA;NA;NA;NA;NA;NA;NON DEFINITO;NA;NA;NA;0
160;160158;2023;19764287;2023;160114;037006;29/10/2023;01/11/2023;031;391;M;0;0;3;NA;002;NA;NA;V3000;005;2480;037;001;080;F;16015801;918000019764287;NA;NA;NA;NA;NA;NA;8901;9059;9546;NA;NA;NA;NA;NA;NA;NA;NON DEFINITO;NA;NA;NA;0
160;160169;2023;19764302;2023;160114;039016;05/01/2023;08/01/2023;031;391;M;0;0;3;NA;002;NA;NA;V3000;005;3040;039;001;080;M;16016901;918000019764302;NA;NA;NA;NA;NA;NA;NA;NA;NA;NA;NA;NA;NA;NA;NA;NA;NON DEFINITO;NA;NA;NA;0
160;160169;2023;19764306;2023;160114;039014;19/04/2023;22/04/2023;031;391;M;0;0;3;NA;002;NA;NA;V3000;005;3090;039;001;080;M;16016901;918000019764306;NA;NA;NA;NA;NA;NA;NA;NA;NA;NA;NA;NA;NA;NA;NA;NA;NON DEFINITO;NA;NA;NA;0
160;160169;2023;19764311;2023;160114;037006;08/07/2023;11/07/2023;031;391;M;0;0;3;NA;002;NA;NA;V3000;005;3760;037;001;080;F;16016901;918000019764311;NA;NA;NA;NA;NA;NA;NA;NA;NA;NA;NA;NA;NA;NA;NA;NA;NON DEFINITO;NA;NA;NA;0
160;160047;2023;19764323;2023;160115;040012;03/07/2023;07/07/2023;031;391;M;0;0;4;NA;002;NA;NA;V3000;005;3280;040;001;080;M;16004701;918000019764323;NA;NA;NA;NA;NA;NA;9059;9543;9509;NA;NA;NA;NA;NA;NA;NA;NA;NA;NA;NA;0
160;160163;2023;19764351;2023;160115;039014;22/03/2023;26/03/2023;062;390;M;0;0;4;NA;002;NA;NA;V3000;005;3050;039;001;080;F;16016301;918000019764351;V650;7608;V7286;V770;V773;NA;897;9307;9547;8906;9921;NA;NA;NA;NA;NA;NON DEFINITO;NA;NA;NA;0
160;160062;2023;19764467;2023;160116;038004;19/12/2023;22/12/2023;031;391;M;0;0;3;0;002;NA;NA;V3000;005;3740;038;001;080;F;16006201;918000019764467;NA;NA;NA;NA;NA;897;9602;9541;NA;NA;NA;NA;NA;NA;NA;NA;NA;NA;NA;NA;0
160;160166;2023;19764594;2023;160116;034027;21/12/2023;24/12/2023;031;391;M;0;0;3;NA;002;NA;NA;V3001;005;3070;034;001;080;M;16016601;918000019764594;NA;NA;NA;NA;NA;NA;9059;8966;9929;9547;NA;NA;NA;NA;NA;NA;NON DEFINITO;NA;NA;NA;0
160;160166;2023;19764595;2023;160116;035017;21/12/2023;24/12/2023;031;391;M;0;0;3;NA;002;NA;NA;V3000;005;3100;035;001;080;M;16016601;918000019764595;NA;NA;NA;NA;NA;NA;9059;8966;9547;9929;NA;NA;NA;NA;NA;NA;NON DEFINITO;NA;NA;NA;0
160;160171;2023;19764641;2023;160116;037006;24/07/2023;26/07/2023;031;391;M;0;0;2;NA;002;NA;NA;V3000;005;2920;037;001;080;F;16017101;918000019764641;NA;NA;NA;NA;NA;NA;9059;9543;897;NA;NA;NA;NA;NA;NA;NA;NON DEFINITO;NA;NA;NA;0
160;160171;2023;19764649;2023;160116;040012;14/08/2023;16/08/2023;031;391;M;0;0;2;NA;002;NA;NA;V3000;005;3670;040;001;080;M;16017101;918000019764649;NA;NA;NA;NA;NA;NA;897;9543;9059;9503;NA;NA;NA;NA;NA;NA;NON DEFINITO;NA;NA;NA;0
160;160171;2023;19764662;2023;160116;036023;16/09/2023;19/09/2023;031;391;M;0;0;3;0;002;NA;NA;V3001;005;3050;036;001;080;F;16017101;918000019764662;NA;NA;NA;NA;NA;897;9543;NA;NA;NA;NA;NA;NA;NA;NA;NA;NON DEFINITO;NA;NA;NA;0
160;160171;2023;19764668;2023;160116;040012;29/11/2023;01/12/2023;031;391;M;0;0;2;0;002;NA;NA;V3000;005;3345;040;001;080;M;16017101;918000019764668;NA;NA;NA;NA;NA;897;9543;NA;NA;NA;NA;NA;NA;NA;NA;NA;NON DEFINITO;NA;NA;NA;0
160;160910;2023;19764706;2023;160910;033039;11/01/2023;14/01/2023;031;391;M;0;0;3;NA;002;NA;NA;V3001;005;3290;033;001;080;M;16091001;918000019764706;NA;NA;NA;NA;NA;NA;9059;9543;8938;897;NA;NA;NA;NA;NA;NA;NON DEFINITO;NA;NA;NA;0
160;160910;2023;19764710;2023;160910;037006;28/02/2023;03/03/2023;031;391;M;0;0;3;NA;002;NA;NA;V3001;005;3530;037;001;080;M;16091001;918000019764710;NA;NA;NA;NA;NA;NA;8908;9059;9543;897;8938;NA;NA;NA;NA;NA;NON DEFINITO;NA;NA;NA;0
160;160910;2023;19764718;2023;160910;037006;08/06/2023;11/06/2023;031;391;M;0;0;3;NA;002;NA;NA;V3000;005;3620;037;001;080;M;16091001;918000019764718;NA;NA;NA;NA;NA;NA;9059;9543;897;8938;NA;NA;NA;NA;NA;NA;NON DEFINITO;NA;NA;NA;0
160;160910;2023;19764727;2023;160910;034027;30/06/2023;04/07/2023;062;387;M;0;0;4;NA;002;NA;NA;76519;005;3600;034;001;080;M;16091001;918000019764727;7756;7661;77581;NA;NA;NA;8965;8871;9543;9052;NA;NA;NA;NA;NA;NA;NON DEFINITO;NA;NA;NA;0
160;160910;2023;19764737;2023;160910;035014;09/08/2023;22/08/2023;062;387;M;0;0;13;NA;002;NA;NA;76527;005;2370;035;001;080;M;16091001;918000019764737;77084;7661;7742;NA;NA;NA;9390;9396;8965;8871;8744;NA;NA;NA;NA;NA;NON DEFINITO;NA;NA;NA;0
160;160910;2023;19764744;2023;160910;037009;28/08/2023;31/08/2023;031;391;M;0;0;3;NA;002;NA;NA;V3001;005;3260;037;001;080;F;16091001;918000019764744;NA;NA;NA;NA;NA;NA;9059;8938;9543;897;NA;NA;NA;NA;NA;NA;NON DEFINITO;NA;NA;NA;0
150;150149;2022;19767430;2023;150201;037006;29/12/2022;01/01/2023;031;391;M;0;0;3;NA;002;NA;NA;V3001;005;0;037;001;080;F;150149;918000019767430;NA;NA;NA;NA;NA;NA;NA;NA;NA;NA;NA;NA;NA;NA;NA;NA;NON DEFINITO;NA;NA;NA;0
150;150149;2023;19767439;2023;150201;034027;12/11/2023;18/11/2023;031;390;M;0;0;6;1;002;NA;NA;V3000;005;0;034;001;080;M;150149;918000019767439;79095;NA;NA;NA;NA;9921;NA;NA;NA;NA;NA;NA;NA;NA;NA;NA;NON DEFINITO;NA;NA;NA;0
150;150149;2023;19767441;2023;150201;040012;11/12/2023;13/12/2023;031;391;M;0;0;2;NA;002;NA;NA;V3000;005;0;040;001;080;F;150149;918000019767441;NA;NA;NA;NA;NA;NA;NA;NA;NA;NA;NA;NA;NA;NA;NA;NA;NON DEFINITO;NA;NA;NA;0
150;150013;2023;19767508;2023;150203;036005;25/04/2023;28/04/2023;031;391;M;0;0;3;2;002;NA;NA;V3000;005;0;036;001;080;M;150013;918000019767508;NA;NA;NA;NA;NA;9547;NA;NA;NA;NA;NA;NA;NA;NA;NA;NA;NON DEFINITO;NA;NA;NA;0
150;150013;2023;19767514;2023;150203;033032;05/08/2023;08/08/2023;031;391;M;0;0;3;3;002;NA;NA;V3000;005;0;033;001;080;M;150013;918000019767514;NA;NA;NA;NA;NA;9547;NA;NA;NA;NA;NA;NA;NA;NA;NA;NA;NON DEFINITO;NA;NA;NA;0
150;150013;2023;19767521;2023;150203;034010;09/12/2023;14/12/2023;062;390;M;0;0;5;3;002;NA;NA;V3000;005;0;034;001;080;M;150013;918000019767521;7741;NA;NA;NA;NA;9983;9547;NA;NA;NA;NA;NA;NA;NA;NA;NA;NON DEFINITO;NA;NA;NA;0
150;150016;2023;19767529;2023;150203;037006;20/05/2023;23/05/2023;031;391;M;0;0;3;NA;002;NA;NA;V3001;005;0;037;001;080;F;150016;918000019767529;NA;NA;NA;NA;NA;NA;NA;NA;NA;NA;NA;NA;NA;NA;NA;NA;NON DEFINITO;NA;NA;NA;0
150;150018;2023;19767533;2023;150203;036023;29/05/2023;01/06/2023;031;391;M;0;0;3;NA;002;NA;NA;V3001;005;0;036;001;080;F;150018;918000019767533;NA;NA;NA;NA;NA;NA;NA;NA;NA;NA;NA;NA;NA;NA;NA;NA;NON DEFINITO;NA;NA;NA;0
150;150438;2023;19767588;2023;150203;038008;26/10/2023;26/10/2023;031;385;M;0;0;1;0;006;NA;NA;V3000;005;0;038;001;080;M;150438;918000019767588;769;NA;NA;NA;NA;9059;8965;9396;NA;NA;NA;NA;NA;NA;NA;NA;NON DEFINITO;NA;NA;NA;0
150;150073;2023;19767599;2023;150204;034007;30/05/2023;04/06/2023;062;391;M;0;0;5;3;002;NA;NA;V3001;005;0;034;001;080;M;150073;918000019767599;7746;NA;NA;NA;NA;9983;9543;9543;NA;NA;NA;NA;NA;NA;NA;NA;NON DEFINITO;NA;NA;NA;0
150;150075;2023;19767609;2023;150204;036015;24/04/2023;28/04/2023;031;391;M;0;0;4;0;002;NA;NA;V3001;005;0;036;001;080;F;150075;918000019767609;NA;NA;NA;NA;NA;8907;8939;NA;NA;NA;NA;NA;NA;NA;NA;NA;NON DEFINITO;NA;NA;NA;0
150;150095;2023;19767639;2023;150204;040007;09/08/2023;12/08/2023;031;391;M;0;0;3;NA;002;NA;NA;V3000;005;0;040;001;080;F;150095;918000019767639;NA;NA;NA;NA;NA;NA;NA;NA;NA;NA;NA;NA;NA;NA;NA;NA;NON DEFINITO;NA;NA;NA;0
150;150095;2023;19767642;2023;150204;035033;26/09/2023;29/09/2023;031;391;M;0;0;3;NA;002;NA;NA;V3000;005;0;035;001;080;F;150095;918000019767642;NA;NA;NA;NA;NA;NA;NA;NA;NA;NA;NA;NA;NA;NA;NA;NA;NON DEFINITO;NA;NA;NA;0
150;150095;2023;19767650;2023;150204;037006;05/12/2023;08/12/2023;031;391;M;0;0;3;NA;002;NA;NA;V3000;005;0;037;001;080;F;150095;918000019767650;NA;NA;NA;NA;NA;NA;NA;NA;NA;NA;NA;NA;NA;NA;NA;NA;NON DEFINITO;NA;NA;NA;0
150;150099;2023;19767652;2023;150204;035026;08/01/2023;10/01/2023;031;391;M;0;0;2;NA;005;NA;NA;V3000;005;0;035;001;080;M;150099;918000019767652;NA;NA;NA;NA;NA;NA;NA;NA;NA;NA;NA;NA;NA;NA;NA;NA;NON DEFINITO;NA;NA;NA;0
150;150099;2023;19767654;2023;150204;036006;07/02/2023;10/02/2023;031;391;M;0;0;3;NA;002;NA;NA;V3001;005;0;036;001;080;F;150099;918000019767654;NA;NA;NA;NA;NA;NA;NA;NA;NA;NA;NA;NA;NA;NA;NA;NA;NON DEFINITO;NA;NA;NA;0
150;150099;2023;19767659;2023;150204;037006;19/07/2023;22/07/2023;031;391;M;0;0;3;NA;005;NA;NA;V3000;005;0;037;001;080;F;150099;918000019767659;NA;NA;NA;NA;NA;NA;NA;NA;NA;NA;NA;NA;NA;NA;NA;NA;NON DEFINITO;NA;NA;NA;0
150;150104;2023;19767662;2023;150204;034027;03/01/2023;06/01/2023;031;391;M;0;0;3;0;002;NA;NA;V3001;005;0;034;001;080;F;150104;918000019767662;NA;NA;NA;NA;NA;8905;NA;NA;NA;NA;NA;NA;NA;NA;NA;NA;NON DEFINITO;NA;NA;NA;0
150;150104;2023;19767668;2023;150204;038004;01/08/2023;03/08/2023;031;391;M;0;0;2;0;002;NA;NA;V3001;005;0;038;001;080;M;150104;918000019767668;NA;NA;NA;NA;NA;8905;NA;NA;NA;NA;NA;NA;NA;NA;NA;NA;NON DEFINITO;NA;NA;NA;0
150;150109;2023;19767677;2023;150204;037006;05/06/2023;08/06/2023;031;391;M;0;0;3;NA;002;NA;NA;V3001;005;0;037;001;080;M;150109;918000019767677;NA;NA;NA;NA;NA;NA;NA;NA;NA;NA;NA;NA;NA;NA;NA;NA;NON DEFINITO;NA;NA;NA;0
150;150109;2023;19767679;2023;150204;040016;02/07/2023;05/07/2023;031;391;M;0;0;3;NA;002;NA;NA;V3000;005;0;040;001;080;M;150109;918000019767679;NA;NA;NA;NA;NA;NA;NA;NA;NA;NA;NA;NA;NA;NA;NA;NA;NON DEFINITO;NA;NA;NA;0
150;150109;2023;19767683;2023;150204;035033;31/07/2023;03/08/2023;031;391;M;0;0;3;NA;002;NA;NA;V3000;005;0;035;001;080;F;150109;918000019767683;NA;NA;NA;NA;NA;NA;NA;NA;NA;NA;NA;NA;NA;NA;NA;NA;NON DEFINITO;NA;NA;NA;0
150;150109;2023;19767685;2023;150204;037006;13/08/2023;16/08/2023;031;391;M;0;0;3;NA;002;NA;NA;V3001;005;0;037;001;080;F;150109;918000019767685;NA;NA;NA;NA;NA;NA;NA;NA;NA;NA;NA;NA;NA;NA;NA;NA;NON DEFINITO;NA;NA;NA;0
150;150196;2023;19767694;2023;150204;099014;12/01/2023;13/01/2023;073;385;M;0;0;1;0;006;NA;NA;V3001;005;0;099;001;080;F;150196;918000019767694;76527;76517;74510;77084;NA;3892;9929;8959;8966;8872;NA;NA;NA;NA;NA;NA;NON DEFINITO;NA;NA;NA;0
150;150196;2023;19767700;2023;150204;039014;09/07/2023;12/07/2023;031;391;M;0;0;3;1;002;NA;NA;V3000;005;0;039;001;080;M;150196;918000019767700;NA;NA;NA;NA;NA;9543;9059;9502;NA;NA;NA;NA;NA;NA;NA;NA;NON DEFINITO;NA;NA;NA;0
150;150196;2023;19767703;2023;150204;035020;16/08/2023;19/08/2023;031;391;M;0;0;3;2;002;NA;NA;V3001;005;0;035;001;080;M;150196;918000019767703;NA;NA;NA;NA;NA;9059;9543;9502;NA;NA;NA;NA;NA;NA;NA;NA;NON DEFINITO;NA;NA;NA;0
150;150442;2023;19767729;2023;150204;036030;23/12/2023;25/12/2023;062;391;M;0;0;2;2;002;NA;NA;V3000;005;0;036;001;080;F;150442;918000019767729;NA;NA;NA;NA;NA;9059;NA;NA;NA;NA;NA;NA;NA;NA;NA;NA;NON DEFINITO;NA;NA;NA;0
150;150057;2023;19767758;2023;150205;040043;29/05/2023;01/06/2023;031;391;M;0;0;3;0;002;NA;NA;V3000;005;0;040;001;080;M;150057;918000019767758;NA;NA;NA;NA;NA;9059;NA;NA;NA;NA;NA;NA;NA;NA;NA;NA;NON DEFINITO;NA;NA;NA;0
150;150058;2023;19767768;2023;150205;035033;18/04/2023;21/04/2023;031;390;M;0;0;3;0;002;NA;NA;V3000;005;0;035;001;080;M;150058;918000019767768;V726;NA;NA;NA;NA;897;NA;NA;NA;NA;NA;NA;NA;NA;NA;NA;NON DEFINITO;NA;NA;NA;0
150;150058;2023;19767774;2023;150205;034027;09/08/2023;12/08/2023;031;390;M;0;0;3;0;002;NA;NA;V3001;005;0;034;001;080;M;150058;918000019767774;V726;NA;NA;NA;NA;897;NA;NA;NA;NA;NA;NA;NA;NA;NA;NA;NON DEFINITO;NA;NA;NA;0
150;150084;2023;19767804;2023;150205;037020;11/03/2023;14/03/2023;031;391;M;0;0;3;0;002;NA;NA;V3000;005;0;037;001;080;F;150084;918000019767804;NA;NA;NA;NA;NA;897;NA;NA;NA;NA;NA;NA;NA;NA;NA;NA;NON DEFINITO;NA;NA;NA;0
150;150191;2023;19767836;2023;150205;036020;18/03/2023;21/03/2023;031;391;M;0;0;3;3;002;NA;NA;V3000;005;0;036;001;080;M;150191;918000019767836;NA;NA;NA;NA;NA;9059;NA;NA;NA;NA;NA;NA;NA;NA;NA;NA;NON DEFINITO;NA;NA;NA;0
150;150191;2023;19767842;2023;150205;037046;19/06/2023;23/06/2023;031;391;M;0;0;4;4;002;NA;NA;V3001;005;0;037;001;080;M;150191;918000019767842;NA;NA;NA;NA;NA;9059;NA;NA;NA;NA;NA;NA;NA;NA;NA;NA;NON DEFINITO;NA;NA;NA;0
150;150100;2023;19767854;2023;150206;037006;12/01/2023;15/01/2023;031;391;M;0;0;3;NA;002;NA;NA;V3001;005;0;037;001;080;F;150100;918000019767854;NA;NA;NA;NA;NA;NA;NA;NA;NA;NA;NA;NA;NA;NA;NA;NA;NON DEFINITO;NA;NA;NA;0
150;150100;2023;19767856;2023;150206;035033;03/02/2023;06/02/2023;031;391;M;0;0;3;NA;002;NA;NA;V3001;005;0;035;001;080;M;150100;918000019767856;NA;NA;NA;NA;NA;NA;NA;NA;NA;NA;NA;NA;NA;NA;NA;NA;NON DEFINITO;NA;NA;NA;0
150;150100;2023;19767864;2023;150206;036023;12/06/2023;14/06/2023;031;391;M;0;0;2;NA;002;NA;NA;V3001;005;0;036;001;080;F;150100;918000019767864;NA;NA;NA;NA;NA;NA;NA;NA;NA;NA;NA;NA;NA;NA;NA;NA;NON DEFINITO;NA;NA;NA;0
150;150100;2023;19767865;2023;150206;036023;12/06/2023;14/06/2023;031;391;M;0;0;2;NA;002;NA;NA;V3001;005;0;036;001;080;M;150100;918000019767865;NA;NA;NA;NA;NA;NA;NA;NA;NA;NA;NA;NA;NA;NA;NA;NA;NON DEFINITO;NA;NA;NA;0
150;150100;2023;19767867;2023;150206;034027;30/06/2023;02/07/2023;031;391;M;0;0;2;NA;002;NA;NA;V3001;005;0;034;001;080;M;150100;918000019767867;NA;NA;NA;NA;NA;NA;NA;NA;NA;NA;NA;NA;NA;NA;NA;NA;NON DEFINITO;NA;NA;NA;0
150;150100;2023;19767869;2023;150206;040012;19/07/2023;22/07/2023;031;391;M;0;0;3;0;002;NA;NA;V3001;005;0;040;001;080;F;150100;918000019767869;NA;NA;NA;NA;NA;9396;NA;NA;NA;NA;NA;NA;NA;NA;NA;NA;NON DEFINITO;NA;NA;NA;0
150;150100;2023;19767872;2023;150206;034027;28/07/2023;30/07/2023;031;391;M;0;0;2;NA;002;NA;NA;V3001;005;0;034;001;080;F;150100;918000019767872;NA;NA;NA;NA;NA;NA;NA;NA;NA;NA;NA;NA;NA;NA;NA;NA;NON DEFINITO;NA;NA;NA;0
150;150100;2023;19767874;2023;150206;037006;31/07/2023;02/08/2023;031;391;M;0;0;2;NA;002;NA;NA;V3000;005;0;037;001;080;M;150100;918000019767874;NA;NA;NA;NA;NA;NA;NA;NA;NA;NA;NA;NA;NA;NA;NA;NA;NON DEFINITO;NA;NA;NA;0
150;150110;2023;19767905;2023;150206;037006;05/01/2023;07/01/2023;031;391;M;0;0;2;NA;002;NA;NA;V3000;005;0;037;001;080;M;150110;918000019767905;NA;NA;NA;NA;NA;NA;NA;NA;NA;NA;NA;NA;NA;NA;NA;NA;NON DEFINITO;NA;NA;NA;0
150;150110;2023;19767912;2023;150206;035024;12/07/2023;14/07/2023;031;391;M;0;0;2;NA;002;NA;NA;V3001;005;0;035;001;080;F;150110;918000019767912;NA;NA;NA;NA;NA;NA;NA;NA;NA;NA;NA;NA;NA;NA;NA;NA;NON DEFINITO;NA;NA;NA;0
150;150110;2023;19767915;2023;150206;035036;11/08/2023;15/08/2023;031;391;M;0;0;4;NA;002;NA;NA;V3001;005;0;035;001;080;F;150110;918000019767915;NA;NA;NA;NA;NA;NA;NA;NA;NA;NA;NA;NA;NA;NA;NA;NA;NON DEFINITO;NA;NA;NA;0
150;150110;2023;19767918;2023;150206;036012;22/08/2023;24/08/2023;031;391;M;0;0;2;NA;002;NA;NA;V3001;005;0;036;001;080;M;150110;918000019767918;NA;NA;NA;NA;NA;NA;NA;NA;NA;NA;NA;NA;NA;NA;NA;NA;NON DEFINITO;NA;NA;NA;0
150;150416;2023;19767965;2023;150206;039014;13/04/2023;16/04/2023;031;391;M;0;0;3;3;002;NA;NA;V3000;005;0;039;001;080;M;15041601;918000019767965;NA;NA;NA;NA;NA;9541;NA;NA;NA;NA;NA;NA;NA;NA;NA;NA;NON DEFINITO;NA;NA;NA;0
150;150416;2023;19767967;2023;150206;033024;30/06/2023;03/07/2023;031;391;M;0;0;3;3;002;NA;NA;V3001;005;0;033;001;080;F;15041601;918000019767967;NA;NA;NA;NA;NA;9541;NA;NA;NA;NA;NA;NA;NA;NA;NA;NA;NON DEFINITO;NA;NA;NA;0
150;150416;2023;19767970;2023;150206;036023;06/07/2023;09/07/2023;031;391;M;0;0;3;3;002;NA;NA;V3000;005;0;036;001;080;F;15041601;918000019767970;NA;NA;NA;NA;NA;9541;NA;NA;NA;NA;NA;NA;NA;NA;NA;NA;NON DEFINITO;NA;NA;NA;0
150;150416;2023;19767973;2023;150206;036005;12/08/2023;17/08/2023;031;391;M;0;0;5;2;002;NA;NA;V3000;005;0;036;001;080;M;15041601;918000019767973;V290;NA;NA;NA;NA;9059;8952;9541;NA;NA;NA;NA;NA;NA;NA;NA;NON DEFINITO;NA;NA;NA;0
150;150416;2023;19767976;2023;150206;035033;18/08/2023;22/08/2023;031;390;M;0;0;4;3;002;NA;NA;V3000;005;0;035;001;080;M;15041601;918000019767976;75261;NA;NA;NA;NA;9541;8875;NA;NA;NA;NA;NA;NA;NA;NA;NA;NON DEFINITO;NA;NA;NA;0
150;150417;2023;19767987;2023;150206;039014;28/03/2023;03/04/2023;031;391;M;0;0;6;0;002;NA;NA;V3000;005;0;039;001;080;M;15041702;918000019767987;7746;NA;NA;NA;NA;9396;9983;9059;8965;9541;NA;NA;NA;NA;NA;NA;NON DEFINITO;NA;NA;NA;0
150;150417;2023;19767989;2023;150206;034027;30/06/2023;03/07/2023;031;391;M;0;0;3;1;002;NA;NA;V3000;005;0;034;001;080;F;15041702;918000019767989;NA;NA;NA;NA;NA;9059;9541;NA;NA;NA;NA;NA;NA;NA;NA;NA;NON DEFINITO;NA;NA;NA;0
150;150436;2023;19767992;2023;150206;034027;15/03/2023;18/03/2023;031;391;M;0;0;3;0;002;NA;NA;V3000;005;0;034;001;080;F;15043601;918000019767992;NA;NA;NA;NA;NA;9059;9543;897;NA;NA;NA;NA;NA;NA;NA;NA;NON DEFINITO;NA;NA;NA;0
150;150436;2023;19767994;2023;150206;037006;08/05/2023;12/05/2023;031;391;M;0;0;4;1;002;NA;NA;V3000;005;0;037;001;080;M;15043601;918000019767994;77430;NA;NA;NA;NA;8966;9059;9543;NA;NA;NA;NA;NA;NA;NA;NA;NON DEFINITO;NA;NA;NA;0
150;150436;2023;19767998;2023;150206;038008;19/08/2023;23/08/2023;031;391;M;0;0;4;0;002;NA;NA;V3000;005;0;038;001;080;M;15043601;918000019767998;NA;NA;NA;NA;NA;9059;9543;897;NA;NA;NA;NA;NA;NA;NA;NA;NON DEFINITO;NA;NA;NA;0
150;150436;2023;19768001;2023;150206;039013;30/09/2023;03/10/2023;031;391;M;0;0;3;0;002;NA;NA;V3000;005;0;039;001;080;F;15043601;918000019768001;7746;V299;NA;NA;NA;8966;9543;9059;NA;NA;NA;NA;NA;NA;NA;NA;NON DEFINITO;NA;NA;NA;0
150;150154;2023;19768012;2023;150207;034020;04/01/2023;14/01/2023;062;386;M;0;22;10;3;002;NA;NA;77189;005;0;034;001;080;F;15015401;918000019768012;769;46611;NA;NA;NA;9671;9390;3893;8749;9394;NA;NA;NA;NA;NA;NA;NON DEFINITO;NA;NA;NA;0
150;150154;2023;19768016;2023;150207;037032;11/02/2023;23/02/2023;031;388;M;0;0;12;2;002;NA;NA;V3000;005;0;037;001;080;M;15015401;918000019768016;76519;76528;7742;NA;NA;897;9983;8871;8952;9503;8914;NA;NA;NA;NA;NA;NON DEFINITO;NA;NA;NA;0
150;150154;2023;19768031;2023;150207;035033;17/10/2023;20/10/2023;031;391;M;0;0;3;NA;002;NA;NA;V3000;005;0;035;001;080;M;15015401;918000019768031;NA;NA;NA;NA;NA;NA;NA;NA;NA;NA;NA;NA;NA;NA;NA;NA;NON DEFINITO;NA;NA;NA;0
150;150160;2023;19768053;2023;150207;034027;04/12/2023;07/12/2023;031;391;M;0;0;3;0;002;NA;NA;V3000;005;0;034;001;080;F;150160;918000019768053;NA;NA;NA;NA;NA;8966;1621;9542;3899;NA;NA;NA;NA;NA;NA;NA;NON DEFINITO;NA;NA;NA;0
150;150160;2023;19768057;2023;150207;034027;27/12/2023;29/12/2023;039;390;M;0;23;2;1;002;NA;NA;77081;005;0;034;001;080;F;150160;918000019768057;53011;NA;NA;NA;NA;8876;3899;8749;9132;9033;NA;NA;NA;NA;NA;NA;NON DEFINITO;NA;NA;NA;0
150;150163;2023;19768088;2023;150207;040015;02/01/2023;05/01/2023;031;391;M;0;0;3;3;002;NA;NA;V3000;005;0;040;001;080;F;150163;918000019768088;NA;NA;NA;NA;NA;1621;8966;9542;NA;NA;NA;NA;NA;NA;NA;NA;NON DEFINITO;NA;NA;NA;0
150;150167;2023;19768111;2023;150207;038008;09/05/2023;12/05/2023;031;391;M;0;0;3;NA;002;NA;NA;V3000;005;0;038;001;080;M;150167;918000019768111;NA;NA;NA;NA;NA;NA;NA;NA;NA;NA;NA;NA;NA;NA;NA;NA;NON DEFINITO;NA;NA;NA;0
150;150170;2023;19768119;2023;150207;037006;08/06/2023;10/06/2023;031;391;M;0;0;2;NA;002;NA;NA;V3001;005;0;037;001;080;F;150170;918000019768119;NA;NA;NA;NA;NA;NA;NA;NA;NA;NA;NA;NA;NA;NA;NA;NA;NON DEFINITO;NA;NA;NA;0
150;150170;2023;19768125;2023;150207;034016;08/12/2023;11/12/2023;031;391;M;0;0;3;NA;002;NA;NA;V3000;005;0;034;001;080;F;150170;918000019768125;NA;NA;NA;NA;NA;NA;NA;NA;NA;NA;NA;NA;NA;NA;NA;NA;NON DEFINITO;NA;NA;NA;0
150;150901;2023;19768191;2023;150901;036023;28/05/2023;31/05/2023;031;391;M;0;0;3;0;002;NA;NA;V3001;005;0;036;001;080;F;150901;918000019768191;NA;NA;NA;NA;NA;897;9543;NA;NA;NA;NA;NA;NA;NA;NA;NA;NON DEFINITO;NA;NA;NA;0
150;150903;2023;19768253;2023;150903;099014;13/01/2023;07/06/2023;073;110;C;0;1;145;123;001;3885;NA;74510;005;0;099;001;080;F;15090301;918000019768253;3970;4275;NA;NA;NA;3885;3921;9672;9963;NA;NA;NA;NA;NA;NA;NA;NON DEFINITO;NA;NA;NA;0
150;150903;2023;19768268;2023;150903;035009;11/09/2023;02/10/2023;073;386;M;0;0;21;0;002;NA;NA;769;005;0;035;001;080;M;15090301;918000019768268;76527;76496;7763;7455;7470;9390;8954;8938;3892;8871;8872;NA;NA;NA;NA;NA;NON DEFINITO;NA;NA;NA;0
150;150904;2023;19768313;2023;150904;033032;17/07/2023;23/07/2023;031;389;M;0;0;6;6;002;NA;NA;V3001;005;0;033;001;080;F;15090401;918000019768313;V298;7454;NA;NA;NA;8872;9059;NA;NA;NA;NA;NA;NA;NA;NA;NA;NON DEFINITO;NA;NA;NA;0
150;150904;2023;19768323;2023;150904;033032;05/10/2023;08/10/2023;031;391;M;0;0;3;1;002;NA;NA;V3001;005;0;033;001;080;F;15090401;918000019768323;NA;NA;NA;NA;NA;897;NA;NA;NA;NA;NA;NA;NA;NA;NA;NA;NON DEFINITO;NA;NA;NA;0
150;150905;2023;19768339;2023;150905;037006;17/01/2023;20/01/2023;062;391;M;0;0;3;1;002;NA;NA;V3000;005;0;037;001;080;M;15090501;918000019768339;75251;NA;NA;NA;NA;8879;9547;1621;9059;NA;NA;NA;NA;NA;NA;NA;NON DEFINITO;NA;NA;NA;0
150;150905;2023;19768352;2023;150905;037006;24/08/2023;27/08/2023;031;391;M;0;0;3;2;002;NA;NA;V3001;005;0;037;001;080;M;15090501;918000019768352;NA;NA;NA;NA;NA;1621;NA;NA;NA;NA;NA;NA;NA;NA;NA;NA;NON DEFINITO;NA;NA;NA;0
150;150907;2023;19768408;2023;150907;038008;20/06/2023;26/06/2023;031;391;M;0;0;6;6;002;NA;NA;76529;005;0;038;001;080;F;150907;918000019768408;NA;NA;NA;NA;NA;9052;NA;NA;NA;NA;NA;NA;NA;NA;NA;NA;NON DEFINITO;NA;NA;NA;0
150;150907;2023;19768416;2023;150907;035033;03/09/2023;05/09/2023;031;391;M;0;0;2;2;002;NA;NA;76529;005;0;035;001;080;F;150907;918000019768416;NA;NA;NA;NA;NA;9052;NA;NA;NA;NA;NA;NA;NA;NA;NA;NA;NON DEFINITO;NA;NA;NA;0
150;150907;2023;19768421;2023;150907;038008;26/10/2023;04/11/2023;073;390;M;0;0;9;0;002;NA;NA;7686;005;0;038;001;080;M;150907;918000019768421;7706;NA;NA;NA;NA;8871;9396;8872;9052;8914;8965;NA;NA;NA;NA;NA;NON DEFINITO;NA;NA;NA;0
150;150907;2023;19768425;2023;150907;036023;23/11/2023;27/11/2023;031;391;M;0;0;4;3;002;NA;NA;76529;005;0;036;001;080;F;150907;918000019768425;NA;NA;NA;NA;NA;9052;NA;NA;NA;NA;NA;NA;NA;NA;NA;NA;NON DEFINITO;NA;NA;NA;0
150;150907;2023;19768426;2023;150907;099016;07/12/2023;11/12/2023;031;388;M;0;0;4;4;002;NA;NA;76528;005;0;099;001;080;F;150907;918000019768426;NA;NA;NA;NA;NA;9052;NA;NA;NA;NA;NA;NA;NA;NA;NA;NA;NON DEFINITO;NA;NA;NA;0
150;150908;2023;19768444;2023;150908;035033;08/07/2023;13/07/2023;031;391;M;0;0;5;3;002;NA;NA;V3001;005;0;035;001;080;F;150908;918000019768444;76408;NA;NA;NA;NA;9059;NA;NA;NA;NA;NA;NA;NA;NA;NA;NA;NON DEFINITO;NA;NA;NA;0
150;150908;2023;19768459;2023;150908;038008;03/12/2023;07/12/2023;031;391;M;0;0;4;4;002;NA;NA;V3001;005;0;038;001;080;F;150908;918000019768459;NA;NA;NA;NA;NA;9059;NA;NA;NA;NA;NA;NA;NA;NA;NA;NA;NON DEFINITO;NA;NA;NA;0
150;150909;2023;19768466;2023;150909;036023;18/01/2023;21/01/2023;031;391;M;0;0;3;0;002;NA;NA;V3000;005;0;036;001;080;F;150909;918000019768466;NA;NA;NA;NA;NA;9059;897;NA;NA;NA;NA;NA;NA;NA;NA;NA;NON DEFINITO;NA;NA;NA;0
150;150909;2023;19768486;2023;150909;035033;14/04/2023;18/04/2023;031;391;M;0;0;4;0;002;NA;NA;V3000;005;0;035;001;080;F;150909;918000019768486;NA;NA;NA;NA;NA;897;9547;9059;NA;NA;NA;NA;NA;NA;NA;NA;NON DEFINITO;NA;NA;NA;0
180;180010;2023;19771440;2023;180201;034032;31/07/2023;02/08/2023;031;390;M;0;0;2;0;002;NA;NA;V3000;005;2950;034;001;080;F;18001001;918000019771440;V7799;NA;NA;NA;NA;897;9059;9509;9382;NA;NA;NA;NA;NA;NA;NA;NON DEFINITO;NA;NA;NA;0
180;180059;2023;19771569;2023;180205;037054;05/07/2023;08/07/2023;031;391;M;0;0;3;2;002;NA;NA;V3001;005;4180;037;001;080;M;180059;918000019771569;NA;NA;NA;NA;NA;9059;NA;NA;NA;NA;NA;NA;NA;NA;NA;NA;NON DEFINITO;NA;NA;NA;0
180;180059;2023;19771576;2023;180205;036012;14/09/2023;17/09/2023;031;391;M;0;0;3;NA;002;NA;NA;V3000;005;2930;036;001;080;F;180059;918000019771576;NA;NA;NA;NA;NA;NA;9059;NA;NA;NA;NA;NA;NA;NA;NA;NA;NON DEFINITO;NA;NA;NA;0
180;180913;2023;19771627;2023;180913;037006;14/07/2023;17/07/2023;031;391;M;0;0;3;2;002;NA;NA;V3001;005;3010;037;001;080;M;18091301;918000019771627;7630;NA;NA;NA;NA;9543;8938;9509;NA;NA;NA;NA;NA;NA;NA;NA;NON DEFINITO;NA;NA;NA;0
200;200012;2023;19774385;2023;200302;099018;17/01/2023;22/01/2023;031;391;M;0;0;5;NA;002;NA;NA;V3001;005;3340;099;001;080;M;200012;918000019774385;76529;NA;NA;NA;NA;NA;NA;NA;NA;NA;NA;NA;NA;NA;NA;NA;NON DEFINITO;NA;NA;NA;0
200;200012;2023;19774401;2023;200302;036019;01/07/2023;05/07/2023;031;388;M;0;0;4;NA;002;NA;NA;V3000;005;2310;036;001;080;M;200012;918000019774401;76528;NA;NA;NA;NA;NA;NA;NA;NA;NA;NA;NA;NA;NA;NA;NA;NON DEFINITO;NA;NA;NA;0
200;200031;2023;19774501;2023;200308;099013;22/05/2023;25/05/2023;031;391;M;0;0;3;3;002;NA;NA;7633;005;3490;099;001;080;M;200031;918000019774501;NA;NA;NA;NA;NA;9059;NA;NA;NA;NA;NA;NA;NA;NA;NA;NA;NON DEFINITO;NA;NA;NA;0
200;200904;2023;19774540;2023;200904;038008;26/09/2023;02/10/2023;031;391;M;0;0;6;1;002;NA;NA;V3000;005;3330;038;001;080;F;20090401;918000019774540;76529;V290;7746;NA;NA;9983;897;8966;NA;NA;NA;NA;NA;NA;NA;NA;NON DEFINITO;NA;NA;NA;0
200;200905;2023;19774561;2023;200905;034027;19/06/2023;24/06/2023;031;391;M;0;0;5;NA;002;NA;NA;V3001;005;3270;034;001;080;F;20090501;918000019774561;NA;NA;NA;NA;NA;NA;NA;NA;NA;NA;NA;NA;NA;NA;NA;NA;NON DEFINITO;NA;NA;NA;0
090;090641;2023;19778464;2023;090203;033032;14/06/2023;17/06/2023;039;391;M;0;0;3;1;002;NA;NA;V3000;005;3500;033;001;080;M;090641;918000019778464;V290;NA;NA;NA;NA;9929;8871;1621;9543;8939;NA;NA;NA;NA;NA;NA;NON DEFINITO;NA;NA;NA;0
