EUROCAT_VARIABLE;SDO_CEDAP_DD;RICODIFICARE;CALCOLARE;NOTE;Origine;Codifica di destinazione;codifica di origine
sex;SEX;1;0;Ricodificare, vedere nel dd;SDO;1, Male | 2, Female | 3, Indeterminate | 9, Not known;Indicare il sesso del neonato in base ai genitali esterni: 1 = maschio, 2 = femmina.3 = indeterminato
birth_date;dt_nasc;0;0;Mapping diretto;SDO;NA;Formato gammaaaa (giorno mese, anno)
weight;PESO_GR;0;0;Mapping diretto;SDO;NA;Indicare il peso del neonato in grammi.
prog_paz;PROG_PAZ;0;0;Mapping diretto;SDO;NA;Il campo deve contenere un progressivo che rappresenta l'identificativo univoco del neonato nell'ambito del numero scheda.
sds_cc;sds_cc;0;0;Mapping diretto;SDO;NA;NA
agedisc;ETA_GESTAZIONALE_ALLA_DIAGNOSI;0;0;Mapping diretto;CedAP;NA;Età gestazionale al momento della diagnosi della malformazione, espressa in settimane compiute.
mocitizenship;CITTADINANZA_M;0;0;Mapping diretto;CedAP;402, Angola | 408, Botswana | 411, Camerun | 414, Repubblica Centrafricana | 415, Ciad | 418, Congo | 421, Gabon | 427, Guinea equatoriale | 429, Lesotho | 441, Namibia | 448, Sao Tomé e Principe | 454, Sudafrica | 456, Eswatini | 463, Repubblica Democratica del Congo | 983, Sant'Elena | 404, Costa d'Avorio | 406, Benin | 409, Burkina Faso | 413, Capo Verde | 422, Gambia | 423, Ghana | 425, Guinea | 426, Guinea-Bissau | 430, Liberia | 435, Mali | 437, Mauritania | 442, Niger | 443, Nigeria | 450, Senegal | 451, Sierra Leone | 458, Togo | 410, Burundi | 417, Comore | 420, Etiopia | 424, Gibuti | 428, Kenya | 432, Madagascar | 434, Malawi | 438, Maurizio | 440, Mozambico | 446, Ruanda | 449, Seychelles | 453, Somalia | 457, Tanzania | 461, Uganda | 464, Zambia | 465, Zimbabwe | 466, Eritrea | 401, Algeria | 419, Egitto | 431, Libia | 436, Marocco | 455, Sudan | 460, Tunisia | 467, Sud Sudan | 905, Sahara occidentale | 202, Andorra | 223, Islanda | 225, Liechtenstein | 229, Monaco | 231, Norvegia | 236, San Marino | 241, Svizzera | 246, Stato della Città del Vaticano | 910, Gibilterra | 924, Isole Fær Øer | 925, Jersey | 939, Sark | 940, Guernsey | 959, Isola di Man | 503, Antigua e Barbuda | 505, Bahamas | 506, Barbados | 507, Belize | 513, Costa Rica | 514, Cuba | 515, Dominica | 516, Repubblica Dominicana | 517, El Salvador | 518, Giamaica | 519, Grenada | 523, Guatemala | 524, Haiti | 525, Honduras | 527, Messico | 529, Nicaragua | 530, Panama | 532, Santa Lucia | 533, Saint Vincent e Grenadine | 534, Saint Kitts e Nevis | 602, Argentina | 604, Bolivia | 605, Brasile | 606, Cile | 608, Colombia | 609, Ecuador | 612, Guyana | 614, Paraguay | 615, Perù | 616, Suriname | 617, Trinidad e Tobago | 618, Uruguay | 619, Venezuela | 904, Saint-Martin (FR) | 906, Saint-Barthélemy | 911, Isole Cayman | 917, Anguilla | 926, Aruba | 928, Sint Maarten (NL) | 958, Isole Falkland (Malvine) | 964, Montserrat | 966, Curaçao | 992, Isole Turks e Caicos | 994, Isole Vergini britanniche | 509, Canada | 536, Stati Uniti d'America | 908, Bermuda | 934, Groenlandia | 980, Saint Pierre e Miquelon | 301, Afghanistan | 305, Bangladesh | 306, Bhutan | 311, Sri Lanka | 330, India | 339, Maldive | 342, Nepal | 344, Pakistan | 356, Kazakhstan | 357, Uzbekistan | 361, Kirghizistan | 362, Tagikistan | 364, Turkmenistan | 302, Arabia Saudita | 304, Bahrein | 322, Emirati Arabi Uniti | 324, Palestina | 327, Giordania | 332, Iran | 333, Iraq | 334, Israele | 335, Kuwait | 337, Libano | 343, Oman | 345, Qatar | 348, Siria | 354, Yemen | 358, Armenia | 359, Azerbaigian | 360, Georgia | 307, Myanmar/Birmania | 309, Brunei Darussalam | 310, Cambogia | 314, Cina | 319, Corea del Nord | 320, Corea del Sud | 323, Filippine | 326, Giappone | 331, Indonesia | 336, Laos | 338, Timor Leste | 340, Malaysia | 341, Mongolia | 346, Singapore | 349, Thailandia | 353, Vietnam | 363, Taiwan | 201, Albania | 243, Ucraina | 245, Federazione russa | 252, Bosnia-Erzegovina | 253, Ex Repubblica Jugoslava di Macedonia | 254, Moldova | 256, Bielorussia | 270, Montenegro | 271, Serbia | 272, Kosovo | 351, Turchia | 701, Australia | 703, Figi | 708, Kiribati | 712, Isole Marshall | 713, Stati Federati di Micronesia | 715, Nauru | 719, Nuova Zelanda | 720, Palau | 721, Papua Nuova Guinea | 725, Isole Salomone | 727, Samoa | 730, Tonga | 731, Tuvalu | 732, Vanuatu | 902, Nuova Caledonia | 909, Isole Cook (NZ) | 920, Polinesia francese | 972, Isole Pitcairn | 988, Terre australi e antartiche francesi | 997, Wallis e Futuna | 100, Italia | 203, Austria | 206, Belgio | 209, Bulgaria | 212, Danimarca | 214, Finlandia | 215, Francia | 216, Germania | 219, Regno Unito | 220, Grecia | 221, Irlanda | 226, Lussemburgo | 227, Malta | 232, Paesi Bassi | 233, Polonia | 234, Portogallo | 235, Romania | 239, Spagna | 240, Svezia | 244, Ungheria | 247, Estonia | 248, Lettonia | 249, Lituania | 250, Croazia | 251, Slovenia | 255, Slovacchia | 257, Repubblica ceca | 315, Cipro;"Codice ISTAT a 3 cifre dello Stato di cittadinanza (*).
Per le cittadine italiane codificare 100.
Per le apolidi codificare 999."
consang;CONSANGUINEITA;1;0;guardare nel cedap;CedAP;0, Not related or relationship more distant than second cousin | 1, Relationship of second cousin or closer | 9, Not known;"Nel caso di consanguineità tra i genitori indicare se: 1.sono parenti di 4' grado; 2. sono parenti di 5' grado, sono parenti di 6' grado. in caso di non consang. compilare a spazi"
agefa;dt_nas_p;0;1;Da calcolare: differenza tra anno corrente e data_nascita_padre;NA;NA;Data di nascita del padre(ggmmaaaa).
mo_smoking;ABITUDINE_AL_FUMO;0;0;Codifica come cedap;CedAP;NA;"Codice a 2 caratteri per individuare l'abitudine al fumo della donna prima della gravidanza (I cifra) e l'eventuale modifica di tale abitudine durante la gravidanza (II cifra).
La II cifra va compilata solo nei casi in cui la I cifra sia 1 (Sì).
I cifra – Abitudine al fumo nei 5 anni precedenti la gravidanza:
Sì
No
Se Sì, specificare (II cifra):
Ha smesso prima della gravidanza
Ha smesso a inizio gravidanza
Ha continuato a fumare in gravidanza"
malfo1;COD_PAT1;0;0;Mapping diretto;SDO;1, 212700|D15.1|RABDIOMIOMI CARDIACI MULTIPLI | 2, 228000|D18.0|ANGIOMA | 3, 228000|D18.0|ANGIOMI MULTIPLI | 4, 228000|D18.00|ANGIOMA CAPILLARE | 5, 228000|D18.01|ANGIOMA CAVERNOSO | 6, 228000|D18.02|ANGIOMA MISTO | 7, 228100|D18.1|LINFANGIOMA qualsiasi sede | 8, 228100|D18.10|EDEMA NUCALE | 9, 228100|D18.10|IGROMA CISTICO | 10, 238000|D21.5|TERATOMA SACROCOCCIGEO | 11, 215800|D21.9|FIBROLIPOMA SACRALE | 12, 237000|D43.7|NEOPLASIA NEUROBLASTICA PERINEALE | 13, 237900|D43.7|TERATOMA CEREBRALE | 14, 270020|D61.00|ANEMIA DI FANCONI | 15, 279110|D82.0|WISCOTT-ALDRICH | 16, 279100|D82.1|DIGEORGE VELOCARDIOFACIAL SYNDROME | 17, 243990|E03.0|IPOTIROIDISMO CONGENITO con gozzo | 18, 243990|E03.1|IPOTIROIDISMO CONGENITO senza gozzo | 19, 255200|E25.0|SINDROME ADRENOGENITALE | 20, 257800|E34.5|MORRIS SYNDROME insensibilità agli androgeni | 21, 775800|E70.22|TIROSINEMIA | 22, 270200|E70.3|ALBINISMO OCULOCUTANEO | 23, 759804|E70.30|WAARDENBURG'S SYNDROME | 24, 270600|E72.21|ARGININ SUCCINICO ACIDURIA | 25, 275310|E83.32|IPOFOSFATASIA | 26, 275390|E83.39|DEFICIT METABOLICO DELLE FOSFATASI | 27, 351000|G51.0|PARALISI FACIALE | 28, 351000|G51.00|PARALISI FACIALE UNILATERALE | 29, 359200|G71.11|DISTROFIA MIOTONICA | 30, 425300|I42.4|FIBROELASTOSI ENDOCARDICA | 31, 523800|K06.1|EPULIDE | 32, 524030|K07.00|MICROGNAZIA SEVERA, RETROMICROGNAZIA | 33, 275400|N29.80|NEFROCALCINOSI RENALE BIL | 34, 761200|P01.2|ANIDRAMNIOS | 35, 761200|P01.2|OLIGODRAMNIOS | 36, 761300|P01.3|POLIDRAMNIOS | 37, 762300|P02.3|TRASFUSIONE FETO FETALE | 38, 764900|P05.1|IUGR GRAVE | 39, 764900|P05.1|RITARDO DI CRESCITA/IUGR | 40, 764900|P05.9|RITARDO DI CRESCITA/IUGR NOS | 41, 771000|P35.0|ROSOLIA CONGENITA | 42, 771100|P35.1|CITOMEGALOVIRUS | 43, 771100|P35.1|INFEZIONE CONGENITA DA CMV | 44, 771210|P37.1|TOXOPLASMOSIS | 45, 771290|P37.9|INFEZIONE INTRAUTERINA NOS | 46, 771890|P39.2|INFEZIONE FETO PLACENTARE | 47, 760750|P70.1|DIABETE MATERNO | 48, 778000|P83.2|IDROPE FETALE non emolitica | 49, 778030|P83.3|ASCITE | 50, 778020|P83.3|IDROTORACE | 51, 779820|P94.2|IPOTONIA | 52, 740000|Q00.00|ACRANIA/ANENCEFALIA | 53, 740000|Q00.01|ACRANIA/ANENCEFALIA incomplete | 54, 740100|Q00.1|craniorachischisi | 55, 740200|Q00.2|INIENCEFALIA | 56, 742000|Q01.2|ENCEFALOCELE OCCIPITALE | 57, 742080|Q01.0|ENCEFALOCELE FRONTALE | 58, 742080|Q01.1|ENCEFALOCELE NASOFRONTALE | 59, 742080|Q01.8|ENCEFALOCELE ALTRE SEDI SPECIFICATE | 60, 742080|Q01.80|ENCEFALOCELE PARIETALE | 61, 742080|Q01.81|ENCEFALOCELE ORBITALE | 62, 742090|Q01.9|ENCEFALOCELE NOS | 63, 742100|Q02|MICROCEFALIA | 64, 742300|Q03|IDROCEFALO CONGENITO | 65, 742300|Q03.0|IDROCEFALO CON ANOMALIA DI SYLVUS | 66, 742310|Q03.1|DANDY WALKER SYNDROME, atresia dei forami di Luschka e Magendie | 67, 742310|Q03.1|DANDY WALKER VARIANT | 68, 742398|Q03.8|altri idrocefali congeniti | 69, 742390|Q03.9|IDROCEFALO CONGENITO NOS | 70, 742390|Q03.9|VENTRICOLOMEGALIA SEVERA | 71, 742210|Q04.0|ANOMALIA CORPO CALLOSO (IPOPLASIA , AGENESIA O DISPLASIA) | 72, 742210|Q04.00|AGENESIA CORPO CALLOSO | 73, 742260|Q04.1|ARINENCEFALIA | 74, 742260|Q04.2|OLOPROSENCEFALIA | 75, 742260|Q04.2|OLOPROSENCEFALIA LOBARE | 76, 742260|Q04.2|OLOPROSENCEFALIA SEMILOBARE | 77, 759890|Q04.3|MILLER-DIEKER SYNDROME | 78, 742200|Q04.30|IPOPLASIA CEREBRALE (anomalie di riduzione del cervello) | 79, 742230|Q04.32|ANOMALIA/IPOPLASIA  CEREBELLARE (anomalie di riduzione del cervelletto) | 80, 742240|Q04.33|AGIRIA/LISSENCEFALIA | 81, 742250|Q04.34|POLI-MICROGIRIA PACHIGIRIA | 82, 742320|Q04.35|IDRANENCEFALIA | 83, 742480|Q04.4|DISPLASIA SETTO-OTTICA | 84, 742400|Q04.5|MEGAENCEFALIA, EMIMEGAENCEFALIA | 85, 742480|Q04.6|CISTI CEREBRALI CONGENITE, PORENCEFALIA | 86, 742480|Q04.60|CISTI CEREBRALI CONGENITE MULTIPLE | 87, 742480|Q04.61|CISTI CEREBRALE CONGENITE SINGOLA | 88, 742480|Q04.8|ALTRE MALF SPECIFICATE DEL CERVELLO | 89, 742480|Q04.8|MACROGIRIA | 90, 742280|Q04.8|ANOMALIA DELLA GIRAZIONI | 91, 742900|Q04.9|ANOMALIE CEREBRALE NOS | 92, 742280|Q04.9|MALFORMAZIONE CEREBRALE NOS | 93, 741000|Q05.01|spina bifida, cervicale, con idrocefalo, aperta | 94, 741030|Q05.02|spina bifida, cervicale, con idrocefalo, chiusa | 95, 741080|Q05.09|spina bifida, cervicale, con idrocefalo, non noto se aperta | 96, 741000|Q05.11|spina bifida, toracica, con idrocefalo, aperta | 97, 741040|Q05.12|spina bifida, toracica, con idrocefalo, chiusa | 98, 741080|Q05.19|spina bifida, toracica, con idrocefalo, non note se aperta | 99, 741000|Q05.21|spina bifida, lombare, con idrocefalo, aperta | 100, 741050|Q05.22|spina bifida, lombare, con idrocefalo, chiusa | 101, 741080|Q05.29|spina bifida, lombare, con idrocefalo, non noto se aperta | 102, 741000|Q05.31|spina bifida, sacrale, con idrocefalo, aperta | 103, 741060|Q05.32|spina bifida, sacrale, con idrocefalo, chiusa | 104, 741080|Q05.39|spina bifida, sacrale, con idrocefalo, non noto se aperta | 105, 741000|Q05.41|spina bifida, sede NOS, con idrocefalo, aperta | 106, 741020|Q05.42|spina bifida, sede NOS, con idrocefalo, chiusa | 107, 741090|Q05.49|spina bifida, sede NOS, con idrocefalo, non noto se aperto | 108, 741900|Q05.51|spina bifida, cervicale, idrocefalo NOS, aperta | 109, 741910|Q05.52|spina bifida, cervicale, idrocefalo NOS, chiusa | 110, 741980|Q05.59|spina bifida, cervicale, idrocefalo NOS, non noto se aperta | 111, 741900|Q05.61|spina bifida, toracica, idrocefalo NOS, aperta | 112, 741920|Q05.62|spina bifida, toracica, idrocefalo NOS, chiusa | 113, 741980|Q05.69|spina bifida, toracica, idrocefalo NOS, NON NOTO SE APERTA | 114, 741900|Q05.71|spina bifida, lombare, idrocefalo NOS, aperta | 115, 741930|Q05.72|spina bifida, lombare, idrocefalo NOS, chiusa | 116, 741980|Q05.79|spina bifida, lombare, idrocefalo NOS, non noto se aperta | 117, 741940|Q05.82|spina bifida, sacrale, idrocefalo NOS, chiusa | 118, 741980|Q05.89|spina bifida, sacrale, idrocefalo NOS, non noto se aperta | 119, 741000|Q05.9|SPINA BIFIDA NOS | 120, 741990|Q05.9|MIELOMENINGOCELE NOS | 121, 741900|Q05.91|spina bifida, sede NOS, idrocefalo NOS, aperta | 122, 741990|Q05.92|spina bifida, sede NOS, idrocefalo NOS, chiusa | 123, 741990|Q05.99|spina bifida, sede NOS, idrocefalo NOS, non noto se aperto | 124, 741900|Q05.81|spina bifida, sacrale, idrocefalo NOS, aperta | 125, 742500|Q06.0|AMELIA | 126, 742510|Q06.1|MIELODISPLASIA, IPOPLASIA E DISPLASIA DEL MIDOLLO SPINALE | 127, 742520|Q06.2|DIASTEMATOMIELIA | 128, 742530|Q06.3|ALTRE MALF CAUDA EQUINA | 129, 742540|Q06.4|IDROMIELIA | 130, 742880|Q07.0|ARNOLD CHIARI | 131, 742800|Q07.8|ALTRE MALF SPECIFICATE DEL SISTEMA NERVOSO PERIFERICO | 132, 742800|Q07.80|MARCUS GUNN'S SYNDROME | 133, 743600|Q10.0|PTOSI CONGENITA | 134, 74360|Q10.0|BLEPHAROPHIMOSIS-PTOSIS SYNDROME | 135, 743630|Q10.3|ASSENZA PALPEBRE MONO O BI, ASSENZA CILIA, COLOBOMA PALPEBRA | 136, 743630|Q10.3|BLEFAROFIMOSI BILAT | 137, 743000|Q11.1|ANOFTHALMO | 138, 743100|Q11.2|LENZ MICROPHTHALMOS SYNDROME | 139, 743100|Q11.2|MICROFTALMIA | 140, 743210|Q11.3|MACROFTALMIA | 141, 743320|Q12.0|CATARATTA MONO O BILATERALE | 142, 743340|Q12.2|COLOBOMA DELLA LENTE | 143, 743300|Q12.3|ASSENZA DELLA LENTE, AFACHIA | 144, 743310|Q12.8|ALTRE ANOMALIE DEL CRISTALLINO | 145, 743430|Q13.0|COLOBOMA DELL'IRIDE | 146, 743420|Q13.1|ANIRIDIA | 147, 743420|Q13.1|ANIRIDIA -WILMS TUMOUR, SYNDROME WAGR | 148, 743400|Q13.3|OPACITA CONGENITA DELLA CORNEA | 149, 743520|Q14.2|COLOBOMA DISCO OTTICO | 150, 743200|Q15.0|GLAUCOMA CONGENITO | 151, 743220|Q15.00|MEGALOCORNEA | 152, 743900|Q15.8|LINFANGIOMA CISTICO OCCHIO SINISTRA | 153, 743900|Q15.8|ALTRE ANOMALIE SPECIFICATE DELL'OCCHIO | 154, 744010|Q16.0|AGENESIA PADIGLIONE AURICOLARE MONO, ANOTIA | 155, 744000|Q16.1|ASSENZA O STENOSI DEL CONDOTTO UDITIVO ESTERNO | 156, 744020|Q16.4|ANOMALIE DEL ORECCHIO MEDIO | 157, 744030|Q16.5|AGENESIA O ANOMALIA CANALI SEMICIRCOLARI | 158, 744090|Q16.9|ORECCHIO MALFORMATO CON PERDITA DI UDITO | 159, 744110|Q17.0|APPENDICI PREAURICOLARI | 160, 74410|Q17.0|PADIGLIONE AURICOLARE ACCESORIO | 161, 744210|Q17.2|MICROTIA | 162, 744230|Q17.3|MALFORMAZIONE ORECCHIO | 163, 744240|Q17.4|ORECCHIE BASSO IMPIANTO | 164, 744230|Q17.8|LOBO ORECCHIO FISSURATO | 165, 759890|Q17.8|MELNICK-FRASER SYNDROME, Branchiootorenal syndrome, SINDROME BOR | 166, 744300|Q17.9|MALFORMAZIONE ORECCHIE NOS | 167, 744280|Q18.1|SENO PREAURICOLARE | 168, 744400|Q18.0|RESIDUI BRANCHIALI | 169, 744480|Q18.2|ALTRE ANOMALIE DEGLI ARCHI BRANCHIALI | 170, 744800|Q18.4|MACROSTOMIA | 171, 744810|Q18.5|MICROSTOMIA | 172, 744500|Q18.3|PTERIGIUM COLLI | 173, 744910|Q18.9|DISFORMISMI FACCIALI | 174, 745000|Q20.0|TRONCO ARTERIOSO COMUNE | 175, 745110|Q20.1|DORV, VENTRICOLO DESTRO A DOPPIA USCITA | 176, 745100|Q20.3|TGV, TRASPOSIZIONE DEI GROSSI VASI | 177, 745300|Q20.4|CUORE UNIVENTRICOLARE | 178, 759890|Q20.6|IVEMARK SYNDROME | 179, 759380|Q20.6|ISOMERISMO ATRIALE  CON ASPLENIA O POLISPLENIA | 180, 745449|Q21.0|DIV INFUNDIBOLARE /SOPRA CRESTALE | 181, 745482|Q21.0|DIV MULTIPLO MEDIO DIMENSIONE | 182, 745481|Q21.0|DIV MULTIPLO PICCOLO  DIMENSIONE (< 3MM) | 183, 745459|Q21.0|DIV MUSCOLARE DIMENSIONE SCONOSCIUTA | 184, 745453|Q21.0|DIV MUSCOLARE GRANDE DIMENSIONE (>5MM) | 185, 745452|Q21.0|DIV MUSCOLARE MEDIO DIMENSIONE (3-5MM) | 186, 745489|Q21.0|DIV MUSCOLARE MULTIPLI DIMENSIONE SCONOSCIUTA | 187, 745451|Q21.0|DIV MUSCOLARE PICCOLO  DIMENSIONE (< 3MM) | 188, 745449|Q21.0|DIV PERIMEMBRANOSO DIMENSIONE SCONOSCIUTA | 189, 745443|Q21.0|DIV PERIMEMBRANOSO GRANDE DIMENSIONE (>5MM) | 190, 745442|Q21.0|DIV PERIMEMBRANOSO MEDIO DIMENSIONE (3-5MM) | 191, 745441|Q21.0|DIV PERIMEMBRANOSO PICCOLO DIMENSIONE (<3MM) | 192, 745499|Q21.0|DIV SEDE SCONOSCIUTA DIMENSIONE SCONOSCIUTA | 193, 745493|Q21.0|DIV SEDE SCONOSCIUTA GRANDE DIMENSIONE (>5MM) | 194, 745492|Q21.0|DIV SEDE SCONOSCIUTA MEDIO DIMENSIONE (3-5MM) | 195, 745491|Q21.0|DIV SEDE SCONOSCIUTA PICCOLO  DIMENSIONE (< 3MM) | 196, 745439|Q21.0|DIV SUBAORTICO DIMENSIONE SCONOSCIUTA | 197, 745433|Q21.0|DIV SUBAORTICO GRANDE DIMENSIONE (>5MM) | 198, 745432|Q21.0|DIV SUBAORTICO MEDIO DIMENSIONE (3-5MM) | 199, 745431|Q21.0|DIV SUBAORTICO PICCOLO DIMENSIONE (<3MM) | 200, 745500|Q21.1|DIA | 201, 745510|Q21.10|DIA OSTIUM SECONDUM | 202, 745500|Q21.11|FORAME OVALE PERVIO | 203, 745610|Q21.15|ATRIO UNICO, COR TRILOCULARE BIVENTRICOLARE | 204, 745580|Q21.18|ANEURISMA SETTO INTERATRIALE | 205, 745600|Q21.20|DIFETTO CUSCINETTO ENDOCARDICI, OSTIUM PRIMUM | 206, 745630|Q21.21|CANALE ATRIOVENTRICOLARE UNICO, CAV | 207, 745620|Q21.21|DIFETTO DEL SETTO TIPO CANALE ATRIOVENTRICOLARE UNICO | 208, 745200|Q21.3|TETRALOGIA DI FALLOT | 209, 745210|Q21.82|PENTALOGIA DI FALLOT (+ DIA) | 210, 745680|Q21.4|FINESTRA AORTO POLMONARE | 211, 746000|Q22.0|ATRESIA  VALVOLA POLMOMARE | 212, 746010|Q22.1|STENOSI VALVOLARE POLMONARE | 213, 746020|Q22.2|INSUFFICIENZA VALVOLA PULMONARE | 214, 746080|Q22.3|ALTRE MALF VALVOLARE POLMONARE | 215, 746080|Q22.3|DISPLASIA O IPOPLASIA VALVOLARE POLMONARE | 216, 746080|Q22.3|VALVOLA POLMONARE BICUSPIDE | 217, 746110|Q22.4|ATRESIA O STENOSI TRICUSPIDE | 218, 746200|Q22.5|MALFORMAZIONE DI EBSTEIN | 219, 746790|Q22.6|CUORE DESTRO IPOPLASICO | 220, 746880|Q22.8|ALTRA ANOMALIA TRICUSPIDALE | 221, 746113|Q22.8|INSUFFICIENZA TRICUSPIDE | 222, 746300|Q23.0|STENOSI O ATRESIA VALVOLA AORTICA | 223, 746400|Q23.1|INSUFFICIENZA AORTICA | 224, 746420|Q23.10|AORTA BICUSPIDE | 225, 746420|Q23.10|VALVOLA AORTICA BICUSPIDE | 226, 746500|Q23.2|ATRESIA O STENOSI MITRALE | 227, 746600|Q23.3|INSUFFICIENZA MITRALICA | 228, 746700|Q23.4|CUORE SN IPOPLASICO | 229, 746880|Q23.8|ALTRE ANOMALIE AORTICA/MITRALICA | 230, 746480|Q23.8|VALVOLA AORTICA DISPLASICA | 231, 746800|Q24.0|DESTROCARDIA ISOLATA | 232, 746820|Q24.2|COR TRIATRIATUM | 233, 746880|Q24.5|ANOMALIE DELLE CORONARIE | 234, 746870|Q24.6|BLOCCO CARDIACO | 235, 746880|Q24.8|ALTRE MALFORMAZIONI CARDIACHE SPECIFICATE | 236, 746860|Q24.8|CARDIOMEGALIA | 237, 746880|Q24.8|ECTOPIA CORDIS | 238, 746880|Q24.8|TRILOGIA DI FALLOT | 239, 746880|Q24.9|ALTRE MALFORMAZIONI CARDIACHE NOS | 240, 747000|Q25.0|PDA | 241, 747190|Q25.1|COARTAZIONE  AORTICA | 242, 747100|Q25.10|COARTAZIONE  AORTICA PREDUTTALE | 243, 747110|Q25.11|COARTAZIONE AORTICA POST DUTTALE | 244, 747190|Q25.19|COARTAZIONE  AORTICA NOS | 245, 747280|Q25.2|INTERRUZIONE ARCO AORTICO, ATRESIA AORTA | 246, 747280|Q25.3|STENOSI AORTA | 247, 747210|Q25.40|IPOPLASIA AORTA | 248, 747230|Q25.41|PERSISTENZA DELL'ARCO AORTICO DESTRO | 249, 747260|Q25.42|overriding aorta | 250, 747250|Q25.44|DOPPIO ARCO AORTICO | 251, 747310|Q25.5|ATRESIA ARTERIA POLMONARE | 252, 747320|Q25.6|STENOSI ARTERIA POLMONARE | 253, 747380|Q25.8|ALTRE MALFORMAZIONI DELLE GRANDI ARTERIE | 254, 747400|Q26.0|STENOSI CONGENITA DELLA VENA CAVA SUP O INF | 255, 747410|Q26.1|PERSISTENZA VENA CAVA SUPERIORE SX | 256, 747420|Q26.2|RITORNO VENOSO POLMOMARE ANOMALO TOTALE | 257, 747430|Q26.3|RITORNO VENOSO POLMONARE ANOMALO PARZIALE | 258, 747880|Q26.8|ALTRE MALFORMAZIONI CONGENITE DELLE GRANDI VENE, ASSENZA VENA CAVA SUP/INF, AZYGOS CONTINUATION | 259, 747600|Q27.1|STENOSI CONGENITA DELL'ARTERIA RENALE | 260, 747500|Q27.0|ARTERIA OMBELICALE UNICA | 261, 747610|Q27.2|ANOMALIA ARTERIA RENALE | 262, 747620|Q27.3|MALFORMAZIONI ARTEROVENOSE PERIFERICHE (MAV) | 263, 747680|Q27.8|ALTRE MALFORMAZIONE SISTEMA VASCOLARE PERIFERICO | 264, 747680|Q27.8|FISTOLA VENO-VENOSO EPATICA | 265, 747810|Q28.0|MALFORMAZIONI ARTEROVENOSE VASI PRE CEREBRALI (MAV) | 266, 747810|Q28.2|MALFORMAZIONI ARTEROVENOSE VASI CEREBRALI  (MAV) | 267, 747810|Q28.2|ANEURISMA DELLA VENA DI GALENO | 268, 747810|Q28.3|ALTRE MALFORMAZIONI VASI CEREBRALI | 269, 747800|Q28.3|ARTERIOPATIA CALCIFICA IDIOPATICA VASI CEREBRALI | 270, 747880|Q28.8|ALTRE MALFORMAZIONI SISTEMA CIRCOLATORIO | 271, 748000|Q30.0|ATRESIA DELLE COANE | 272, 759890|Q87.8|CHARGE | 273, 748000|Q30.0|STENOSI DELLE COANE | 274, 748100|Q30.1|AGENESIA O IPOSVILUPPO DEL NASO | 275, 748100|Q30.1|IPOPLASIA DEL NASO | 276, 748120|Q30.2|SCHISI NARICE | 277, 748180|Q30.8|ALTRE MALFORMAZIONI NASO SPECIFICATE | 278, 748180|Q30.8|ASSENZA DELLA NARICE, CAVITA NASALE UNICA | 279, 748190|Q30.9|ALTRE MALFORMAZIONI NASO NOS | 280, 748200|Q31.0|WEB LARINGEO | 281, 748300|Q31.8|AGENESIA/ATRESIA LARINGE | 282, 748300|Q31.80|CLEFT LARINGE | 283, 748320|Q32.0|TRACHEOMALACIA | 284, 748330|Q32.1|ATRESIA TRACHEALE | 285, 748330|Q32.11|CLEFT TRACHEO ESOFAGEO | 286, 748400|Q33.0|CISTI POLMONARE | 287, 74841|Q33.01|POLMONE POLICISTICO | 288, 748620|Q33.1|LOBO POMONARE ACCESSORIO | 289, 748520|Q33.2|SEQUESTRO POLMONARE | 290, 748500|Q33.3|AGENESIA DEL POLMONE O LOBO POLMONARE | 291, 748500|Q33.6|IPOPLASIA O DISPLASIA DEL POLMONE | 292, 748480|Q33.80|ADENOMATOIDE CISTICA POLMONARE | 293, 748880|Q34.80|LINFOANGECTASIE POLMONARE | 294, 749000|Q35.1|SCHISI PALATO DURO MONOLAERALE completo/incompleto (sottomucoso) lato | 295, 749010|Q35.1|SCHISI PALATO DURO BILATERALE completo/incompleto (sottomucoso) | 296, 749020|Q35.1|SCHISI PALATO DURO CENTRALE completo/incompleto (sottomucoso) | 297, 749030|Q35.1|SCHISI PALATO DURO NOS | 298, 749040|Q35.3|SCHISI PALATO MOLLE MONOLATERALE completo/incompleto (sottomucoso) lato | 299, 749050|Q35.3|SCHISI PALATO MOLLE BILATERALE completo/incompleto (sottomucoso) | 300, 749060|Q35.3|SCHISI PALATO MOLLE CENTRALE completo/incompleto (sottomucoso) | 301, 749070|Q35.3|SCHISI PALATO MOLLE NOS | 302, 749090|Q35.5|SCHISI PALATO DURO E MOLLE spec se completo/incompleto (sottomucoso) mono/bi | 303, 749080|Q35.7|UGOLA BIFIDA | 304, 749090|Q35.9|PALATOSCHISI NOS | 305, 749110|Q36.0|LABIOSCHISI BILATERALE (specifica se labbro e anche gengiva) | 306, 749120|Q36.1|LABIOSCHISI CENTRALE (specifica se labbro e anche gengiva) | 307, 749100|Q36.90|LABIOSCHISI MONOLATERALE specifiica lato (specifica se labbro e anche gengiva) | 308, 749190|Q36.99|LABIOSCHISI NOS | 309, 749210|Q37.0|SCHISI PALATO DURO E LABIOSCHISI BILATERALI | 310, 749200|Q37.1|SCHISI PALATO DURO E LABIOSCHISI MONOLATERALE | 311, 749200|Q37.2|SCHISI PALATO MOLLE E LABIOSCHISI BILATERALI | 312, 749201|Q37.3|SCHISI PALATO MOLLE E LABIOSCHISI MONOLATERALE | 313, 749210|Q37.4|LABIOPALATOSCHISI BILATERALE DURO+MOLLE | 314, 749210|Q37.5|LABIOPALATOSCHISI UNILATERALI DURO+MOLLE | 315, 749200|Q37.9|LABIOSCHISI MONOLATERALE CON PALATOSCHISI NON SPECIFATO | 316, 749210|Q37.8|LABIOSCHISI BILATERALE CON PALATOSCHISI NON SPECIFATO | 317, 750270|Q38.0|ALTRE ANOMALIE DELLE LABBRA | 318, 750270|Q38.0|PIT DELLE LABBRA in sindrome di Van Der Woude | 319, 750120|Q38.2|MACROGLOSSIA | 320, 750180|Q38.3|ALTRE MALFORMAZIONI DELLA LINGUA | 321, 750180|Q38.3|LINGUA BIFIDA | 322, 750010|Q38.30|ASSENZA DELLA LINGUA | 323, 750280|Q38.6|ALTRE MALFORMAZIONI DELLA BOCCA SPECIFICATE | 324, 750200|Q38.7|TASCA FARINGEA | 325, 759890|Q87.8|SINDROME DI VAN DER WOUDE | 326, 750300|Q39.0|ATRESIA ESOFAGEA SENZA FISTOLA O NOS | 327, 750310|Q39.1|ATRESIA ESOFAGEA CON FISTOLA | 328, 750320|Q39.2|FISTOLA TRACHEO ESOFAGEA | 329, 750320|Q39.20|FISTOLA BRONCO ESOFAGEA | 330, 750340|Q39.3|STENOSI ESOFAGEA | 331, 750350|Q39.4|MEMBRANA ESOFAGEA | 332, 750430|Q39.80|DUPLICAZIONE ESOFAGEA | 333, 750510|Q40.0|STENOSI DEL PILORO | 334, 750700|Q40.2|MALFORMAZIONE DELLO STOMACO SPECIFICATA | 335, 750920|Q40.3|MALFORMAZIONE DELLO STOMACO NOS | 336, 750800|Q40.8|AGENESIA DELLO STOMACO | 337, 750800|Q40.8|ALTRE MALFORMAZIONI SPECIFICATE DEL TRATTO GASTROINTESTINALE SUPERIORE | 338, 750780|Q40.9|ALTRE MALFORMAZIONI DEL TRATTO GASTROINTESTINALE SUPERIORE NOS | 339, 751100|Q41.0|ATRESIA O STENOSI DUODENALE | 340, 751110|Q41.1|ATRESIA O STENOSI DIGIUNALE | 341, 751120|Q41.2|ATRESIA O STENOSI  ILEALE | 342, 751120|Q41.8|ARTESIA O STENOSI INTESTINO TENUE SINGOLA O MULTIPLE | 343, 751120|Q41.9|ARTESIA O STENOSI INTESTINO TENUE NOS | 344, 751110|Q41.1|APPLE PEEL SYNDROME | 345, 751210|Q42.0|ATRESIA  ASSENZA O STENOSI RETTO CON FISTOLA | 346, 751210|Q42.00|ATRESIA O STENOSI RETTO CON FISTOLA RETTO URETRALE | 347, 751210|Q42.01|ATRESIA O STENOSI RETTO CON FISTOLA RETTOVESCICALE | 348, 751210|Q42.02|ATRESIA O STENOSI RETTO CON FISTOLA RETTOVULVARE | 349, 751210|Q42.03|ATRESIA O STENOSI RETTO CON FISTOLA RETTOCUTANEA | 350, 751210|Q42.04|ATRESIA O STENOSI RETTO CON FISTOLA RETTOCLOACALE | 351, 751220|Q42.1|ATRESIA O STENOSI RETTO SENZA FISTOLA, RETTO IMPERFORATO | 352, 751230|Q42.2|ATRESIA O STENOSI ANALE CON FISTOLA | 353, 751230|Q42.21|ATRESIA ANALE CON FISTOLA ANOVESTIBOLARE | 354, 751230|Q42.20|ATRESIA ANALE CON FISTOLA ANOCUTANEA | 355, 751240|Q42.3|ATRESIA O STENOSI  ANALE  SENZA FISTOLA, | 356, 751200|Q42.8|ATRESIA O ASSENZA DI ALTRE PARTE DELL'INTESTINO CRASSO | 357, 751200|Q42.9|ATRESIA DEL COLON | 358, 751010|Q43.0|DIVERTICOLO DI MECKEL | 359, 751300|Q43.1|HIRSCHPRUNG DISEASE | 360, 751410|Q43.3|ANOMALIE DELLA FISSAZIONE | 361, 751400|Q43.30|MALROTAZIONE DEL COLON | 362, 751420|Q43.31|BANDE DI LADD | 363, 751500|Q43.4|DUPLICAZIONE INTESTINALE | 364, 751530|Q43.5|ANO ECTOPICO | 365, 751540|Q43.6|FISTOLA RETTO E ANO | 366, 751550|Q43.7|PERSISTENZA DELLA CLOACA | 367, 751580|Q43.8|ALTRE MALFORMAZIONE INTESTINO SPECIFICATO | 368, 751520|Q43.80|MICROCOLON | 369, 751630|Q44.0|IPOPLASIA/AGENESIA COLECISTI | 370, 751650|Q44.2|ATRESIA DOTTI BILIARI INTRAEPATICI | 371, 751670|Q44.5|CONGENITAL MALF OF BILE DUCTS | 372, 751610|Q44.6|MALATTIA CISTICA DEL FEGATO | 373, 751600|Q44.7|ANGIOMA EPATICO | 374, 751600|Q44.70|ASSENZA TOTALE O PARZIALE DEL FEGATO | 375, 751670|Q44.71|ALAGILLE SYNDROME | 376, 752000|Q50.0|AGENESIA OVAIE | 377, 752000|Q50.00|AGENESIA OVAIE MONOLATERALE | 378, 752000|Q50.01|AGENESIA OVAIE BILATERALE | 379, 752080|Q50.11|CISTI OVARICA MULTIPLA | 380, 752080|Q50.3|ALTRE MALFORMAZIONI OVAIO | 381, 752300|Q51.0|AGENESIA APLASIA UTERO | 382, 752380|Q51.1|DOPPIO UTERO | 383, 752380|Q51.5|UTERO BICORNE | 384, 752480|Q51.8|KAUFMAN-MCKUSICK SYNDROME | 385, 752488|Q51.8|ROKITANSKY | 386, 752480|Q51.8|MURCS SYNDROME/ ASSOCIATION, known as Mayer-Rokitansky-Ku?ster-Hauser (MRKH) syndrome type 2 | 387, 752430|Q52.1|VAGINA SETTATA | 388, 752420|Q52.2|FISTOLA RETTO VAGINALE | 389, 752430|Q52.3|IMENE IMPERFORATO | 390, 752458|Q52.6|MALFORMAZIONI CLITORIDE | 391, 752458|Q52.8|ALTRE MALFORMAZIONI GENITALI FEMMINILI | 392, 752510|Q53.2|CRIPTORCHIDISMO BIL | 393, 752510|Q53.1|CRIPTORCHIDISMO MONO | 394, 752601|Q54.0|IPOSPADIA I | 395, 752602|Q54.1|IPOSPADIA II | 396, 752603|Q54.2|IPOSPADIA III PENOSCROTALE | 397, 752603|Q54.3|IPOSPADIA III PERINEALE | 398, 752620|Q54.4|CORDA CONGENITA O CORDA PENIS | 399, 752609|Q54.9|IPOSPADIA NOS | 400, 752820|Q55.2|ALTRE MALFORMAZIONI DELLO SCROTO E DEI TESTICOLI | 401, 752820|Q55.21|SCROTO BIFIDO | 402, 752850|Q55.5|ASSENZA APLASIA DEL PENE | 403, 752860|Q55.6|IPOPLASIA ASTA PENIENA | 404, 752860|Q55.6|MICROPENE | 405, 752860|Q55.6|RECURVATIO PENIS | 406, 752860|Q55.6|TRASPOSIZIONE PENO-SCROTALE | 407, 752880|Q55.8|ALTRE MALFORMAZIONI SPECIFICATE DEI GENITALI MASCHILI | 408, 752790|Q56.4|GENITALI AMBIGUI, SESSO INDETERMINATO | 409, 753010|Q60.0|AGENESIA RENALE MONOLATERALE | 410, 753000|Q60.1|AGENESIA RENALE BIL | 411, 753010|Q60.2|AGENESIA RENALE NOS | 412, 753010|Q60.3|IPOPLASIA RENALE MONOLATERALE | 413, 753000|Q60.4|IPOPLASIA RENALE BIL | 414, 753000|Q60.6|POTTER | 415, 753100|Q61.0|CISTI RENALE SINGOLA | 416, 753110|Q61.1|RENE POLICISTICO TIPO INFANTILE | 417, 753120|Q61.2|RENE POLICISTICO adulto ADPKD | 418, 753130|Q61.3|RENI POLICISTICI NOS | 419, 753190|Q61.4|DISPLASIA RENALE | 420, 753190|Q61.40|DISPLASIA RENALE MULTICISTICA MONO | 421, 753160|Q61.41|DISPLASIA  RENALI MULTICISTICA BIL | 422, 753180|Q61.48|ALTRE DISPLASIE RENALI | 423, 753140|Q61.50|MALATTIA CISTICA DELLA MIDOLLARE RENALE tipo giovanile | 424, 753140|Q61.5|MALATTIA CISTICA DELLA MIDOLLARE RENALE nos | 425, 753150|Q61.51|MALATTIA CISTICA DELLA MIDOLLARE RENALE tipo adulto | 426, 759850|Q61.90|Sindrome MECKEL GRUBER | 427, 753200|Q62.0|IDRONEFROSI >= 1 CM | 428, 753210|Q62.1|ATRESIA/STENOSI URETERE | 429, 753290|Q62.10|STENOSI DEL GIUNTO  MONO | 430, 753290|Q62.11|STENOSI DEL GIUNTO BILATERALE BIL | 431, 753220|Q62.2|MEGALOURETERE, DILATAZIONE URETERE | 432, 753280|Q62.3|URETEROCELE | 433, 753480|Q62.33|IDROURETERE CONGENITO | 434, 753410|Q62.5|DOPPIO URETERE | 435, 753280|Q62.7|REFLUSSO VESCICO-URETERALE | 436, 753280|Q62.70|REFLUSSO VESCICO-URETERALE MONO | 437, 753280|Q62.71|REFLUSSO VESCICO-URETERALE BIL | 438, 753480|Q62.8|ALTRE ANOMALIE URETERE | 439, 753910|Q62.8|ALTRE URETERE NOS | 440, 753300|Q63.0|RENE ACCESSORIO | 441, 753310|Q63.00|DOPPIO DISTRETTO RENALE, DOPPIO O TRIPLO RENE | 442, 753320|Q63.1|RENE A FERRO DI CAVALLO | 443, 753330|Q63.2|RENE ECTOPICO | 444, 753330|Q63.29|RENE ECTOPICO NOS | 445, 753340|Q63.3|RENE GIGANTE | 446, 755338|Q63.8|ALTRE ANOMALIA RENALE SPECIFICATO | 447, 752610|Q64.0|EPISPADIA | 448, 753500|Q64.1|ESTROFIA VESCICA | 449, 753510|Q64.10|ESTROFIA CLOACA | 450, 753510|Q64.10|OEIS COMPLEX | 451, 753600|Q64.20|VALVOLA DELL URETRA POSTERIORE | 452, 753880|Q64.76|MEGAVESCICA | 453, 753620|Q64.21|VALVOLA URETRA ANTERIORE | 454, 753620|Q64.31|STENOSI CONGENITA URETRA | 455, 753620|Q64.33|ATRESIA O IPOPLASIA URETRA | 456, 753800|Q64.5|AGENESIA VESCICALE | 457, 753820|Q64.6|DIVERTICOLO VESCICALE | 458, 753880|Q64.7|MEGAVESCICA-ALTRE ANOMALIE VESCICA | 459, 753840|Q64.72|DOPPIA URETRA | 460, 753860|Q64.74|FISTOLA TRATTO GASTROINTESTINALE E URINARIO | 461, 753860|Q64.74|FISTOLA RETTO VESCICALE | 462, 753880|Q64.8|ALTRE ANOMALIE SISTEMA URINARIO | 463, 753790|Q64.8|ANOMALIE DEL URACO | 464, 754300|Q65.0|LCA MONO | 465, 754230|Q65.1|LCA BIL | 466, 754300|Q65.2|LCA NOS | 467, 754310|Q65.6|SUBLUSSAZIONE ANCA | 468, 754500|Q66.0|PIEDE TORTO, specificare | 469, 754510|Q66.1|PIEDE TORTO CALCAGNO VARO MONO O BIL | 470, 754520|Q66.2|PIEDE TORTO METATARSO VARO MONO O BIL | 471, 754730|Q66.8|PIEDE TORTO NOS, minore | 472, 754700|Q67.5|DEFORMAZIONE DELLA COLONNA | 473, 754200|Q67.50|SCOLIOSI POSTURALE | 474, 755501|Q68.1|CAMPODATTILIA | 475, 754840|Q68.1|MANI TORTE MONO O BIL, specificare | 476, 754840|Q68.1|DEFORMAZIONE DELLA MANO | 477, 755507|Q68.10|CLINODATTILIA DITA MANO | 478, 754430|Q68.21|GENU RECURVATUM | 479, 754400|Q68.3|FEMORI INCURVATI | 480, 754410|Q68.4|TIBIA O FIBULA INCURVATI | 481, 754490|Q68.5|OSSA LUNGHE DEGLI ARTI INFERIORI INCURVATE | 482, 755900|Q68.8|ARTROGRIPOSI NOS | 483, 755580|Q68.8|ALTER DEFORMITA' SPECIFICHE  (clavicola, gomito, avanbraccio, scapola) | 484, 755550|Q68.8|DEFORMITA DELLA SCAPOLA | 485, 755095|Q69.0|POLIDATTALIA MANO | 486, 755010|Q69.00|POLIADATTILIA MANO PRE ASSIALE | 487, 755000|Q69.01|POLIDATTILIA  MANO MESOASSIALE | 488, 755005|Q69.02|POLIDATTILIA  MANO POSTASSIALE | 489, 755095|Q69.09|POLIDATTALIA MANO NOS | 490, 755010|Q69.1|POLLICE ACCESSORIO, POLLICE BIFIDO | 491, 755030|Q69.20|POLIDATTILIA PIEDE PREASSIALE | 492, 755020|Q69.22|POLIDATTILIA  PIEDE POSTASSIALE | 493, 755096|Q69.2|POLIDATTILIA PIEDI | 494, 755096|Q69.29|POLIDATTILIA PIEDE NOS | 495, 755090|Q69.9|POLIDATTILIA NOS | 496, 755100|Q70.0|SINDATTILIA MANO CON SINOSTOSI | 497, 755110|Q70.1|SINDATTILIA MANO SOLO CUTANEA | 498, 755120|Q70.2|SINDATTILIA PIEDI CON SINOSTOSI | 499, 755130|Q70.3|SINDATTILIA PIEDI SOLO CUTANEA | 500, 755180|Q70.4|POLISINDATTTILIA MANI E PIEDI | 501, 755190|Q70.9|SINDATTILIA NOS | 502, 755200|Q71.0|ASSENZA COMPLETA ARTO/ARTI SUPERIORE | 503, 755210|Q71.1|FOCOMELIA ARTI SUP (ASSENZA ARTO, PRESENTE MANO) | 504, 755230|Q71.2|AGENESIA AVAMBRACCIO E MANO | 505, 755240|Q71.3|ASSENZA MANO E DITA | 506, 755240|Q71.30|ASSENZA DI SINGOLE DITA MANO (da II a V) | 507, 755260|Q71.31|AGENESIA o ipoplasia POLLICE (I) | 508, 755260|Q71.4|AGENESIA RADIO, DIFETTO IN RIDUZIONE RADIO, AGENESIA RADIO, CON MANO A MAZZA RADIALE | 509, 755270|Q71.5|DIFETTO IN RIDUZIONE ULNA | 510, 755250|Q71.6|ECTRODATTILIA / MANI A CHELE | 511, 755240|Q71.80|ASSENZA DI TUTTE LE DITA DELLA MANO | 512, 755280|Q71.8|ALTRI DIFETTI IN RIDUZIONE ARTO SUP, specificare | 513, 759890|Q71.9|ADAM SEQUENCE, CONSTRICTION RING SYNDROME UPPER LIMB | 514, 755290|Q71.9|ALTRI DIFETTI RIDUZIONE ARTO SUP NOS | 515, 755300|Q72.0|ASSENZA COMPLETA ARTO/ARTI INFERIORE | 516, 755310|Q72.1|ASSNZA ARTO INFERIORE CON PIEDE, FOCOMELIA ARTI INFERIORI | 517, 755330|Q72.2|ASSENZA GAMBA E PIEDE | 518, 755340|Q72.3|ASSENZA PIEDE E DITA DEL PIEDE | 519, 755380|Q72.30|ASSENZA O IPOPLASIA DITA DEI PIEDI | 520, 755365|Q72.31|ASSENZA O IPOPLASIA ALLUCE | 521, 755320|Q72.4|DIFETTO IN RIDUZIONE FEMORE | 522, 755380|Q72.5|DIFETTO IN RIDUZIONE TIBIA, ASSENZA TIBIA | 523, 755366|Q72.6|DIFETTO IN RIDUZIOINE FIBULA, ASSENZA FIBULA | 524, 755380|Q72.7|SPLIT FOOT | 525, 755380|Q72.8|ALTRI DIFETTI RIDUZIONE ARTO INF | 526, 755380|Q72.80|ASSENZA DI TUTTE LE DITA DEL PIEDE | 527, 759890|Q72.9|ADAM SEQUENCE, CONSTRICTION RING SYNDROME LOWER LIMB | 528, 755400|Q73.0|AMELIA NOS | 529, 755410|Q73.1|FOCOMELIA NOS | 530, 755490|Q73.8|ALTRI DIFETTI IN RIDUZIONE ARTI NON SPECIFICATI | 531, 755526|Q74.01|MADELUNG'S DEFORMITY | 532, 755551|Q74.02|CLEIDOCRANIAL DYSPLASIA (DISOSTOSI CLEIDOCRANICA) | 533, 755556|Q74.03|Sprengel's deformity | 534, 755500|Q74.04|MACRODATTILIA MANO | 535, 755500|Q74.05|POLLICE TRIFALANGEO | 536, 755800|Q74.3|ARC SYNDROME ARTHROGRYPOSIS, RENAL DYSFUNCTION AND CHOLESTAS | 537, 755800|Q74.3|ARTROGRIPOSI MULTIPLA CONGENITA | 538, 755880|Q74.8|ALTRE MALF ARTI SPECIFICATE | 539, 755500|Q74.80|BRACHIDATTILIA DITA MANO | 540, 755880|Q74.81|EMIPERTROFIA, IPERTROFIA ARTI | 541, 755680|Q74.82|IPOSVILUPPO ARTO/ARTI | 542, 755880|Q74.83|ASIMMETRIA ARTI NOS | 543, 755810|Q74.84|LARSEN'S SYNDROME | 544, 755900|Q74.9|ANOMALIE ARTI NON SPECIFICATE | 545, 756000|Q75.0|CRANIOSINOSTOSI | 546, 756050|Q75.0|PFEIFFER SYNDROME, NOACK SYNDROME, ACROCEPHALOSYNDACTYLY | 547, 756010|Q75.1|CRANIOSTENOSI DELLE CORONALI | 548, 756005|Q75.01|CRANIOSTENOSI SAGITTALE | 549, 756006|Q75.02|CRANIOSINOSTOSI-TRIGONOCEFALIA | 550, 756000|Q75.03|CRANIOSINOSTOSI-SUTURE MULTIPLE-CRANIO A TRIFOGLIO | 551, 756000|Q75.03|CRANIOSTENOSI - TURRICEFALIA | 552, 756040|Q75.1|CROUZON SYNDROME | 553, 756020|Q75.2|IPERTELORISMO | 554, 756080|Q75.3|MACROCEFALIA/MACROCRANIA | 555, 756045|Q75.4|MANDIBULOFACIAL DYSOSTOSIS - FRANCESCHETTI AND TREACHER-COLLINS | 556, 756046|Q75.5|OCULOMANDIBULAR DYSOSTOSIS | 557, 759800|Q75.81|DISPLASIA FRONTONASALE | 558, 756090|Q75.9|ALTRE MALF CRANIO/FACCIALI NOS | 559, 756100|Q76.0|SPINA BIFIDA OCCULTA | 560, 756110|Q76.1|KLIPPEL-FEIL SYNDROME | 561, 756150|Q76.3|SCOLIOSI DA ANOMALIE VERTEBRE TORACICHE | 562, 756140|Q76.30|EMIVERTEBRA SINGOLA CON SCOLIOSI | 563, 756180|Q76.38|SCOLIOSI ASSOCIATA A EMIVERTEBRA MULTIPLA, ALTRE MALFORMAZIONI OSSEE | 564, 756190|Q76.4|ANOMALIE COLONNA NON ASSOCIATE A SCOLIOSI | 565, 756180|Q76.4|EMIVERTEBRE/VERTEBRE FARFALLA | 566, 756180|Q76.40|ASSENZA VERTEBRE | 567, 756170|Q76.41|ANOMALIE VERTEBRE SACRALI, AGENESIA SACRO | 568, 756180|Q76.42|ALTRE ANOMALIE VERTEBRE | 569, 756140|Q76.42|DISMORFISMO VERTEBRALE EMIVERTEBRE | 570, 756160|Q76.42|DISMORFISMO VERTEBRALE EMIVERTEBRE LOMBARI | 571, 756310|Q76.6|ALTRE MALFORMAZIONI COSTE | 572, 756180|Q76.60|ASSENZA COSTE | 573, 756320|Q76.61|FUSIONE COSTE | 574, 756330|Q76.62|COSTA SOVRANNUMERAREA | 575, 756340|Q76.8|ALTRE MALFORMAZIONI DEL TORACE | 576, 756390|Q76.8|IPOPLASIA GABBIA TORACICA | 577, 759840|Q77.0|ACONDROGENESI | 578, 759840|Q77.00|ACONDROGENESI TIPO 1 | 579, 759840|Q77.01|ACONDROGENESI TIPO 2 | 580, 756402|Q77.02|IPOCONDROGENESI | 581, 756440|Q77.1|DISPLASIA TANATOFORA | 582, 756400|Q77.2|JUENE DISPLASIA TORACICA ASFISSIANTE | 583, 756570|Q77.3|CONDRODISPLASIA PUNCTATA | 584, 756430|Q77.4|ACONDROPLASIA | 585, 756441|Q77.5|NANISMO DIASTROFICO | 586, 756520|Q77.6|ELLIS VAN CREVELD (CHONDROECTODERMAL DYSPLASIA) | 587, 756580|Q77.7|SPONDYLOEPIPHYSEAL DYSPLASIA | 588, 759890|Q77.8|ACRODYSOSTOSIS | 589, 75640|Q77.8|KNIEST DYSPLASIA | 590, 756442|Q77.80|METATROPIC DWARFISM | 591, 759890|Q77.81|METAPHYSEAL CHONDRODYSPLASIA | 592, 756500|Q78.0|OSTEOGENESI IMPERFECTA | 593, 756500|Q78.00|OSTEOGENESI IMPERFECTA CONGENITA | 594, 756512|Q78.1|MCCUNE-ALBRIGHT SYNDROME (POLYOSTOTIC DYSPLASIA) | 595, 756540|Q78.2|ALBERS-SCHONBERG SYNDROME (OSTEOPETROSIS) | 596, 756551|Q78.3|CAMURATI-ENGELMAN DISEASE (DIAPHYSEAL DYSPLASIA) | 597, 759890|Q78.4|ENCHONDROMATOSIS | 598, 759890|Q78.5|METAPHYSEAL DYSPLASIA, PYLE'S SYNDROME | 599, 756470|Q78.6|ESOSTOSI MULTIPLE CONGENITE | 600, 759890|Q78.6|DIAPHYSEAL ACLASIA | 601, 756490|Q78.8|DISPLASIA SCHELETRICA DIAGNOSI PRENATALE | 602, 756490|Q78.9|DISPLASIA SCELETRICA NOS LATE DIAGNOSIS | 603, 756490|Q78.9|DISPLASIA SCHELETRICA NOS | 604, 756421|Q78.40|MAFFUCCI SYNDROME | 605, 756410|Q78.48|OSTEOCHONDROMATOSIS SYNDROME, DYSCHONDROPLASIA, OLLIER | 606, 759890|Q78.80|OSTEOPOIKILOSIS | 607, 756610|Q79.0|ERNIA DIAFRAMMATICA | 608, 756600|Q79.11|ASSENZA EMIDIAFRAMMA | 609, 756600|Q79.12|ASSENZA COMPLETA DIAFRAMMA | 610, 756700|Q79.2|ONFALOCELE | 611, 756710|Q79.3|GASTROSCHISI | 612, 756720|Q79.4|PRUNE BELLY SEQUENCE | 613, 756790|Q79.5|ALRTI DIFETTI PARETE ADDOMINALE | 614, 756790|Q79.5|LIMB BODY WALL COMPLEX OR BODY STALK  specificare malf | 615, 756850|Q79.6|EHLERS-DANLOS SYNDROME | 616, 756885|Q79.8|POPLITEAL PTERYGIUM SYNDROME | 617, 762800|Q79.80|BANDE AMNIOTICHE | 618, 756810|Q79.81|ASSENZA DI UN MUSCOLO | 619, 756800|Q79.82|SINDROME DI POLAND | 620, 757180|Q80.3|BCIE Congenital bullous ichthyosiform erythroderma | 621, 757100|Q80.4|ARLECCHINO SINDROME | 622, 757190|Q80.9|ITTIOSI NOS | 623, 757380|Q81.1|HERLITZ SYNDROME (EPIDERMOLYSIS BULLOSA) EPIDERMOLISI BOLLOSA | 624, 757350|Q82.3|INCONTINENTIA PIGMENTI | 625, 757340|Q82.4|DISPLASIA ECTODERMICA | 626, 757380|Q82.5|NEVE DERMICO GIGANTE | 627, 757380|Q82.5|NEVI MULTIPLI | 628, 757380|Q82.5|NEVO PIGMENTATO | 629, 757380|Q82.50|NEVO FLAMMEO | 630, 757380|Q82.58|ALTRI NEVI CONGENITI | 631, 757300|Q82.8|ALTRE ANOMALIE CUTE SPECIFICATE | 632, 757300|Q82.8|DERMOPATIA RESTRITTIVA | 633, 757303|Q82.8|ROTHMUND-THOMPSON SYNDROME | 634, 757390|Q82.80|ANOMALIE DEL SOLCO PALMARE | 635, 757310|Q82.81|APPENDICE CUTANEA minor | 636, 757398|Q82.9|MALFORMAZIONE DELLA CUTE NOS | 637, 757650|Q83.3|CAPEZZOLO SOVRANNUMERARIO | 638, 757480|Q84.2|CIUFFO CAPELLI BIANCHI | 639, 757500|Q84.3|ASSENZA UNGHIE MANI O PIEDI | 640, 757398|Q84.8|CUTIS MARMORATA CONGENITA | 641, 757390|Q84.80|APLASIA CUTIS | 642, 237700|Q85.0|NF 1 | 643, 759500|Q85.1|SCLEROSI TUBEROSA | 644, 759600|Q85.80|PEUTZ-JEGHERS SYNDROME | 645, 759611|Q85.81|STURGE WEBER | 646, 757390|Q85.82|VON HIPPEL LINDAU (ANGIOMATOSIS RETINAE) | 647, 759630|Q85.83|GARDNER SYNDROME | 648, 760710|Q86.0|FETAL ALCOHOL SYNDROME | 649, 759890|Q86.1|FETAL HYDANTOIN SYNDROME | 650, 759890|Q86.2|FETAL WARFARIN SYNDROME | 651, 760703|Q86.80|FETAL VALPROATE SINDROME | 652, 759890|Q86.82|FETAL THALIDOMIDE SYNDROME | 653, 759890|Q87.0|MOWAT WILSON | 654, 759890|Q87.0|Congenital malformation syndromes predominantly affecting facial appearance | 655, 755501|Q87.00|ACROCEPHALOPOLYSYNDACTYLY ALL TYPES | 656, 755500|Q87.01|APERT'S SYNDROME | 657, 759892|Q87.02|FRASERS;Codice ICD-9-CM della malattia o condizione morbosa principale del feto.
malfo2;patol2;0;0;Mapping diretto;SDO;1, 212700|D15.1|RABDIOMIOMI CARDIACI MULTIPLI | 2, 228000|D18.0|ANGIOMA | 3, 228000|D18.0|ANGIOMI MULTIPLI | 4, 228000|D18.00|ANGIOMA CAPILLARE | 5, 228000|D18.01|ANGIOMA CAVERNOSO | 6, 228000|D18.02|ANGIOMA MISTO | 7, 228100|D18.1|LINFANGIOMA qualsiasi sede | 8, 228100|D18.10|EDEMA NUCALE | 9, 228100|D18.10|IGROMA CISTICO | 10, 238000|D21.5|TERATOMA SACROCOCCIGEO | 11, 215800|D21.9|FIBROLIPOMA SACRALE | 12, 237000|D43.7|NEOPLASIA NEUROBLASTICA PERINEALE | 13, 237900|D43.7|TERATOMA CEREBRALE | 14, 270020|D61.00|ANEMIA DI FANCONI | 15, 279110|D82.0|WISCOTT-ALDRICH | 16, 279100|D82.1|DIGEORGE VELOCARDIOFACIAL SYNDROME | 17, 243990|E03.0|IPOTIROIDISMO CONGENITO con gozzo | 18, 243990|E03.1|IPOTIROIDISMO CONGENITO senza gozzo | 19, 255200|E25.0|SINDROME ADRENOGENITALE | 20, 257800|E34.5|MORRIS SYNDROME insensibilità agli androgeni | 21, 775800|E70.22|TIROSINEMIA | 22, 270200|E70.3|ALBINISMO OCULOCUTANEO | 23, 759804|E70.30|WAARDENBURG'S SYNDROME | 24, 270600|E72.21|ARGININ SUCCINICO ACIDURIA | 25, 275310|E83.32|IPOFOSFATASIA | 26, 275390|E83.39|DEFICIT METABOLICO DELLE FOSFATASI | 27, 351000|G51.0|PARALISI FACIALE | 28, 351000|G51.00|PARALISI FACIALE UNILATERALE | 29, 359200|G71.11|DISTROFIA MIOTONICA | 30, 425300|I42.4|FIBROELASTOSI ENDOCARDICA | 31, 523800|K06.1|EPULIDE | 32, 524030|K07.00|MICROGNAZIA SEVERA, RETROMICROGNAZIA | 33, 275400|N29.80|NEFROCALCINOSI RENALE BIL | 34, 761200|P01.2|ANIDRAMNIOS | 35, 761200|P01.2|OLIGODRAMNIOS | 36, 761300|P01.3|POLIDRAMNIOS | 37, 762300|P02.3|TRASFUSIONE FETO FETALE | 38, 764900|P05.1|IUGR GRAVE | 39, 764900|P05.1|RITARDO DI CRESCITA/IUGR | 40, 764900|P05.9|RITARDO DI CRESCITA/IUGR NOS | 41, 771000|P35.0|ROSOLIA CONGENITA | 42, 771100|P35.1|CITOMEGALOVIRUS | 43, 771100|P35.1|INFEZIONE CONGENITA DA CMV | 44, 771210|P37.1|TOXOPLASMOSIS | 45, 771290|P37.9|INFEZIONE INTRAUTERINA NOS | 46, 771890|P39.2|INFEZIONE FETO PLACENTARE | 47, 760750|P70.1|DIABETE MATERNO | 48, 778000|P83.2|IDROPE FETALE non emolitica | 49, 778030|P83.3|ASCITE | 50, 778020|P83.3|IDROTORACE | 51, 779820|P94.2|IPOTONIA | 52, 740000|Q00.00|ACRANIA/ANENCEFALIA | 53, 740000|Q00.01|ACRANIA/ANENCEFALIA incomplete | 54, 740100|Q00.1|craniorachischisi | 55, 740200|Q00.2|INIENCEFALIA | 56, 742000|Q01.2|ENCEFALOCELE OCCIPITALE | 57, 742080|Q01.0|ENCEFALOCELE FRONTALE | 58, 742080|Q01.1|ENCEFALOCELE NASOFRONTALE | 59, 742080|Q01.8|ENCEFALOCELE ALTRE SEDI SPECIFICATE | 60, 742080|Q01.80|ENCEFALOCELE PARIETALE | 61, 742080|Q01.81|ENCEFALOCELE ORBITALE | 62, 742090|Q01.9|ENCEFALOCELE NOS | 63, 742100|Q02|MICROCEFALIA | 64, 742300|Q03|IDROCEFALO CONGENITO | 65, 742300|Q03.0|IDROCEFALO CON ANOMALIA DI SYLVUS | 66, 742310|Q03.1|DANDY WALKER SYNDROME, atresia dei forami di Luschka e Magendie | 67, 742310|Q03.1|DANDY WALKER VARIANT | 68, 742398|Q03.8|altri idrocefali congeniti | 69, 742390|Q03.9|IDROCEFALO CONGENITO NOS | 70, 742390|Q03.9|VENTRICOLOMEGALIA SEVERA | 71, 742210|Q04.0|ANOMALIA CORPO CALLOSO (IPOPLASIA , AGENESIA O DISPLASIA) | 72, 742210|Q04.00|AGENESIA CORPO CALLOSO | 73, 742260|Q04.1|ARINENCEFALIA | 74, 742260|Q04.2|OLOPROSENCEFALIA | 75, 742260|Q04.2|OLOPROSENCEFALIA LOBARE | 76, 742260|Q04.2|OLOPROSENCEFALIA SEMILOBARE | 77, 759890|Q04.3|MILLER-DIEKER SYNDROME | 78, 742200|Q04.30|IPOPLASIA CEREBRALE (anomalie di riduzione del cervello) | 79, 742230|Q04.32|ANOMALIA/IPOPLASIA  CEREBELLARE (anomalie di riduzione del cervelletto) | 80, 742240|Q04.33|AGIRIA/LISSENCEFALIA | 81, 742250|Q04.34|POLI-MICROGIRIA PACHIGIRIA | 82, 742320|Q04.35|IDRANENCEFALIA | 83, 742480|Q04.4|DISPLASIA SETTO-OTTICA | 84, 742400|Q04.5|MEGAENCEFALIA, EMIMEGAENCEFALIA | 85, 742480|Q04.6|CISTI CEREBRALI CONGENITE, PORENCEFALIA | 86, 742480|Q04.60|CISTI CEREBRALI CONGENITE MULTIPLE | 87, 742480|Q04.61|CISTI CEREBRALE CONGENITE SINGOLA | 88, 742480|Q04.8|ALTRE MALF SPECIFICATE DEL CERVELLO | 89, 742480|Q04.8|MACROGIRIA | 90, 742280|Q04.8|ANOMALIA DELLA GIRAZIONI | 91, 742900|Q04.9|ANOMALIE CEREBRALE NOS | 92, 742280|Q04.9|MALFORMAZIONE CEREBRALE NOS | 93, 741000|Q05.01|spina bifida, cervicale, con idrocefalo, aperta | 94, 741030|Q05.02|spina bifida, cervicale, con idrocefalo, chiusa | 95, 741080|Q05.09|spina bifida, cervicale, con idrocefalo, non noto se aperta | 96, 741000|Q05.11|spina bifida, toracica, con idrocefalo, aperta | 97, 741040|Q05.12|spina bifida, toracica, con idrocefalo, chiusa | 98, 741080|Q05.19|spina bifida, toracica, con idrocefalo, non note se aperta | 99, 741000|Q05.21|spina bifida, lombare, con idrocefalo, aperta | 100, 741050|Q05.22|spina bifida, lombare, con idrocefalo, chiusa | 101, 741080|Q05.29|spina bifida, lombare, con idrocefalo, non noto se aperta | 102, 741000|Q05.31|spina bifida, sacrale, con idrocefalo, aperta | 103, 741060|Q05.32|spina bifida, sacrale, con idrocefalo, chiusa | 104, 741080|Q05.39|spina bifida, sacrale, con idrocefalo, non noto se aperta | 105, 741000|Q05.41|spina bifida, sede NOS, con idrocefalo, aperta | 106, 741020|Q05.42|spina bifida, sede NOS, con idrocefalo, chiusa | 107, 741090|Q05.49|spina bifida, sede NOS, con idrocefalo, non noto se aperto | 108, 741900|Q05.51|spina bifida, cervicale, idrocefalo NOS, aperta | 109, 741910|Q05.52|spina bifida, cervicale, idrocefalo NOS, chiusa | 110, 741980|Q05.59|spina bifida, cervicale, idrocefalo NOS, non noto se aperta | 111, 741900|Q05.61|spina bifida, toracica, idrocefalo NOS, aperta | 112, 741920|Q05.62|spina bifida, toracica, idrocefalo NOS, chiusa | 113, 741980|Q05.69|spina bifida, toracica, idrocefalo NOS, NON NOTO SE APERTA | 114, 741900|Q05.71|spina bifida, lombare, idrocefalo NOS, aperta | 115, 741930|Q05.72|spina bifida, lombare, idrocefalo NOS, chiusa | 116, 741980|Q05.79|spina bifida, lombare, idrocefalo NOS, non noto se aperta | 117, 741940|Q05.82|spina bifida, sacrale, idrocefalo NOS, chiusa | 118, 741980|Q05.89|spina bifida, sacrale, idrocefalo NOS, non noto se aperta | 119, 741000|Q05.9|SPINA BIFIDA NOS | 120, 741990|Q05.9|MIELOMENINGOCELE NOS | 121, 741900|Q05.91|spina bifida, sede NOS, idrocefalo NOS, aperta | 122, 741990|Q05.92|spina bifida, sede NOS, idrocefalo NOS, chiusa | 123, 741990|Q05.99|spina bifida, sede NOS, idrocefalo NOS, non noto se aperto | 124, 741900|Q05.81|spina bifida, sacrale, idrocefalo NOS, aperta | 125, 742500|Q06.0|AMELIA | 126, 742510|Q06.1|MIELODISPLASIA, IPOPLASIA E DISPLASIA DEL MIDOLLO SPINALE | 127, 742520|Q06.2|DIASTEMATOMIELIA | 128, 742530|Q06.3|ALTRE MALF CAUDA EQUINA | 129, 742540|Q06.4|IDROMIELIA | 130, 742880|Q07.0|ARNOLD CHIARI | 131, 742800|Q07.8|ALTRE MALF SPECIFICATE DEL SISTEMA NERVOSO PERIFERICO | 132, 742800|Q07.80|MARCUS GUNN'S SYNDROME | 133, 743600|Q10.0|PTOSI CONGENITA | 134, 74360|Q10.0|BLEPHAROPHIMOSIS-PTOSIS SYNDROME | 135, 743630|Q10.3|ASSENZA PALPEBRE MONO O BI, ASSENZA CILIA, COLOBOMA PALPEBRA | 136, 743630|Q10.3|BLEFAROFIMOSI BILAT | 137, 743000|Q11.1|ANOFTHALMO | 138, 743100|Q11.2|LENZ MICROPHTHALMOS SYNDROME | 139, 743100|Q11.2|MICROFTALMIA | 140, 743210|Q11.3|MACROFTALMIA | 141, 743320|Q12.0|CATARATTA MONO O BILATERALE | 142, 743340|Q12.2|COLOBOMA DELLA LENTE | 143, 743300|Q12.3|ASSENZA DELLA LENTE, AFACHIA | 144, 743310|Q12.8|ALTRE ANOMALIE DEL CRISTALLINO | 145, 743430|Q13.0|COLOBOMA DELL'IRIDE | 146, 743420|Q13.1|ANIRIDIA | 147, 743420|Q13.1|ANIRIDIA -WILMS TUMOUR, SYNDROME WAGR | 148, 743400|Q13.3|OPACITA CONGENITA DELLA CORNEA | 149, 743520|Q14.2|COLOBOMA DISCO OTTICO | 150, 743200|Q15.0|GLAUCOMA CONGENITO | 151, 743220|Q15.00|MEGALOCORNEA | 152, 743900|Q15.8|LINFANGIOMA CISTICO OCCHIO SINISTRA | 153, 743900|Q15.8|ALTRE ANOMALIE SPECIFICATE DELL'OCCHIO | 154, 744010|Q16.0|AGENESIA PADIGLIONE AURICOLARE MONO, ANOTIA | 155, 744000|Q16.1|ASSENZA O STENOSI DEL CONDOTTO UDITIVO ESTERNO | 156, 744020|Q16.4|ANOMALIE DEL ORECCHIO MEDIO | 157, 744030|Q16.5|AGENESIA O ANOMALIA CANALI SEMICIRCOLARI | 158, 744090|Q16.9|ORECCHIO MALFORMATO CON PERDITA DI UDITO | 159, 744110|Q17.0|APPENDICI PREAURICOLARI | 160, 74410|Q17.0|PADIGLIONE AURICOLARE ACCESORIO | 161, 744210|Q17.2|MICROTIA | 162, 744230|Q17.3|MALFORMAZIONE ORECCHIO | 163, 744240|Q17.4|ORECCHIE BASSO IMPIANTO | 164, 744230|Q17.8|LOBO ORECCHIO FISSURATO | 165, 759890|Q17.8|MELNICK-FRASER SYNDROME, Branchiootorenal syndrome, SINDROME BOR | 166, 744300|Q17.9|MALFORMAZIONE ORECCHIE NOS | 167, 744280|Q18.1|SENO PREAURICOLARE | 168, 744400|Q18.0|RESIDUI BRANCHIALI | 169, 744480|Q18.2|ALTRE ANOMALIE DEGLI ARCHI BRANCHIALI | 170, 744800|Q18.4|MACROSTOMIA | 171, 744810|Q18.5|MICROSTOMIA | 172, 744500|Q18.3|PTERIGIUM COLLI | 173, 744910|Q18.9|DISFORMISMI FACCIALI | 174, 745000|Q20.0|TRONCO ARTERIOSO COMUNE | 175, 745110|Q20.1|DORV, VENTRICOLO DESTRO A DOPPIA USCITA | 176, 745100|Q20.3|TGV, TRASPOSIZIONE DEI GROSSI VASI | 177, 745300|Q20.4|CUORE UNIVENTRICOLARE | 178, 759890|Q20.6|IVEMARK SYNDROME | 179, 759380|Q20.6|ISOMERISMO ATRIALE  CON ASPLENIA O POLISPLENIA | 180, 745449|Q21.0|DIV INFUNDIBOLARE /SOPRA CRESTALE | 181, 745482|Q21.0|DIV MULTIPLO MEDIO DIMENSIONE | 182, 745481|Q21.0|DIV MULTIPLO PICCOLO  DIMENSIONE (< 3MM) | 183, 745459|Q21.0|DIV MUSCOLARE DIMENSIONE SCONOSCIUTA | 184, 745453|Q21.0|DIV MUSCOLARE GRANDE DIMENSIONE (>5MM) | 185, 745452|Q21.0|DIV MUSCOLARE MEDIO DIMENSIONE (3-5MM) | 186, 745489|Q21.0|DIV MUSCOLARE MULTIPLI DIMENSIONE SCONOSCIUTA | 187, 745451|Q21.0|DIV MUSCOLARE PICCOLO  DIMENSIONE (< 3MM) | 188, 745449|Q21.0|DIV PERIMEMBRANOSO DIMENSIONE SCONOSCIUTA | 189, 745443|Q21.0|DIV PERIMEMBRANOSO GRANDE DIMENSIONE (>5MM) | 190, 745442|Q21.0|DIV PERIMEMBRANOSO MEDIO DIMENSIONE (3-5MM) | 191, 745441|Q21.0|DIV PERIMEMBRANOSO PICCOLO DIMENSIONE (<3MM) | 192, 745499|Q21.0|DIV SEDE SCONOSCIUTA DIMENSIONE SCONOSCIUTA | 193, 745493|Q21.0|DIV SEDE SCONOSCIUTA GRANDE DIMENSIONE (>5MM) | 194, 745492|Q21.0|DIV SEDE SCONOSCIUTA MEDIO DIMENSIONE (3-5MM) | 195, 745491|Q21.0|DIV SEDE SCONOSCIUTA PICCOLO  DIMENSIONE (< 3MM) | 196, 745439|Q21.0|DIV SUBAORTICO DIMENSIONE SCONOSCIUTA | 197, 745433|Q21.0|DIV SUBAORTICO GRANDE DIMENSIONE (>5MM) | 198, 745432|Q21.0|DIV SUBAORTICO MEDIO DIMENSIONE (3-5MM) | 199, 745431|Q21.0|DIV SUBAORTICO PICCOLO DIMENSIONE (<3MM) | 200, 745500|Q21.1|DIA | 201, 745510|Q21.10|DIA OSTIUM SECONDUM | 202, 745500|Q21.11|FORAME OVALE PERVIO | 203, 745610|Q21.15|ATRIO UNICO, COR TRILOCULARE BIVENTRICOLARE | 204, 745580|Q21.18|ANEURISMA SETTO INTERATRIALE | 205, 745600|Q21.20|DIFETTO CUSCINETTO ENDOCARDICI, OSTIUM PRIMUM | 206, 745630|Q21.21|CANALE ATRIOVENTRICOLARE UNICO, CAV | 207, 745620|Q21.21|DIFETTO DEL SETTO TIPO CANALE ATRIOVENTRICOLARE UNICO | 208, 745200|Q21.3|TETRALOGIA DI FALLOT | 209, 745210|Q21.82|PENTALOGIA DI FALLOT (+ DIA) | 210, 745680|Q21.4|FINESTRA AORTO POLMONARE | 211, 746000|Q22.0|ATRESIA  VALVOLA POLMOMARE | 212, 746010|Q22.1|STENOSI VALVOLARE POLMONARE | 213, 746020|Q22.2|INSUFFICIENZA VALVOLA PULMONARE | 214, 746080|Q22.3|ALTRE MALF VALVOLARE POLMONARE | 215, 746080|Q22.3|DISPLASIA O IPOPLASIA VALVOLARE POLMONARE | 216, 746080|Q22.3|VALVOLA POLMONARE BICUSPIDE | 217, 746110|Q22.4|ATRESIA O STENOSI TRICUSPIDE | 218, 746200|Q22.5|MALFORMAZIONE DI EBSTEIN | 219, 746790|Q22.6|CUORE DESTRO IPOPLASICO | 220, 746880|Q22.8|ALTRA ANOMALIA TRICUSPIDALE | 221, 746113|Q22.8|INSUFFICIENZA TRICUSPIDE | 222, 746300|Q23.0|STENOSI O ATRESIA VALVOLA AORTICA | 223, 746400|Q23.1|INSUFFICIENZA AORTICA | 224, 746420|Q23.10|AORTA BICUSPIDE | 225, 746420|Q23.10|VALVOLA AORTICA BICUSPIDE | 226, 746500|Q23.2|ATRESIA O STENOSI MITRALE | 227, 746600|Q23.3|INSUFFICIENZA MITRALICA | 228, 746700|Q23.4|CUORE SN IPOPLASICO | 229, 746880|Q23.8|ALTRE ANOMALIE AORTICA/MITRALICA | 230, 746480|Q23.8|VALVOLA AORTICA DISPLASICA | 231, 746800|Q24.0|DESTROCARDIA ISOLATA | 232, 746820|Q24.2|COR TRIATRIATUM | 233, 746880|Q24.5|ANOMALIE DELLE CORONARIE | 234, 746870|Q24.6|BLOCCO CARDIACO | 235, 746880|Q24.8|ALTRE MALFORMAZIONI CARDIACHE SPECIFICATE | 236, 746860|Q24.8|CARDIOMEGALIA | 237, 746880|Q24.8|ECTOPIA CORDIS | 238, 746880|Q24.8|TRILOGIA DI FALLOT | 239, 746880|Q24.9|ALTRE MALFORMAZIONI CARDIACHE NOS | 240, 747000|Q25.0|PDA | 241, 747190|Q25.1|COARTAZIONE  AORTICA | 242, 747100|Q25.10|COARTAZIONE  AORTICA PREDUTTALE | 243, 747110|Q25.11|COARTAZIONE AORTICA POST DUTTALE | 244, 747190|Q25.19|COARTAZIONE  AORTICA NOS | 245, 747280|Q25.2|INTERRUZIONE ARCO AORTICO, ATRESIA AORTA | 246, 747280|Q25.3|STENOSI AORTA | 247, 747210|Q25.40|IPOPLASIA AORTA | 248, 747230|Q25.41|PERSISTENZA DELL'ARCO AORTICO DESTRO | 249, 747260|Q25.42|overriding aorta | 250, 747250|Q25.44|DOPPIO ARCO AORTICO | 251, 747310|Q25.5|ATRESIA ARTERIA POLMONARE | 252, 747320|Q25.6|STENOSI ARTERIA POLMONARE | 253, 747380|Q25.8|ALTRE MALFORMAZIONI DELLE GRANDI ARTERIE | 254, 747400|Q26.0|STENOSI CONGENITA DELLA VENA CAVA SUP O INF | 255, 747410|Q26.1|PERSISTENZA VENA CAVA SUPERIORE SX | 256, 747420|Q26.2|RITORNO VENOSO POLMOMARE ANOMALO TOTALE | 257, 747430|Q26.3|RITORNO VENOSO POLMONARE ANOMALO PARZIALE | 258, 747880|Q26.8|ALTRE MALFORMAZIONI CONGENITE DELLE GRANDI VENE, ASSENZA VENA CAVA SUP/INF, AZYGOS CONTINUATION | 259, 747600|Q27.1|STENOSI CONGENITA DELL'ARTERIA RENALE | 260, 747500|Q27.0|ARTERIA OMBELICALE UNICA | 261, 747610|Q27.2|ANOMALIA ARTERIA RENALE | 262, 747620|Q27.3|MALFORMAZIONI ARTEROVENOSE PERIFERICHE (MAV) | 263, 747680|Q27.8|ALTRE MALFORMAZIONE SISTEMA VASCOLARE PERIFERICO | 264, 747680|Q27.8|FISTOLA VENO-VENOSO EPATICA | 265, 747810|Q28.0|MALFORMAZIONI ARTEROVENOSE VASI PRE CEREBRALI (MAV) | 266, 747810|Q28.2|MALFORMAZIONI ARTEROVENOSE VASI CEREBRALI  (MAV) | 267, 747810|Q28.2|ANEURISMA DELLA VENA DI GALENO | 268, 747810|Q28.3|ALTRE MALFORMAZIONI VASI CEREBRALI | 269, 747800|Q28.3|ARTERIOPATIA CALCIFICA IDIOPATICA VASI CEREBRALI | 270, 747880|Q28.8|ALTRE MALFORMAZIONI SISTEMA CIRCOLATORIO | 271, 748000|Q30.0|ATRESIA DELLE COANE | 272, 759890|Q87.8|CHARGE | 273, 748000|Q30.0|STENOSI DELLE COANE | 274, 748100|Q30.1|AGENESIA O IPOSVILUPPO DEL NASO | 275, 748100|Q30.1|IPOPLASIA DEL NASO | 276, 748120|Q30.2|SCHISI NARICE | 277, 748180|Q30.8|ALTRE MALFORMAZIONI NASO SPECIFICATE | 278, 748180|Q30.8|ASSENZA DELLA NARICE, CAVITA NASALE UNICA | 279, 748190|Q30.9|ALTRE MALFORMAZIONI NASO NOS | 280, 748200|Q31.0|WEB LARINGEO | 281, 748300|Q31.8|AGENESIA/ATRESIA LARINGE | 282, 748300|Q31.80|CLEFT LARINGE | 283, 748320|Q32.0|TRACHEOMALACIA | 284, 748330|Q32.1|ATRESIA TRACHEALE | 285, 748330|Q32.11|CLEFT TRACHEO ESOFAGEO | 286, 748400|Q33.0|CISTI POLMONARE | 287, 74841|Q33.01|POLMONE POLICISTICO | 288, 748620|Q33.1|LOBO POMONARE ACCESSORIO | 289, 748520|Q33.2|SEQUESTRO POLMONARE | 290, 748500|Q33.3|AGENESIA DEL POLMONE O LOBO POLMONARE | 291, 748500|Q33.6|IPOPLASIA O DISPLASIA DEL POLMONE | 292, 748480|Q33.80|ADENOMATOIDE CISTICA POLMONARE | 293, 748880|Q34.80|LINFOANGECTASIE POLMONARE | 294, 749000|Q35.1|SCHISI PALATO DURO MONOLAERALE completo/incompleto (sottomucoso) lato | 295, 749010|Q35.1|SCHISI PALATO DURO BILATERALE completo/incompleto (sottomucoso) | 296, 749020|Q35.1|SCHISI PALATO DURO CENTRALE completo/incompleto (sottomucoso) | 297, 749030|Q35.1|SCHISI PALATO DURO NOS | 298, 749040|Q35.3|SCHISI PALATO MOLLE MONOLATERALE completo/incompleto (sottomucoso) lato | 299, 749050|Q35.3|SCHISI PALATO MOLLE BILATERALE completo/incompleto (sottomucoso) | 300, 749060|Q35.3|SCHISI PALATO MOLLE CENTRALE completo/incompleto (sottomucoso) | 301, 749070|Q35.3|SCHISI PALATO MOLLE NOS | 302, 749090|Q35.5|SCHISI PALATO DURO E MOLLE spec se completo/incompleto (sottomucoso) mono/bi | 303, 749080|Q35.7|UGOLA BIFIDA | 304, 749090|Q35.9|PALATOSCHISI NOS | 305, 749110|Q36.0|LABIOSCHISI BILATERALE (specifica se labbro e anche gengiva) | 306, 749120|Q36.1|LABIOSCHISI CENTRALE (specifica se labbro e anche gengiva) | 307, 749100|Q36.90|LABIOSCHISI MONOLATERALE specifiica lato (specifica se labbro e anche gengiva) | 308, 749190|Q36.99|LABIOSCHISI NOS | 309, 749210|Q37.0|SCHISI PALATO DURO E LABIOSCHISI BILATERALI | 310, 749200|Q37.1|SCHISI PALATO DURO E LABIOSCHISI MONOLATERALE | 311, 749200|Q37.2|SCHISI PALATO MOLLE E LABIOSCHISI BILATERALI | 312, 749201|Q37.3|SCHISI PALATO MOLLE E LABIOSCHISI MONOLATERALE | 313, 749210|Q37.4|LABIOPALATOSCHISI BILATERALE DURO+MOLLE | 314, 749210|Q37.5|LABIOPALATOSCHISI UNILATERALI DURO+MOLLE | 315, 749200|Q37.9|LABIOSCHISI MONOLATERALE CON PALATOSCHISI NON SPECIFATO | 316, 749210|Q37.8|LABIOSCHISI BILATERALE CON PALATOSCHISI NON SPECIFATO | 317, 750270|Q38.0|ALTRE ANOMALIE DELLE LABBRA | 318, 750270|Q38.0|PIT DELLE LABBRA in sindrome di Van Der Woude | 319, 750120|Q38.2|MACROGLOSSIA | 320, 750180|Q38.3|ALTRE MALFORMAZIONI DELLA LINGUA | 321, 750180|Q38.3|LINGUA BIFIDA | 322, 750010|Q38.30|ASSENZA DELLA LINGUA | 323, 750280|Q38.6|ALTRE MALFORMAZIONI DELLA BOCCA SPECIFICATE | 324, 750200|Q38.7|TASCA FARINGEA | 325, 759890|Q87.8|SINDROME DI VAN DER WOUDE | 326, 750300|Q39.0|ATRESIA ESOFAGEA SENZA FISTOLA O NOS | 327, 750310|Q39.1|ATRESIA ESOFAGEA CON FISTOLA | 328, 750320|Q39.2|FISTOLA TRACHEO ESOFAGEA | 329, 750320|Q39.20|FISTOLA BRONCO ESOFAGEA | 330, 750340|Q39.3|STENOSI ESOFAGEA | 331, 750350|Q39.4|MEMBRANA ESOFAGEA | 332, 750430|Q39.80|DUPLICAZIONE ESOFAGEA | 333, 750510|Q40.0|STENOSI DEL PILORO | 334, 750700|Q40.2|MALFORMAZIONE DELLO STOMACO SPECIFICATA | 335, 750920|Q40.3|MALFORMAZIONE DELLO STOMACO NOS | 336, 750800|Q40.8|AGENESIA DELLO STOMACO | 337, 750800|Q40.8|ALTRE MALFORMAZIONI SPECIFICATE DEL TRATTO GASTROINTESTINALE SUPERIORE | 338, 750780|Q40.9|ALTRE MALFORMAZIONI DEL TRATTO GASTROINTESTINALE SUPERIORE NOS | 339, 751100|Q41.0|ATRESIA O STENOSI DUODENALE | 340, 751110|Q41.1|ATRESIA O STENOSI DIGIUNALE | 341, 751120|Q41.2|ATRESIA O STENOSI  ILEALE | 342, 751120|Q41.8|ARTESIA O STENOSI INTESTINO TENUE SINGOLA O MULTIPLE | 343, 751120|Q41.9|ARTESIA O STENOSI INTESTINO TENUE NOS | 344, 751110|Q41.1|APPLE PEEL SYNDROME | 345, 751210|Q42.0|ATRESIA  ASSENZA O STENOSI RETTO CON FISTOLA | 346, 751210|Q42.00|ATRESIA O STENOSI RETTO CON FISTOLA RETTO URETRALE | 347, 751210|Q42.01|ATRESIA O STENOSI RETTO CON FISTOLA RETTOVESCICALE | 348, 751210|Q42.02|ATRESIA O STENOSI RETTO CON FISTOLA RETTOVULVARE | 349, 751210|Q42.03|ATRESIA O STENOSI RETTO CON FISTOLA RETTOCUTANEA | 350, 751210|Q42.04|ATRESIA O STENOSI RETTO CON FISTOLA RETTOCLOACALE | 351, 751220|Q42.1|ATRESIA O STENOSI RETTO SENZA FISTOLA, RETTO IMPERFORATO | 352, 751230|Q42.2|ATRESIA O STENOSI ANALE CON FISTOLA | 353, 751230|Q42.21|ATRESIA ANALE CON FISTOLA ANOVESTIBOLARE | 354, 751230|Q42.20|ATRESIA ANALE CON FISTOLA ANOCUTANEA | 355, 751240|Q42.3|ATRESIA O STENOSI  ANALE  SENZA FISTOLA, | 356, 751200|Q42.8|ATRESIA O ASSENZA DI ALTRE PARTE DELL'INTESTINO CRASSO | 357, 751200|Q42.9|ATRESIA DEL COLON | 358, 751010|Q43.0|DIVERTICOLO DI MECKEL | 359, 751300|Q43.1|HIRSCHPRUNG DISEASE | 360, 751410|Q43.3|ANOMALIE DELLA FISSAZIONE | 361, 751400|Q43.30|MALROTAZIONE DEL COLON | 362, 751420|Q43.31|BANDE DI LADD | 363, 751500|Q43.4|DUPLICAZIONE INTESTINALE | 364, 751530|Q43.5|ANO ECTOPICO | 365, 751540|Q43.6|FISTOLA RETTO E ANO | 366, 751550|Q43.7|PERSISTENZA DELLA CLOACA | 367, 751580|Q43.8|ALTRE MALFORMAZIONE INTESTINO SPECIFICATO | 368, 751520|Q43.80|MICROCOLON | 369, 751630|Q44.0|IPOPLASIA/AGENESIA COLECISTI | 370, 751650|Q44.2|ATRESIA DOTTI BILIARI INTRAEPATICI | 371, 751670|Q44.5|CONGENITAL MALF OF BILE DUCTS | 372, 751610|Q44.6|MALATTIA CISTICA DEL FEGATO | 373, 751600|Q44.7|ANGIOMA EPATICO | 374, 751600|Q44.70|ASSENZA TOTALE O PARZIALE DEL FEGATO | 375, 751670|Q44.71|ALAGILLE SYNDROME | 376, 752000|Q50.0|AGENESIA OVAIE | 377, 752000|Q50.00|AGENESIA OVAIE MONOLATERALE | 378, 752000|Q50.01|AGENESIA OVAIE BILATERALE | 379, 752080|Q50.11|CISTI OVARICA MULTIPLA | 380, 752080|Q50.3|ALTRE MALFORMAZIONI OVAIO | 381, 752300|Q51.0|AGENESIA APLASIA UTERO | 382, 752380|Q51.1|DOPPIO UTERO | 383, 752380|Q51.5|UTERO BICORNE | 384, 752480|Q51.8|KAUFMAN-MCKUSICK SYNDROME | 385, 752488|Q51.8|ROKITANSKY | 386, 752480|Q51.8|MURCS SYNDROME/ ASSOCIATION, known as Mayer-Rokitansky-Ku?ster-Hauser (MRKH) syndrome type 2 | 387, 752430|Q52.1|VAGINA SETTATA | 388, 752420|Q52.2|FISTOLA RETTO VAGINALE | 389, 752430|Q52.3|IMENE IMPERFORATO | 390, 752458|Q52.6|MALFORMAZIONI CLITORIDE | 391, 752458|Q52.8|ALTRE MALFORMAZIONI GENITALI FEMMINILI | 392, 752510|Q53.2|CRIPTORCHIDISMO BIL | 393, 752510|Q53.1|CRIPTORCHIDISMO MONO | 394, 752601|Q54.0|IPOSPADIA I | 395, 752602|Q54.1|IPOSPADIA II | 396, 752603|Q54.2|IPOSPADIA III PENOSCROTALE | 397, 752603|Q54.3|IPOSPADIA III PERINEALE | 398, 752620|Q54.4|CORDA CONGENITA O CORDA PENIS | 399, 752609|Q54.9|IPOSPADIA NOS | 400, 752820|Q55.2|ALTRE MALFORMAZIONI DELLO SCROTO E DEI TESTICOLI | 401, 752820|Q55.21|SCROTO BIFIDO | 402, 752850|Q55.5|ASSENZA APLASIA DEL PENE | 403, 752860|Q55.6|IPOPLASIA ASTA PENIENA | 404, 752860|Q55.6|MICROPENE | 405, 752860|Q55.6|RECURVATIO PENIS | 406, 752860|Q55.6|TRASPOSIZIONE PENO-SCROTALE | 407, 752880|Q55.8|ALTRE MALFORMAZIONI SPECIFICATE DEI GENITALI MASCHILI | 408, 752790|Q56.4|GENITALI AMBIGUI, SESSO INDETERMINATO | 409, 753010|Q60.0|AGENESIA RENALE MONOLATERALE | 410, 753000|Q60.1|AGENESIA RENALE BIL | 411, 753010|Q60.2|AGENESIA RENALE NOS | 412, 753010|Q60.3|IPOPLASIA RENALE MONOLATERALE | 413, 753000|Q60.4|IPOPLASIA RENALE BIL | 414, 753000|Q60.6|POTTER | 415, 753100|Q61.0|CISTI RENALE SINGOLA | 416, 753110|Q61.1|RENE POLICISTICO TIPO INFANTILE | 417, 753120|Q61.2|RENE POLICISTICO adulto ADPKD | 418, 753130|Q61.3|RENI POLICISTICI NOS | 419, 753190|Q61.4|DISPLASIA RENALE | 420, 753190|Q61.40|DISPLASIA RENALE MULTICISTICA MONO | 421, 753160|Q61.41|DISPLASIA  RENALI MULTICISTICA BIL | 422, 753180|Q61.48|ALTRE DISPLASIE RENALI | 423, 753140|Q61.50|MALATTIA CISTICA DELLA MIDOLLARE RENALE tipo giovanile | 424, 753140|Q61.5|MALATTIA CISTICA DELLA MIDOLLARE RENALE nos | 425, 753150|Q61.51|MALATTIA CISTICA DELLA MIDOLLARE RENALE tipo adulto | 426, 759850|Q61.90|Sindrome MECKEL GRUBER | 427, 753200|Q62.0|IDRONEFROSI >= 1 CM | 428, 753210|Q62.1|ATRESIA/STENOSI URETERE | 429, 753290|Q62.10|STENOSI DEL GIUNTO  MONO | 430, 753290|Q62.11|STENOSI DEL GIUNTO BILATERALE BIL | 431, 753220|Q62.2|MEGALOURETERE, DILATAZIONE URETERE | 432, 753280|Q62.3|URETEROCELE | 433, 753480|Q62.33|IDROURETERE CONGENITO | 434, 753410|Q62.5|DOPPIO URETERE | 435, 753280|Q62.7|REFLUSSO VESCICO-URETERALE | 436, 753280|Q62.70|REFLUSSO VESCICO-URETERALE MONO | 437, 753280|Q62.71|REFLUSSO VESCICO-URETERALE BIL | 438, 753480|Q62.8|ALTRE ANOMALIE URETERE | 439, 753910|Q62.8|ALTRE URETERE NOS | 440, 753300|Q63.0|RENE ACCESSORIO | 441, 753310|Q63.00|DOPPIO DISTRETTO RENALE, DOPPIO O TRIPLO RENE | 442, 753320|Q63.1|RENE A FERRO DI CAVALLO | 443, 753330|Q63.2|RENE ECTOPICO | 444, 753330|Q63.29|RENE ECTOPICO NOS | 445, 753340|Q63.3|RENE GIGANTE | 446, 755338|Q63.8|ALTRE ANOMALIA RENALE SPECIFICATO | 447, 752610|Q64.0|EPISPADIA | 448, 753500|Q64.1|ESTROFIA VESCICA | 449, 753510|Q64.10|ESTROFIA CLOACA | 450, 753510|Q64.10|OEIS COMPLEX | 451, 753600|Q64.20|VALVOLA DELL URETRA POSTERIORE | 452, 753880|Q64.76|MEGAVESCICA | 453, 753620|Q64.21|VALVOLA URETRA ANTERIORE | 454, 753620|Q64.31|STENOSI CONGENITA URETRA | 455, 753620|Q64.33|ATRESIA O IPOPLASIA URETRA | 456, 753800|Q64.5|AGENESIA VESCICALE | 457, 753820|Q64.6|DIVERTICOLO VESCICALE | 458, 753880|Q64.7|MEGAVESCICA-ALTRE ANOMALIE VESCICA | 459, 753840|Q64.72|DOPPIA URETRA | 460, 753860|Q64.74|FISTOLA TRATTO GASTROINTESTINALE E URINARIO | 461, 753860|Q64.74|FISTOLA RETTO VESCICALE | 462, 753880|Q64.8|ALTRE ANOMALIE SISTEMA URINARIO | 463, 753790|Q64.8|ANOMALIE DEL URACO | 464, 754300|Q65.0|LCA MONO | 465, 754230|Q65.1|LCA BIL | 466, 754300|Q65.2|LCA NOS | 467, 754310|Q65.6|SUBLUSSAZIONE ANCA | 468, 754500|Q66.0|PIEDE TORTO, specificare | 469, 754510|Q66.1|PIEDE TORTO CALCAGNO VARO MONO O BIL | 470, 754520|Q66.2|PIEDE TORTO METATARSO VARO MONO O BIL | 471, 754730|Q66.8|PIEDE TORTO NOS, minore | 472, 754700|Q67.5|DEFORMAZIONE DELLA COLONNA | 473, 754200|Q67.50|SCOLIOSI POSTURALE | 474, 755501|Q68.1|CAMPODATTILIA | 475, 754840|Q68.1|MANI TORTE MONO O BIL, specificare | 476, 754840|Q68.1|DEFORMAZIONE DELLA MANO | 477, 755507|Q68.10|CLINODATTILIA DITA MANO | 478, 754430|Q68.21|GENU RECURVATUM | 479, 754400|Q68.3|FEMORI INCURVATI | 480, 754410|Q68.4|TIBIA O FIBULA INCURVATI | 481, 754490|Q68.5|OSSA LUNGHE DEGLI ARTI INFERIORI INCURVATE | 482, 755900|Q68.8|ARTROGRIPOSI NOS | 483, 755580|Q68.8|ALTER DEFORMITA' SPECIFICHE  (clavicola, gomito, avanbraccio, scapola) | 484, 755550|Q68.8|DEFORMITA DELLA SCAPOLA | 485, 755095|Q69.0|POLIDATTALIA MANO | 486, 755010|Q69.00|POLIADATTILIA MANO PRE ASSIALE | 487, 755000|Q69.01|POLIDATTILIA  MANO MESOASSIALE | 488, 755005|Q69.02|POLIDATTILIA  MANO POSTASSIALE | 489, 755095|Q69.09|POLIDATTALIA MANO NOS | 490, 755010|Q69.1|POLLICE ACCESSORIO, POLLICE BIFIDO | 491, 755030|Q69.20|POLIDATTILIA PIEDE PREASSIALE | 492, 755020|Q69.22|POLIDATTILIA  PIEDE POSTASSIALE | 493, 755096|Q69.2|POLIDATTILIA PIEDI | 494, 755096|Q69.29|POLIDATTILIA PIEDE NOS | 495, 755090|Q69.9|POLIDATTILIA NOS | 496, 755100|Q70.0|SINDATTILIA MANO CON SINOSTOSI | 497, 755110|Q70.1|SINDATTILIA MANO SOLO CUTANEA | 498, 755120|Q70.2|SINDATTILIA PIEDI CON SINOSTOSI | 499, 755130|Q70.3|SINDATTILIA PIEDI SOLO CUTANEA | 500, 755180|Q70.4|POLISINDATTTILIA MANI E PIEDI | 501, 755190|Q70.9|SINDATTILIA NOS | 502, 755200|Q71.0|ASSENZA COMPLETA ARTO/ARTI SUPERIORE | 503, 755210|Q71.1|FOCOMELIA ARTI SUP (ASSENZA ARTO, PRESENTE MANO) | 504, 755230|Q71.2|AGENESIA AVAMBRACCIO E MANO | 505, 755240|Q71.3|ASSENZA MANO E DITA | 506, 755240|Q71.30|ASSENZA DI SINGOLE DITA MANO (da II a V) | 507, 755260|Q71.31|AGENESIA o ipoplasia POLLICE (I) | 508, 755260|Q71.4|AGENESIA RADIO, DIFETTO IN RIDUZIONE RADIO, AGENESIA RADIO, CON MANO A MAZZA RADIALE | 509, 755270|Q71.5|DIFETTO IN RIDUZIONE ULNA | 510, 755250|Q71.6|ECTRODATTILIA / MANI A CHELE | 511, 755240|Q71.80|ASSENZA DI TUTTE LE DITA DELLA MANO | 512, 755280|Q71.8|ALTRI DIFETTI IN RIDUZIONE ARTO SUP, specificare | 513, 759890|Q71.9|ADAM SEQUENCE, CONSTRICTION RING SYNDROME UPPER LIMB | 514, 755290|Q71.9|ALTRI DIFETTI RIDUZIONE ARTO SUP NOS | 515, 755300|Q72.0|ASSENZA COMPLETA ARTO/ARTI INFERIORE | 516, 755310|Q72.1|ASSNZA ARTO INFERIORE CON PIEDE, FOCOMELIA ARTI INFERIORI | 517, 755330|Q72.2|ASSENZA GAMBA E PIEDE | 518, 755340|Q72.3|ASSENZA PIEDE E DITA DEL PIEDE | 519, 755380|Q72.30|ASSENZA O IPOPLASIA DITA DEI PIEDI | 520, 755365|Q72.31|ASSENZA O IPOPLASIA ALLUCE | 521, 755320|Q72.4|DIFETTO IN RIDUZIONE FEMORE | 522, 755380|Q72.5|DIFETTO IN RIDUZIONE TIBIA, ASSENZA TIBIA | 523, 755366|Q72.6|DIFETTO IN RIDUZIOINE FIBULA, ASSENZA FIBULA | 524, 755380|Q72.7|SPLIT FOOT | 525, 755380|Q72.8|ALTRI DIFETTI RIDUZIONE ARTO INF | 526, 755380|Q72.80|ASSENZA DI TUTTE LE DITA DEL PIEDE | 527, 759890|Q72.9|ADAM SEQUENCE, CONSTRICTION RING SYNDROME LOWER LIMB | 528, 755400|Q73.0|AMELIA NOS | 529, 755410|Q73.1|FOCOMELIA NOS | 530, 755490|Q73.8|ALTRI DIFETTI IN RIDUZIONE ARTI NON SPECIFICATI | 531, 755526|Q74.01|MADELUNG'S DEFORMITY | 532, 755551|Q74.02|CLEIDOCRANIAL DYSPLASIA (DISOSTOSI CLEIDOCRANICA) | 533, 755556|Q74.03|Sprengel's deformity | 534, 755500|Q74.04|MACRODATTILIA MANO | 535, 755500|Q74.05|POLLICE TRIFALANGEO | 536, 755800|Q74.3|ARC SYNDROME ARTHROGRYPOSIS, RENAL DYSFUNCTION AND CHOLESTAS | 537, 755800|Q74.3|ARTROGRIPOSI MULTIPLA CONGENITA | 538, 755880|Q74.8|ALTRE MALF ARTI SPECIFICATE | 539, 755500|Q74.80|BRACHIDATTILIA DITA MANO | 540, 755880|Q74.81|EMIPERTROFIA, IPERTROFIA ARTI | 541, 755680|Q74.82|IPOSVILUPPO ARTO/ARTI | 542, 755880|Q74.83|ASIMMETRIA ARTI NOS | 543, 755810|Q74.84|LARSEN'S SYNDROME | 544, 755900|Q74.9|ANOMALIE ARTI NON SPECIFICATE | 545, 756000|Q75.0|CRANIOSINOSTOSI | 546, 756050|Q75.0|PFEIFFER SYNDROME, NOACK SYNDROME, ACROCEPHALOSYNDACTYLY | 547, 756010|Q75.1|CRANIOSTENOSI DELLE CORONALI | 548, 756005|Q75.01|CRANIOSTENOSI SAGITTALE | 549, 756006|Q75.02|CRANIOSINOSTOSI-TRIGONOCEFALIA | 550, 756000|Q75.03|CRANIOSINOSTOSI-SUTURE MULTIPLE-CRANIO A TRIFOGLIO | 551, 756000|Q75.03|CRANIOSTENOSI - TURRICEFALIA | 552, 756040|Q75.1|CROUZON SYNDROME | 553, 756020|Q75.2|IPERTELORISMO | 554, 756080|Q75.3|MACROCEFALIA/MACROCRANIA | 555, 756045|Q75.4|MANDIBULOFACIAL DYSOSTOSIS - FRANCESCHETTI AND TREACHER-COLLINS | 556, 756046|Q75.5|OCULOMANDIBULAR DYSOSTOSIS | 557, 759800|Q75.81|DISPLASIA FRONTONASALE | 558, 756090|Q75.9|ALTRE MALF CRANIO/FACCIALI NOS | 559, 756100|Q76.0|SPINA BIFIDA OCCULTA | 560, 756110|Q76.1|KLIPPEL-FEIL SYNDROME | 561, 756150|Q76.3|SCOLIOSI DA ANOMALIE VERTEBRE TORACICHE | 562, 756140|Q76.30|EMIVERTEBRA SINGOLA CON SCOLIOSI | 563, 756180|Q76.38|SCOLIOSI ASSOCIATA A EMIVERTEBRA MULTIPLA, ALTRE MALFORMAZIONI OSSEE | 564, 756190|Q76.4|ANOMALIE COLONNA NON ASSOCIATE A SCOLIOSI | 565, 756180|Q76.4|EMIVERTEBRE/VERTEBRE FARFALLA | 566, 756180|Q76.40|ASSENZA VERTEBRE | 567, 756170|Q76.41|ANOMALIE VERTEBRE SACRALI, AGENESIA SACRO | 568, 756180|Q76.42|ALTRE ANOMALIE VERTEBRE | 569, 756140|Q76.42|DISMORFISMO VERTEBRALE EMIVERTEBRE | 570, 756160|Q76.42|DISMORFISMO VERTEBRALE EMIVERTEBRE LOMBARI | 571, 756310|Q76.6|ALTRE MALFORMAZIONI COSTE | 572, 756180|Q76.60|ASSENZA COSTE | 573, 756320|Q76.61|FUSIONE COSTE | 574, 756330|Q76.62|COSTA SOVRANNUMERAREA | 575, 756340|Q76.8|ALTRE MALFORMAZIONI DEL TORACE | 576, 756390|Q76.8|IPOPLASIA GABBIA TORACICA | 577, 759840|Q77.0|ACONDROGENESI | 578, 759840|Q77.00|ACONDROGENESI TIPO 1 | 579, 759840|Q77.01|ACONDROGENESI TIPO 2 | 580, 756402|Q77.02|IPOCONDROGENESI | 581, 756440|Q77.1|DISPLASIA TANATOFORA | 582, 756400|Q77.2|JUENE DISPLASIA TORACICA ASFISSIANTE | 583, 756570|Q77.3|CONDRODISPLASIA PUNCTATA | 584, 756430|Q77.4|ACONDROPLASIA | 585, 756441|Q77.5|NANISMO DIASTROFICO | 586, 756520|Q77.6|ELLIS VAN CREVELD (CHONDROECTODERMAL DYSPLASIA) | 587, 756580|Q77.7|SPONDYLOEPIPHYSEAL DYSPLASIA | 588, 759890|Q77.8|ACRODYSOSTOSIS | 589, 75640|Q77.8|KNIEST DYSPLASIA | 590, 756442|Q77.80|METATROPIC DWARFISM | 591, 759890|Q77.81|METAPHYSEAL CHONDRODYSPLASIA | 592, 756500|Q78.0|OSTEOGENESI IMPERFECTA | 593, 756500|Q78.00|OSTEOGENESI IMPERFECTA CONGENITA | 594, 756512|Q78.1|MCCUNE-ALBRIGHT SYNDROME (POLYOSTOTIC DYSPLASIA) | 595, 756540|Q78.2|ALBERS-SCHONBERG SYNDROME (OSTEOPETROSIS) | 596, 756551|Q78.3|CAMURATI-ENGELMAN DISEASE (DIAPHYSEAL DYSPLASIA) | 597, 759890|Q78.4|ENCHONDROMATOSIS | 598, 759890|Q78.5|METAPHYSEAL DYSPLASIA, PYLE'S SYNDROME | 599, 756470|Q78.6|ESOSTOSI MULTIPLE CONGENITE | 600, 759890|Q78.6|DIAPHYSEAL ACLASIA | 601, 756490|Q78.8|DISPLASIA SCHELETRICA DIAGNOSI PRENATALE | 602, 756490|Q78.9|DISPLASIA SCELETRICA NOS LATE DIAGNOSIS | 603, 756490|Q78.9|DISPLASIA SCHELETRICA NOS | 604, 756421|Q78.40|MAFFUCCI SYNDROME | 605, 756410|Q78.48|OSTEOCHONDROMATOSIS SYNDROME, DYSCHONDROPLASIA, OLLIER | 606, 759890|Q78.80|OSTEOPOIKILOSIS | 607, 756610|Q79.0|ERNIA DIAFRAMMATICA | 608, 756600|Q79.11|ASSENZA EMIDIAFRAMMA | 609, 756600|Q79.12|ASSENZA COMPLETA DIAFRAMMA | 610, 756700|Q79.2|ONFALOCELE | 611, 756710|Q79.3|GASTROSCHISI | 612, 756720|Q79.4|PRUNE BELLY SEQUENCE | 613, 756790|Q79.5|ALRTI DIFETTI PARETE ADDOMINALE | 614, 756790|Q79.5|LIMB BODY WALL COMPLEX OR BODY STALK  specificare malf | 615, 756850|Q79.6|EHLERS-DANLOS SYNDROME | 616, 756885|Q79.8|POPLITEAL PTERYGIUM SYNDROME | 617, 762800|Q79.80|BANDE AMNIOTICHE | 618, 756810|Q79.81|ASSENZA DI UN MUSCOLO | 619, 756800|Q79.82|SINDROME DI POLAND | 620, 757180|Q80.3|BCIE Congenital bullous ichthyosiform erythroderma | 621, 757100|Q80.4|ARLECCHINO SINDROME | 622, 757190|Q80.9|ITTIOSI NOS | 623, 757380|Q81.1|HERLITZ SYNDROME (EPIDERMOLYSIS BULLOSA) EPIDERMOLISI BOLLOSA | 624, 757350|Q82.3|INCONTINENTIA PIGMENTI | 625, 757340|Q82.4|DISPLASIA ECTODERMICA | 626, 757380|Q82.5|NEVE DERMICO GIGANTE | 627, 757380|Q82.5|NEVI MULTIPLI | 628, 757380|Q82.5|NEVO PIGMENTATO | 629, 757380|Q82.50|NEVO FLAMMEO | 630, 757380|Q82.58|ALTRI NEVI CONGENITI | 631, 757300|Q82.8|ALTRE ANOMALIE CUTE SPECIFICATE | 632, 757300|Q82.8|DERMOPATIA RESTRITTIVA | 633, 757303|Q82.8|ROTHMUND-THOMPSON SYNDROME | 634, 757390|Q82.80|ANOMALIE DEL SOLCO PALMARE | 635, 757310|Q82.81|APPENDICE CUTANEA minor | 636, 757398|Q82.9|MALFORMAZIONE DELLA CUTE NOS | 637, 757650|Q83.3|CAPEZZOLO SOVRANNUMERARIO | 638, 757480|Q84.2|CIUFFO CAPELLI BIANCHI | 639, 757500|Q84.3|ASSENZA UNGHIE MANI O PIEDI | 640, 757398|Q84.8|CUTIS MARMORATA CONGENITA | 641, 757390|Q84.80|APLASIA CUTIS | 642, 237700|Q85.0|NF 1 | 643, 759500|Q85.1|SCLEROSI TUBEROSA | 644, 759600|Q85.80|PEUTZ-JEGHERS SYNDROME | 645, 759611|Q85.81|STURGE WEBER | 646, 757390|Q85.82|VON HIPPEL LINDAU (ANGIOMATOSIS RETINAE) | 647, 759630|Q85.83|GARDNER SYNDROME | 648, 760710|Q86.0|FETAL ALCOHOL SYNDROME | 649, 759890|Q86.1|FETAL HYDANTOIN SYNDROME | 650, 759890|Q86.2|FETAL WARFARIN SYNDROME | 651, 760703|Q86.80|FETAL VALPROATE SINDROME | 652, 759890|Q86.82|FETAL THALIDOMIDE SYNDROME | 653, 759890|Q87.0|MOWAT WILSON | 654, 759890|Q87.0|Congenital malformation syndromes predominantly affecting facial appearance | 655, 755501|Q87.00|ACROCEPHALOPOLYSYNDACTYLY ALL TYPES | 656, 755500|Q87.01|APERT'S SYNDROME | 657, 759892|Q87.02|FRASERS;Seconda malformazione diagnosticata (ICD-9-CM).
malfo3;patol3;0;0;Mapping diretto;SDO;1, 212700|D15.1|RABDIOMIOMI CARDIACI MULTIPLI | 2, 228000|D18.0|ANGIOMA | 3, 228000|D18.0|ANGIOMI MULTIPLI | 4, 228000|D18.00|ANGIOMA CAPILLARE | 5, 228000|D18.01|ANGIOMA CAVERNOSO | 6, 228000|D18.02|ANGIOMA MISTO | 7, 228100|D18.1|LINFANGIOMA qualsiasi sede | 8, 228100|D18.10|EDEMA NUCALE | 9, 228100|D18.10|IGROMA CISTICO | 10, 238000|D21.5|TERATOMA SACROCOCCIGEO | 11, 215800|D21.9|FIBROLIPOMA SACRALE | 12, 237000|D43.7|NEOPLASIA NEUROBLASTICA PERINEALE | 13, 237900|D43.7|TERATOMA CEREBRALE | 14, 270020|D61.00|ANEMIA DI FANCONI | 15, 279110|D82.0|WISCOTT-ALDRICH | 16, 279100|D82.1|DIGEORGE VELOCARDIOFACIAL SYNDROME | 17, 243990|E03.0|IPOTIROIDISMO CONGENITO con gozzo | 18, 243990|E03.1|IPOTIROIDISMO CONGENITO senza gozzo | 19, 255200|E25.0|SINDROME ADRENOGENITALE | 20, 257800|E34.5|MORRIS SYNDROME insensibilità agli androgeni | 21, 775800|E70.22|TIROSINEMIA | 22, 270200|E70.3|ALBINISMO OCULOCUTANEO | 23, 759804|E70.30|WAARDENBURG'S SYNDROME | 24, 270600|E72.21|ARGININ SUCCINICO ACIDURIA | 25, 275310|E83.32|IPOFOSFATASIA | 26, 275390|E83.39|DEFICIT METABOLICO DELLE FOSFATASI | 27, 351000|G51.0|PARALISI FACIALE | 28, 351000|G51.00|PARALISI FACIALE UNILATERALE | 29, 359200|G71.11|DISTROFIA MIOTONICA | 30, 425300|I42.4|FIBROELASTOSI ENDOCARDICA | 31, 523800|K06.1|EPULIDE | 32, 524030|K07.00|MICROGNAZIA SEVERA, RETROMICROGNAZIA | 33, 275400|N29.80|NEFROCALCINOSI RENALE BIL | 34, 761200|P01.2|ANIDRAMNIOS | 35, 761200|P01.2|OLIGODRAMNIOS | 36, 761300|P01.3|POLIDRAMNIOS | 37, 762300|P02.3|TRASFUSIONE FETO FETALE | 38, 764900|P05.1|IUGR GRAVE | 39, 764900|P05.1|RITARDO DI CRESCITA/IUGR | 40, 764900|P05.9|RITARDO DI CRESCITA/IUGR NOS | 41, 771000|P35.0|ROSOLIA CONGENITA | 42, 771100|P35.1|CITOMEGALOVIRUS | 43, 771100|P35.1|INFEZIONE CONGENITA DA CMV | 44, 771210|P37.1|TOXOPLASMOSIS | 45, 771290|P37.9|INFEZIONE INTRAUTERINA NOS | 46, 771890|P39.2|INFEZIONE FETO PLACENTARE | 47, 760750|P70.1|DIABETE MATERNO | 48, 778000|P83.2|IDROPE FETALE non emolitica | 49, 778030|P83.3|ASCITE | 50, 778020|P83.3|IDROTORACE | 51, 779820|P94.2|IPOTONIA | 52, 740000|Q00.00|ACRANIA/ANENCEFALIA | 53, 740000|Q00.01|ACRANIA/ANENCEFALIA incomplete | 54, 740100|Q00.1|craniorachischisi | 55, 740200|Q00.2|INIENCEFALIA | 56, 742000|Q01.2|ENCEFALOCELE OCCIPITALE | 57, 742080|Q01.0|ENCEFALOCELE FRONTALE | 58, 742080|Q01.1|ENCEFALOCELE NASOFRONTALE | 59, 742080|Q01.8|ENCEFALOCELE ALTRE SEDI SPECIFICATE | 60, 742080|Q01.80|ENCEFALOCELE PARIETALE | 61, 742080|Q01.81|ENCEFALOCELE ORBITALE | 62, 742090|Q01.9|ENCEFALOCELE NOS | 63, 742100|Q02|MICROCEFALIA | 64, 742300|Q03|IDROCEFALO CONGENITO | 65, 742300|Q03.0|IDROCEFALO CON ANOMALIA DI SYLVUS | 66, 742310|Q03.1|DANDY WALKER SYNDROME, atresia dei forami di Luschka e Magendie | 67, 742310|Q03.1|DANDY WALKER VARIANT | 68, 742398|Q03.8|altri idrocefali congeniti | 69, 742390|Q03.9|IDROCEFALO CONGENITO NOS | 70, 742390|Q03.9|VENTRICOLOMEGALIA SEVERA | 71, 742210|Q04.0|ANOMALIA CORPO CALLOSO (IPOPLASIA , AGENESIA O DISPLASIA) | 72, 742210|Q04.00|AGENESIA CORPO CALLOSO | 73, 742260|Q04.1|ARINENCEFALIA | 74, 742260|Q04.2|OLOPROSENCEFALIA | 75, 742260|Q04.2|OLOPROSENCEFALIA LOBARE | 76, 742260|Q04.2|OLOPROSENCEFALIA SEMILOBARE | 77, 759890|Q04.3|MILLER-DIEKER SYNDROME | 78, 742200|Q04.30|IPOPLASIA CEREBRALE (anomalie di riduzione del cervello) | 79, 742230|Q04.32|ANOMALIA/IPOPLASIA  CEREBELLARE (anomalie di riduzione del cervelletto) | 80, 742240|Q04.33|AGIRIA/LISSENCEFALIA | 81, 742250|Q04.34|POLI-MICROGIRIA PACHIGIRIA | 82, 742320|Q04.35|IDRANENCEFALIA | 83, 742480|Q04.4|DISPLASIA SETTO-OTTICA | 84, 742400|Q04.5|MEGAENCEFALIA, EMIMEGAENCEFALIA | 85, 742480|Q04.6|CISTI CEREBRALI CONGENITE, PORENCEFALIA | 86, 742480|Q04.60|CISTI CEREBRALI CONGENITE MULTIPLE | 87, 742480|Q04.61|CISTI CEREBRALE CONGENITE SINGOLA | 88, 742480|Q04.8|ALTRE MALF SPECIFICATE DEL CERVELLO | 89, 742480|Q04.8|MACROGIRIA | 90, 742280|Q04.8|ANOMALIA DELLA GIRAZIONI | 91, 742900|Q04.9|ANOMALIE CEREBRALE NOS | 92, 742280|Q04.9|MALFORMAZIONE CEREBRALE NOS | 93, 741000|Q05.01|spina bifida, cervicale, con idrocefalo, aperta | 94, 741030|Q05.02|spina bifida, cervicale, con idrocefalo, chiusa | 95, 741080|Q05.09|spina bifida, cervicale, con idrocefalo, non noto se aperta | 96, 741000|Q05.11|spina bifida, toracica, con idrocefalo, aperta | 97, 741040|Q05.12|spina bifida, toracica, con idrocefalo, chiusa | 98, 741080|Q05.19|spina bifida, toracica, con idrocefalo, non note se aperta | 99, 741000|Q05.21|spina bifida, lombare, con idrocefalo, aperta | 100, 741050|Q05.22|spina bifida, lombare, con idrocefalo, chiusa | 101, 741080|Q05.29|spina bifida, lombare, con idrocefalo, non noto se aperta | 102, 741000|Q05.31|spina bifida, sacrale, con idrocefalo, aperta | 103, 741060|Q05.32|spina bifida, sacrale, con idrocefalo, chiusa | 104, 741080|Q05.39|spina bifida, sacrale, con idrocefalo, non noto se aperta | 105, 741000|Q05.41|spina bifida, sede NOS, con idrocefalo, aperta | 106, 741020|Q05.42|spina bifida, sede NOS, con idrocefalo, chiusa | 107, 741090|Q05.49|spina bifida, sede NOS, con idrocefalo, non noto se aperto | 108, 741900|Q05.51|spina bifida, cervicale, idrocefalo NOS, aperta | 109, 741910|Q05.52|spina bifida, cervicale, idrocefalo NOS, chiusa | 110, 741980|Q05.59|spina bifida, cervicale, idrocefalo NOS, non noto se aperta | 111, 741900|Q05.61|spina bifida, toracica, idrocefalo NOS, aperta | 112, 741920|Q05.62|spina bifida, toracica, idrocefalo NOS, chiusa | 113, 741980|Q05.69|spina bifida, toracica, idrocefalo NOS, NON NOTO SE APERTA | 114, 741900|Q05.71|spina bifida, lombare, idrocefalo NOS, aperta | 115, 741930|Q05.72|spina bifida, lombare, idrocefalo NOS, chiusa | 116, 741980|Q05.79|spina bifida, lombare, idrocefalo NOS, non noto se aperta | 117, 741940|Q05.82|spina bifida, sacrale, idrocefalo NOS, chiusa | 118, 741980|Q05.89|spina bifida, sacrale, idrocefalo NOS, non noto se aperta | 119, 741000|Q05.9|SPINA BIFIDA NOS | 120, 741990|Q05.9|MIELOMENINGOCELE NOS | 121, 741900|Q05.91|spina bifida, sede NOS, idrocefalo NOS, aperta | 122, 741990|Q05.92|spina bifida, sede NOS, idrocefalo NOS, chiusa | 123, 741990|Q05.99|spina bifida, sede NOS, idrocefalo NOS, non noto se aperto | 124, 741900|Q05.81|spina bifida, sacrale, idrocefalo NOS, aperta | 125, 742500|Q06.0|AMELIA | 126, 742510|Q06.1|MIELODISPLASIA, IPOPLASIA E DISPLASIA DEL MIDOLLO SPINALE | 127, 742520|Q06.2|DIASTEMATOMIELIA | 128, 742530|Q06.3|ALTRE MALF CAUDA EQUINA | 129, 742540|Q06.4|IDROMIELIA | 130, 742880|Q07.0|ARNOLD CHIARI | 131, 742800|Q07.8|ALTRE MALF SPECIFICATE DEL SISTEMA NERVOSO PERIFERICO | 132, 742800|Q07.80|MARCUS GUNN'S SYNDROME | 133, 743600|Q10.0|PTOSI CONGENITA | 134, 74360|Q10.0|BLEPHAROPHIMOSIS-PTOSIS SYNDROME | 135, 743630|Q10.3|ASSENZA PALPEBRE MONO O BI, ASSENZA CILIA, COLOBOMA PALPEBRA | 136, 743630|Q10.3|BLEFAROFIMOSI BILAT | 137, 743000|Q11.1|ANOFTHALMO | 138, 743100|Q11.2|LENZ MICROPHTHALMOS SYNDROME | 139, 743100|Q11.2|MICROFTALMIA | 140, 743210|Q11.3|MACROFTALMIA | 141, 743320|Q12.0|CATARATTA MONO O BILATERALE | 142, 743340|Q12.2|COLOBOMA DELLA LENTE | 143, 743300|Q12.3|ASSENZA DELLA LENTE, AFACHIA | 144, 743310|Q12.8|ALTRE ANOMALIE DEL CRISTALLINO | 145, 743430|Q13.0|COLOBOMA DELL'IRIDE | 146, 743420|Q13.1|ANIRIDIA | 147, 743420|Q13.1|ANIRIDIA -WILMS TUMOUR, SYNDROME WAGR | 148, 743400|Q13.3|OPACITA CONGENITA DELLA CORNEA | 149, 743520|Q14.2|COLOBOMA DISCO OTTICO | 150, 743200|Q15.0|GLAUCOMA CONGENITO | 151, 743220|Q15.00|MEGALOCORNEA | 152, 743900|Q15.8|LINFANGIOMA CISTICO OCCHIO SINISTRA | 153, 743900|Q15.8|ALTRE ANOMALIE SPECIFICATE DELL'OCCHIO | 154, 744010|Q16.0|AGENESIA PADIGLIONE AURICOLARE MONO, ANOTIA | 155, 744000|Q16.1|ASSENZA O STENOSI DEL CONDOTTO UDITIVO ESTERNO | 156, 744020|Q16.4|ANOMALIE DEL ORECCHIO MEDIO | 157, 744030|Q16.5|AGENESIA O ANOMALIA CANALI SEMICIRCOLARI | 158, 744090|Q16.9|ORECCHIO MALFORMATO CON PERDITA DI UDITO | 159, 744110|Q17.0|APPENDICI PREAURICOLARI | 160, 74410|Q17.0|PADIGLIONE AURICOLARE ACCESORIO | 161, 744210|Q17.2|MICROTIA | 162, 744230|Q17.3|MALFORMAZIONE ORECCHIO | 163, 744240|Q17.4|ORECCHIE BASSO IMPIANTO | 164, 744230|Q17.8|LOBO ORECCHIO FISSURATO | 165, 759890|Q17.8|MELNICK-FRASER SYNDROME, Branchiootorenal syndrome, SINDROME BOR | 166, 744300|Q17.9|MALFORMAZIONE ORECCHIE NOS | 167, 744280|Q18.1|SENO PREAURICOLARE | 168, 744400|Q18.0|RESIDUI BRANCHIALI | 169, 744480|Q18.2|ALTRE ANOMALIE DEGLI ARCHI BRANCHIALI | 170, 744800|Q18.4|MACROSTOMIA | 171, 744810|Q18.5|MICROSTOMIA | 172, 744500|Q18.3|PTERIGIUM COLLI | 173, 744910|Q18.9|DISFORMISMI FACCIALI | 174, 745000|Q20.0|TRONCO ARTERIOSO COMUNE | 175, 745110|Q20.1|DORV, VENTRICOLO DESTRO A DOPPIA USCITA | 176, 745100|Q20.3|TGV, TRASPOSIZIONE DEI GROSSI VASI | 177, 745300|Q20.4|CUORE UNIVENTRICOLARE | 178, 759890|Q20.6|IVEMARK SYNDROME | 179, 759380|Q20.6|ISOMERISMO ATRIALE  CON ASPLENIA O POLISPLENIA | 180, 745449|Q21.0|DIV INFUNDIBOLARE /SOPRA CRESTALE | 181, 745482|Q21.0|DIV MULTIPLO MEDIO DIMENSIONE | 182, 745481|Q21.0|DIV MULTIPLO PICCOLO  DIMENSIONE (< 3MM) | 183, 745459|Q21.0|DIV MUSCOLARE DIMENSIONE SCONOSCIUTA | 184, 745453|Q21.0|DIV MUSCOLARE GRANDE DIMENSIONE (>5MM) | 185, 745452|Q21.0|DIV MUSCOLARE MEDIO DIMENSIONE (3-5MM) | 186, 745489|Q21.0|DIV MUSCOLARE MULTIPLI DIMENSIONE SCONOSCIUTA | 187, 745451|Q21.0|DIV MUSCOLARE PICCOLO  DIMENSIONE (< 3MM) | 188, 745449|Q21.0|DIV PERIMEMBRANOSO DIMENSIONE SCONOSCIUTA | 189, 745443|Q21.0|DIV PERIMEMBRANOSO GRANDE DIMENSIONE (>5MM) | 190, 745442|Q21.0|DIV PERIMEMBRANOSO MEDIO DIMENSIONE (3-5MM) | 191, 745441|Q21.0|DIV PERIMEMBRANOSO PICCOLO DIMENSIONE (<3MM) | 192, 745499|Q21.0|DIV SEDE SCONOSCIUTA DIMENSIONE SCONOSCIUTA | 193, 745493|Q21.0|DIV SEDE SCONOSCIUTA GRANDE DIMENSIONE (>5MM) | 194, 745492|Q21.0|DIV SEDE SCONOSCIUTA MEDIO DIMENSIONE (3-5MM) | 195, 745491|Q21.0|DIV SEDE SCONOSCIUTA PICCOLO  DIMENSIONE (< 3MM) | 196, 745439|Q21.0|DIV SUBAORTICO DIMENSIONE SCONOSCIUTA | 197, 745433|Q21.0|DIV SUBAORTICO GRANDE DIMENSIONE (>5MM) | 198, 745432|Q21.0|DIV SUBAORTICO MEDIO DIMENSIONE (3-5MM) | 199, 745431|Q21.0|DIV SUBAORTICO PICCOLO DIMENSIONE (<3MM) | 200, 745500|Q21.1|DIA | 201, 745510|Q21.10|DIA OSTIUM SECONDUM | 202, 745500|Q21.11|FORAME OVALE PERVIO | 203, 745610|Q21.15|ATRIO UNICO, COR TRILOCULARE BIVENTRICOLARE | 204, 745580|Q21.18|ANEURISMA SETTO INTERATRIALE | 205, 745600|Q21.20|DIFETTO CUSCINETTO ENDOCARDICI, OSTIUM PRIMUM | 206, 745630|Q21.21|CANALE ATRIOVENTRICOLARE UNICO, CAV | 207, 745620|Q21.21|DIFETTO DEL SETTO TIPO CANALE ATRIOVENTRICOLARE UNICO | 208, 745200|Q21.3|TETRALOGIA DI FALLOT | 209, 745210|Q21.82|PENTALOGIA DI FALLOT (+ DIA) | 210, 745680|Q21.4|FINESTRA AORTO POLMONARE | 211, 746000|Q22.0|ATRESIA  VALVOLA POLMOMARE | 212, 746010|Q22.1|STENOSI VALVOLARE POLMONARE | 213, 746020|Q22.2|INSUFFICIENZA VALVOLA PULMONARE | 214, 746080|Q22.3|ALTRE MALF VALVOLARE POLMONARE | 215, 746080|Q22.3|DISPLASIA O IPOPLASIA VALVOLARE POLMONARE | 216, 746080|Q22.3|VALVOLA POLMONARE BICUSPIDE | 217, 746110|Q22.4|ATRESIA O STENOSI TRICUSPIDE | 218, 746200|Q22.5|MALFORMAZIONE DI EBSTEIN | 219, 746790|Q22.6|CUORE DESTRO IPOPLASICO | 220, 746880|Q22.8|ALTRA ANOMALIA TRICUSPIDALE | 221, 746113|Q22.8|INSUFFICIENZA TRICUSPIDE | 222, 746300|Q23.0|STENOSI O ATRESIA VALVOLA AORTICA | 223, 746400|Q23.1|INSUFFICIENZA AORTICA | 224, 746420|Q23.10|AORTA BICUSPIDE | 225, 746420|Q23.10|VALVOLA AORTICA BICUSPIDE | 226, 746500|Q23.2|ATRESIA O STENOSI MITRALE | 227, 746600|Q23.3|INSUFFICIENZA MITRALICA | 228, 746700|Q23.4|CUORE SN IPOPLASICO | 229, 746880|Q23.8|ALTRE ANOMALIE AORTICA/MITRALICA | 230, 746480|Q23.8|VALVOLA AORTICA DISPLASICA | 231, 746800|Q24.0|DESTROCARDIA ISOLATA | 232, 746820|Q24.2|COR TRIATRIATUM | 233, 746880|Q24.5|ANOMALIE DELLE CORONARIE | 234, 746870|Q24.6|BLOCCO CARDIACO | 235, 746880|Q24.8|ALTRE MALFORMAZIONI CARDIACHE SPECIFICATE | 236, 746860|Q24.8|CARDIOMEGALIA | 237, 746880|Q24.8|ECTOPIA CORDIS | 238, 746880|Q24.8|TRILOGIA DI FALLOT | 239, 746880|Q24.9|ALTRE MALFORMAZIONI CARDIACHE NOS | 240, 747000|Q25.0|PDA | 241, 747190|Q25.1|COARTAZIONE  AORTICA | 242, 747100|Q25.10|COARTAZIONE  AORTICA PREDUTTALE | 243, 747110|Q25.11|COARTAZIONE AORTICA POST DUTTALE | 244, 747190|Q25.19|COARTAZIONE  AORTICA NOS | 245, 747280|Q25.2|INTERRUZIONE ARCO AORTICO, ATRESIA AORTA | 246, 747280|Q25.3|STENOSI AORTA | 247, 747210|Q25.40|IPOPLASIA AORTA | 248, 747230|Q25.41|PERSISTENZA DELL'ARCO AORTICO DESTRO | 249, 747260|Q25.42|overriding aorta | 250, 747250|Q25.44|DOPPIO ARCO AORTICO | 251, 747310|Q25.5|ATRESIA ARTERIA POLMONARE | 252, 747320|Q25.6|STENOSI ARTERIA POLMONARE | 253, 747380|Q25.8|ALTRE MALFORMAZIONI DELLE GRANDI ARTERIE | 254, 747400|Q26.0|STENOSI CONGENITA DELLA VENA CAVA SUP O INF | 255, 747410|Q26.1|PERSISTENZA VENA CAVA SUPERIORE SX | 256, 747420|Q26.2|RITORNO VENOSO POLMOMARE ANOMALO TOTALE | 257, 747430|Q26.3|RITORNO VENOSO POLMONARE ANOMALO PARZIALE | 258, 747880|Q26.8|ALTRE MALFORMAZIONI CONGENITE DELLE GRANDI VENE, ASSENZA VENA CAVA SUP/INF, AZYGOS CONTINUATION | 259, 747600|Q27.1|STENOSI CONGENITA DELL'ARTERIA RENALE | 260, 747500|Q27.0|ARTERIA OMBELICALE UNICA | 261, 747610|Q27.2|ANOMALIA ARTERIA RENALE | 262, 747620|Q27.3|MALFORMAZIONI ARTEROVENOSE PERIFERICHE (MAV) | 263, 747680|Q27.8|ALTRE MALFORMAZIONE SISTEMA VASCOLARE PERIFERICO | 264, 747680|Q27.8|FISTOLA VENO-VENOSO EPATICA | 265, 747810|Q28.0|MALFORMAZIONI ARTEROVENOSE VASI PRE CEREBRALI (MAV) | 266, 747810|Q28.2|MALFORMAZIONI ARTEROVENOSE VASI CEREBRALI  (MAV) | 267, 747810|Q28.2|ANEURISMA DELLA VENA DI GALENO | 268, 747810|Q28.3|ALTRE MALFORMAZIONI VASI CEREBRALI | 269, 747800|Q28.3|ARTERIOPATIA CALCIFICA IDIOPATICA VASI CEREBRALI | 270, 747880|Q28.8|ALTRE MALFORMAZIONI SISTEMA CIRCOLATORIO | 271, 748000|Q30.0|ATRESIA DELLE COANE | 272, 759890|Q87.8|CHARGE | 273, 748000|Q30.0|STENOSI DELLE COANE | 274, 748100|Q30.1|AGENESIA O IPOSVILUPPO DEL NASO | 275, 748100|Q30.1|IPOPLASIA DEL NASO | 276, 748120|Q30.2|SCHISI NARICE | 277, 748180|Q30.8|ALTRE MALFORMAZIONI NASO SPECIFICATE | 278, 748180|Q30.8|ASSENZA DELLA NARICE, CAVITA NASALE UNICA | 279, 748190|Q30.9|ALTRE MALFORMAZIONI NASO NOS | 280, 748200|Q31.0|WEB LARINGEO | 281, 748300|Q31.8|AGENESIA/ATRESIA LARINGE | 282, 748300|Q31.80|CLEFT LARINGE | 283, 748320|Q32.0|TRACHEOMALACIA | 284, 748330|Q32.1|ATRESIA TRACHEALE | 285, 748330|Q32.11|CLEFT TRACHEO ESOFAGEO | 286, 748400|Q33.0|CISTI POLMONARE | 287, 74841|Q33.01|POLMONE POLICISTICO | 288, 748620|Q33.1|LOBO POMONARE ACCESSORIO | 289, 748520|Q33.2|SEQUESTRO POLMONARE | 290, 748500|Q33.3|AGENESIA DEL POLMONE O LOBO POLMONARE | 291, 748500|Q33.6|IPOPLASIA O DISPLASIA DEL POLMONE | 292, 748480|Q33.80|ADENOMATOIDE CISTICA POLMONARE | 293, 748880|Q34.80|LINFOANGECTASIE POLMONARE | 294, 749000|Q35.1|SCHISI PALATO DURO MONOLAERALE completo/incompleto (sottomucoso) lato | 295, 749010|Q35.1|SCHISI PALATO DURO BILATERALE completo/incompleto (sottomucoso) | 296, 749020|Q35.1|SCHISI PALATO DURO CENTRALE completo/incompleto (sottomucoso) | 297, 749030|Q35.1|SCHISI PALATO DURO NOS | 298, 749040|Q35.3|SCHISI PALATO MOLLE MONOLATERALE completo/incompleto (sottomucoso) lato | 299, 749050|Q35.3|SCHISI PALATO MOLLE BILATERALE completo/incompleto (sottomucoso) | 300, 749060|Q35.3|SCHISI PALATO MOLLE CENTRALE completo/incompleto (sottomucoso) | 301, 749070|Q35.3|SCHISI PALATO MOLLE NOS | 302, 749090|Q35.5|SCHISI PALATO DURO E MOLLE spec se completo/incompleto (sottomucoso) mono/bi | 303, 749080|Q35.7|UGOLA BIFIDA | 304, 749090|Q35.9|PALATOSCHISI NOS | 305, 749110|Q36.0|LABIOSCHISI BILATERALE (specifica se labbro e anche gengiva) | 306, 749120|Q36.1|LABIOSCHISI CENTRALE (specifica se labbro e anche gengiva) | 307, 749100|Q36.90|LABIOSCHISI MONOLATERALE specifiica lato (specifica se labbro e anche gengiva) | 308, 749190|Q36.99|LABIOSCHISI NOS | 309, 749210|Q37.0|SCHISI PALATO DURO E LABIOSCHISI BILATERALI | 310, 749200|Q37.1|SCHISI PALATO DURO E LABIOSCHISI MONOLATERALE | 311, 749200|Q37.2|SCHISI PALATO MOLLE E LABIOSCHISI BILATERALI | 312, 749201|Q37.3|SCHISI PALATO MOLLE E LABIOSCHISI MONOLATERALE | 313, 749210|Q37.4|LABIOPALATOSCHISI BILATERALE DURO+MOLLE | 314, 749210|Q37.5|LABIOPALATOSCHISI UNILATERALI DURO+MOLLE | 315, 749200|Q37.9|LABIOSCHISI MONOLATERALE CON PALATOSCHISI NON SPECIFATO | 316, 749210|Q37.8|LABIOSCHISI BILATERALE CON PALATOSCHISI NON SPECIFATO | 317, 750270|Q38.0|ALTRE ANOMALIE DELLE LABBRA | 318, 750270|Q38.0|PIT DELLE LABBRA in sindrome di Van Der Woude | 319, 750120|Q38.2|MACROGLOSSIA | 320, 750180|Q38.3|ALTRE MALFORMAZIONI DELLA LINGUA | 321, 750180|Q38.3|LINGUA BIFIDA | 322, 750010|Q38.30|ASSENZA DELLA LINGUA | 323, 750280|Q38.6|ALTRE MALFORMAZIONI DELLA BOCCA SPECIFICATE | 324, 750200|Q38.7|TASCA FARINGEA | 325, 759890|Q87.8|SINDROME DI VAN DER WOUDE | 326, 750300|Q39.0|ATRESIA ESOFAGEA SENZA FISTOLA O NOS | 327, 750310|Q39.1|ATRESIA ESOFAGEA CON FISTOLA | 328, 750320|Q39.2|FISTOLA TRACHEO ESOFAGEA | 329, 750320|Q39.20|FISTOLA BRONCO ESOFAGEA | 330, 750340|Q39.3|STENOSI ESOFAGEA | 331, 750350|Q39.4|MEMBRANA ESOFAGEA | 332, 750430|Q39.80|DUPLICAZIONE ESOFAGEA | 333, 750510|Q40.0|STENOSI DEL PILORO | 334, 750700|Q40.2|MALFORMAZIONE DELLO STOMACO SPECIFICATA | 335, 750920|Q40.3|MALFORMAZIONE DELLO STOMACO NOS | 336, 750800|Q40.8|AGENESIA DELLO STOMACO | 337, 750800|Q40.8|ALTRE MALFORMAZIONI SPECIFICATE DEL TRATTO GASTROINTESTINALE SUPERIORE | 338, 750780|Q40.9|ALTRE MALFORMAZIONI DEL TRATTO GASTROINTESTINALE SUPERIORE NOS | 339, 751100|Q41.0|ATRESIA O STENOSI DUODENALE | 340, 751110|Q41.1|ATRESIA O STENOSI DIGIUNALE | 341, 751120|Q41.2|ATRESIA O STENOSI  ILEALE | 342, 751120|Q41.8|ARTESIA O STENOSI INTESTINO TENUE SINGOLA O MULTIPLE | 343, 751120|Q41.9|ARTESIA O STENOSI INTESTINO TENUE NOS | 344, 751110|Q41.1|APPLE PEEL SYNDROME | 345, 751210|Q42.0|ATRESIA  ASSENZA O STENOSI RETTO CON FISTOLA | 346, 751210|Q42.00|ATRESIA O STENOSI RETTO CON FISTOLA RETTO URETRALE | 347, 751210|Q42.01|ATRESIA O STENOSI RETTO CON FISTOLA RETTOVESCICALE | 348, 751210|Q42.02|ATRESIA O STENOSI RETTO CON FISTOLA RETTOVULVARE | 349, 751210|Q42.03|ATRESIA O STENOSI RETTO CON FISTOLA RETTOCUTANEA | 350, 751210|Q42.04|ATRESIA O STENOSI RETTO CON FISTOLA RETTOCLOACALE | 351, 751220|Q42.1|ATRESIA O STENOSI RETTO SENZA FISTOLA, RETTO IMPERFORATO | 352, 751230|Q42.2|ATRESIA O STENOSI ANALE CON FISTOLA | 353, 751230|Q42.21|ATRESIA ANALE CON FISTOLA ANOVESTIBOLARE | 354, 751230|Q42.20|ATRESIA ANALE CON FISTOLA ANOCUTANEA | 355, 751240|Q42.3|ATRESIA O STENOSI  ANALE  SENZA FISTOLA, | 356, 751200|Q42.8|ATRESIA O ASSENZA DI ALTRE PARTE DELL'INTESTINO CRASSO | 357, 751200|Q42.9|ATRESIA DEL COLON | 358, 751010|Q43.0|DIVERTICOLO DI MECKEL | 359, 751300|Q43.1|HIRSCHPRUNG DISEASE | 360, 751410|Q43.3|ANOMALIE DELLA FISSAZIONE | 361, 751400|Q43.30|MALROTAZIONE DEL COLON | 362, 751420|Q43.31|BANDE DI LADD | 363, 751500|Q43.4|DUPLICAZIONE INTESTINALE | 364, 751530|Q43.5|ANO ECTOPICO | 365, 751540|Q43.6|FISTOLA RETTO E ANO | 366, 751550|Q43.7|PERSISTENZA DELLA CLOACA | 367, 751580|Q43.8|ALTRE MALFORMAZIONE INTESTINO SPECIFICATO | 368, 751520|Q43.80|MICROCOLON | 369, 751630|Q44.0|IPOPLASIA/AGENESIA COLECISTI | 370, 751650|Q44.2|ATRESIA DOTTI BILIARI INTRAEPATICI | 371, 751670|Q44.5|CONGENITAL MALF OF BILE DUCTS | 372, 751610|Q44.6|MALATTIA CISTICA DEL FEGATO | 373, 751600|Q44.7|ANGIOMA EPATICO | 374, 751600|Q44.70|ASSENZA TOTALE O PARZIALE DEL FEGATO | 375, 751670|Q44.71|ALAGILLE SYNDROME | 376, 752000|Q50.0|AGENESIA OVAIE | 377, 752000|Q50.00|AGENESIA OVAIE MONOLATERALE | 378, 752000|Q50.01|AGENESIA OVAIE BILATERALE | 379, 752080|Q50.11|CISTI OVARICA MULTIPLA | 380, 752080|Q50.3|ALTRE MALFORMAZIONI OVAIO | 381, 752300|Q51.0|AGENESIA APLASIA UTERO | 382, 752380|Q51.1|DOPPIO UTERO | 383, 752380|Q51.5|UTERO BICORNE | 384, 752480|Q51.8|KAUFMAN-MCKUSICK SYNDROME | 385, 752488|Q51.8|ROKITANSKY | 386, 752480|Q51.8|MURCS SYNDROME/ ASSOCIATION, known as Mayer-Rokitansky-Ku?ster-Hauser (MRKH) syndrome type 2 | 387, 752430|Q52.1|VAGINA SETTATA | 388, 752420|Q52.2|FISTOLA RETTO VAGINALE | 389, 752430|Q52.3|IMENE IMPERFORATO | 390, 752458|Q52.6|MALFORMAZIONI CLITORIDE | 391, 752458|Q52.8|ALTRE MALFORMAZIONI GENITALI FEMMINILI | 392, 752510|Q53.2|CRIPTORCHIDISMO BIL | 393, 752510|Q53.1|CRIPTORCHIDISMO MONO | 394, 752601|Q54.0|IPOSPADIA I | 395, 752602|Q54.1|IPOSPADIA II | 396, 752603|Q54.2|IPOSPADIA III PENOSCROTALE | 397, 752603|Q54.3|IPOSPADIA III PERINEALE | 398, 752620|Q54.4|CORDA CONGENITA O CORDA PENIS | 399, 752609|Q54.9|IPOSPADIA NOS | 400, 752820|Q55.2|ALTRE MALFORMAZIONI DELLO SCROTO E DEI TESTICOLI | 401, 752820|Q55.21|SCROTO BIFIDO | 402, 752850|Q55.5|ASSENZA APLASIA DEL PENE | 403, 752860|Q55.6|IPOPLASIA ASTA PENIENA | 404, 752860|Q55.6|MICROPENE | 405, 752860|Q55.6|RECURVATIO PENIS | 406, 752860|Q55.6|TRASPOSIZIONE PENO-SCROTALE | 407, 752880|Q55.8|ALTRE MALFORMAZIONI SPECIFICATE DEI GENITALI MASCHILI | 408, 752790|Q56.4|GENITALI AMBIGUI, SESSO INDETERMINATO | 409, 753010|Q60.0|AGENESIA RENALE MONOLATERALE | 410, 753000|Q60.1|AGENESIA RENALE BIL | 411, 753010|Q60.2|AGENESIA RENALE NOS | 412, 753010|Q60.3|IPOPLASIA RENALE MONOLATERALE | 413, 753000|Q60.4|IPOPLASIA RENALE BIL | 414, 753000|Q60.6|POTTER | 415, 753100|Q61.0|CISTI RENALE SINGOLA | 416, 753110|Q61.1|RENE POLICISTICO TIPO INFANTILE | 417, 753120|Q61.2|RENE POLICISTICO adulto ADPKD | 418, 753130|Q61.3|RENI POLICISTICI NOS | 419, 753190|Q61.4|DISPLASIA RENALE | 420, 753190|Q61.40|DISPLASIA RENALE MULTICISTICA MONO | 421, 753160|Q61.41|DISPLASIA  RENALI MULTICISTICA BIL | 422, 753180|Q61.48|ALTRE DISPLASIE RENALI | 423, 753140|Q61.50|MALATTIA CISTICA DELLA MIDOLLARE RENALE tipo giovanile | 424, 753140|Q61.5|MALATTIA CISTICA DELLA MIDOLLARE RENALE nos | 425, 753150|Q61.51|MALATTIA CISTICA DELLA MIDOLLARE RENALE tipo adulto | 426, 759850|Q61.90|Sindrome MECKEL GRUBER | 427, 753200|Q62.0|IDRONEFROSI >= 1 CM | 428, 753210|Q62.1|ATRESIA/STENOSI URETERE | 429, 753290|Q62.10|STENOSI DEL GIUNTO  MONO | 430, 753290|Q62.11|STENOSI DEL GIUNTO BILATERALE BIL | 431, 753220|Q62.2|MEGALOURETERE, DILATAZIONE URETERE | 432, 753280|Q62.3|URETEROCELE | 433, 753480|Q62.33|IDROURETERE CONGENITO | 434, 753410|Q62.5|DOPPIO URETERE | 435, 753280|Q62.7|REFLUSSO VESCICO-URETERALE | 436, 753280|Q62.70|REFLUSSO VESCICO-URETERALE MONO | 437, 753280|Q62.71|REFLUSSO VESCICO-URETERALE BIL | 438, 753480|Q62.8|ALTRE ANOMALIE URETERE | 439, 753910|Q62.8|ALTRE URETERE NOS | 440, 753300|Q63.0|RENE ACCESSORIO | 441, 753310|Q63.00|DOPPIO DISTRETTO RENALE, DOPPIO O TRIPLO RENE | 442, 753320|Q63.1|RENE A FERRO DI CAVALLO | 443, 753330|Q63.2|RENE ECTOPICO | 444, 753330|Q63.29|RENE ECTOPICO NOS | 445, 753340|Q63.3|RENE GIGANTE | 446, 755338|Q63.8|ALTRE ANOMALIA RENALE SPECIFICATO | 447, 752610|Q64.0|EPISPADIA | 448, 753500|Q64.1|ESTROFIA VESCICA | 449, 753510|Q64.10|ESTROFIA CLOACA | 450, 753510|Q64.10|OEIS COMPLEX | 451, 753600|Q64.20|VALVOLA DELL URETRA POSTERIORE | 452, 753880|Q64.76|MEGAVESCICA | 453, 753620|Q64.21|VALVOLA URETRA ANTERIORE | 454, 753620|Q64.31|STENOSI CONGENITA URETRA | 455, 753620|Q64.33|ATRESIA O IPOPLASIA URETRA | 456, 753800|Q64.5|AGENESIA VESCICALE | 457, 753820|Q64.6|DIVERTICOLO VESCICALE | 458, 753880|Q64.7|MEGAVESCICA-ALTRE ANOMALIE VESCICA | 459, 753840|Q64.72|DOPPIA URETRA | 460, 753860|Q64.74|FISTOLA TRATTO GASTROINTESTINALE E URINARIO | 461, 753860|Q64.74|FISTOLA RETTO VESCICALE | 462, 753880|Q64.8|ALTRE ANOMALIE SISTEMA URINARIO | 463, 753790|Q64.8|ANOMALIE DEL URACO | 464, 754300|Q65.0|LCA MONO | 465, 754230|Q65.1|LCA BIL | 466, 754300|Q65.2|LCA NOS | 467, 754310|Q65.6|SUBLUSSAZIONE ANCA | 468, 754500|Q66.0|PIEDE TORTO, specificare | 469, 754510|Q66.1|PIEDE TORTO CALCAGNO VARO MONO O BIL | 470, 754520|Q66.2|PIEDE TORTO METATARSO VARO MONO O BIL | 471, 754730|Q66.8|PIEDE TORTO NOS, minore | 472, 754700|Q67.5|DEFORMAZIONE DELLA COLONNA | 473, 754200|Q67.50|SCOLIOSI POSTURALE | 474, 755501|Q68.1|CAMPODATTILIA | 475, 754840|Q68.1|MANI TORTE MONO O BIL, specificare | 476, 754840|Q68.1|DEFORMAZIONE DELLA MANO | 477, 755507|Q68.10|CLINODATTILIA DITA MANO | 478, 754430|Q68.21|GENU RECURVATUM | 479, 754400|Q68.3|FEMORI INCURVATI | 480, 754410|Q68.4|TIBIA O FIBULA INCURVATI | 481, 754490|Q68.5|OSSA LUNGHE DEGLI ARTI INFERIORI INCURVATE | 482, 755900|Q68.8|ARTROGRIPOSI NOS | 483, 755580|Q68.8|ALTER DEFORMITA' SPECIFICHE  (clavicola, gomito, avanbraccio, scapola) | 484, 755550|Q68.8|DEFORMITA DELLA SCAPOLA | 485, 755095|Q69.0|POLIDATTALIA MANO | 486, 755010|Q69.00|POLIADATTILIA MANO PRE ASSIALE | 487, 755000|Q69.01|POLIDATTILIA  MANO MESOASSIALE | 488, 755005|Q69.02|POLIDATTILIA  MANO POSTASSIALE | 489, 755095|Q69.09|POLIDATTALIA MANO NOS | 490, 755010|Q69.1|POLLICE ACCESSORIO, POLLICE BIFIDO | 491, 755030|Q69.20|POLIDATTILIA PIEDE PREASSIALE | 492, 755020|Q69.22|POLIDATTILIA  PIEDE POSTASSIALE | 493, 755096|Q69.2|POLIDATTILIA PIEDI | 494, 755096|Q69.29|POLIDATTILIA PIEDE NOS | 495, 755090|Q69.9|POLIDATTILIA NOS | 496, 755100|Q70.0|SINDATTILIA MANO CON SINOSTOSI | 497, 755110|Q70.1|SINDATTILIA MANO SOLO CUTANEA | 498, 755120|Q70.2|SINDATTILIA PIEDI CON SINOSTOSI | 499, 755130|Q70.3|SINDATTILIA PIEDI SOLO CUTANEA | 500, 755180|Q70.4|POLISINDATTTILIA MANI E PIEDI | 501, 755190|Q70.9|SINDATTILIA NOS | 502, 755200|Q71.0|ASSENZA COMPLETA ARTO/ARTI SUPERIORE | 503, 755210|Q71.1|FOCOMELIA ARTI SUP (ASSENZA ARTO, PRESENTE MANO) | 504, 755230|Q71.2|AGENESIA AVAMBRACCIO E MANO | 505, 755240|Q71.3|ASSENZA MANO E DITA | 506, 755240|Q71.30|ASSENZA DI SINGOLE DITA MANO (da II a V) | 507, 755260|Q71.31|AGENESIA o ipoplasia POLLICE (I) | 508, 755260|Q71.4|AGENESIA RADIO, DIFETTO IN RIDUZIONE RADIO, AGENESIA RADIO, CON MANO A MAZZA RADIALE | 509, 755270|Q71.5|DIFETTO IN RIDUZIONE ULNA | 510, 755250|Q71.6|ECTRODATTILIA / MANI A CHELE | 511, 755240|Q71.80|ASSENZA DI TUTTE LE DITA DELLA MANO | 512, 755280|Q71.8|ALTRI DIFETTI IN RIDUZIONE ARTO SUP, specificare | 513, 759890|Q71.9|ADAM SEQUENCE, CONSTRICTION RING SYNDROME UPPER LIMB | 514, 755290|Q71.9|ALTRI DIFETTI RIDUZIONE ARTO SUP NOS | 515, 755300|Q72.0|ASSENZA COMPLETA ARTO/ARTI INFERIORE | 516, 755310|Q72.1|ASSNZA ARTO INFERIORE CON PIEDE, FOCOMELIA ARTI INFERIORI | 517, 755330|Q72.2|ASSENZA GAMBA E PIEDE | 518, 755340|Q72.3|ASSENZA PIEDE E DITA DEL PIEDE | 519, 755380|Q72.30|ASSENZA O IPOPLASIA DITA DEI PIEDI | 520, 755365|Q72.31|ASSENZA O IPOPLASIA ALLUCE | 521, 755320|Q72.4|DIFETTO IN RIDUZIONE FEMORE | 522, 755380|Q72.5|DIFETTO IN RIDUZIONE TIBIA, ASSENZA TIBIA | 523, 755366|Q72.6|DIFETTO IN RIDUZIOINE FIBULA, ASSENZA FIBULA | 524, 755380|Q72.7|SPLIT FOOT | 525, 755380|Q72.8|ALTRI DIFETTI RIDUZIONE ARTO INF | 526, 755380|Q72.80|ASSENZA DI TUTTE LE DITA DEL PIEDE | 527, 759890|Q72.9|ADAM SEQUENCE, CONSTRICTION RING SYNDROME LOWER LIMB | 528, 755400|Q73.0|AMELIA NOS | 529, 755410|Q73.1|FOCOMELIA NOS | 530, 755490|Q73.8|ALTRI DIFETTI IN RIDUZIONE ARTI NON SPECIFICATI | 531, 755526|Q74.01|MADELUNG'S DEFORMITY | 532, 755551|Q74.02|CLEIDOCRANIAL DYSPLASIA (DISOSTOSI CLEIDOCRANICA) | 533, 755556|Q74.03|Sprengel's deformity | 534, 755500|Q74.04|MACRODATTILIA MANO | 535, 755500|Q74.05|POLLICE TRIFALANGEO | 536, 755800|Q74.3|ARC SYNDROME ARTHROGRYPOSIS, RENAL DYSFUNCTION AND CHOLESTAS | 537, 755800|Q74.3|ARTROGRIPOSI MULTIPLA CONGENITA | 538, 755880|Q74.8|ALTRE MALF ARTI SPECIFICATE | 539, 755500|Q74.80|BRACHIDATTILIA DITA MANO | 540, 755880|Q74.81|EMIPERTROFIA, IPERTROFIA ARTI | 541, 755680|Q74.82|IPOSVILUPPO ARTO/ARTI | 542, 755880|Q74.83|ASIMMETRIA ARTI NOS | 543, 755810|Q74.84|LARSEN'S SYNDROME | 544, 755900|Q74.9|ANOMALIE ARTI NON SPECIFICATE | 545, 756000|Q75.0|CRANIOSINOSTOSI | 546, 756050|Q75.0|PFEIFFER SYNDROME, NOACK SYNDROME, ACROCEPHALOSYNDACTYLY | 547, 756010|Q75.1|CRANIOSTENOSI DELLE CORONALI | 548, 756005|Q75.01|CRANIOSTENOSI SAGITTALE | 549, 756006|Q75.02|CRANIOSINOSTOSI-TRIGONOCEFALIA | 550, 756000|Q75.03|CRANIOSINOSTOSI-SUTURE MULTIPLE-CRANIO A TRIFOGLIO | 551, 756000|Q75.03|CRANIOSTENOSI - TURRICEFALIA | 552, 756040|Q75.1|CROUZON SYNDROME | 553, 756020|Q75.2|IPERTELORISMO | 554, 756080|Q75.3|MACROCEFALIA/MACROCRANIA | 555, 756045|Q75.4|MANDIBULOFACIAL DYSOSTOSIS - FRANCESCHETTI AND TREACHER-COLLINS | 556, 756046|Q75.5|OCULOMANDIBULAR DYSOSTOSIS | 557, 759800|Q75.81|DISPLASIA FRONTONASALE | 558, 756090|Q75.9|ALTRE MALF CRANIO/FACCIALI NOS | 559, 756100|Q76.0|SPINA BIFIDA OCCULTA | 560, 756110|Q76.1|KLIPPEL-FEIL SYNDROME | 561, 756150|Q76.3|SCOLIOSI DA ANOMALIE VERTEBRE TORACICHE | 562, 756140|Q76.30|EMIVERTEBRA SINGOLA CON SCOLIOSI | 563, 756180|Q76.38|SCOLIOSI ASSOCIATA A EMIVERTEBRA MULTIPLA, ALTRE MALFORMAZIONI OSSEE | 564, 756190|Q76.4|ANOMALIE COLONNA NON ASSOCIATE A SCOLIOSI | 565, 756180|Q76.4|EMIVERTEBRE/VERTEBRE FARFALLA | 566, 756180|Q76.40|ASSENZA VERTEBRE | 567, 756170|Q76.41|ANOMALIE VERTEBRE SACRALI, AGENESIA SACRO | 568, 756180|Q76.42|ALTRE ANOMALIE VERTEBRE | 569, 756140|Q76.42|DISMORFISMO VERTEBRALE EMIVERTEBRE | 570, 756160|Q76.42|DISMORFISMO VERTEBRALE EMIVERTEBRE LOMBARI | 571, 756310|Q76.6|ALTRE MALFORMAZIONI COSTE | 572, 756180|Q76.60|ASSENZA COSTE | 573, 756320|Q76.61|FUSIONE COSTE | 574, 756330|Q76.62|COSTA SOVRANNUMERAREA | 575, 756340|Q76.8|ALTRE MALFORMAZIONI DEL TORACE | 576, 756390|Q76.8|IPOPLASIA GABBIA TORACICA | 577, 759840|Q77.0|ACONDROGENESI | 578, 759840|Q77.00|ACONDROGENESI TIPO 1 | 579, 759840|Q77.01|ACONDROGENESI TIPO 2 | 580, 756402|Q77.02|IPOCONDROGENESI | 581, 756440|Q77.1|DISPLASIA TANATOFORA | 582, 756400|Q77.2|JUENE DISPLASIA TORACICA ASFISSIANTE | 583, 756570|Q77.3|CONDRODISPLASIA PUNCTATA | 584, 756430|Q77.4|ACONDROPLASIA | 585, 756441|Q77.5|NANISMO DIASTROFICO | 586, 756520|Q77.6|ELLIS VAN CREVELD (CHONDROECTODERMAL DYSPLASIA) | 587, 756580|Q77.7|SPONDYLOEPIPHYSEAL DYSPLASIA | 588, 759890|Q77.8|ACRODYSOSTOSIS | 589, 75640|Q77.8|KNIEST DYSPLASIA | 590, 756442|Q77.80|METATROPIC DWARFISM | 591, 759890|Q77.81|METAPHYSEAL CHONDRODYSPLASIA | 592, 756500|Q78.0|OSTEOGENESI IMPERFECTA | 593, 756500|Q78.00|OSTEOGENESI IMPERFECTA CONGENITA | 594, 756512|Q78.1|MCCUNE-ALBRIGHT SYNDROME (POLYOSTOTIC DYSPLASIA) | 595, 756540|Q78.2|ALBERS-SCHONBERG SYNDROME (OSTEOPETROSIS) | 596, 756551|Q78.3|CAMURATI-ENGELMAN DISEASE (DIAPHYSEAL DYSPLASIA) | 597, 759890|Q78.4|ENCHONDROMATOSIS | 598, 759890|Q78.5|METAPHYSEAL DYSPLASIA, PYLE'S SYNDROME | 599, 756470|Q78.6|ESOSTOSI MULTIPLE CONGENITE | 600, 759890|Q78.6|DIAPHYSEAL ACLASIA | 601, 756490|Q78.8|DISPLASIA SCHELETRICA DIAGNOSI PRENATALE | 602, 756490|Q78.9|DISPLASIA SCELETRICA NOS LATE DIAGNOSIS | 603, 756490|Q78.9|DISPLASIA SCHELETRICA NOS | 604, 756421|Q78.40|MAFFUCCI SYNDROME | 605, 756410|Q78.48|OSTEOCHONDROMATOSIS SYNDROME, DYSCHONDROPLASIA, OLLIER | 606, 759890|Q78.80|OSTEOPOIKILOSIS | 607, 756610|Q79.0|ERNIA DIAFRAMMATICA | 608, 756600|Q79.11|ASSENZA EMIDIAFRAMMA | 609, 756600|Q79.12|ASSENZA COMPLETA DIAFRAMMA | 610, 756700|Q79.2|ONFALOCELE | 611, 756710|Q79.3|GASTROSCHISI | 612, 756720|Q79.4|PRUNE BELLY SEQUENCE | 613, 756790|Q79.5|ALRTI DIFETTI PARETE ADDOMINALE | 614, 756790|Q79.5|LIMB BODY WALL COMPLEX OR BODY STALK  specificare malf | 615, 756850|Q79.6|EHLERS-DANLOS SYNDROME | 616, 756885|Q79.8|POPLITEAL PTERYGIUM SYNDROME | 617, 762800|Q79.80|BANDE AMNIOTICHE | 618, 756810|Q79.81|ASSENZA DI UN MUSCOLO | 619, 756800|Q79.82|SINDROME DI POLAND | 620, 757180|Q80.3|BCIE Congenital bullous ichthyosiform erythroderma | 621, 757100|Q80.4|ARLECCHINO SINDROME | 622, 757190|Q80.9|ITTIOSI NOS | 623, 757380|Q81.1|HERLITZ SYNDROME (EPIDERMOLYSIS BULLOSA) EPIDERMOLISI BOLLOSA | 624, 757350|Q82.3|INCONTINENTIA PIGMENTI | 625, 757340|Q82.4|DISPLASIA ECTODERMICA | 626, 757380|Q82.5|NEVE DERMICO GIGANTE | 627, 757380|Q82.5|NEVI MULTIPLI | 628, 757380|Q82.5|NEVO PIGMENTATO | 629, 757380|Q82.50|NEVO FLAMMEO | 630, 757380|Q82.58|ALTRI NEVI CONGENITI | 631, 757300|Q82.8|ALTRE ANOMALIE CUTE SPECIFICATE | 632, 757300|Q82.8|DERMOPATIA RESTRITTIVA | 633, 757303|Q82.8|ROTHMUND-THOMPSON SYNDROME | 634, 757390|Q82.80|ANOMALIE DEL SOLCO PALMARE | 635, 757310|Q82.81|APPENDICE CUTANEA minor | 636, 757398|Q82.9|MALFORMAZIONE DELLA CUTE NOS | 637, 757650|Q83.3|CAPEZZOLO SOVRANNUMERARIO | 638, 757480|Q84.2|CIUFFO CAPELLI BIANCHI | 639, 757500|Q84.3|ASSENZA UNGHIE MANI O PIEDI | 640, 757398|Q84.8|CUTIS MARMORATA CONGENITA | 641, 757390|Q84.80|APLASIA CUTIS | 642, 237700|Q85.0|NF 1 | 643, 759500|Q85.1|SCLEROSI TUBEROSA | 644, 759600|Q85.80|PEUTZ-JEGHERS SYNDROME | 645, 759611|Q85.81|STURGE WEBER | 646, 757390|Q85.82|VON HIPPEL LINDAU (ANGIOMATOSIS RETINAE) | 647, 759630|Q85.83|GARDNER SYNDROME | 648, 760710|Q86.0|FETAL ALCOHOL SYNDROME | 649, 759890|Q86.1|FETAL HYDANTOIN SYNDROME | 650, 759890|Q86.2|FETAL WARFARIN SYNDROME | 651, 760703|Q86.80|FETAL VALPROATE SINDROME | 652, 759890|Q86.82|FETAL THALIDOMIDE SYNDROME | 653, 759890|Q87.0|MOWAT WILSON | 654, 759890|Q87.0|Congenital malformation syndromes predominantly affecting facial appearance | 655, 755501|Q87.00|ACROCEPHALOPOLYSYNDACTYLY ALL TYPES | 656, 755500|Q87.01|APERT'S SYNDROME | 657, 759892|Q87.02|FRASERS;Terza malformazione diagnosticata (ICD-9-CM).
malfo4;patol4;0;0;Mapping diretto;SDO;1, 212700|D15.1|RABDIOMIOMI CARDIACI MULTIPLI | 2, 228000|D18.0|ANGIOMA | 3, 228000|D18.0|ANGIOMI MULTIPLI | 4, 228000|D18.00|ANGIOMA CAPILLARE | 5, 228000|D18.01|ANGIOMA CAVERNOSO | 6, 228000|D18.02|ANGIOMA MISTO | 7, 228100|D18.1|LINFANGIOMA qualsiasi sede | 8, 228100|D18.10|EDEMA NUCALE | 9, 228100|D18.10|IGROMA CISTICO | 10, 238000|D21.5|TERATOMA SACROCOCCIGEO | 11, 215800|D21.9|FIBROLIPOMA SACRALE | 12, 237000|D43.7|NEOPLASIA NEUROBLASTICA PERINEALE | 13, 237900|D43.7|TERATOMA CEREBRALE | 14, 270020|D61.00|ANEMIA DI FANCONI | 15, 279110|D82.0|WISCOTT-ALDRICH | 16, 279100|D82.1|DIGEORGE VELOCARDIOFACIAL SYNDROME | 17, 243990|E03.0|IPOTIROIDISMO CONGENITO con gozzo | 18, 243990|E03.1|IPOTIROIDISMO CONGENITO senza gozzo | 19, 255200|E25.0|SINDROME ADRENOGENITALE | 20, 257800|E34.5|MORRIS SYNDROME insensibilità agli androgeni | 21, 775800|E70.22|TIROSINEMIA | 22, 270200|E70.3|ALBINISMO OCULOCUTANEO | 23, 759804|E70.30|WAARDENBURG'S SYNDROME | 24, 270600|E72.21|ARGININ SUCCINICO ACIDURIA | 25, 275310|E83.32|IPOFOSFATASIA | 26, 275390|E83.39|DEFICIT METABOLICO DELLE FOSFATASI | 27, 351000|G51.0|PARALISI FACIALE | 28, 351000|G51.00|PARALISI FACIALE UNILATERALE | 29, 359200|G71.11|DISTROFIA MIOTONICA | 30, 425300|I42.4|FIBROELASTOSI ENDOCARDICA | 31, 523800|K06.1|EPULIDE | 32, 524030|K07.00|MICROGNAZIA SEVERA, RETROMICROGNAZIA | 33, 275400|N29.80|NEFROCALCINOSI RENALE BIL | 34, 761200|P01.2|ANIDRAMNIOS | 35, 761200|P01.2|OLIGODRAMNIOS | 36, 761300|P01.3|POLIDRAMNIOS | 37, 762300|P02.3|TRASFUSIONE FETO FETALE | 38, 764900|P05.1|IUGR GRAVE | 39, 764900|P05.1|RITARDO DI CRESCITA/IUGR | 40, 764900|P05.9|RITARDO DI CRESCITA/IUGR NOS | 41, 771000|P35.0|ROSOLIA CONGENITA | 42, 771100|P35.1|CITOMEGALOVIRUS | 43, 771100|P35.1|INFEZIONE CONGENITA DA CMV | 44, 771210|P37.1|TOXOPLASMOSIS | 45, 771290|P37.9|INFEZIONE INTRAUTERINA NOS | 46, 771890|P39.2|INFEZIONE FETO PLACENTARE | 47, 760750|P70.1|DIABETE MATERNO | 48, 778000|P83.2|IDROPE FETALE non emolitica | 49, 778030|P83.3|ASCITE | 50, 778020|P83.3|IDROTORACE | 51, 779820|P94.2|IPOTONIA | 52, 740000|Q00.00|ACRANIA/ANENCEFALIA | 53, 740000|Q00.01|ACRANIA/ANENCEFALIA incomplete | 54, 740100|Q00.1|craniorachischisi | 55, 740200|Q00.2|INIENCEFALIA | 56, 742000|Q01.2|ENCEFALOCELE OCCIPITALE | 57, 742080|Q01.0|ENCEFALOCELE FRONTALE | 58, 742080|Q01.1|ENCEFALOCELE NASOFRONTALE | 59, 742080|Q01.8|ENCEFALOCELE ALTRE SEDI SPECIFICATE | 60, 742080|Q01.80|ENCEFALOCELE PARIETALE | 61, 742080|Q01.81|ENCEFALOCELE ORBITALE | 62, 742090|Q01.9|ENCEFALOCELE NOS | 63, 742100|Q02|MICROCEFALIA | 64, 742300|Q03|IDROCEFALO CONGENITO | 65, 742300|Q03.0|IDROCEFALO CON ANOMALIA DI SYLVUS | 66, 742310|Q03.1|DANDY WALKER SYNDROME, atresia dei forami di Luschka e Magendie | 67, 742310|Q03.1|DANDY WALKER VARIANT | 68, 742398|Q03.8|altri idrocefali congeniti | 69, 742390|Q03.9|IDROCEFALO CONGENITO NOS | 70, 742390|Q03.9|VENTRICOLOMEGALIA SEVERA | 71, 742210|Q04.0|ANOMALIA CORPO CALLOSO (IPOPLASIA , AGENESIA O DISPLASIA) | 72, 742210|Q04.00|AGENESIA CORPO CALLOSO | 73, 742260|Q04.1|ARINENCEFALIA | 74, 742260|Q04.2|OLOPROSENCEFALIA | 75, 742260|Q04.2|OLOPROSENCEFALIA LOBARE | 76, 742260|Q04.2|OLOPROSENCEFALIA SEMILOBARE | 77, 759890|Q04.3|MILLER-DIEKER SYNDROME | 78, 742200|Q04.30|IPOPLASIA CEREBRALE (anomalie di riduzione del cervello) | 79, 742230|Q04.32|ANOMALIA/IPOPLASIA  CEREBELLARE (anomalie di riduzione del cervelletto) | 80, 742240|Q04.33|AGIRIA/LISSENCEFALIA | 81, 742250|Q04.34|POLI-MICROGIRIA PACHIGIRIA | 82, 742320|Q04.35|IDRANENCEFALIA | 83, 742480|Q04.4|DISPLASIA SETTO-OTTICA | 84, 742400|Q04.5|MEGAENCEFALIA, EMIMEGAENCEFALIA | 85, 742480|Q04.6|CISTI CEREBRALI CONGENITE, PORENCEFALIA | 86, 742480|Q04.60|CISTI CEREBRALI CONGENITE MULTIPLE | 87, 742480|Q04.61|CISTI CEREBRALE CONGENITE SINGOLA | 88, 742480|Q04.8|ALTRE MALF SPECIFICATE DEL CERVELLO | 89, 742480|Q04.8|MACROGIRIA | 90, 742280|Q04.8|ANOMALIA DELLA GIRAZIONI | 91, 742900|Q04.9|ANOMALIE CEREBRALE NOS | 92, 742280|Q04.9|MALFORMAZIONE CEREBRALE NOS | 93, 741000|Q05.01|spina bifida, cervicale, con idrocefalo, aperta | 94, 741030|Q05.02|spina bifida, cervicale, con idrocefalo, chiusa | 95, 741080|Q05.09|spina bifida, cervicale, con idrocefalo, non noto se aperta | 96, 741000|Q05.11|spina bifida, toracica, con idrocefalo, aperta | 97, 741040|Q05.12|spina bifida, toracica, con idrocefalo, chiusa | 98, 741080|Q05.19|spina bifida, toracica, con idrocefalo, non note se aperta | 99, 741000|Q05.21|spina bifida, lombare, con idrocefalo, aperta | 100, 741050|Q05.22|spina bifida, lombare, con idrocefalo, chiusa | 101, 741080|Q05.29|spina bifida, lombare, con idrocefalo, non noto se aperta | 102, 741000|Q05.31|spina bifida, sacrale, con idrocefalo, aperta | 103, 741060|Q05.32|spina bifida, sacrale, con idrocefalo, chiusa | 104, 741080|Q05.39|spina bifida, sacrale, con idrocefalo, non noto se aperta | 105, 741000|Q05.41|spina bifida, sede NOS, con idrocefalo, aperta | 106, 741020|Q05.42|spina bifida, sede NOS, con idrocefalo, chiusa | 107, 741090|Q05.49|spina bifida, sede NOS, con idrocefalo, non noto se aperto | 108, 741900|Q05.51|spina bifida, cervicale, idrocefalo NOS, aperta | 109, 741910|Q05.52|spina bifida, cervicale, idrocefalo NOS, chiusa | 110, 741980|Q05.59|spina bifida, cervicale, idrocefalo NOS, non noto se aperta | 111, 741900|Q05.61|spina bifida, toracica, idrocefalo NOS, aperta | 112, 741920|Q05.62|spina bifida, toracica, idrocefalo NOS, chiusa | 113, 741980|Q05.69|spina bifida, toracica, idrocefalo NOS, NON NOTO SE APERTA | 114, 741900|Q05.71|spina bifida, lombare, idrocefalo NOS, aperta | 115, 741930|Q05.72|spina bifida, lombare, idrocefalo NOS, chiusa | 116, 741980|Q05.79|spina bifida, lombare, idrocefalo NOS, non noto se aperta | 117, 741940|Q05.82|spina bifida, sacrale, idrocefalo NOS, chiusa | 118, 741980|Q05.89|spina bifida, sacrale, idrocefalo NOS, non noto se aperta | 119, 741000|Q05.9|SPINA BIFIDA NOS | 120, 741990|Q05.9|MIELOMENINGOCELE NOS | 121, 741900|Q05.91|spina bifida, sede NOS, idrocefalo NOS, aperta | 122, 741990|Q05.92|spina bifida, sede NOS, idrocefalo NOS, chiusa | 123, 741990|Q05.99|spina bifida, sede NOS, idrocefalo NOS, non noto se aperto | 124, 741900|Q05.81|spina bifida, sacrale, idrocefalo NOS, aperta | 125, 742500|Q06.0|AMELIA | 126, 742510|Q06.1|MIELODISPLASIA, IPOPLASIA E DISPLASIA DEL MIDOLLO SPINALE | 127, 742520|Q06.2|DIASTEMATOMIELIA | 128, 742530|Q06.3|ALTRE MALF CAUDA EQUINA | 129, 742540|Q06.4|IDROMIELIA | 130, 742880|Q07.0|ARNOLD CHIARI | 131, 742800|Q07.8|ALTRE MALF SPECIFICATE DEL SISTEMA NERVOSO PERIFERICO | 132, 742800|Q07.80|MARCUS GUNN'S SYNDROME | 133, 743600|Q10.0|PTOSI CONGENITA | 134, 74360|Q10.0|BLEPHAROPHIMOSIS-PTOSIS SYNDROME | 135, 743630|Q10.3|ASSENZA PALPEBRE MONO O BI, ASSENZA CILIA, COLOBOMA PALPEBRA | 136, 743630|Q10.3|BLEFAROFIMOSI BILAT | 137, 743000|Q11.1|ANOFTHALMO | 138, 743100|Q11.2|LENZ MICROPHTHALMOS SYNDROME | 139, 743100|Q11.2|MICROFTALMIA | 140, 743210|Q11.3|MACROFTALMIA | 141, 743320|Q12.0|CATARATTA MONO O BILATERALE | 142, 743340|Q12.2|COLOBOMA DELLA LENTE | 143, 743300|Q12.3|ASSENZA DELLA LENTE, AFACHIA | 144, 743310|Q12.8|ALTRE ANOMALIE DEL CRISTALLINO | 145, 743430|Q13.0|COLOBOMA DELL'IRIDE | 146, 743420|Q13.1|ANIRIDIA | 147, 743420|Q13.1|ANIRIDIA -WILMS TUMOUR, SYNDROME WAGR | 148, 743400|Q13.3|OPACITA CONGENITA DELLA CORNEA | 149, 743520|Q14.2|COLOBOMA DISCO OTTICO | 150, 743200|Q15.0|GLAUCOMA CONGENITO | 151, 743220|Q15.00|MEGALOCORNEA | 152, 743900|Q15.8|LINFANGIOMA CISTICO OCCHIO SINISTRA | 153, 743900|Q15.8|ALTRE ANOMALIE SPECIFICATE DELL'OCCHIO | 154, 744010|Q16.0|AGENESIA PADIGLIONE AURICOLARE MONO, ANOTIA | 155, 744000|Q16.1|ASSENZA O STENOSI DEL CONDOTTO UDITIVO ESTERNO | 156, 744020|Q16.4|ANOMALIE DEL ORECCHIO MEDIO | 157, 744030|Q16.5|AGENESIA O ANOMALIA CANALI SEMICIRCOLARI | 158, 744090|Q16.9|ORECCHIO MALFORMATO CON PERDITA DI UDITO | 159, 744110|Q17.0|APPENDICI PREAURICOLARI | 160, 74410|Q17.0|PADIGLIONE AURICOLARE ACCESORIO | 161, 744210|Q17.2|MICROTIA | 162, 744230|Q17.3|MALFORMAZIONE ORECCHIO | 163, 744240|Q17.4|ORECCHIE BASSO IMPIANTO | 164, 744230|Q17.8|LOBO ORECCHIO FISSURATO | 165, 759890|Q17.8|MELNICK-FRASER SYNDROME, Branchiootorenal syndrome, SINDROME BOR | 166, 744300|Q17.9|MALFORMAZIONE ORECCHIE NOS | 167, 744280|Q18.1|SENO PREAURICOLARE | 168, 744400|Q18.0|RESIDUI BRANCHIALI | 169, 744480|Q18.2|ALTRE ANOMALIE DEGLI ARCHI BRANCHIALI | 170, 744800|Q18.4|MACROSTOMIA | 171, 744810|Q18.5|MICROSTOMIA | 172, 744500|Q18.3|PTERIGIUM COLLI | 173, 744910|Q18.9|DISFORMISMI FACCIALI | 174, 745000|Q20.0|TRONCO ARTERIOSO COMUNE | 175, 745110|Q20.1|DORV, VENTRICOLO DESTRO A DOPPIA USCITA | 176, 745100|Q20.3|TGV, TRASPOSIZIONE DEI GROSSI VASI | 177, 745300|Q20.4|CUORE UNIVENTRICOLARE | 178, 759890|Q20.6|IVEMARK SYNDROME | 179, 759380|Q20.6|ISOMERISMO ATRIALE  CON ASPLENIA O POLISPLENIA | 180, 745449|Q21.0|DIV INFUNDIBOLARE /SOPRA CRESTALE | 181, 745482|Q21.0|DIV MULTIPLO MEDIO DIMENSIONE | 182, 745481|Q21.0|DIV MULTIPLO PICCOLO  DIMENSIONE (< 3MM) | 183, 745459|Q21.0|DIV MUSCOLARE DIMENSIONE SCONOSCIUTA | 184, 745453|Q21.0|DIV MUSCOLARE GRANDE DIMENSIONE (>5MM) | 185, 745452|Q21.0|DIV MUSCOLARE MEDIO DIMENSIONE (3-5MM) | 186, 745489|Q21.0|DIV MUSCOLARE MULTIPLI DIMENSIONE SCONOSCIUTA | 187, 745451|Q21.0|DIV MUSCOLARE PICCOLO  DIMENSIONE (< 3MM) | 188, 745449|Q21.0|DIV PERIMEMBRANOSO DIMENSIONE SCONOSCIUTA | 189, 745443|Q21.0|DIV PERIMEMBRANOSO GRANDE DIMENSIONE (>5MM) | 190, 745442|Q21.0|DIV PERIMEMBRANOSO MEDIO DIMENSIONE (3-5MM) | 191, 745441|Q21.0|DIV PERIMEMBRANOSO PICCOLO DIMENSIONE (<3MM) | 192, 745499|Q21.0|DIV SEDE SCONOSCIUTA DIMENSIONE SCONOSCIUTA | 193, 745493|Q21.0|DIV SEDE SCONOSCIUTA GRANDE DIMENSIONE (>5MM) | 194, 745492|Q21.0|DIV SEDE SCONOSCIUTA MEDIO DIMENSIONE (3-5MM) | 195, 745491|Q21.0|DIV SEDE SCONOSCIUTA PICCOLO  DIMENSIONE (< 3MM) | 196, 745439|Q21.0|DIV SUBAORTICO DIMENSIONE SCONOSCIUTA | 197, 745433|Q21.0|DIV SUBAORTICO GRANDE DIMENSIONE (>5MM) | 198, 745432|Q21.0|DIV SUBAORTICO MEDIO DIMENSIONE (3-5MM) | 199, 745431|Q21.0|DIV SUBAORTICO PICCOLO DIMENSIONE (<3MM) | 200, 745500|Q21.1|DIA | 201, 745510|Q21.10|DIA OSTIUM SECONDUM | 202, 745500|Q21.11|FORAME OVALE PERVIO | 203, 745610|Q21.15|ATRIO UNICO, COR TRILOCULARE BIVENTRICOLARE | 204, 745580|Q21.18|ANEURISMA SETTO INTERATRIALE | 205, 745600|Q21.20|DIFETTO CUSCINETTO ENDOCARDICI, OSTIUM PRIMUM | 206, 745630|Q21.21|CANALE ATRIOVENTRICOLARE UNICO, CAV | 207, 745620|Q21.21|DIFETTO DEL SETTO TIPO CANALE ATRIOVENTRICOLARE UNICO | 208, 745200|Q21.3|TETRALOGIA DI FALLOT | 209, 745210|Q21.82|PENTALOGIA DI FALLOT (+ DIA) | 210, 745680|Q21.4|FINESTRA AORTO POLMONARE | 211, 746000|Q22.0|ATRESIA  VALVOLA POLMOMARE | 212, 746010|Q22.1|STENOSI VALVOLARE POLMONARE | 213, 746020|Q22.2|INSUFFICIENZA VALVOLA PULMONARE | 214, 746080|Q22.3|ALTRE MALF VALVOLARE POLMONARE | 215, 746080|Q22.3|DISPLASIA O IPOPLASIA VALVOLARE POLMONARE | 216, 746080|Q22.3|VALVOLA POLMONARE BICUSPIDE | 217, 746110|Q22.4|ATRESIA O STENOSI TRICUSPIDE | 218, 746200|Q22.5|MALFORMAZIONE DI EBSTEIN | 219, 746790|Q22.6|CUORE DESTRO IPOPLASICO | 220, 746880|Q22.8|ALTRA ANOMALIA TRICUSPIDALE | 221, 746113|Q22.8|INSUFFICIENZA TRICUSPIDE | 222, 746300|Q23.0|STENOSI O ATRESIA VALVOLA AORTICA | 223, 746400|Q23.1|INSUFFICIENZA AORTICA | 224, 746420|Q23.10|AORTA BICUSPIDE | 225, 746420|Q23.10|VALVOLA AORTICA BICUSPIDE | 226, 746500|Q23.2|ATRESIA O STENOSI MITRALE | 227, 746600|Q23.3|INSUFFICIENZA MITRALICA | 228, 746700|Q23.4|CUORE SN IPOPLASICO | 229, 746880|Q23.8|ALTRE ANOMALIE AORTICA/MITRALICA | 230, 746480|Q23.8|VALVOLA AORTICA DISPLASICA | 231, 746800|Q24.0|DESTROCARDIA ISOLATA | 232, 746820|Q24.2|COR TRIATRIATUM | 233, 746880|Q24.5|ANOMALIE DELLE CORONARIE | 234, 746870|Q24.6|BLOCCO CARDIACO | 235, 746880|Q24.8|ALTRE MALFORMAZIONI CARDIACHE SPECIFICATE | 236, 746860|Q24.8|CARDIOMEGALIA | 237, 746880|Q24.8|ECTOPIA CORDIS | 238, 746880|Q24.8|TRILOGIA DI FALLOT | 239, 746880|Q24.9|ALTRE MALFORMAZIONI CARDIACHE NOS | 240, 747000|Q25.0|PDA | 241, 747190|Q25.1|COARTAZIONE  AORTICA | 242, 747100|Q25.10|COARTAZIONE  AORTICA PREDUTTALE | 243, 747110|Q25.11|COARTAZIONE AORTICA POST DUTTALE | 244, 747190|Q25.19|COARTAZIONE  AORTICA NOS | 245, 747280|Q25.2|INTERRUZIONE ARCO AORTICO, ATRESIA AORTA | 246, 747280|Q25.3|STENOSI AORTA | 247, 747210|Q25.40|IPOPLASIA AORTA | 248, 747230|Q25.41|PERSISTENZA DELL'ARCO AORTICO DESTRO | 249, 747260|Q25.42|overriding aorta | 250, 747250|Q25.44|DOPPIO ARCO AORTICO | 251, 747310|Q25.5|ATRESIA ARTERIA POLMONARE | 252, 747320|Q25.6|STENOSI ARTERIA POLMONARE | 253, 747380|Q25.8|ALTRE MALFORMAZIONI DELLE GRANDI ARTERIE | 254, 747400|Q26.0|STENOSI CONGENITA DELLA VENA CAVA SUP O INF | 255, 747410|Q26.1|PERSISTENZA VENA CAVA SUPERIORE SX | 256, 747420|Q26.2|RITORNO VENOSO POLMOMARE ANOMALO TOTALE | 257, 747430|Q26.3|RITORNO VENOSO POLMONARE ANOMALO PARZIALE | 258, 747880|Q26.8|ALTRE MALFORMAZIONI CONGENITE DELLE GRANDI VENE, ASSENZA VENA CAVA SUP/INF, AZYGOS CONTINUATION | 259, 747600|Q27.1|STENOSI CONGENITA DELL'ARTERIA RENALE | 260, 747500|Q27.0|ARTERIA OMBELICALE UNICA | 261, 747610|Q27.2|ANOMALIA ARTERIA RENALE | 262, 747620|Q27.3|MALFORMAZIONI ARTEROVENOSE PERIFERICHE (MAV) | 263, 747680|Q27.8|ALTRE MALFORMAZIONE SISTEMA VASCOLARE PERIFERICO | 264, 747680|Q27.8|FISTOLA VENO-VENOSO EPATICA | 265, 747810|Q28.0|MALFORMAZIONI ARTEROVENOSE VASI PRE CEREBRALI (MAV) | 266, 747810|Q28.2|MALFORMAZIONI ARTEROVENOSE VASI CEREBRALI  (MAV) | 267, 747810|Q28.2|ANEURISMA DELLA VENA DI GALENO | 268, 747810|Q28.3|ALTRE MALFORMAZIONI VASI CEREBRALI | 269, 747800|Q28.3|ARTERIOPATIA CALCIFICA IDIOPATICA VASI CEREBRALI | 270, 747880|Q28.8|ALTRE MALFORMAZIONI SISTEMA CIRCOLATORIO | 271, 748000|Q30.0|ATRESIA DELLE COANE | 272, 759890|Q87.8|CHARGE | 273, 748000|Q30.0|STENOSI DELLE COANE | 274, 748100|Q30.1|AGENESIA O IPOSVILUPPO DEL NASO | 275, 748100|Q30.1|IPOPLASIA DEL NASO | 276, 748120|Q30.2|SCHISI NARICE | 277, 748180|Q30.8|ALTRE MALFORMAZIONI NASO SPECIFICATE | 278, 748180|Q30.8|ASSENZA DELLA NARICE, CAVITA NASALE UNICA | 279, 748190|Q30.9|ALTRE MALFORMAZIONI NASO NOS | 280, 748200|Q31.0|WEB LARINGEO | 281, 748300|Q31.8|AGENESIA/ATRESIA LARINGE | 282, 748300|Q31.80|CLEFT LARINGE | 283, 748320|Q32.0|TRACHEOMALACIA | 284, 748330|Q32.1|ATRESIA TRACHEALE | 285, 748330|Q32.11|CLEFT TRACHEO ESOFAGEO | 286, 748400|Q33.0|CISTI POLMONARE | 287, 74841|Q33.01|POLMONE POLICISTICO | 288, 748620|Q33.1|LOBO POMONARE ACCESSORIO | 289, 748520|Q33.2|SEQUESTRO POLMONARE | 290, 748500|Q33.3|AGENESIA DEL POLMONE O LOBO POLMONARE | 291, 748500|Q33.6|IPOPLASIA O DISPLASIA DEL POLMONE | 292, 748480|Q33.80|ADENOMATOIDE CISTICA POLMONARE | 293, 748880|Q34.80|LINFOANGECTASIE POLMONARE | 294, 749000|Q35.1|SCHISI PALATO DURO MONOLAERALE completo/incompleto (sottomucoso) lato | 295, 749010|Q35.1|SCHISI PALATO DURO BILATERALE completo/incompleto (sottomucoso) | 296, 749020|Q35.1|SCHISI PALATO DURO CENTRALE completo/incompleto (sottomucoso) | 297, 749030|Q35.1|SCHISI PALATO DURO NOS | 298, 749040|Q35.3|SCHISI PALATO MOLLE MONOLATERALE completo/incompleto (sottomucoso) lato | 299, 749050|Q35.3|SCHISI PALATO MOLLE BILATERALE completo/incompleto (sottomucoso) | 300, 749060|Q35.3|SCHISI PALATO MOLLE CENTRALE completo/incompleto (sottomucoso) | 301, 749070|Q35.3|SCHISI PALATO MOLLE NOS | 302, 749090|Q35.5|SCHISI PALATO DURO E MOLLE spec se completo/incompleto (sottomucoso) mono/bi | 303, 749080|Q35.7|UGOLA BIFIDA | 304, 749090|Q35.9|PALATOSCHISI NOS | 305, 749110|Q36.0|LABIOSCHISI BILATERALE (specifica se labbro e anche gengiva) | 306, 749120|Q36.1|LABIOSCHISI CENTRALE (specifica se labbro e anche gengiva) | 307, 749100|Q36.90|LABIOSCHISI MONOLATERALE specifiica lato (specifica se labbro e anche gengiva) | 308, 749190|Q36.99|LABIOSCHISI NOS | 309, 749210|Q37.0|SCHISI PALATO DURO E LABIOSCHISI BILATERALI | 310, 749200|Q37.1|SCHISI PALATO DURO E LABIOSCHISI MONOLATERALE | 311, 749200|Q37.2|SCHISI PALATO MOLLE E LABIOSCHISI BILATERALI | 312, 749201|Q37.3|SCHISI PALATO MOLLE E LABIOSCHISI MONOLATERALE | 313, 749210|Q37.4|LABIOPALATOSCHISI BILATERALE DURO+MOLLE | 314, 749210|Q37.5|LABIOPALATOSCHISI UNILATERALI DURO+MOLLE | 315, 749200|Q37.9|LABIOSCHISI MONOLATERALE CON PALATOSCHISI NON SPECIFATO | 316, 749210|Q37.8|LABIOSCHISI BILATERALE CON PALATOSCHISI NON SPECIFATO | 317, 750270|Q38.0|ALTRE ANOMALIE DELLE LABBRA | 318, 750270|Q38.0|PIT DELLE LABBRA in sindrome di Van Der Woude | 319, 750120|Q38.2|MACROGLOSSIA | 320, 750180|Q38.3|ALTRE MALFORMAZIONI DELLA LINGUA | 321, 750180|Q38.3|LINGUA BIFIDA | 322, 750010|Q38.30|ASSENZA DELLA LINGUA | 323, 750280|Q38.6|ALTRE MALFORMAZIONI DELLA BOCCA SPECIFICATE | 324, 750200|Q38.7|TASCA FARINGEA | 325, 759890|Q87.8|SINDROME DI VAN DER WOUDE | 326, 750300|Q39.0|ATRESIA ESOFAGEA SENZA FISTOLA O NOS | 327, 750310|Q39.1|ATRESIA ESOFAGEA CON FISTOLA | 328, 750320|Q39.2|FISTOLA TRACHEO ESOFAGEA | 329, 750320|Q39.20|FISTOLA BRONCO ESOFAGEA | 330, 750340|Q39.3|STENOSI ESOFAGEA | 331, 750350|Q39.4|MEMBRANA ESOFAGEA | 332, 750430|Q39.80|DUPLICAZIONE ESOFAGEA | 333, 750510|Q40.0|STENOSI DEL PILORO | 334, 750700|Q40.2|MALFORMAZIONE DELLO STOMACO SPECIFICATA | 335, 750920|Q40.3|MALFORMAZIONE DELLO STOMACO NOS | 336, 750800|Q40.8|AGENESIA DELLO STOMACO | 337, 750800|Q40.8|ALTRE MALFORMAZIONI SPECIFICATE DEL TRATTO GASTROINTESTINALE SUPERIORE | 338, 750780|Q40.9|ALTRE MALFORMAZIONI DEL TRATTO GASTROINTESTINALE SUPERIORE NOS | 339, 751100|Q41.0|ATRESIA O STENOSI DUODENALE | 340, 751110|Q41.1|ATRESIA O STENOSI DIGIUNALE | 341, 751120|Q41.2|ATRESIA O STENOSI  ILEALE | 342, 751120|Q41.8|ARTESIA O STENOSI INTESTINO TENUE SINGOLA O MULTIPLE | 343, 751120|Q41.9|ARTESIA O STENOSI INTESTINO TENUE NOS | 344, 751110|Q41.1|APPLE PEEL SYNDROME | 345, 751210|Q42.0|ATRESIA  ASSENZA O STENOSI RETTO CON FISTOLA | 346, 751210|Q42.00|ATRESIA O STENOSI RETTO CON FISTOLA RETTO URETRALE | 347, 751210|Q42.01|ATRESIA O STENOSI RETTO CON FISTOLA RETTOVESCICALE | 348, 751210|Q42.02|ATRESIA O STENOSI RETTO CON FISTOLA RETTOVULVARE | 349, 751210|Q42.03|ATRESIA O STENOSI RETTO CON FISTOLA RETTOCUTANEA | 350, 751210|Q42.04|ATRESIA O STENOSI RETTO CON FISTOLA RETTOCLOACALE | 351, 751220|Q42.1|ATRESIA O STENOSI RETTO SENZA FISTOLA, RETTO IMPERFORATO | 352, 751230|Q42.2|ATRESIA O STENOSI ANALE CON FISTOLA | 353, 751230|Q42.21|ATRESIA ANALE CON FISTOLA ANOVESTIBOLARE | 354, 751230|Q42.20|ATRESIA ANALE CON FISTOLA ANOCUTANEA | 355, 751240|Q42.3|ATRESIA O STENOSI  ANALE  SENZA FISTOLA, | 356, 751200|Q42.8|ATRESIA O ASSENZA DI ALTRE PARTE DELL'INTESTINO CRASSO | 357, 751200|Q42.9|ATRESIA DEL COLON | 358, 751010|Q43.0|DIVERTICOLO DI MECKEL | 359, 751300|Q43.1|HIRSCHPRUNG DISEASE | 360, 751410|Q43.3|ANOMALIE DELLA FISSAZIONE | 361, 751400|Q43.30|MALROTAZIONE DEL COLON | 362, 751420|Q43.31|BANDE DI LADD | 363, 751500|Q43.4|DUPLICAZIONE INTESTINALE | 364, 751530|Q43.5|ANO ECTOPICO | 365, 751540|Q43.6|FISTOLA RETTO E ANO | 366, 751550|Q43.7|PERSISTENZA DELLA CLOACA | 367, 751580|Q43.8|ALTRE MALFORMAZIONE INTESTINO SPECIFICATO | 368, 751520|Q43.80|MICROCOLON | 369, 751630|Q44.0|IPOPLASIA/AGENESIA COLECISTI | 370, 751650|Q44.2|ATRESIA DOTTI BILIARI INTRAEPATICI | 371, 751670|Q44.5|CONGENITAL MALF OF BILE DUCTS | 372, 751610|Q44.6|MALATTIA CISTICA DEL FEGATO | 373, 751600|Q44.7|ANGIOMA EPATICO | 374, 751600|Q44.70|ASSENZA TOTALE O PARZIALE DEL FEGATO | 375, 751670|Q44.71|ALAGILLE SYNDROME | 376, 752000|Q50.0|AGENESIA OVAIE | 377, 752000|Q50.00|AGENESIA OVAIE MONOLATERALE | 378, 752000|Q50.01|AGENESIA OVAIE BILATERALE | 379, 752080|Q50.11|CISTI OVARICA MULTIPLA | 380, 752080|Q50.3|ALTRE MALFORMAZIONI OVAIO | 381, 752300|Q51.0|AGENESIA APLASIA UTERO | 382, 752380|Q51.1|DOPPIO UTERO | 383, 752380|Q51.5|UTERO BICORNE | 384, 752480|Q51.8|KAUFMAN-MCKUSICK SYNDROME | 385, 752488|Q51.8|ROKITANSKY | 386, 752480|Q51.8|MURCS SYNDROME/ ASSOCIATION, known as Mayer-Rokitansky-Ku?ster-Hauser (MRKH) syndrome type 2 | 387, 752430|Q52.1|VAGINA SETTATA | 388, 752420|Q52.2|FISTOLA RETTO VAGINALE | 389, 752430|Q52.3|IMENE IMPERFORATO | 390, 752458|Q52.6|MALFORMAZIONI CLITORIDE | 391, 752458|Q52.8|ALTRE MALFORMAZIONI GENITALI FEMMINILI | 392, 752510|Q53.2|CRIPTORCHIDISMO BIL | 393, 752510|Q53.1|CRIPTORCHIDISMO MONO | 394, 752601|Q54.0|IPOSPADIA I | 395, 752602|Q54.1|IPOSPADIA II | 396, 752603|Q54.2|IPOSPADIA III PENOSCROTALE | 397, 752603|Q54.3|IPOSPADIA III PERINEALE | 398, 752620|Q54.4|CORDA CONGENITA O CORDA PENIS | 399, 752609|Q54.9|IPOSPADIA NOS | 400, 752820|Q55.2|ALTRE MALFORMAZIONI DELLO SCROTO E DEI TESTICOLI | 401, 752820|Q55.21|SCROTO BIFIDO | 402, 752850|Q55.5|ASSENZA APLASIA DEL PENE | 403, 752860|Q55.6|IPOPLASIA ASTA PENIENA | 404, 752860|Q55.6|MICROPENE | 405, 752860|Q55.6|RECURVATIO PENIS | 406, 752860|Q55.6|TRASPOSIZIONE PENO-SCROTALE | 407, 752880|Q55.8|ALTRE MALFORMAZIONI SPECIFICATE DEI GENITALI MASCHILI | 408, 752790|Q56.4|GENITALI AMBIGUI, SESSO INDETERMINATO | 409, 753010|Q60.0|AGENESIA RENALE MONOLATERALE | 410, 753000|Q60.1|AGENESIA RENALE BIL | 411, 753010|Q60.2|AGENESIA RENALE NOS | 412, 753010|Q60.3|IPOPLASIA RENALE MONOLATERALE | 413, 753000|Q60.4|IPOPLASIA RENALE BIL | 414, 753000|Q60.6|POTTER | 415, 753100|Q61.0|CISTI RENALE SINGOLA | 416, 753110|Q61.1|RENE POLICISTICO TIPO INFANTILE | 417, 753120|Q61.2|RENE POLICISTICO adulto ADPKD | 418, 753130|Q61.3|RENI POLICISTICI NOS | 419, 753190|Q61.4|DISPLASIA RENALE | 420, 753190|Q61.40|DISPLASIA RENALE MULTICISTICA MONO | 421, 753160|Q61.41|DISPLASIA  RENALI MULTICISTICA BIL | 422, 753180|Q61.48|ALTRE DISPLASIE RENALI | 423, 753140|Q61.50|MALATTIA CISTICA DELLA MIDOLLARE RENALE tipo giovanile | 424, 753140|Q61.5|MALATTIA CISTICA DELLA MIDOLLARE RENALE nos | 425, 753150|Q61.51|MALATTIA CISTICA DELLA MIDOLLARE RENALE tipo adulto | 426, 759850|Q61.90|Sindrome MECKEL GRUBER | 427, 753200|Q62.0|IDRONEFROSI >= 1 CM | 428, 753210|Q62.1|ATRESIA/STENOSI URETERE | 429, 753290|Q62.10|STENOSI DEL GIUNTO  MONO | 430, 753290|Q62.11|STENOSI DEL GIUNTO BILATERALE BIL | 431, 753220|Q62.2|MEGALOURETERE, DILATAZIONE URETERE | 432, 753280|Q62.3|URETEROCELE | 433, 753480|Q62.33|IDROURETERE CONGENITO | 434, 753410|Q62.5|DOPPIO URETERE | 435, 753280|Q62.7|REFLUSSO VESCICO-URETERALE | 436, 753280|Q62.70|REFLUSSO VESCICO-URETERALE MONO | 437, 753280|Q62.71|REFLUSSO VESCICO-URETERALE BIL | 438, 753480|Q62.8|ALTRE ANOMALIE URETERE | 439, 753910|Q62.8|ALTRE URETERE NOS | 440, 753300|Q63.0|RENE ACCESSORIO | 441, 753310|Q63.00|DOPPIO DISTRETTO RENALE, DOPPIO O TRIPLO RENE | 442, 753320|Q63.1|RENE A FERRO DI CAVALLO | 443, 753330|Q63.2|RENE ECTOPICO | 444, 753330|Q63.29|RENE ECTOPICO NOS | 445, 753340|Q63.3|RENE GIGANTE | 446, 755338|Q63.8|ALTRE ANOMALIA RENALE SPECIFICATO | 447, 752610|Q64.0|EPISPADIA | 448, 753500|Q64.1|ESTROFIA VESCICA | 449, 753510|Q64.10|ESTROFIA CLOACA | 450, 753510|Q64.10|OEIS COMPLEX | 451, 753600|Q64.20|VALVOLA DELL URETRA POSTERIORE | 452, 753880|Q64.76|MEGAVESCICA | 453, 753620|Q64.21|VALVOLA URETRA ANTERIORE | 454, 753620|Q64.31|STENOSI CONGENITA URETRA | 455, 753620|Q64.33|ATRESIA O IPOPLASIA URETRA | 456, 753800|Q64.5|AGENESIA VESCICALE | 457, 753820|Q64.6|DIVERTICOLO VESCICALE | 458, 753880|Q64.7|MEGAVESCICA-ALTRE ANOMALIE VESCICA | 459, 753840|Q64.72|DOPPIA URETRA | 460, 753860|Q64.74|FISTOLA TRATTO GASTROINTESTINALE E URINARIO | 461, 753860|Q64.74|FISTOLA RETTO VESCICALE | 462, 753880|Q64.8|ALTRE ANOMALIE SISTEMA URINARIO | 463, 753790|Q64.8|ANOMALIE DEL URACO | 464, 754300|Q65.0|LCA MONO | 465, 754230|Q65.1|LCA BIL | 466, 754300|Q65.2|LCA NOS | 467, 754310|Q65.6|SUBLUSSAZIONE ANCA | 468, 754500|Q66.0|PIEDE TORTO, specificare | 469, 754510|Q66.1|PIEDE TORTO CALCAGNO VARO MONO O BIL | 470, 754520|Q66.2|PIEDE TORTO METATARSO VARO MONO O BIL | 471, 754730|Q66.8|PIEDE TORTO NOS, minore | 472, 754700|Q67.5|DEFORMAZIONE DELLA COLONNA | 473, 754200|Q67.50|SCOLIOSI POSTURALE | 474, 755501|Q68.1|CAMPODATTILIA | 475, 754840|Q68.1|MANI TORTE MONO O BIL, specificare | 476, 754840|Q68.1|DEFORMAZIONE DELLA MANO | 477, 755507|Q68.10|CLINODATTILIA DITA MANO | 478, 754430|Q68.21|GENU RECURVATUM | 479, 754400|Q68.3|FEMORI INCURVATI | 480, 754410|Q68.4|TIBIA O FIBULA INCURVATI | 481, 754490|Q68.5|OSSA LUNGHE DEGLI ARTI INFERIORI INCURVATE | 482, 755900|Q68.8|ARTROGRIPOSI NOS | 483, 755580|Q68.8|ALTER DEFORMITA' SPECIFICHE  (clavicola, gomito, avanbraccio, scapola) | 484, 755550|Q68.8|DEFORMITA DELLA SCAPOLA | 485, 755095|Q69.0|POLIDATTALIA MANO | 486, 755010|Q69.00|POLIADATTILIA MANO PRE ASSIALE | 487, 755000|Q69.01|POLIDATTILIA  MANO MESOASSIALE | 488, 755005|Q69.02|POLIDATTILIA  MANO POSTASSIALE | 489, 755095|Q69.09|POLIDATTALIA MANO NOS | 490, 755010|Q69.1|POLLICE ACCESSORIO, POLLICE BIFIDO | 491, 755030|Q69.20|POLIDATTILIA PIEDE PREASSIALE | 492, 755020|Q69.22|POLIDATTILIA  PIEDE POSTASSIALE | 493, 755096|Q69.2|POLIDATTILIA PIEDI | 494, 755096|Q69.29|POLIDATTILIA PIEDE NOS | 495, 755090|Q69.9|POLIDATTILIA NOS | 496, 755100|Q70.0|SINDATTILIA MANO CON SINOSTOSI | 497, 755110|Q70.1|SINDATTILIA MANO SOLO CUTANEA | 498, 755120|Q70.2|SINDATTILIA PIEDI CON SINOSTOSI | 499, 755130|Q70.3|SINDATTILIA PIEDI SOLO CUTANEA | 500, 755180|Q70.4|POLISINDATTTILIA MANI E PIEDI | 501, 755190|Q70.9|SINDATTILIA NOS | 502, 755200|Q71.0|ASSENZA COMPLETA ARTO/ARTI SUPERIORE | 503, 755210|Q71.1|FOCOMELIA ARTI SUP (ASSENZA ARTO, PRESENTE MANO) | 504, 755230|Q71.2|AGENESIA AVAMBRACCIO E MANO | 505, 755240|Q71.3|ASSENZA MANO E DITA | 506, 755240|Q71.30|ASSENZA DI SINGOLE DITA MANO (da II a V) | 507, 755260|Q71.31|AGENESIA o ipoplasia POLLICE (I) | 508, 755260|Q71.4|AGENESIA RADIO, DIFETTO IN RIDUZIONE RADIO, AGENESIA RADIO, CON MANO A MAZZA RADIALE | 509, 755270|Q71.5|DIFETTO IN RIDUZIONE ULNA | 510, 755250|Q71.6|ECTRODATTILIA / MANI A CHELE | 511, 755240|Q71.80|ASSENZA DI TUTTE LE DITA DELLA MANO | 512, 755280|Q71.8|ALTRI DIFETTI IN RIDUZIONE ARTO SUP, specificare | 513, 759890|Q71.9|ADAM SEQUENCE, CONSTRICTION RING SYNDROME UPPER LIMB | 514, 755290|Q71.9|ALTRI DIFETTI RIDUZIONE ARTO SUP NOS | 515, 755300|Q72.0|ASSENZA COMPLETA ARTO/ARTI INFERIORE | 516, 755310|Q72.1|ASSNZA ARTO INFERIORE CON PIEDE, FOCOMELIA ARTI INFERIORI | 517, 755330|Q72.2|ASSENZA GAMBA E PIEDE | 518, 755340|Q72.3|ASSENZA PIEDE E DITA DEL PIEDE | 519, 755380|Q72.30|ASSENZA O IPOPLASIA DITA DEI PIEDI | 520, 755365|Q72.31|ASSENZA O IPOPLASIA ALLUCE | 521, 755320|Q72.4|DIFETTO IN RIDUZIONE FEMORE | 522, 755380|Q72.5|DIFETTO IN RIDUZIONE TIBIA, ASSENZA TIBIA | 523, 755366|Q72.6|DIFETTO IN RIDUZIOINE FIBULA, ASSENZA FIBULA | 524, 755380|Q72.7|SPLIT FOOT | 525, 755380|Q72.8|ALTRI DIFETTI RIDUZIONE ARTO INF | 526, 755380|Q72.80|ASSENZA DI TUTTE LE DITA DEL PIEDE | 527, 759890|Q72.9|ADAM SEQUENCE, CONSTRICTION RING SYNDROME LOWER LIMB | 528, 755400|Q73.0|AMELIA NOS | 529, 755410|Q73.1|FOCOMELIA NOS | 530, 755490|Q73.8|ALTRI DIFETTI IN RIDUZIONE ARTI NON SPECIFICATI | 531, 755526|Q74.01|MADELUNG'S DEFORMITY | 532, 755551|Q74.02|CLEIDOCRANIAL DYSPLASIA (DISOSTOSI CLEIDOCRANICA) | 533, 755556|Q74.03|Sprengel's deformity | 534, 755500|Q74.04|MACRODATTILIA MANO | 535, 755500|Q74.05|POLLICE TRIFALANGEO | 536, 755800|Q74.3|ARC SYNDROME ARTHROGRYPOSIS, RENAL DYSFUNCTION AND CHOLESTAS | 537, 755800|Q74.3|ARTROGRIPOSI MULTIPLA CONGENITA | 538, 755880|Q74.8|ALTRE MALF ARTI SPECIFICATE | 539, 755500|Q74.80|BRACHIDATTILIA DITA MANO | 540, 755880|Q74.81|EMIPERTROFIA, IPERTROFIA ARTI | 541, 755680|Q74.82|IPOSVILUPPO ARTO/ARTI | 542, 755880|Q74.83|ASIMMETRIA ARTI NOS | 543, 755810|Q74.84|LARSEN'S SYNDROME | 544, 755900|Q74.9|ANOMALIE ARTI NON SPECIFICATE | 545, 756000|Q75.0|CRANIOSINOSTOSI | 546, 756050|Q75.0|PFEIFFER SYNDROME, NOACK SYNDROME, ACROCEPHALOSYNDACTYLY | 547, 756010|Q75.1|CRANIOSTENOSI DELLE CORONALI | 548, 756005|Q75.01|CRANIOSTENOSI SAGITTALE | 549, 756006|Q75.02|CRANIOSINOSTOSI-TRIGONOCEFALIA | 550, 756000|Q75.03|CRANIOSINOSTOSI-SUTURE MULTIPLE-CRANIO A TRIFOGLIO | 551, 756000|Q75.03|CRANIOSTENOSI - TURRICEFALIA | 552, 756040|Q75.1|CROUZON SYNDROME | 553, 756020|Q75.2|IPERTELORISMO | 554, 756080|Q75.3|MACROCEFALIA/MACROCRANIA | 555, 756045|Q75.4|MANDIBULOFACIAL DYSOSTOSIS - FRANCESCHETTI AND TREACHER-COLLINS | 556, 756046|Q75.5|OCULOMANDIBULAR DYSOSTOSIS | 557, 759800|Q75.81|DISPLASIA FRONTONASALE | 558, 756090|Q75.9|ALTRE MALF CRANIO/FACCIALI NOS | 559, 756100|Q76.0|SPINA BIFIDA OCCULTA | 560, 756110|Q76.1|KLIPPEL-FEIL SYNDROME | 561, 756150|Q76.3|SCOLIOSI DA ANOMALIE VERTEBRE TORACICHE | 562, 756140|Q76.30|EMIVERTEBRA SINGOLA CON SCOLIOSI | 563, 756180|Q76.38|SCOLIOSI ASSOCIATA A EMIVERTEBRA MULTIPLA, ALTRE MALFORMAZIONI OSSEE | 564, 756190|Q76.4|ANOMALIE COLONNA NON ASSOCIATE A SCOLIOSI | 565, 756180|Q76.4|EMIVERTEBRE/VERTEBRE FARFALLA | 566, 756180|Q76.40|ASSENZA VERTEBRE | 567, 756170|Q76.41|ANOMALIE VERTEBRE SACRALI, AGENESIA SACRO | 568, 756180|Q76.42|ALTRE ANOMALIE VERTEBRE | 569, 756140|Q76.42|DISMORFISMO VERTEBRALE EMIVERTEBRE | 570, 756160|Q76.42|DISMORFISMO VERTEBRALE EMIVERTEBRE LOMBARI | 571, 756310|Q76.6|ALTRE MALFORMAZIONI COSTE | 572, 756180|Q76.60|ASSENZA COSTE | 573, 756320|Q76.61|FUSIONE COSTE | 574, 756330|Q76.62|COSTA SOVRANNUMERAREA | 575, 756340|Q76.8|ALTRE MALFORMAZIONI DEL TORACE | 576, 756390|Q76.8|IPOPLASIA GABBIA TORACICA | 577, 759840|Q77.0|ACONDROGENESI | 578, 759840|Q77.00|ACONDROGENESI TIPO 1 | 579, 759840|Q77.01|ACONDROGENESI TIPO 2 | 580, 756402|Q77.02|IPOCONDROGENESI | 581, 756440|Q77.1|DISPLASIA TANATOFORA | 582, 756400|Q77.2|JUENE DISPLASIA TORACICA ASFISSIANTE | 583, 756570|Q77.3|CONDRODISPLASIA PUNCTATA | 584, 756430|Q77.4|ACONDROPLASIA | 585, 756441|Q77.5|NANISMO DIASTROFICO | 586, 756520|Q77.6|ELLIS VAN CREVELD (CHONDROECTODERMAL DYSPLASIA) | 587, 756580|Q77.7|SPONDYLOEPIPHYSEAL DYSPLASIA | 588, 759890|Q77.8|ACRODYSOSTOSIS | 589, 75640|Q77.8|KNIEST DYSPLASIA | 590, 756442|Q77.80|METATROPIC DWARFISM | 591, 759890|Q77.81|METAPHYSEAL CHONDRODYSPLASIA | 592, 756500|Q78.0|OSTEOGENESI IMPERFECTA | 593, 756500|Q78.00|OSTEOGENESI IMPERFECTA CONGENITA | 594, 756512|Q78.1|MCCUNE-ALBRIGHT SYNDROME (POLYOSTOTIC DYSPLASIA) | 595, 756540|Q78.2|ALBERS-SCHONBERG SYNDROME (OSTEOPETROSIS) | 596, 756551|Q78.3|CAMURATI-ENGELMAN DISEASE (DIAPHYSEAL DYSPLASIA) | 597, 759890|Q78.4|ENCHONDROMATOSIS | 598, 759890|Q78.5|METAPHYSEAL DYSPLASIA, PYLE'S SYNDROME | 599, 756470|Q78.6|ESOSTOSI MULTIPLE CONGENITE | 600, 759890|Q78.6|DIAPHYSEAL ACLASIA | 601, 756490|Q78.8|DISPLASIA SCHELETRICA DIAGNOSI PRENATALE | 602, 756490|Q78.9|DISPLASIA SCELETRICA NOS LATE DIAGNOSIS | 603, 756490|Q78.9|DISPLASIA SCHELETRICA NOS | 604, 756421|Q78.40|MAFFUCCI SYNDROME | 605, 756410|Q78.48|OSTEOCHONDROMATOSIS SYNDROME, DYSCHONDROPLASIA, OLLIER | 606, 759890|Q78.80|OSTEOPOIKILOSIS | 607, 756610|Q79.0|ERNIA DIAFRAMMATICA | 608, 756600|Q79.11|ASSENZA EMIDIAFRAMMA | 609, 756600|Q79.12|ASSENZA COMPLETA DIAFRAMMA | 610, 756700|Q79.2|ONFALOCELE | 611, 756710|Q79.3|GASTROSCHISI | 612, 756720|Q79.4|PRUNE BELLY SEQUENCE | 613, 756790|Q79.5|ALRTI DIFETTI PARETE ADDOMINALE | 614, 756790|Q79.5|LIMB BODY WALL COMPLEX OR BODY STALK  specificare malf | 615, 756850|Q79.6|EHLERS-DANLOS SYNDROME | 616, 756885|Q79.8|POPLITEAL PTERYGIUM SYNDROME | 617, 762800|Q79.80|BANDE AMNIOTICHE | 618, 756810|Q79.81|ASSENZA DI UN MUSCOLO | 619, 756800|Q79.82|SINDROME DI POLAND | 620, 757180|Q80.3|BCIE Congenital bullous ichthyosiform erythroderma | 621, 757100|Q80.4|ARLECCHINO SINDROME | 622, 757190|Q80.9|ITTIOSI NOS | 623, 757380|Q81.1|HERLITZ SYNDROME (EPIDERMOLYSIS BULLOSA) EPIDERMOLISI BOLLOSA | 624, 757350|Q82.3|INCONTINENTIA PIGMENTI | 625, 757340|Q82.4|DISPLASIA ECTODERMICA | 626, 757380|Q82.5|NEVE DERMICO GIGANTE | 627, 757380|Q82.5|NEVI MULTIPLI | 628, 757380|Q82.5|NEVO PIGMENTATO | 629, 757380|Q82.50|NEVO FLAMMEO | 630, 757380|Q82.58|ALTRI NEVI CONGENITI | 631, 757300|Q82.8|ALTRE ANOMALIE CUTE SPECIFICATE | 632, 757300|Q82.8|DERMOPATIA RESTRITTIVA | 633, 757303|Q82.8|ROTHMUND-THOMPSON SYNDROME | 634, 757390|Q82.80|ANOMALIE DEL SOLCO PALMARE | 635, 757310|Q82.81|APPENDICE CUTANEA minor | 636, 757398|Q82.9|MALFORMAZIONE DELLA CUTE NOS | 637, 757650|Q83.3|CAPEZZOLO SOVRANNUMERARIO | 638, 757480|Q84.2|CIUFFO CAPELLI BIANCHI | 639, 757500|Q84.3|ASSENZA UNGHIE MANI O PIEDI | 640, 757398|Q84.8|CUTIS MARMORATA CONGENITA | 641, 757390|Q84.80|APLASIA CUTIS | 642, 237700|Q85.0|NF 1 | 643, 759500|Q85.1|SCLEROSI TUBEROSA | 644, 759600|Q85.80|PEUTZ-JEGHERS SYNDROME | 645, 759611|Q85.81|STURGE WEBER | 646, 757390|Q85.82|VON HIPPEL LINDAU (ANGIOMATOSIS RETINAE) | 647, 759630|Q85.83|GARDNER SYNDROME | 648, 760710|Q86.0|FETAL ALCOHOL SYNDROME | 649, 759890|Q86.1|FETAL HYDANTOIN SYNDROME | 650, 759890|Q86.2|FETAL WARFARIN SYNDROME | 651, 760703|Q86.80|FETAL VALPROATE SINDROME | 652, 759890|Q86.82|FETAL THALIDOMIDE SYNDROME | 653, 759890|Q87.0|MOWAT WILSON | 654, 759890|Q87.0|Congenital malformation syndromes predominantly affecting facial appearance | 655, 755501|Q87.00|ACROCEPHALOPOLYSYNDACTYLY ALL TYPES | 656, 755500|Q87.01|APERT'S SYNDROME | 657, 759892|Q87.02|FRASERS;Quarta malformazione diagnosticata (ICD-9-CM).
malfo5;patol5;0;0;Mapping diretto;SDO;1, 212700|D15.1|RABDIOMIOMI CARDIACI MULTIPLI | 2, 228000|D18.0|ANGIOMA | 3, 228000|D18.0|ANGIOMI MULTIPLI | 4, 228000|D18.00|ANGIOMA CAPILLARE | 5, 228000|D18.01|ANGIOMA CAVERNOSO | 6, 228000|D18.02|ANGIOMA MISTO | 7, 228100|D18.1|LINFANGIOMA qualsiasi sede | 8, 228100|D18.10|EDEMA NUCALE | 9, 228100|D18.10|IGROMA CISTICO | 10, 238000|D21.5|TERATOMA SACROCOCCIGEO | 11, 215800|D21.9|FIBROLIPOMA SACRALE | 12, 237000|D43.7|NEOPLASIA NEUROBLASTICA PERINEALE | 13, 237900|D43.7|TERATOMA CEREBRALE | 14, 270020|D61.00|ANEMIA DI FANCONI | 15, 279110|D82.0|WISCOTT-ALDRICH | 16, 279100|D82.1|DIGEORGE VELOCARDIOFACIAL SYNDROME | 17, 243990|E03.0|IPOTIROIDISMO CONGENITO con gozzo | 18, 243990|E03.1|IPOTIROIDISMO CONGENITO senza gozzo | 19, 255200|E25.0|SINDROME ADRENOGENITALE | 20, 257800|E34.5|MORRIS SYNDROME insensibilità agli androgeni | 21, 775800|E70.22|TIROSINEMIA | 22, 270200|E70.3|ALBINISMO OCULOCUTANEO | 23, 759804|E70.30|WAARDENBURG'S SYNDROME | 24, 270600|E72.21|ARGININ SUCCINICO ACIDURIA | 25, 275310|E83.32|IPOFOSFATASIA | 26, 275390|E83.39|DEFICIT METABOLICO DELLE FOSFATASI | 27, 351000|G51.0|PARALISI FACIALE | 28, 351000|G51.00|PARALISI FACIALE UNILATERALE | 29, 359200|G71.11|DISTROFIA MIOTONICA | 30, 425300|I42.4|FIBROELASTOSI ENDOCARDICA | 31, 523800|K06.1|EPULIDE | 32, 524030|K07.00|MICROGNAZIA SEVERA, RETROMICROGNAZIA | 33, 275400|N29.80|NEFROCALCINOSI RENALE BIL | 34, 761200|P01.2|ANIDRAMNIOS | 35, 761200|P01.2|OLIGODRAMNIOS | 36, 761300|P01.3|POLIDRAMNIOS | 37, 762300|P02.3|TRASFUSIONE FETO FETALE | 38, 764900|P05.1|IUGR GRAVE | 39, 764900|P05.1|RITARDO DI CRESCITA/IUGR | 40, 764900|P05.9|RITARDO DI CRESCITA/IUGR NOS | 41, 771000|P35.0|ROSOLIA CONGENITA | 42, 771100|P35.1|CITOMEGALOVIRUS | 43, 771100|P35.1|INFEZIONE CONGENITA DA CMV | 44, 771210|P37.1|TOXOPLASMOSIS | 45, 771290|P37.9|INFEZIONE INTRAUTERINA NOS | 46, 771890|P39.2|INFEZIONE FETO PLACENTARE | 47, 760750|P70.1|DIABETE MATERNO | 48, 778000|P83.2|IDROPE FETALE non emolitica | 49, 778030|P83.3|ASCITE | 50, 778020|P83.3|IDROTORACE | 51, 779820|P94.2|IPOTONIA | 52, 740000|Q00.00|ACRANIA/ANENCEFALIA | 53, 740000|Q00.01|ACRANIA/ANENCEFALIA incomplete | 54, 740100|Q00.1|craniorachischisi | 55, 740200|Q00.2|INIENCEFALIA | 56, 742000|Q01.2|ENCEFALOCELE OCCIPITALE | 57, 742080|Q01.0|ENCEFALOCELE FRONTALE | 58, 742080|Q01.1|ENCEFALOCELE NASOFRONTALE | 59, 742080|Q01.8|ENCEFALOCELE ALTRE SEDI SPECIFICATE | 60, 742080|Q01.80|ENCEFALOCELE PARIETALE | 61, 742080|Q01.81|ENCEFALOCELE ORBITALE | 62, 742090|Q01.9|ENCEFALOCELE NOS | 63, 742100|Q02|MICROCEFALIA | 64, 742300|Q03|IDROCEFALO CONGENITO | 65, 742300|Q03.0|IDROCEFALO CON ANOMALIA DI SYLVUS | 66, 742310|Q03.1|DANDY WALKER SYNDROME, atresia dei forami di Luschka e Magendie | 67, 742310|Q03.1|DANDY WALKER VARIANT | 68, 742398|Q03.8|altri idrocefali congeniti | 69, 742390|Q03.9|IDROCEFALO CONGENITO NOS | 70, 742390|Q03.9|VENTRICOLOMEGALIA SEVERA | 71, 742210|Q04.0|ANOMALIA CORPO CALLOSO (IPOPLASIA , AGENESIA O DISPLASIA) | 72, 742210|Q04.00|AGENESIA CORPO CALLOSO | 73, 742260|Q04.1|ARINENCEFALIA | 74, 742260|Q04.2|OLOPROSENCEFALIA | 75, 742260|Q04.2|OLOPROSENCEFALIA LOBARE | 76, 742260|Q04.2|OLOPROSENCEFALIA SEMILOBARE | 77, 759890|Q04.3|MILLER-DIEKER SYNDROME | 78, 742200|Q04.30|IPOPLASIA CEREBRALE (anomalie di riduzione del cervello) | 79, 742230|Q04.32|ANOMALIA/IPOPLASIA  CEREBELLARE (anomalie di riduzione del cervelletto) | 80, 742240|Q04.33|AGIRIA/LISSENCEFALIA | 81, 742250|Q04.34|POLI-MICROGIRIA PACHIGIRIA | 82, 742320|Q04.35|IDRANENCEFALIA | 83, 742480|Q04.4|DISPLASIA SETTO-OTTICA | 84, 742400|Q04.5|MEGAENCEFALIA, EMIMEGAENCEFALIA | 85, 742480|Q04.6|CISTI CEREBRALI CONGENITE, PORENCEFALIA | 86, 742480|Q04.60|CISTI CEREBRALI CONGENITE MULTIPLE | 87, 742480|Q04.61|CISTI CEREBRALE CONGENITE SINGOLA | 88, 742480|Q04.8|ALTRE MALF SPECIFICATE DEL CERVELLO | 89, 742480|Q04.8|MACROGIRIA | 90, 742280|Q04.8|ANOMALIA DELLA GIRAZIONI | 91, 742900|Q04.9|ANOMALIE CEREBRALE NOS | 92, 742280|Q04.9|MALFORMAZIONE CEREBRALE NOS | 93, 741000|Q05.01|spina bifida, cervicale, con idrocefalo, aperta | 94, 741030|Q05.02|spina bifida, cervicale, con idrocefalo, chiusa | 95, 741080|Q05.09|spina bifida, cervicale, con idrocefalo, non noto se aperta | 96, 741000|Q05.11|spina bifida, toracica, con idrocefalo, aperta | 97, 741040|Q05.12|spina bifida, toracica, con idrocefalo, chiusa | 98, 741080|Q05.19|spina bifida, toracica, con idrocefalo, non note se aperta | 99, 741000|Q05.21|spina bifida, lombare, con idrocefalo, aperta | 100, 741050|Q05.22|spina bifida, lombare, con idrocefalo, chiusa | 101, 741080|Q05.29|spina bifida, lombare, con idrocefalo, non noto se aperta | 102, 741000|Q05.31|spina bifida, sacrale, con idrocefalo, aperta | 103, 741060|Q05.32|spina bifida, sacrale, con idrocefalo, chiusa | 104, 741080|Q05.39|spina bifida, sacrale, con idrocefalo, non noto se aperta | 105, 741000|Q05.41|spina bifida, sede NOS, con idrocefalo, aperta | 106, 741020|Q05.42|spina bifida, sede NOS, con idrocefalo, chiusa | 107, 741090|Q05.49|spina bifida, sede NOS, con idrocefalo, non noto se aperto | 108, 741900|Q05.51|spina bifida, cervicale, idrocefalo NOS, aperta | 109, 741910|Q05.52|spina bifida, cervicale, idrocefalo NOS, chiusa | 110, 741980|Q05.59|spina bifida, cervicale, idrocefalo NOS, non noto se aperta | 111, 741900|Q05.61|spina bifida, toracica, idrocefalo NOS, aperta | 112, 741920|Q05.62|spina bifida, toracica, idrocefalo NOS, chiusa | 113, 741980|Q05.69|spina bifida, toracica, idrocefalo NOS, NON NOTO SE APERTA | 114, 741900|Q05.71|spina bifida, lombare, idrocefalo NOS, aperta | 115, 741930|Q05.72|spina bifida, lombare, idrocefalo NOS, chiusa | 116, 741980|Q05.79|spina bifida, lombare, idrocefalo NOS, non noto se aperta | 117, 741940|Q05.82|spina bifida, sacrale, idrocefalo NOS, chiusa | 118, 741980|Q05.89|spina bifida, sacrale, idrocefalo NOS, non noto se aperta | 119, 741000|Q05.9|SPINA BIFIDA NOS | 120, 741990|Q05.9|MIELOMENINGOCELE NOS | 121, 741900|Q05.91|spina bifida, sede NOS, idrocefalo NOS, aperta | 122, 741990|Q05.92|spina bifida, sede NOS, idrocefalo NOS, chiusa | 123, 741990|Q05.99|spina bifida, sede NOS, idrocefalo NOS, non noto se aperto | 124, 741900|Q05.81|spina bifida, sacrale, idrocefalo NOS, aperta | 125, 742500|Q06.0|AMELIA | 126, 742510|Q06.1|MIELODISPLASIA, IPOPLASIA E DISPLASIA DEL MIDOLLO SPINALE | 127, 742520|Q06.2|DIASTEMATOMIELIA | 128, 742530|Q06.3|ALTRE MALF CAUDA EQUINA | 129, 742540|Q06.4|IDROMIELIA | 130, 742880|Q07.0|ARNOLD CHIARI | 131, 742800|Q07.8|ALTRE MALF SPECIFICATE DEL SISTEMA NERVOSO PERIFERICO | 132, 742800|Q07.80|MARCUS GUNN'S SYNDROME | 133, 743600|Q10.0|PTOSI CONGENITA | 134, 74360|Q10.0|BLEPHAROPHIMOSIS-PTOSIS SYNDROME | 135, 743630|Q10.3|ASSENZA PALPEBRE MONO O BI, ASSENZA CILIA, COLOBOMA PALPEBRA | 136, 743630|Q10.3|BLEFAROFIMOSI BILAT | 137, 743000|Q11.1|ANOFTHALMO | 138, 743100|Q11.2|LENZ MICROPHTHALMOS SYNDROME | 139, 743100|Q11.2|MICROFTALMIA | 140, 743210|Q11.3|MACROFTALMIA | 141, 743320|Q12.0|CATARATTA MONO O BILATERALE | 142, 743340|Q12.2|COLOBOMA DELLA LENTE | 143, 743300|Q12.3|ASSENZA DELLA LENTE, AFACHIA | 144, 743310|Q12.8|ALTRE ANOMALIE DEL CRISTALLINO | 145, 743430|Q13.0|COLOBOMA DELL'IRIDE | 146, 743420|Q13.1|ANIRIDIA | 147, 743420|Q13.1|ANIRIDIA -WILMS TUMOUR, SYNDROME WAGR | 148, 743400|Q13.3|OPACITA CONGENITA DELLA CORNEA | 149, 743520|Q14.2|COLOBOMA DISCO OTTICO | 150, 743200|Q15.0|GLAUCOMA CONGENITO | 151, 743220|Q15.00|MEGALOCORNEA | 152, 743900|Q15.8|LINFANGIOMA CISTICO OCCHIO SINISTRA | 153, 743900|Q15.8|ALTRE ANOMALIE SPECIFICATE DELL'OCCHIO | 154, 744010|Q16.0|AGENESIA PADIGLIONE AURICOLARE MONO, ANOTIA | 155, 744000|Q16.1|ASSENZA O STENOSI DEL CONDOTTO UDITIVO ESTERNO | 156, 744020|Q16.4|ANOMALIE DEL ORECCHIO MEDIO | 157, 744030|Q16.5|AGENESIA O ANOMALIA CANALI SEMICIRCOLARI | 158, 744090|Q16.9|ORECCHIO MALFORMATO CON PERDITA DI UDITO | 159, 744110|Q17.0|APPENDICI PREAURICOLARI | 160, 74410|Q17.0|PADIGLIONE AURICOLARE ACCESORIO | 161, 744210|Q17.2|MICROTIA | 162, 744230|Q17.3|MALFORMAZIONE ORECCHIO | 163, 744240|Q17.4|ORECCHIE BASSO IMPIANTO | 164, 744230|Q17.8|LOBO ORECCHIO FISSURATO | 165, 759890|Q17.8|MELNICK-FRASER SYNDROME, Branchiootorenal syndrome, SINDROME BOR | 166, 744300|Q17.9|MALFORMAZIONE ORECCHIE NOS | 167, 744280|Q18.1|SENO PREAURICOLARE | 168, 744400|Q18.0|RESIDUI BRANCHIALI | 169, 744480|Q18.2|ALTRE ANOMALIE DEGLI ARCHI BRANCHIALI | 170, 744800|Q18.4|MACROSTOMIA | 171, 744810|Q18.5|MICROSTOMIA | 172, 744500|Q18.3|PTERIGIUM COLLI | 173, 744910|Q18.9|DISFORMISMI FACCIALI | 174, 745000|Q20.0|TRONCO ARTERIOSO COMUNE | 175, 745110|Q20.1|DORV, VENTRICOLO DESTRO A DOPPIA USCITA | 176, 745100|Q20.3|TGV, TRASPOSIZIONE DEI GROSSI VASI | 177, 745300|Q20.4|CUORE UNIVENTRICOLARE | 178, 759890|Q20.6|IVEMARK SYNDROME | 179, 759380|Q20.6|ISOMERISMO ATRIALE  CON ASPLENIA O POLISPLENIA | 180, 745449|Q21.0|DIV INFUNDIBOLARE /SOPRA CRESTALE | 181, 745482|Q21.0|DIV MULTIPLO MEDIO DIMENSIONE | 182, 745481|Q21.0|DIV MULTIPLO PICCOLO  DIMENSIONE (< 3MM) | 183, 745459|Q21.0|DIV MUSCOLARE DIMENSIONE SCONOSCIUTA | 184, 745453|Q21.0|DIV MUSCOLARE GRANDE DIMENSIONE (>5MM) | 185, 745452|Q21.0|DIV MUSCOLARE MEDIO DIMENSIONE (3-5MM) | 186, 745489|Q21.0|DIV MUSCOLARE MULTIPLI DIMENSIONE SCONOSCIUTA | 187, 745451|Q21.0|DIV MUSCOLARE PICCOLO  DIMENSIONE (< 3MM) | 188, 745449|Q21.0|DIV PERIMEMBRANOSO DIMENSIONE SCONOSCIUTA | 189, 745443|Q21.0|DIV PERIMEMBRANOSO GRANDE DIMENSIONE (>5MM) | 190, 745442|Q21.0|DIV PERIMEMBRANOSO MEDIO DIMENSIONE (3-5MM) | 191, 745441|Q21.0|DIV PERIMEMBRANOSO PICCOLO DIMENSIONE (<3MM) | 192, 745499|Q21.0|DIV SEDE SCONOSCIUTA DIMENSIONE SCONOSCIUTA | 193, 745493|Q21.0|DIV SEDE SCONOSCIUTA GRANDE DIMENSIONE (>5MM) | 194, 745492|Q21.0|DIV SEDE SCONOSCIUTA MEDIO DIMENSIONE (3-5MM) | 195, 745491|Q21.0|DIV SEDE SCONOSCIUTA PICCOLO  DIMENSIONE (< 3MM) | 196, 745439|Q21.0|DIV SUBAORTICO DIMENSIONE SCONOSCIUTA | 197, 745433|Q21.0|DIV SUBAORTICO GRANDE DIMENSIONE (>5MM) | 198, 745432|Q21.0|DIV SUBAORTICO MEDIO DIMENSIONE (3-5MM) | 199, 745431|Q21.0|DIV SUBAORTICO PICCOLO DIMENSIONE (<3MM) | 200, 745500|Q21.1|DIA | 201, 745510|Q21.10|DIA OSTIUM SECONDUM | 202, 745500|Q21.11|FORAME OVALE PERVIO | 203, 745610|Q21.15|ATRIO UNICO, COR TRILOCULARE BIVENTRICOLARE | 204, 745580|Q21.18|ANEURISMA SETTO INTERATRIALE | 205, 745600|Q21.20|DIFETTO CUSCINETTO ENDOCARDICI, OSTIUM PRIMUM | 206, 745630|Q21.21|CANALE ATRIOVENTRICOLARE UNICO, CAV | 207, 745620|Q21.21|DIFETTO DEL SETTO TIPO CANALE ATRIOVENTRICOLARE UNICO | 208, 745200|Q21.3|TETRALOGIA DI FALLOT | 209, 745210|Q21.82|PENTALOGIA DI FALLOT (+ DIA) | 210, 745680|Q21.4|FINESTRA AORTO POLMONARE | 211, 746000|Q22.0|ATRESIA  VALVOLA POLMOMARE | 212, 746010|Q22.1|STENOSI VALVOLARE POLMONARE | 213, 746020|Q22.2|INSUFFICIENZA VALVOLA PULMONARE | 214, 746080|Q22.3|ALTRE MALF VALVOLARE POLMONARE | 215, 746080|Q22.3|DISPLASIA O IPOPLASIA VALVOLARE POLMONARE | 216, 746080|Q22.3|VALVOLA POLMONARE BICUSPIDE | 217, 746110|Q22.4|ATRESIA O STENOSI TRICUSPIDE | 218, 746200|Q22.5|MALFORMAZIONE DI EBSTEIN | 219, 746790|Q22.6|CUORE DESTRO IPOPLASICO | 220, 746880|Q22.8|ALTRA ANOMALIA TRICUSPIDALE | 221, 746113|Q22.8|INSUFFICIENZA TRICUSPIDE | 222, 746300|Q23.0|STENOSI O ATRESIA VALVOLA AORTICA | 223, 746400|Q23.1|INSUFFICIENZA AORTICA | 224, 746420|Q23.10|AORTA BICUSPIDE | 225, 746420|Q23.10|VALVOLA AORTICA BICUSPIDE | 226, 746500|Q23.2|ATRESIA O STENOSI MITRALE | 227, 746600|Q23.3|INSUFFICIENZA MITRALICA | 228, 746700|Q23.4|CUORE SN IPOPLASICO | 229, 746880|Q23.8|ALTRE ANOMALIE AORTICA/MITRALICA | 230, 746480|Q23.8|VALVOLA AORTICA DISPLASICA | 231, 746800|Q24.0|DESTROCARDIA ISOLATA | 232, 746820|Q24.2|COR TRIATRIATUM | 233, 746880|Q24.5|ANOMALIE DELLE CORONARIE | 234, 746870|Q24.6|BLOCCO CARDIACO | 235, 746880|Q24.8|ALTRE MALFORMAZIONI CARDIACHE SPECIFICATE | 236, 746860|Q24.8|CARDIOMEGALIA | 237, 746880|Q24.8|ECTOPIA CORDIS | 238, 746880|Q24.8|TRILOGIA DI FALLOT | 239, 746880|Q24.9|ALTRE MALFORMAZIONI CARDIACHE NOS | 240, 747000|Q25.0|PDA | 241, 747190|Q25.1|COARTAZIONE  AORTICA | 242, 747100|Q25.10|COARTAZIONE  AORTICA PREDUTTALE | 243, 747110|Q25.11|COARTAZIONE AORTICA POST DUTTALE | 244, 747190|Q25.19|COARTAZIONE  AORTICA NOS | 245, 747280|Q25.2|INTERRUZIONE ARCO AORTICO, ATRESIA AORTA | 246, 747280|Q25.3|STENOSI AORTA | 247, 747210|Q25.40|IPOPLASIA AORTA | 248, 747230|Q25.41|PERSISTENZA DELL'ARCO AORTICO DESTRO | 249, 747260|Q25.42|overriding aorta | 250, 747250|Q25.44|DOPPIO ARCO AORTICO | 251, 747310|Q25.5|ATRESIA ARTERIA POLMONARE | 252, 747320|Q25.6|STENOSI ARTERIA POLMONARE | 253, 747380|Q25.8|ALTRE MALFORMAZIONI DELLE GRANDI ARTERIE | 254, 747400|Q26.0|STENOSI CONGENITA DELLA VENA CAVA SUP O INF | 255, 747410|Q26.1|PERSISTENZA VENA CAVA SUPERIORE SX | 256, 747420|Q26.2|RITORNO VENOSO POLMOMARE ANOMALO TOTALE | 257, 747430|Q26.3|RITORNO VENOSO POLMONARE ANOMALO PARZIALE | 258, 747880|Q26.8|ALTRE MALFORMAZIONI CONGENITE DELLE GRANDI VENE, ASSENZA VENA CAVA SUP/INF, AZYGOS CONTINUATION | 259, 747600|Q27.1|STENOSI CONGENITA DELL'ARTERIA RENALE | 260, 747500|Q27.0|ARTERIA OMBELICALE UNICA | 261, 747610|Q27.2|ANOMALIA ARTERIA RENALE | 262, 747620|Q27.3|MALFORMAZIONI ARTEROVENOSE PERIFERICHE (MAV) | 263, 747680|Q27.8|ALTRE MALFORMAZIONE SISTEMA VASCOLARE PERIFERICO | 264, 747680|Q27.8|FISTOLA VENO-VENOSO EPATICA | 265, 747810|Q28.0|MALFORMAZIONI ARTEROVENOSE VASI PRE CEREBRALI (MAV) | 266, 747810|Q28.2|MALFORMAZIONI ARTEROVENOSE VASI CEREBRALI  (MAV) | 267, 747810|Q28.2|ANEURISMA DELLA VENA DI GALENO | 268, 747810|Q28.3|ALTRE MALFORMAZIONI VASI CEREBRALI | 269, 747800|Q28.3|ARTERIOPATIA CALCIFICA IDIOPATICA VASI CEREBRALI | 270, 747880|Q28.8|ALTRE MALFORMAZIONI SISTEMA CIRCOLATORIO | 271, 748000|Q30.0|ATRESIA DELLE COANE | 272, 759890|Q87.8|CHARGE | 273, 748000|Q30.0|STENOSI DELLE COANE | 274, 748100|Q30.1|AGENESIA O IPOSVILUPPO DEL NASO | 275, 748100|Q30.1|IPOPLASIA DEL NASO | 276, 748120|Q30.2|SCHISI NARICE | 277, 748180|Q30.8|ALTRE MALFORMAZIONI NASO SPECIFICATE | 278, 748180|Q30.8|ASSENZA DELLA NARICE, CAVITA NASALE UNICA | 279, 748190|Q30.9|ALTRE MALFORMAZIONI NASO NOS | 280, 748200|Q31.0|WEB LARINGEO | 281, 748300|Q31.8|AGENESIA/ATRESIA LARINGE | 282, 748300|Q31.80|CLEFT LARINGE | 283, 748320|Q32.0|TRACHEOMALACIA | 284, 748330|Q32.1|ATRESIA TRACHEALE | 285, 748330|Q32.11|CLEFT TRACHEO ESOFAGEO | 286, 748400|Q33.0|CISTI POLMONARE | 287, 74841|Q33.01|POLMONE POLICISTICO | 288, 748620|Q33.1|LOBO POMONARE ACCESSORIO | 289, 748520|Q33.2|SEQUESTRO POLMONARE | 290, 748500|Q33.3|AGENESIA DEL POLMONE O LOBO POLMONARE | 291, 748500|Q33.6|IPOPLASIA O DISPLASIA DEL POLMONE | 292, 748480|Q33.80|ADENOMATOIDE CISTICA POLMONARE | 293, 748880|Q34.80|LINFOANGECTASIE POLMONARE | 294, 749000|Q35.1|SCHISI PALATO DURO MONOLAERALE completo/incompleto (sottomucoso) lato | 295, 749010|Q35.1|SCHISI PALATO DURO BILATERALE completo/incompleto (sottomucoso) | 296, 749020|Q35.1|SCHISI PALATO DURO CENTRALE completo/incompleto (sottomucoso) | 297, 749030|Q35.1|SCHISI PALATO DURO NOS | 298, 749040|Q35.3|SCHISI PALATO MOLLE MONOLATERALE completo/incompleto (sottomucoso) lato | 299, 749050|Q35.3|SCHISI PALATO MOLLE BILATERALE completo/incompleto (sottomucoso) | 300, 749060|Q35.3|SCHISI PALATO MOLLE CENTRALE completo/incompleto (sottomucoso) | 301, 749070|Q35.3|SCHISI PALATO MOLLE NOS | 302, 749090|Q35.5|SCHISI PALATO DURO E MOLLE spec se completo/incompleto (sottomucoso) mono/bi | 303, 749080|Q35.7|UGOLA BIFIDA | 304, 749090|Q35.9|PALATOSCHISI NOS | 305, 749110|Q36.0|LABIOSCHISI BILATERALE (specifica se labbro e anche gengiva) | 306, 749120|Q36.1|LABIOSCHISI CENTRALE (specifica se labbro e anche gengiva) | 307, 749100|Q36.90|LABIOSCHISI MONOLATERALE specifiica lato (specifica se labbro e anche gengiva) | 308, 749190|Q36.99|LABIOSCHISI NOS | 309, 749210|Q37.0|SCHISI PALATO DURO E LABIOSCHISI BILATERALI | 310, 749200|Q37.1|SCHISI PALATO DURO E LABIOSCHISI MONOLATERALE | 311, 749200|Q37.2|SCHISI PALATO MOLLE E LABIOSCHISI BILATERALI | 312, 749201|Q37.3|SCHISI PALATO MOLLE E LABIOSCHISI MONOLATERALE | 313, 749210|Q37.4|LABIOPALATOSCHISI BILATERALE DURO+MOLLE | 314, 749210|Q37.5|LABIOPALATOSCHISI UNILATERALI DURO+MOLLE | 315, 749200|Q37.9|LABIOSCHISI MONOLATERALE CON PALATOSCHISI NON SPECIFATO | 316, 749210|Q37.8|LABIOSCHISI BILATERALE CON PALATOSCHISI NON SPECIFATO | 317, 750270|Q38.0|ALTRE ANOMALIE DELLE LABBRA | 318, 750270|Q38.0|PIT DELLE LABBRA in sindrome di Van Der Woude | 319, 750120|Q38.2|MACROGLOSSIA | 320, 750180|Q38.3|ALTRE MALFORMAZIONI DELLA LINGUA | 321, 750180|Q38.3|LINGUA BIFIDA | 322, 750010|Q38.30|ASSENZA DELLA LINGUA | 323, 750280|Q38.6|ALTRE MALFORMAZIONI DELLA BOCCA SPECIFICATE | 324, 750200|Q38.7|TASCA FARINGEA | 325, 759890|Q87.8|SINDROME DI VAN DER WOUDE | 326, 750300|Q39.0|ATRESIA ESOFAGEA SENZA FISTOLA O NOS | 327, 750310|Q39.1|ATRESIA ESOFAGEA CON FISTOLA | 328, 750320|Q39.2|FISTOLA TRACHEO ESOFAGEA | 329, 750320|Q39.20|FISTOLA BRONCO ESOFAGEA | 330, 750340|Q39.3|STENOSI ESOFAGEA | 331, 750350|Q39.4|MEMBRANA ESOFAGEA | 332, 750430|Q39.80|DUPLICAZIONE ESOFAGEA | 333, 750510|Q40.0|STENOSI DEL PILORO | 334, 750700|Q40.2|MALFORMAZIONE DELLO STOMACO SPECIFICATA | 335, 750920|Q40.3|MALFORMAZIONE DELLO STOMACO NOS | 336, 750800|Q40.8|AGENESIA DELLO STOMACO | 337, 750800|Q40.8|ALTRE MALFORMAZIONI SPECIFICATE DEL TRATTO GASTROINTESTINALE SUPERIORE | 338, 750780|Q40.9|ALTRE MALFORMAZIONI DEL TRATTO GASTROINTESTINALE SUPERIORE NOS | 339, 751100|Q41.0|ATRESIA O STENOSI DUODENALE | 340, 751110|Q41.1|ATRESIA O STENOSI DIGIUNALE | 341, 751120|Q41.2|ATRESIA O STENOSI  ILEALE | 342, 751120|Q41.8|ARTESIA O STENOSI INTESTINO TENUE SINGOLA O MULTIPLE | 343, 751120|Q41.9|ARTESIA O STENOSI INTESTINO TENUE NOS | 344, 751110|Q41.1|APPLE PEEL SYNDROME | 345, 751210|Q42.0|ATRESIA  ASSENZA O STENOSI RETTO CON FISTOLA | 346, 751210|Q42.00|ATRESIA O STENOSI RETTO CON FISTOLA RETTO URETRALE | 347, 751210|Q42.01|ATRESIA O STENOSI RETTO CON FISTOLA RETTOVESCICALE | 348, 751210|Q42.02|ATRESIA O STENOSI RETTO CON FISTOLA RETTOVULVARE | 349, 751210|Q42.03|ATRESIA O STENOSI RETTO CON FISTOLA RETTOCUTANEA | 350, 751210|Q42.04|ATRESIA O STENOSI RETTO CON FISTOLA RETTOCLOACALE | 351, 751220|Q42.1|ATRESIA O STENOSI RETTO SENZA FISTOLA, RETTO IMPERFORATO | 352, 751230|Q42.2|ATRESIA O STENOSI ANALE CON FISTOLA | 353, 751230|Q42.21|ATRESIA ANALE CON FISTOLA ANOVESTIBOLARE | 354, 751230|Q42.20|ATRESIA ANALE CON FISTOLA ANOCUTANEA | 355, 751240|Q42.3|ATRESIA O STENOSI  ANALE  SENZA FISTOLA, | 356, 751200|Q42.8|ATRESIA O ASSENZA DI ALTRE PARTE DELL'INTESTINO CRASSO | 357, 751200|Q42.9|ATRESIA DEL COLON | 358, 751010|Q43.0|DIVERTICOLO DI MECKEL | 359, 751300|Q43.1|HIRSCHPRUNG DISEASE | 360, 751410|Q43.3|ANOMALIE DELLA FISSAZIONE | 361, 751400|Q43.30|MALROTAZIONE DEL COLON | 362, 751420|Q43.31|BANDE DI LADD | 363, 751500|Q43.4|DUPLICAZIONE INTESTINALE | 364, 751530|Q43.5|ANO ECTOPICO | 365, 751540|Q43.6|FISTOLA RETTO E ANO | 366, 751550|Q43.7|PERSISTENZA DELLA CLOACA | 367, 751580|Q43.8|ALTRE MALFORMAZIONE INTESTINO SPECIFICATO | 368, 751520|Q43.80|MICROCOLON | 369, 751630|Q44.0|IPOPLASIA/AGENESIA COLECISTI | 370, 751650|Q44.2|ATRESIA DOTTI BILIARI INTRAEPATICI | 371, 751670|Q44.5|CONGENITAL MALF OF BILE DUCTS | 372, 751610|Q44.6|MALATTIA CISTICA DEL FEGATO | 373, 751600|Q44.7|ANGIOMA EPATICO | 374, 751600|Q44.70|ASSENZA TOTALE O PARZIALE DEL FEGATO | 375, 751670|Q44.71|ALAGILLE SYNDROME | 376, 752000|Q50.0|AGENESIA OVAIE | 377, 752000|Q50.00|AGENESIA OVAIE MONOLATERALE | 378, 752000|Q50.01|AGENESIA OVAIE BILATERALE | 379, 752080|Q50.11|CISTI OVARICA MULTIPLA | 380, 752080|Q50.3|ALTRE MALFORMAZIONI OVAIO | 381, 752300|Q51.0|AGENESIA APLASIA UTERO | 382, 752380|Q51.1|DOPPIO UTERO | 383, 752380|Q51.5|UTERO BICORNE | 384, 752480|Q51.8|KAUFMAN-MCKUSICK SYNDROME | 385, 752488|Q51.8|ROKITANSKY | 386, 752480|Q51.8|MURCS SYNDROME/ ASSOCIATION, known as Mayer-Rokitansky-Ku?ster-Hauser (MRKH) syndrome type 2 | 387, 752430|Q52.1|VAGINA SETTATA | 388, 752420|Q52.2|FISTOLA RETTO VAGINALE | 389, 752430|Q52.3|IMENE IMPERFORATO | 390, 752458|Q52.6|MALFORMAZIONI CLITORIDE | 391, 752458|Q52.8|ALTRE MALFORMAZIONI GENITALI FEMMINILI | 392, 752510|Q53.2|CRIPTORCHIDISMO BIL | 393, 752510|Q53.1|CRIPTORCHIDISMO MONO | 394, 752601|Q54.0|IPOSPADIA I | 395, 752602|Q54.1|IPOSPADIA II | 396, 752603|Q54.2|IPOSPADIA III PENOSCROTALE | 397, 752603|Q54.3|IPOSPADIA III PERINEALE | 398, 752620|Q54.4|CORDA CONGENITA O CORDA PENIS | 399, 752609|Q54.9|IPOSPADIA NOS | 400, 752820|Q55.2|ALTRE MALFORMAZIONI DELLO SCROTO E DEI TESTICOLI | 401, 752820|Q55.21|SCROTO BIFIDO | 402, 752850|Q55.5|ASSENZA APLASIA DEL PENE | 403, 752860|Q55.6|IPOPLASIA ASTA PENIENA | 404, 752860|Q55.6|MICROPENE | 405, 752860|Q55.6|RECURVATIO PENIS | 406, 752860|Q55.6|TRASPOSIZIONE PENO-SCROTALE | 407, 752880|Q55.8|ALTRE MALFORMAZIONI SPECIFICATE DEI GENITALI MASCHILI | 408, 752790|Q56.4|GENITALI AMBIGUI, SESSO INDETERMINATO | 409, 753010|Q60.0|AGENESIA RENALE MONOLATERALE | 410, 753000|Q60.1|AGENESIA RENALE BIL | 411, 753010|Q60.2|AGENESIA RENALE NOS | 412, 753010|Q60.3|IPOPLASIA RENALE MONOLATERALE | 413, 753000|Q60.4|IPOPLASIA RENALE BIL | 414, 753000|Q60.6|POTTER | 415, 753100|Q61.0|CISTI RENALE SINGOLA | 416, 753110|Q61.1|RENE POLICISTICO TIPO INFANTILE | 417, 753120|Q61.2|RENE POLICISTICO adulto ADPKD | 418, 753130|Q61.3|RENI POLICISTICI NOS | 419, 753190|Q61.4|DISPLASIA RENALE | 420, 753190|Q61.40|DISPLASIA RENALE MULTICISTICA MONO | 421, 753160|Q61.41|DISPLASIA  RENALI MULTICISTICA BIL | 422, 753180|Q61.48|ALTRE DISPLASIE RENALI | 423, 753140|Q61.50|MALATTIA CISTICA DELLA MIDOLLARE RENALE tipo giovanile | 424, 753140|Q61.5|MALATTIA CISTICA DELLA MIDOLLARE RENALE nos | 425, 753150|Q61.51|MALATTIA CISTICA DELLA MIDOLLARE RENALE tipo adulto | 426, 759850|Q61.90|Sindrome MECKEL GRUBER | 427, 753200|Q62.0|IDRONEFROSI >= 1 CM | 428, 753210|Q62.1|ATRESIA/STENOSI URETERE | 429, 753290|Q62.10|STENOSI DEL GIUNTO  MONO | 430, 753290|Q62.11|STENOSI DEL GIUNTO BILATERALE BIL | 431, 753220|Q62.2|MEGALOURETERE, DILATAZIONE URETERE | 432, 753280|Q62.3|URETEROCELE | 433, 753480|Q62.33|IDROURETERE CONGENITO | 434, 753410|Q62.5|DOPPIO URETERE | 435, 753280|Q62.7|REFLUSSO VESCICO-URETERALE | 436, 753280|Q62.70|REFLUSSO VESCICO-URETERALE MONO | 437, 753280|Q62.71|REFLUSSO VESCICO-URETERALE BIL | 438, 753480|Q62.8|ALTRE ANOMALIE URETERE | 439, 753910|Q62.8|ALTRE URETERE NOS | 440, 753300|Q63.0|RENE ACCESSORIO | 441, 753310|Q63.00|DOPPIO DISTRETTO RENALE, DOPPIO O TRIPLO RENE | 442, 753320|Q63.1|RENE A FERRO DI CAVALLO | 443, 753330|Q63.2|RENE ECTOPICO | 444, 753330|Q63.29|RENE ECTOPICO NOS | 445, 753340|Q63.3|RENE GIGANTE | 446, 755338|Q63.8|ALTRE ANOMALIA RENALE SPECIFICATO | 447, 752610|Q64.0|EPISPADIA | 448, 753500|Q64.1|ESTROFIA VESCICA | 449, 753510|Q64.10|ESTROFIA CLOACA | 450, 753510|Q64.10|OEIS COMPLEX | 451, 753600|Q64.20|VALVOLA DELL URETRA POSTERIORE | 452, 753880|Q64.76|MEGAVESCICA | 453, 753620|Q64.21|VALVOLA URETRA ANTERIORE | 454, 753620|Q64.31|STENOSI CONGENITA URETRA | 455, 753620|Q64.33|ATRESIA O IPOPLASIA URETRA | 456, 753800|Q64.5|AGENESIA VESCICALE | 457, 753820|Q64.6|DIVERTICOLO VESCICALE | 458, 753880|Q64.7|MEGAVESCICA-ALTRE ANOMALIE VESCICA | 459, 753840|Q64.72|DOPPIA URETRA | 460, 753860|Q64.74|FISTOLA TRATTO GASTROINTESTINALE E URINARIO | 461, 753860|Q64.74|FISTOLA RETTO VESCICALE | 462, 753880|Q64.8|ALTRE ANOMALIE SISTEMA URINARIO | 463, 753790|Q64.8|ANOMALIE DEL URACO | 464, 754300|Q65.0|LCA MONO | 465, 754230|Q65.1|LCA BIL | 466, 754300|Q65.2|LCA NOS | 467, 754310|Q65.6|SUBLUSSAZIONE ANCA | 468, 754500|Q66.0|PIEDE TORTO, specificare | 469, 754510|Q66.1|PIEDE TORTO CALCAGNO VARO MONO O BIL | 470, 754520|Q66.2|PIEDE TORTO METATARSO VARO MONO O BIL | 471, 754730|Q66.8|PIEDE TORTO NOS, minore | 472, 754700|Q67.5|DEFORMAZIONE DELLA COLONNA | 473, 754200|Q67.50|SCOLIOSI POSTURALE | 474, 755501|Q68.1|CAMPODATTILIA | 475, 754840|Q68.1|MANI TORTE MONO O BIL, specificare | 476, 754840|Q68.1|DEFORMAZIONE DELLA MANO | 477, 755507|Q68.10|CLINODATTILIA DITA MANO | 478, 754430|Q68.21|GENU RECURVATUM | 479, 754400|Q68.3|FEMORI INCURVATI | 480, 754410|Q68.4|TIBIA O FIBULA INCURVATI | 481, 754490|Q68.5|OSSA LUNGHE DEGLI ARTI INFERIORI INCURVATE | 482, 755900|Q68.8|ARTROGRIPOSI NOS | 483, 755580|Q68.8|ALTER DEFORMITA' SPECIFICHE  (clavicola, gomito, avanbraccio, scapola) | 484, 755550|Q68.8|DEFORMITA DELLA SCAPOLA | 485, 755095|Q69.0|POLIDATTALIA MANO | 486, 755010|Q69.00|POLIADATTILIA MANO PRE ASSIALE | 487, 755000|Q69.01|POLIDATTILIA  MANO MESOASSIALE | 488, 755005|Q69.02|POLIDATTILIA  MANO POSTASSIALE | 489, 755095|Q69.09|POLIDATTALIA MANO NOS | 490, 755010|Q69.1|POLLICE ACCESSORIO, POLLICE BIFIDO | 491, 755030|Q69.20|POLIDATTILIA PIEDE PREASSIALE | 492, 755020|Q69.22|POLIDATTILIA  PIEDE POSTASSIALE | 493, 755096|Q69.2|POLIDATTILIA PIEDI | 494, 755096|Q69.29|POLIDATTILIA PIEDE NOS | 495, 755090|Q69.9|POLIDATTILIA NOS | 496, 755100|Q70.0|SINDATTILIA MANO CON SINOSTOSI | 497, 755110|Q70.1|SINDATTILIA MANO SOLO CUTANEA | 498, 755120|Q70.2|SINDATTILIA PIEDI CON SINOSTOSI | 499, 755130|Q70.3|SINDATTILIA PIEDI SOLO CUTANEA | 500, 755180|Q70.4|POLISINDATTTILIA MANI E PIEDI | 501, 755190|Q70.9|SINDATTILIA NOS | 502, 755200|Q71.0|ASSENZA COMPLETA ARTO/ARTI SUPERIORE | 503, 755210|Q71.1|FOCOMELIA ARTI SUP (ASSENZA ARTO, PRESENTE MANO) | 504, 755230|Q71.2|AGENESIA AVAMBRACCIO E MANO | 505, 755240|Q71.3|ASSENZA MANO E DITA | 506, 755240|Q71.30|ASSENZA DI SINGOLE DITA MANO (da II a V) | 507, 755260|Q71.31|AGENESIA o ipoplasia POLLICE (I) | 508, 755260|Q71.4|AGENESIA RADIO, DIFETTO IN RIDUZIONE RADIO, AGENESIA RADIO, CON MANO A MAZZA RADIALE | 509, 755270|Q71.5|DIFETTO IN RIDUZIONE ULNA | 510, 755250|Q71.6|ECTRODATTILIA / MANI A CHELE | 511, 755240|Q71.80|ASSENZA DI TUTTE LE DITA DELLA MANO | 512, 755280|Q71.8|ALTRI DIFETTI IN RIDUZIONE ARTO SUP, specificare | 513, 759890|Q71.9|ADAM SEQUENCE, CONSTRICTION RING SYNDROME UPPER LIMB | 514, 755290|Q71.9|ALTRI DIFETTI RIDUZIONE ARTO SUP NOS | 515, 755300|Q72.0|ASSENZA COMPLETA ARTO/ARTI INFERIORE | 516, 755310|Q72.1|ASSNZA ARTO INFERIORE CON PIEDE, FOCOMELIA ARTI INFERIORI | 517, 755330|Q72.2|ASSENZA GAMBA E PIEDE | 518, 755340|Q72.3|ASSENZA PIEDE E DITA DEL PIEDE | 519, 755380|Q72.30|ASSENZA O IPOPLASIA DITA DEI PIEDI | 520, 755365|Q72.31|ASSENZA O IPOPLASIA ALLUCE | 521, 755320|Q72.4|DIFETTO IN RIDUZIONE FEMORE | 522, 755380|Q72.5|DIFETTO IN RIDUZIONE TIBIA, ASSENZA TIBIA | 523, 755366|Q72.6|DIFETTO IN RIDUZIOINE FIBULA, ASSENZA FIBULA | 524, 755380|Q72.7|SPLIT FOOT | 525, 755380|Q72.8|ALTRI DIFETTI RIDUZIONE ARTO INF | 526, 755380|Q72.80|ASSENZA DI TUTTE LE DITA DEL PIEDE | 527, 759890|Q72.9|ADAM SEQUENCE, CONSTRICTION RING SYNDROME LOWER LIMB | 528, 755400|Q73.0|AMELIA NOS | 529, 755410|Q73.1|FOCOMELIA NOS | 530, 755490|Q73.8|ALTRI DIFETTI IN RIDUZIONE ARTI NON SPECIFICATI | 531, 755526|Q74.01|MADELUNG'S DEFORMITY | 532, 755551|Q74.02|CLEIDOCRANIAL DYSPLASIA (DISOSTOSI CLEIDOCRANICA) | 533, 755556|Q74.03|Sprengel's deformity | 534, 755500|Q74.04|MACRODATTILIA MANO | 535, 755500|Q74.05|POLLICE TRIFALANGEO | 536, 755800|Q74.3|ARC SYNDROME ARTHROGRYPOSIS, RENAL DYSFUNCTION AND CHOLESTAS | 537, 755800|Q74.3|ARTROGRIPOSI MULTIPLA CONGENITA | 538, 755880|Q74.8|ALTRE MALF ARTI SPECIFICATE | 539, 755500|Q74.80|BRACHIDATTILIA DITA MANO | 540, 755880|Q74.81|EMIPERTROFIA, IPERTROFIA ARTI | 541, 755680|Q74.82|IPOSVILUPPO ARTO/ARTI | 542, 755880|Q74.83|ASIMMETRIA ARTI NOS | 543, 755810|Q74.84|LARSEN'S SYNDROME | 544, 755900|Q74.9|ANOMALIE ARTI NON SPECIFICATE | 545, 756000|Q75.0|CRANIOSINOSTOSI | 546, 756050|Q75.0|PFEIFFER SYNDROME, NOACK SYNDROME, ACROCEPHALOSYNDACTYLY | 547, 756010|Q75.1|CRANIOSTENOSI DELLE CORONALI | 548, 756005|Q75.01|CRANIOSTENOSI SAGITTALE | 549, 756006|Q75.02|CRANIOSINOSTOSI-TRIGONOCEFALIA | 550, 756000|Q75.03|CRANIOSINOSTOSI-SUTURE MULTIPLE-CRANIO A TRIFOGLIO | 551, 756000|Q75.03|CRANIOSTENOSI - TURRICEFALIA | 552, 756040|Q75.1|CROUZON SYNDROME | 553, 756020|Q75.2|IPERTELORISMO | 554, 756080|Q75.3|MACROCEFALIA/MACROCRANIA | 555, 756045|Q75.4|MANDIBULOFACIAL DYSOSTOSIS - FRANCESCHETTI AND TREACHER-COLLINS | 556, 756046|Q75.5|OCULOMANDIBULAR DYSOSTOSIS | 557, 759800|Q75.81|DISPLASIA FRONTONASALE | 558, 756090|Q75.9|ALTRE MALF CRANIO/FACCIALI NOS | 559, 756100|Q76.0|SPINA BIFIDA OCCULTA | 560, 756110|Q76.1|KLIPPEL-FEIL SYNDROME | 561, 756150|Q76.3|SCOLIOSI DA ANOMALIE VERTEBRE TORACICHE | 562, 756140|Q76.30|EMIVERTEBRA SINGOLA CON SCOLIOSI | 563, 756180|Q76.38|SCOLIOSI ASSOCIATA A EMIVERTEBRA MULTIPLA, ALTRE MALFORMAZIONI OSSEE | 564, 756190|Q76.4|ANOMALIE COLONNA NON ASSOCIATE A SCOLIOSI | 565, 756180|Q76.4|EMIVERTEBRE/VERTEBRE FARFALLA | 566, 756180|Q76.40|ASSENZA VERTEBRE | 567, 756170|Q76.41|ANOMALIE VERTEBRE SACRALI, AGENESIA SACRO | 568, 756180|Q76.42|ALTRE ANOMALIE VERTEBRE | 569, 756140|Q76.42|DISMORFISMO VERTEBRALE EMIVERTEBRE | 570, 756160|Q76.42|DISMORFISMO VERTEBRALE EMIVERTEBRE LOMBARI | 571, 756310|Q76.6|ALTRE MALFORMAZIONI COSTE | 572, 756180|Q76.60|ASSENZA COSTE | 573, 756320|Q76.61|FUSIONE COSTE | 574, 756330|Q76.62|COSTA SOVRANNUMERAREA | 575, 756340|Q76.8|ALTRE MALFORMAZIONI DEL TORACE | 576, 756390|Q76.8|IPOPLASIA GABBIA TORACICA | 577, 759840|Q77.0|ACONDROGENESI | 578, 759840|Q77.00|ACONDROGENESI TIPO 1 | 579, 759840|Q77.01|ACONDROGENESI TIPO 2 | 580, 756402|Q77.02|IPOCONDROGENESI | 581, 756440|Q77.1|DISPLASIA TANATOFORA | 582, 756400|Q77.2|JUENE DISPLASIA TORACICA ASFISSIANTE | 583, 756570|Q77.3|CONDRODISPLASIA PUNCTATA | 584, 756430|Q77.4|ACONDROPLASIA | 585, 756441|Q77.5|NANISMO DIASTROFICO | 586, 756520|Q77.6|ELLIS VAN CREVELD (CHONDROECTODERMAL DYSPLASIA) | 587, 756580|Q77.7|SPONDYLOEPIPHYSEAL DYSPLASIA | 588, 759890|Q77.8|ACRODYSOSTOSIS | 589, 75640|Q77.8|KNIEST DYSPLASIA | 590, 756442|Q77.80|METATROPIC DWARFISM | 591, 759890|Q77.81|METAPHYSEAL CHONDRODYSPLASIA | 592, 756500|Q78.0|OSTEOGENESI IMPERFECTA | 593, 756500|Q78.00|OSTEOGENESI IMPERFECTA CONGENITA | 594, 756512|Q78.1|MCCUNE-ALBRIGHT SYNDROME (POLYOSTOTIC DYSPLASIA) | 595, 756540|Q78.2|ALBERS-SCHONBERG SYNDROME (OSTEOPETROSIS) | 596, 756551|Q78.3|CAMURATI-ENGELMAN DISEASE (DIAPHYSEAL DYSPLASIA) | 597, 759890|Q78.4|ENCHONDROMATOSIS | 598, 759890|Q78.5|METAPHYSEAL DYSPLASIA, PYLE'S SYNDROME | 599, 756470|Q78.6|ESOSTOSI MULTIPLE CONGENITE | 600, 759890|Q78.6|DIAPHYSEAL ACLASIA | 601, 756490|Q78.8|DISPLASIA SCHELETRICA DIAGNOSI PRENATALE | 602, 756490|Q78.9|DISPLASIA SCELETRICA NOS LATE DIAGNOSIS | 603, 756490|Q78.9|DISPLASIA SCHELETRICA NOS | 604, 756421|Q78.40|MAFFUCCI SYNDROME | 605, 756410|Q78.48|OSTEOCHONDROMATOSIS SYNDROME, DYSCHONDROPLASIA, OLLIER | 606, 759890|Q78.80|OSTEOPOIKILOSIS | 607, 756610|Q79.0|ERNIA DIAFRAMMATICA | 608, 756600|Q79.11|ASSENZA EMIDIAFRAMMA | 609, 756600|Q79.12|ASSENZA COMPLETA DIAFRAMMA | 610, 756700|Q79.2|ONFALOCELE | 611, 756710|Q79.3|GASTROSCHISI | 612, 756720|Q79.4|PRUNE BELLY SEQUENCE | 613, 756790|Q79.5|ALRTI DIFETTI PARETE ADDOMINALE | 614, 756790|Q79.5|LIMB BODY WALL COMPLEX OR BODY STALK  specificare malf | 615, 756850|Q79.6|EHLERS-DANLOS SYNDROME | 616, 756885|Q79.8|POPLITEAL PTERYGIUM SYNDROME | 617, 762800|Q79.80|BANDE AMNIOTICHE | 618, 756810|Q79.81|ASSENZA DI UN MUSCOLO | 619, 756800|Q79.82|SINDROME DI POLAND | 620, 757180|Q80.3|BCIE Congenital bullous ichthyosiform erythroderma | 621, 757100|Q80.4|ARLECCHINO SINDROME | 622, 757190|Q80.9|ITTIOSI NOS | 623, 757380|Q81.1|HERLITZ SYNDROME (EPIDERMOLYSIS BULLOSA) EPIDERMOLISI BOLLOSA | 624, 757350|Q82.3|INCONTINENTIA PIGMENTI | 625, 757340|Q82.4|DISPLASIA ECTODERMICA | 626, 757380|Q82.5|NEVE DERMICO GIGANTE | 627, 757380|Q82.5|NEVI MULTIPLI | 628, 757380|Q82.5|NEVO PIGMENTATO | 629, 757380|Q82.50|NEVO FLAMMEO | 630, 757380|Q82.58|ALTRI NEVI CONGENITI | 631, 757300|Q82.8|ALTRE ANOMALIE CUTE SPECIFICATE | 632, 757300|Q82.8|DERMOPATIA RESTRITTIVA | 633, 757303|Q82.8|ROTHMUND-THOMPSON SYNDROME | 634, 757390|Q82.80|ANOMALIE DEL SOLCO PALMARE | 635, 757310|Q82.81|APPENDICE CUTANEA minor | 636, 757398|Q82.9|MALFORMAZIONE DELLA CUTE NOS | 637, 757650|Q83.3|CAPEZZOLO SOVRANNUMERARIO | 638, 757480|Q84.2|CIUFFO CAPELLI BIANCHI | 639, 757500|Q84.3|ASSENZA UNGHIE MANI O PIEDI | 640, 757398|Q84.8|CUTIS MARMORATA CONGENITA | 641, 757390|Q84.80|APLASIA CUTIS | 642, 237700|Q85.0|NF 1 | 643, 759500|Q85.1|SCLEROSI TUBEROSA | 644, 759600|Q85.80|PEUTZ-JEGHERS SYNDROME | 645, 759611|Q85.81|STURGE WEBER | 646, 757390|Q85.82|VON HIPPEL LINDAU (ANGIOMATOSIS RETINAE) | 647, 759630|Q85.83|GARDNER SYNDROME | 648, 760710|Q86.0|FETAL ALCOHOL SYNDROME | 649, 759890|Q86.1|FETAL HYDANTOIN SYNDROME | 650, 759890|Q86.2|FETAL WARFARIN SYNDROME | 651, 760703|Q86.80|FETAL VALPROATE SINDROME | 652, 759890|Q86.82|FETAL THALIDOMIDE SYNDROME | 653, 759890|Q87.0|MOWAT WILSON | 654, 759890|Q87.0|Congenital malformation syndromes predominantly affecting facial appearance | 655, 755501|Q87.00|ACROCEPHALOPOLYSYNDACTYLY ALL TYPES | 656, 755500|Q87.01|APERT'S SYNDROME | 657, 759892|Q87.02|FRASERS;Quinta malformazione diagnosticata (ICD-9-CM).
malfo6;patol6;0;0;Mapping diretto;SDO;1, 212700|D15.1|RABDIOMIOMI CARDIACI MULTIPLI | 2, 228000|D18.0|ANGIOMA | 3, 228000|D18.0|ANGIOMI MULTIPLI | 4, 228000|D18.00|ANGIOMA CAPILLARE | 5, 228000|D18.01|ANGIOMA CAVERNOSO | 6, 228000|D18.02|ANGIOMA MISTO | 7, 228100|D18.1|LINFANGIOMA qualsiasi sede | 8, 228100|D18.10|EDEMA NUCALE | 9, 228100|D18.10|IGROMA CISTICO | 10, 238000|D21.5|TERATOMA SACROCOCCIGEO | 11, 215800|D21.9|FIBROLIPOMA SACRALE | 12, 237000|D43.7|NEOPLASIA NEUROBLASTICA PERINEALE | 13, 237900|D43.7|TERATOMA CEREBRALE | 14, 270020|D61.00|ANEMIA DI FANCONI | 15, 279110|D82.0|WISCOTT-ALDRICH | 16, 279100|D82.1|DIGEORGE VELOCARDIOFACIAL SYNDROME | 17, 243990|E03.0|IPOTIROIDISMO CONGENITO con gozzo | 18, 243990|E03.1|IPOTIROIDISMO CONGENITO senza gozzo | 19, 255200|E25.0|SINDROME ADRENOGENITALE | 20, 257800|E34.5|MORRIS SYNDROME insensibilità agli androgeni | 21, 775800|E70.22|TIROSINEMIA | 22, 270200|E70.3|ALBINISMO OCULOCUTANEO | 23, 759804|E70.30|WAARDENBURG'S SYNDROME | 24, 270600|E72.21|ARGININ SUCCINICO ACIDURIA | 25, 275310|E83.32|IPOFOSFATASIA | 26, 275390|E83.39|DEFICIT METABOLICO DELLE FOSFATASI | 27, 351000|G51.0|PARALISI FACIALE | 28, 351000|G51.00|PARALISI FACIALE UNILATERALE | 29, 359200|G71.11|DISTROFIA MIOTONICA | 30, 425300|I42.4|FIBROELASTOSI ENDOCARDICA | 31, 523800|K06.1|EPULIDE | 32, 524030|K07.00|MICROGNAZIA SEVERA, RETROMICROGNAZIA | 33, 275400|N29.80|NEFROCALCINOSI RENALE BIL | 34, 761200|P01.2|ANIDRAMNIOS | 35, 761200|P01.2|OLIGODRAMNIOS | 36, 761300|P01.3|POLIDRAMNIOS | 37, 762300|P02.3|TRASFUSIONE FETO FETALE | 38, 764900|P05.1|IUGR GRAVE | 39, 764900|P05.1|RITARDO DI CRESCITA/IUGR | 40, 764900|P05.9|RITARDO DI CRESCITA/IUGR NOS | 41, 771000|P35.0|ROSOLIA CONGENITA | 42, 771100|P35.1|CITOMEGALOVIRUS | 43, 771100|P35.1|INFEZIONE CONGENITA DA CMV | 44, 771210|P37.1|TOXOPLASMOSIS | 45, 771290|P37.9|INFEZIONE INTRAUTERINA NOS | 46, 771890|P39.2|INFEZIONE FETO PLACENTARE | 47, 760750|P70.1|DIABETE MATERNO | 48, 778000|P83.2|IDROPE FETALE non emolitica | 49, 778030|P83.3|ASCITE | 50, 778020|P83.3|IDROTORACE | 51, 779820|P94.2|IPOTONIA | 52, 740000|Q00.00|ACRANIA/ANENCEFALIA | 53, 740000|Q00.01|ACRANIA/ANENCEFALIA incomplete | 54, 740100|Q00.1|craniorachischisi | 55, 740200|Q00.2|INIENCEFALIA | 56, 742000|Q01.2|ENCEFALOCELE OCCIPITALE | 57, 742080|Q01.0|ENCEFALOCELE FRONTALE | 58, 742080|Q01.1|ENCEFALOCELE NASOFRONTALE | 59, 742080|Q01.8|ENCEFALOCELE ALTRE SEDI SPECIFICATE | 60, 742080|Q01.80|ENCEFALOCELE PARIETALE | 61, 742080|Q01.81|ENCEFALOCELE ORBITALE | 62, 742090|Q01.9|ENCEFALOCELE NOS | 63, 742100|Q02|MICROCEFALIA | 64, 742300|Q03|IDROCEFALO CONGENITO | 65, 742300|Q03.0|IDROCEFALO CON ANOMALIA DI SYLVUS | 66, 742310|Q03.1|DANDY WALKER SYNDROME, atresia dei forami di Luschka e Magendie | 67, 742310|Q03.1|DANDY WALKER VARIANT | 68, 742398|Q03.8|altri idrocefali congeniti | 69, 742390|Q03.9|IDROCEFALO CONGENITO NOS | 70, 742390|Q03.9|VENTRICOLOMEGALIA SEVERA | 71, 742210|Q04.0|ANOMALIA CORPO CALLOSO (IPOPLASIA , AGENESIA O DISPLASIA) | 72, 742210|Q04.00|AGENESIA CORPO CALLOSO | 73, 742260|Q04.1|ARINENCEFALIA | 74, 742260|Q04.2|OLOPROSENCEFALIA | 75, 742260|Q04.2|OLOPROSENCEFALIA LOBARE | 76, 742260|Q04.2|OLOPROSENCEFALIA SEMILOBARE | 77, 759890|Q04.3|MILLER-DIEKER SYNDROME | 78, 742200|Q04.30|IPOPLASIA CEREBRALE (anomalie di riduzione del cervello) | 79, 742230|Q04.32|ANOMALIA/IPOPLASIA  CEREBELLARE (anomalie di riduzione del cervelletto) | 80, 742240|Q04.33|AGIRIA/LISSENCEFALIA | 81, 742250|Q04.34|POLI-MICROGIRIA PACHIGIRIA | 82, 742320|Q04.35|IDRANENCEFALIA | 83, 742480|Q04.4|DISPLASIA SETTO-OTTICA | 84, 742400|Q04.5|MEGAENCEFALIA, EMIMEGAENCEFALIA | 85, 742480|Q04.6|CISTI CEREBRALI CONGENITE, PORENCEFALIA | 86, 742480|Q04.60|CISTI CEREBRALI CONGENITE MULTIPLE | 87, 742480|Q04.61|CISTI CEREBRALE CONGENITE SINGOLA | 88, 742480|Q04.8|ALTRE MALF SPECIFICATE DEL CERVELLO | 89, 742480|Q04.8|MACROGIRIA | 90, 742280|Q04.8|ANOMALIA DELLA GIRAZIONI | 91, 742900|Q04.9|ANOMALIE CEREBRALE NOS | 92, 742280|Q04.9|MALFORMAZIONE CEREBRALE NOS | 93, 741000|Q05.01|spina bifida, cervicale, con idrocefalo, aperta | 94, 741030|Q05.02|spina bifida, cervicale, con idrocefalo, chiusa | 95, 741080|Q05.09|spina bifida, cervicale, con idrocefalo, non noto se aperta | 96, 741000|Q05.11|spina bifida, toracica, con idrocefalo, aperta | 97, 741040|Q05.12|spina bifida, toracica, con idrocefalo, chiusa | 98, 741080|Q05.19|spina bifida, toracica, con idrocefalo, non note se aperta | 99, 741000|Q05.21|spina bifida, lombare, con idrocefalo, aperta | 100, 741050|Q05.22|spina bifida, lombare, con idrocefalo, chiusa | 101, 741080|Q05.29|spina bifida, lombare, con idrocefalo, non noto se aperta | 102, 741000|Q05.31|spina bifida, sacrale, con idrocefalo, aperta | 103, 741060|Q05.32|spina bifida, sacrale, con idrocefalo, chiusa | 104, 741080|Q05.39|spina bifida, sacrale, con idrocefalo, non noto se aperta | 105, 741000|Q05.41|spina bifida, sede NOS, con idrocefalo, aperta | 106, 741020|Q05.42|spina bifida, sede NOS, con idrocefalo, chiusa | 107, 741090|Q05.49|spina bifida, sede NOS, con idrocefalo, non noto se aperto | 108, 741900|Q05.51|spina bifida, cervicale, idrocefalo NOS, aperta | 109, 741910|Q05.52|spina bifida, cervicale, idrocefalo NOS, chiusa | 110, 741980|Q05.59|spina bifida, cervicale, idrocefalo NOS, non noto se aperta | 111, 741900|Q05.61|spina bifida, toracica, idrocefalo NOS, aperta | 112, 741920|Q05.62|spina bifida, toracica, idrocefalo NOS, chiusa | 113, 741980|Q05.69|spina bifida, toracica, idrocefalo NOS, NON NOTO SE APERTA | 114, 741900|Q05.71|spina bifida, lombare, idrocefalo NOS, aperta | 115, 741930|Q05.72|spina bifida, lombare, idrocefalo NOS, chiusa | 116, 741980|Q05.79|spina bifida, lombare, idrocefalo NOS, non noto se aperta | 117, 741940|Q05.82|spina bifida, sacrale, idrocefalo NOS, chiusa | 118, 741980|Q05.89|spina bifida, sacrale, idrocefalo NOS, non noto se aperta | 119, 741000|Q05.9|SPINA BIFIDA NOS | 120, 741990|Q05.9|MIELOMENINGOCELE NOS | 121, 741900|Q05.91|spina bifida, sede NOS, idrocefalo NOS, aperta | 122, 741990|Q05.92|spina bifida, sede NOS, idrocefalo NOS, chiusa | 123, 741990|Q05.99|spina bifida, sede NOS, idrocefalo NOS, non noto se aperto | 124, 741900|Q05.81|spina bifida, sacrale, idrocefalo NOS, aperta | 125, 742500|Q06.0|AMELIA | 126, 742510|Q06.1|MIELODISPLASIA, IPOPLASIA E DISPLASIA DEL MIDOLLO SPINALE | 127, 742520|Q06.2|DIASTEMATOMIELIA | 128, 742530|Q06.3|ALTRE MALF CAUDA EQUINA | 129, 742540|Q06.4|IDROMIELIA | 130, 742880|Q07.0|ARNOLD CHIARI | 131, 742800|Q07.8|ALTRE MALF SPECIFICATE DEL SISTEMA NERVOSO PERIFERICO | 132, 742800|Q07.80|MARCUS GUNN'S SYNDROME | 133, 743600|Q10.0|PTOSI CONGENITA | 134, 74360|Q10.0|BLEPHAROPHIMOSIS-PTOSIS SYNDROME | 135, 743630|Q10.3|ASSENZA PALPEBRE MONO O BI, ASSENZA CILIA, COLOBOMA PALPEBRA | 136, 743630|Q10.3|BLEFAROFIMOSI BILAT | 137, 743000|Q11.1|ANOFTHALMO | 138, 743100|Q11.2|LENZ MICROPHTHALMOS SYNDROME | 139, 743100|Q11.2|MICROFTALMIA | 140, 743210|Q11.3|MACROFTALMIA | 141, 743320|Q12.0|CATARATTA MONO O BILATERALE | 142, 743340|Q12.2|COLOBOMA DELLA LENTE | 143, 743300|Q12.3|ASSENZA DELLA LENTE, AFACHIA | 144, 743310|Q12.8|ALTRE ANOMALIE DEL CRISTALLINO | 145, 743430|Q13.0|COLOBOMA DELL'IRIDE | 146, 743420|Q13.1|ANIRIDIA | 147, 743420|Q13.1|ANIRIDIA -WILMS TUMOUR, SYNDROME WAGR | 148, 743400|Q13.3|OPACITA CONGENITA DELLA CORNEA | 149, 743520|Q14.2|COLOBOMA DISCO OTTICO | 150, 743200|Q15.0|GLAUCOMA CONGENITO | 151, 743220|Q15.00|MEGALOCORNEA | 152, 743900|Q15.8|LINFANGIOMA CISTICO OCCHIO SINISTRA | 153, 743900|Q15.8|ALTRE ANOMALIE SPECIFICATE DELL'OCCHIO | 154, 744010|Q16.0|AGENESIA PADIGLIONE AURICOLARE MONO, ANOTIA | 155, 744000|Q16.1|ASSENZA O STENOSI DEL CONDOTTO UDITIVO ESTERNO | 156, 744020|Q16.4|ANOMALIE DEL ORECCHIO MEDIO | 157, 744030|Q16.5|AGENESIA O ANOMALIA CANALI SEMICIRCOLARI | 158, 744090|Q16.9|ORECCHIO MALFORMATO CON PERDITA DI UDITO | 159, 744110|Q17.0|APPENDICI PREAURICOLARI | 160, 74410|Q17.0|PADIGLIONE AURICOLARE ACCESORIO | 161, 744210|Q17.2|MICROTIA | 162, 744230|Q17.3|MALFORMAZIONE ORECCHIO | 163, 744240|Q17.4|ORECCHIE BASSO IMPIANTO | 164, 744230|Q17.8|LOBO ORECCHIO FISSURATO | 165, 759890|Q17.8|MELNICK-FRASER SYNDROME, Branchiootorenal syndrome, SINDROME BOR | 166, 744300|Q17.9|MALFORMAZIONE ORECCHIE NOS | 167, 744280|Q18.1|SENO PREAURICOLARE | 168, 744400|Q18.0|RESIDUI BRANCHIALI | 169, 744480|Q18.2|ALTRE ANOMALIE DEGLI ARCHI BRANCHIALI | 170, 744800|Q18.4|MACROSTOMIA | 171, 744810|Q18.5|MICROSTOMIA | 172, 744500|Q18.3|PTERIGIUM COLLI | 173, 744910|Q18.9|DISFORMISMI FACCIALI | 174, 745000|Q20.0|TRONCO ARTERIOSO COMUNE | 175, 745110|Q20.1|DORV, VENTRICOLO DESTRO A DOPPIA USCITA | 176, 745100|Q20.3|TGV, TRASPOSIZIONE DEI GROSSI VASI | 177, 745300|Q20.4|CUORE UNIVENTRICOLARE | 178, 759890|Q20.6|IVEMARK SYNDROME | 179, 759380|Q20.6|ISOMERISMO ATRIALE  CON ASPLENIA O POLISPLENIA | 180, 745449|Q21.0|DIV INFUNDIBOLARE /SOPRA CRESTALE | 181, 745482|Q21.0|DIV MULTIPLO MEDIO DIMENSIONE | 182, 745481|Q21.0|DIV MULTIPLO PICCOLO  DIMENSIONE (< 3MM) | 183, 745459|Q21.0|DIV MUSCOLARE DIMENSIONE SCONOSCIUTA | 184, 745453|Q21.0|DIV MUSCOLARE GRANDE DIMENSIONE (>5MM) | 185, 745452|Q21.0|DIV MUSCOLARE MEDIO DIMENSIONE (3-5MM) | 186, 745489|Q21.0|DIV MUSCOLARE MULTIPLI DIMENSIONE SCONOSCIUTA | 187, 745451|Q21.0|DIV MUSCOLARE PICCOLO  DIMENSIONE (< 3MM) | 188, 745449|Q21.0|DIV PERIMEMBRANOSO DIMENSIONE SCONOSCIUTA | 189, 745443|Q21.0|DIV PERIMEMBRANOSO GRANDE DIMENSIONE (>5MM) | 190, 745442|Q21.0|DIV PERIMEMBRANOSO MEDIO DIMENSIONE (3-5MM) | 191, 745441|Q21.0|DIV PERIMEMBRANOSO PICCOLO DIMENSIONE (<3MM) | 192, 745499|Q21.0|DIV SEDE SCONOSCIUTA DIMENSIONE SCONOSCIUTA | 193, 745493|Q21.0|DIV SEDE SCONOSCIUTA GRANDE DIMENSIONE (>5MM) | 194, 745492|Q21.0|DIV SEDE SCONOSCIUTA MEDIO DIMENSIONE (3-5MM) | 195, 745491|Q21.0|DIV SEDE SCONOSCIUTA PICCOLO  DIMENSIONE (< 3MM) | 196, 745439|Q21.0|DIV SUBAORTICO DIMENSIONE SCONOSCIUTA | 197, 745433|Q21.0|DIV SUBAORTICO GRANDE DIMENSIONE (>5MM) | 198, 745432|Q21.0|DIV SUBAORTICO MEDIO DIMENSIONE (3-5MM) | 199, 745431|Q21.0|DIV SUBAORTICO PICCOLO DIMENSIONE (<3MM) | 200, 745500|Q21.1|DIA | 201, 745510|Q21.10|DIA OSTIUM SECONDUM | 202, 745500|Q21.11|FORAME OVALE PERVIO | 203, 745610|Q21.15|ATRIO UNICO, COR TRILOCULARE BIVENTRICOLARE | 204, 745580|Q21.18|ANEURISMA SETTO INTERATRIALE | 205, 745600|Q21.20|DIFETTO CUSCINETTO ENDOCARDICI, OSTIUM PRIMUM | 206, 745630|Q21.21|CANALE ATRIOVENTRICOLARE UNICO, CAV | 207, 745620|Q21.21|DIFETTO DEL SETTO TIPO CANALE ATRIOVENTRICOLARE UNICO | 208, 745200|Q21.3|TETRALOGIA DI FALLOT | 209, 745210|Q21.82|PENTALOGIA DI FALLOT (+ DIA) | 210, 745680|Q21.4|FINESTRA AORTO POLMONARE | 211, 746000|Q22.0|ATRESIA  VALVOLA POLMOMARE | 212, 746010|Q22.1|STENOSI VALVOLARE POLMONARE | 213, 746020|Q22.2|INSUFFICIENZA VALVOLA PULMONARE | 214, 746080|Q22.3|ALTRE MALF VALVOLARE POLMONARE | 215, 746080|Q22.3|DISPLASIA O IPOPLASIA VALVOLARE POLMONARE | 216, 746080|Q22.3|VALVOLA POLMONARE BICUSPIDE | 217, 746110|Q22.4|ATRESIA O STENOSI TRICUSPIDE | 218, 746200|Q22.5|MALFORMAZIONE DI EBSTEIN | 219, 746790|Q22.6|CUORE DESTRO IPOPLASICO | 220, 746880|Q22.8|ALTRA ANOMALIA TRICUSPIDALE | 221, 746113|Q22.8|INSUFFICIENZA TRICUSPIDE | 222, 746300|Q23.0|STENOSI O ATRESIA VALVOLA AORTICA | 223, 746400|Q23.1|INSUFFICIENZA AORTICA | 224, 746420|Q23.10|AORTA BICUSPIDE | 225, 746420|Q23.10|VALVOLA AORTICA BICUSPIDE | 226, 746500|Q23.2|ATRESIA O STENOSI MITRALE | 227, 746600|Q23.3|INSUFFICIENZA MITRALICA | 228, 746700|Q23.4|CUORE SN IPOPLASICO | 229, 746880|Q23.8|ALTRE ANOMALIE AORTICA/MITRALICA | 230, 746480|Q23.8|VALVOLA AORTICA DISPLASICA | 231, 746800|Q24.0|DESTROCARDIA ISOLATA | 232, 746820|Q24.2|COR TRIATRIATUM | 233, 746880|Q24.5|ANOMALIE DELLE CORONARIE | 234, 746870|Q24.6|BLOCCO CARDIACO | 235, 746880|Q24.8|ALTRE MALFORMAZIONI CARDIACHE SPECIFICATE | 236, 746860|Q24.8|CARDIOMEGALIA | 237, 746880|Q24.8|ECTOPIA CORDIS | 238, 746880|Q24.8|TRILOGIA DI FALLOT | 239, 746880|Q24.9|ALTRE MALFORMAZIONI CARDIACHE NOS | 240, 747000|Q25.0|PDA | 241, 747190|Q25.1|COARTAZIONE  AORTICA | 242, 747100|Q25.10|COARTAZIONE  AORTICA PREDUTTALE | 243, 747110|Q25.11|COARTAZIONE AORTICA POST DUTTALE | 244, 747190|Q25.19|COARTAZIONE  AORTICA NOS | 245, 747280|Q25.2|INTERRUZIONE ARCO AORTICO, ATRESIA AORTA | 246, 747280|Q25.3|STENOSI AORTA | 247, 747210|Q25.40|IPOPLASIA AORTA | 248, 747230|Q25.41|PERSISTENZA DELL'ARCO AORTICO DESTRO | 249, 747260|Q25.42|overriding aorta | 250, 747250|Q25.44|DOPPIO ARCO AORTICO | 251, 747310|Q25.5|ATRESIA ARTERIA POLMONARE | 252, 747320|Q25.6|STENOSI ARTERIA POLMONARE | 253, 747380|Q25.8|ALTRE MALFORMAZIONI DELLE GRANDI ARTERIE | 254, 747400|Q26.0|STENOSI CONGENITA DELLA VENA CAVA SUP O INF | 255, 747410|Q26.1|PERSISTENZA VENA CAVA SUPERIORE SX | 256, 747420|Q26.2|RITORNO VENOSO POLMOMARE ANOMALO TOTALE | 257, 747430|Q26.3|RITORNO VENOSO POLMONARE ANOMALO PARZIALE | 258, 747880|Q26.8|ALTRE MALFORMAZIONI CONGENITE DELLE GRANDI VENE, ASSENZA VENA CAVA SUP/INF, AZYGOS CONTINUATION | 259, 747600|Q27.1|STENOSI CONGENITA DELL'ARTERIA RENALE | 260, 747500|Q27.0|ARTERIA OMBELICALE UNICA | 261, 747610|Q27.2|ANOMALIA ARTERIA RENALE | 262, 747620|Q27.3|MALFORMAZIONI ARTEROVENOSE PERIFERICHE (MAV) | 263, 747680|Q27.8|ALTRE MALFORMAZIONE SISTEMA VASCOLARE PERIFERICO | 264, 747680|Q27.8|FISTOLA VENO-VENOSO EPATICA | 265, 747810|Q28.0|MALFORMAZIONI ARTEROVENOSE VASI PRE CEREBRALI (MAV) | 266, 747810|Q28.2|MALFORMAZIONI ARTEROVENOSE VASI CEREBRALI  (MAV) | 267, 747810|Q28.2|ANEURISMA DELLA VENA DI GALENO | 268, 747810|Q28.3|ALTRE MALFORMAZIONI VASI CEREBRALI | 269, 747800|Q28.3|ARTERIOPATIA CALCIFICA IDIOPATICA VASI CEREBRALI | 270, 747880|Q28.8|ALTRE MALFORMAZIONI SISTEMA CIRCOLATORIO | 271, 748000|Q30.0|ATRESIA DELLE COANE | 272, 759890|Q87.8|CHARGE | 273, 748000|Q30.0|STENOSI DELLE COANE | 274, 748100|Q30.1|AGENESIA O IPOSVILUPPO DEL NASO | 275, 748100|Q30.1|IPOPLASIA DEL NASO | 276, 748120|Q30.2|SCHISI NARICE | 277, 748180|Q30.8|ALTRE MALFORMAZIONI NASO SPECIFICATE | 278, 748180|Q30.8|ASSENZA DELLA NARICE, CAVITA NASALE UNICA | 279, 748190|Q30.9|ALTRE MALFORMAZIONI NASO NOS | 280, 748200|Q31.0|WEB LARINGEO | 281, 748300|Q31.8|AGENESIA/ATRESIA LARINGE | 282, 748300|Q31.80|CLEFT LARINGE | 283, 748320|Q32.0|TRACHEOMALACIA | 284, 748330|Q32.1|ATRESIA TRACHEALE | 285, 748330|Q32.11|CLEFT TRACHEO ESOFAGEO | 286, 748400|Q33.0|CISTI POLMONARE | 287, 74841|Q33.01|POLMONE POLICISTICO | 288, 748620|Q33.1|LOBO POMONARE ACCESSORIO | 289, 748520|Q33.2|SEQUESTRO POLMONARE | 290, 748500|Q33.3|AGENESIA DEL POLMONE O LOBO POLMONARE | 291, 748500|Q33.6|IPOPLASIA O DISPLASIA DEL POLMONE | 292, 748480|Q33.80|ADENOMATOIDE CISTICA POLMONARE | 293, 748880|Q34.80|LINFOANGECTASIE POLMONARE | 294, 749000|Q35.1|SCHISI PALATO DURO MONOLAERALE completo/incompleto (sottomucoso) lato | 295, 749010|Q35.1|SCHISI PALATO DURO BILATERALE completo/incompleto (sottomucoso) | 296, 749020|Q35.1|SCHISI PALATO DURO CENTRALE completo/incompleto (sottomucoso) | 297, 749030|Q35.1|SCHISI PALATO DURO NOS | 298, 749040|Q35.3|SCHISI PALATO MOLLE MONOLATERALE completo/incompleto (sottomucoso) lato | 299, 749050|Q35.3|SCHISI PALATO MOLLE BILATERALE completo/incompleto (sottomucoso) | 300, 749060|Q35.3|SCHISI PALATO MOLLE CENTRALE completo/incompleto (sottomucoso) | 301, 749070|Q35.3|SCHISI PALATO MOLLE NOS | 302, 749090|Q35.5|SCHISI PALATO DURO E MOLLE spec se completo/incompleto (sottomucoso) mono/bi | 303, 749080|Q35.7|UGOLA BIFIDA | 304, 749090|Q35.9|PALATOSCHISI NOS | 305, 749110|Q36.0|LABIOSCHISI BILATERALE (specifica se labbro e anche gengiva) | 306, 749120|Q36.1|LABIOSCHISI CENTRALE (specifica se labbro e anche gengiva) | 307, 749100|Q36.90|LABIOSCHISI MONOLATERALE specifiica lato (specifica se labbro e anche gengiva) | 308, 749190|Q36.99|LABIOSCHISI NOS | 309, 749210|Q37.0|SCHISI PALATO DURO E LABIOSCHISI BILATERALI | 310, 749200|Q37.1|SCHISI PALATO DURO E LABIOSCHISI MONOLATERALE | 311, 749200|Q37.2|SCHISI PALATO MOLLE E LABIOSCHISI BILATERALI | 312, 749201|Q37.3|SCHISI PALATO MOLLE E LABIOSCHISI MONOLATERALE | 313, 749210|Q37.4|LABIOPALATOSCHISI BILATERALE DURO+MOLLE | 314, 749210|Q37.5|LABIOPALATOSCHISI UNILATERALI DURO+MOLLE | 315, 749200|Q37.9|LABIOSCHISI MONOLATERALE CON PALATOSCHISI NON SPECIFATO | 316, 749210|Q37.8|LABIOSCHISI BILATERALE CON PALATOSCHISI NON SPECIFATO | 317, 750270|Q38.0|ALTRE ANOMALIE DELLE LABBRA | 318, 750270|Q38.0|PIT DELLE LABBRA in sindrome di Van Der Woude | 319, 750120|Q38.2|MACROGLOSSIA | 320, 750180|Q38.3|ALTRE MALFORMAZIONI DELLA LINGUA | 321, 750180|Q38.3|LINGUA BIFIDA | 322, 750010|Q38.30|ASSENZA DELLA LINGUA | 323, 750280|Q38.6|ALTRE MALFORMAZIONI DELLA BOCCA SPECIFICATE | 324, 750200|Q38.7|TASCA FARINGEA | 325, 759890|Q87.8|SINDROME DI VAN DER WOUDE | 326, 750300|Q39.0|ATRESIA ESOFAGEA SENZA FISTOLA O NOS | 327, 750310|Q39.1|ATRESIA ESOFAGEA CON FISTOLA | 328, 750320|Q39.2|FISTOLA TRACHEO ESOFAGEA | 329, 750320|Q39.20|FISTOLA BRONCO ESOFAGEA | 330, 750340|Q39.3|STENOSI ESOFAGEA | 331, 750350|Q39.4|MEMBRANA ESOFAGEA | 332, 750430|Q39.80|DUPLICAZIONE ESOFAGEA | 333, 750510|Q40.0|STENOSI DEL PILORO | 334, 750700|Q40.2|MALFORMAZIONE DELLO STOMACO SPECIFICATA | 335, 750920|Q40.3|MALFORMAZIONE DELLO STOMACO NOS | 336, 750800|Q40.8|AGENESIA DELLO STOMACO | 337, 750800|Q40.8|ALTRE MALFORMAZIONI SPECIFICATE DEL TRATTO GASTROINTESTINALE SUPERIORE | 338, 750780|Q40.9|ALTRE MALFORMAZIONI DEL TRATTO GASTROINTESTINALE SUPERIORE NOS | 339, 751100|Q41.0|ATRESIA O STENOSI DUODENALE | 340, 751110|Q41.1|ATRESIA O STENOSI DIGIUNALE | 341, 751120|Q41.2|ATRESIA O STENOSI  ILEALE | 342, 751120|Q41.8|ARTESIA O STENOSI INTESTINO TENUE SINGOLA O MULTIPLE | 343, 751120|Q41.9|ARTESIA O STENOSI INTESTINO TENUE NOS | 344, 751110|Q41.1|APPLE PEEL SYNDROME | 345, 751210|Q42.0|ATRESIA  ASSENZA O STENOSI RETTO CON FISTOLA | 346, 751210|Q42.00|ATRESIA O STENOSI RETTO CON FISTOLA RETTO URETRALE | 347, 751210|Q42.01|ATRESIA O STENOSI RETTO CON FISTOLA RETTOVESCICALE | 348, 751210|Q42.02|ATRESIA O STENOSI RETTO CON FISTOLA RETTOVULVARE | 349, 751210|Q42.03|ATRESIA O STENOSI RETTO CON FISTOLA RETTOCUTANEA | 350, 751210|Q42.04|ATRESIA O STENOSI RETTO CON FISTOLA RETTOCLOACALE | 351, 751220|Q42.1|ATRESIA O STENOSI RETTO SENZA FISTOLA, RETTO IMPERFORATO | 352, 751230|Q42.2|ATRESIA O STENOSI ANALE CON FISTOLA | 353, 751230|Q42.21|ATRESIA ANALE CON FISTOLA ANOVESTIBOLARE | 354, 751230|Q42.20|ATRESIA ANALE CON FISTOLA ANOCUTANEA | 355, 751240|Q42.3|ATRESIA O STENOSI  ANALE  SENZA FISTOLA, | 356, 751200|Q42.8|ATRESIA O ASSENZA DI ALTRE PARTE DELL'INTESTINO CRASSO | 357, 751200|Q42.9|ATRESIA DEL COLON | 358, 751010|Q43.0|DIVERTICOLO DI MECKEL | 359, 751300|Q43.1|HIRSCHPRUNG DISEASE | 360, 751410|Q43.3|ANOMALIE DELLA FISSAZIONE | 361, 751400|Q43.30|MALROTAZIONE DEL COLON | 362, 751420|Q43.31|BANDE DI LADD | 363, 751500|Q43.4|DUPLICAZIONE INTESTINALE | 364, 751530|Q43.5|ANO ECTOPICO | 365, 751540|Q43.6|FISTOLA RETTO E ANO | 366, 751550|Q43.7|PERSISTENZA DELLA CLOACA | 367, 751580|Q43.8|ALTRE MALFORMAZIONE INTESTINO SPECIFICATO | 368, 751520|Q43.80|MICROCOLON | 369, 751630|Q44.0|IPOPLASIA/AGENESIA COLECISTI | 370, 751650|Q44.2|ATRESIA DOTTI BILIARI INTRAEPATICI | 371, 751670|Q44.5|CONGENITAL MALF OF BILE DUCTS | 372, 751610|Q44.6|MALATTIA CISTICA DEL FEGATO | 373, 751600|Q44.7|ANGIOMA EPATICO | 374, 751600|Q44.70|ASSENZA TOTALE O PARZIALE DEL FEGATO | 375, 751670|Q44.71|ALAGILLE SYNDROME | 376, 752000|Q50.0|AGENESIA OVAIE | 377, 752000|Q50.00|AGENESIA OVAIE MONOLATERALE | 378, 752000|Q50.01|AGENESIA OVAIE BILATERALE | 379, 752080|Q50.11|CISTI OVARICA MULTIPLA | 380, 752080|Q50.3|ALTRE MALFORMAZIONI OVAIO | 381, 752300|Q51.0|AGENESIA APLASIA UTERO | 382, 752380|Q51.1|DOPPIO UTERO | 383, 752380|Q51.5|UTERO BICORNE | 384, 752480|Q51.8|KAUFMAN-MCKUSICK SYNDROME | 385, 752488|Q51.8|ROKITANSKY | 386, 752480|Q51.8|MURCS SYNDROME/ ASSOCIATION, known as Mayer-Rokitansky-Ku?ster-Hauser (MRKH) syndrome type 2 | 387, 752430|Q52.1|VAGINA SETTATA | 388, 752420|Q52.2|FISTOLA RETTO VAGINALE | 389, 752430|Q52.3|IMENE IMPERFORATO | 390, 752458|Q52.6|MALFORMAZIONI CLITORIDE | 391, 752458|Q52.8|ALTRE MALFORMAZIONI GENITALI FEMMINILI | 392, 752510|Q53.2|CRIPTORCHIDISMO BIL | 393, 752510|Q53.1|CRIPTORCHIDISMO MONO | 394, 752601|Q54.0|IPOSPADIA I | 395, 752602|Q54.1|IPOSPADIA II | 396, 752603|Q54.2|IPOSPADIA III PENOSCROTALE | 397, 752603|Q54.3|IPOSPADIA III PERINEALE | 398, 752620|Q54.4|CORDA CONGENITA O CORDA PENIS | 399, 752609|Q54.9|IPOSPADIA NOS | 400, 752820|Q55.2|ALTRE MALFORMAZIONI DELLO SCROTO E DEI TESTICOLI | 401, 752820|Q55.21|SCROTO BIFIDO | 402, 752850|Q55.5|ASSENZA APLASIA DEL PENE | 403, 752860|Q55.6|IPOPLASIA ASTA PENIENA | 404, 752860|Q55.6|MICROPENE | 405, 752860|Q55.6|RECURVATIO PENIS | 406, 752860|Q55.6|TRASPOSIZIONE PENO-SCROTALE | 407, 752880|Q55.8|ALTRE MALFORMAZIONI SPECIFICATE DEI GENITALI MASCHILI | 408, 752790|Q56.4|GENITALI AMBIGUI, SESSO INDETERMINATO | 409, 753010|Q60.0|AGENESIA RENALE MONOLATERALE | 410, 753000|Q60.1|AGENESIA RENALE BIL | 411, 753010|Q60.2|AGENESIA RENALE NOS | 412, 753010|Q60.3|IPOPLASIA RENALE MONOLATERALE | 413, 753000|Q60.4|IPOPLASIA RENALE BIL | 414, 753000|Q60.6|POTTER | 415, 753100|Q61.0|CISTI RENALE SINGOLA | 416, 753110|Q61.1|RENE POLICISTICO TIPO INFANTILE | 417, 753120|Q61.2|RENE POLICISTICO adulto ADPKD | 418, 753130|Q61.3|RENI POLICISTICI NOS | 419, 753190|Q61.4|DISPLASIA RENALE | 420, 753190|Q61.40|DISPLASIA RENALE MULTICISTICA MONO | 421, 753160|Q61.41|DISPLASIA  RENALI MULTICISTICA BIL | 422, 753180|Q61.48|ALTRE DISPLASIE RENALI | 423, 753140|Q61.50|MALATTIA CISTICA DELLA MIDOLLARE RENALE tipo giovanile | 424, 753140|Q61.5|MALATTIA CISTICA DELLA MIDOLLARE RENALE nos | 425, 753150|Q61.51|MALATTIA CISTICA DELLA MIDOLLARE RENALE tipo adulto | 426, 759850|Q61.90|Sindrome MECKEL GRUBER | 427, 753200|Q62.0|IDRONEFROSI >= 1 CM | 428, 753210|Q62.1|ATRESIA/STENOSI URETERE | 429, 753290|Q62.10|STENOSI DEL GIUNTO  MONO | 430, 753290|Q62.11|STENOSI DEL GIUNTO BILATERALE BIL | 431, 753220|Q62.2|MEGALOURETERE, DILATAZIONE URETERE | 432, 753280|Q62.3|URETEROCELE | 433, 753480|Q62.33|IDROURETERE CONGENITO | 434, 753410|Q62.5|DOPPIO URETERE | 435, 753280|Q62.7|REFLUSSO VESCICO-URETERALE | 436, 753280|Q62.70|REFLUSSO VESCICO-URETERALE MONO | 437, 753280|Q62.71|REFLUSSO VESCICO-URETERALE BIL | 438, 753480|Q62.8|ALTRE ANOMALIE URETERE | 439, 753910|Q62.8|ALTRE URETERE NOS | 440, 753300|Q63.0|RENE ACCESSORIO | 441, 753310|Q63.00|DOPPIO DISTRETTO RENALE, DOPPIO O TRIPLO RENE | 442, 753320|Q63.1|RENE A FERRO DI CAVALLO | 443, 753330|Q63.2|RENE ECTOPICO | 444, 753330|Q63.29|RENE ECTOPICO NOS | 445, 753340|Q63.3|RENE GIGANTE | 446, 755338|Q63.8|ALTRE ANOMALIA RENALE SPECIFICATO | 447, 752610|Q64.0|EPISPADIA | 448, 753500|Q64.1|ESTROFIA VESCICA | 449, 753510|Q64.10|ESTROFIA CLOACA | 450, 753510|Q64.10|OEIS COMPLEX | 451, 753600|Q64.20|VALVOLA DELL URETRA POSTERIORE | 452, 753880|Q64.76|MEGAVESCICA | 453, 753620|Q64.21|VALVOLA URETRA ANTERIORE | 454, 753620|Q64.31|STENOSI CONGENITA URETRA | 455, 753620|Q64.33|ATRESIA O IPOPLASIA URETRA | 456, 753800|Q64.5|AGENESIA VESCICALE | 457, 753820|Q64.6|DIVERTICOLO VESCICALE | 458, 753880|Q64.7|MEGAVESCICA-ALTRE ANOMALIE VESCICA | 459, 753840|Q64.72|DOPPIA URETRA | 460, 753860|Q64.74|FISTOLA TRATTO GASTROINTESTINALE E URINARIO | 461, 753860|Q64.74|FISTOLA RETTO VESCICALE | 462, 753880|Q64.8|ALTRE ANOMALIE SISTEMA URINARIO | 463, 753790|Q64.8|ANOMALIE DEL URACO | 464, 754300|Q65.0|LCA MONO | 465, 754230|Q65.1|LCA BIL | 466, 754300|Q65.2|LCA NOS | 467, 754310|Q65.6|SUBLUSSAZIONE ANCA | 468, 754500|Q66.0|PIEDE TORTO, specificare | 469, 754510|Q66.1|PIEDE TORTO CALCAGNO VARO MONO O BIL | 470, 754520|Q66.2|PIEDE TORTO METATARSO VARO MONO O BIL | 471, 754730|Q66.8|PIEDE TORTO NOS, minore | 472, 754700|Q67.5|DEFORMAZIONE DELLA COLONNA | 473, 754200|Q67.50|SCOLIOSI POSTURALE | 474, 755501|Q68.1|CAMPODATTILIA | 475, 754840|Q68.1|MANI TORTE MONO O BIL, specificare | 476, 754840|Q68.1|DEFORMAZIONE DELLA MANO | 477, 755507|Q68.10|CLINODATTILIA DITA MANO | 478, 754430|Q68.21|GENU RECURVATUM | 479, 754400|Q68.3|FEMORI INCURVATI | 480, 754410|Q68.4|TIBIA O FIBULA INCURVATI | 481, 754490|Q68.5|OSSA LUNGHE DEGLI ARTI INFERIORI INCURVATE | 482, 755900|Q68.8|ARTROGRIPOSI NOS | 483, 755580|Q68.8|ALTER DEFORMITA' SPECIFICHE  (clavicola, gomito, avanbraccio, scapola) | 484, 755550|Q68.8|DEFORMITA DELLA SCAPOLA | 485, 755095|Q69.0|POLIDATTALIA MANO | 486, 755010|Q69.00|POLIADATTILIA MANO PRE ASSIALE | 487, 755000|Q69.01|POLIDATTILIA  MANO MESOASSIALE | 488, 755005|Q69.02|POLIDATTILIA  MANO POSTASSIALE | 489, 755095|Q69.09|POLIDATTALIA MANO NOS | 490, 755010|Q69.1|POLLICE ACCESSORIO, POLLICE BIFIDO | 491, 755030|Q69.20|POLIDATTILIA PIEDE PREASSIALE | 492, 755020|Q69.22|POLIDATTILIA  PIEDE POSTASSIALE | 493, 755096|Q69.2|POLIDATTILIA PIEDI | 494, 755096|Q69.29|POLIDATTILIA PIEDE NOS | 495, 755090|Q69.9|POLIDATTILIA NOS | 496, 755100|Q70.0|SINDATTILIA MANO CON SINOSTOSI | 497, 755110|Q70.1|SINDATTILIA MANO SOLO CUTANEA | 498, 755120|Q70.2|SINDATTILIA PIEDI CON SINOSTOSI | 499, 755130|Q70.3|SINDATTILIA PIEDI SOLO CUTANEA | 500, 755180|Q70.4|POLISINDATTTILIA MANI E PIEDI | 501, 755190|Q70.9|SINDATTILIA NOS | 502, 755200|Q71.0|ASSENZA COMPLETA ARTO/ARTI SUPERIORE | 503, 755210|Q71.1|FOCOMELIA ARTI SUP (ASSENZA ARTO, PRESENTE MANO) | 504, 755230|Q71.2|AGENESIA AVAMBRACCIO E MANO | 505, 755240|Q71.3|ASSENZA MANO E DITA | 506, 755240|Q71.30|ASSENZA DI SINGOLE DITA MANO (da II a V) | 507, 755260|Q71.31|AGENESIA o ipoplasia POLLICE (I) | 508, 755260|Q71.4|AGENESIA RADIO, DIFETTO IN RIDUZIONE RADIO, AGENESIA RADIO, CON MANO A MAZZA RADIALE | 509, 755270|Q71.5|DIFETTO IN RIDUZIONE ULNA | 510, 755250|Q71.6|ECTRODATTILIA / MANI A CHELE | 511, 755240|Q71.80|ASSENZA DI TUTTE LE DITA DELLA MANO | 512, 755280|Q71.8|ALTRI DIFETTI IN RIDUZIONE ARTO SUP, specificare | 513, 759890|Q71.9|ADAM SEQUENCE, CONSTRICTION RING SYNDROME UPPER LIMB | 514, 755290|Q71.9|ALTRI DIFETTI RIDUZIONE ARTO SUP NOS | 515, 755300|Q72.0|ASSENZA COMPLETA ARTO/ARTI INFERIORE | 516, 755310|Q72.1|ASSNZA ARTO INFERIORE CON PIEDE, FOCOMELIA ARTI INFERIORI | 517, 755330|Q72.2|ASSENZA GAMBA E PIEDE | 518, 755340|Q72.3|ASSENZA PIEDE E DITA DEL PIEDE | 519, 755380|Q72.30|ASSENZA O IPOPLASIA DITA DEI PIEDI | 520, 755365|Q72.31|ASSENZA O IPOPLASIA ALLUCE | 521, 755320|Q72.4|DIFETTO IN RIDUZIONE FEMORE | 522, 755380|Q72.5|DIFETTO IN RIDUZIONE TIBIA, ASSENZA TIBIA | 523, 755366|Q72.6|DIFETTO IN RIDUZIOINE FIBULA, ASSENZA FIBULA | 524, 755380|Q72.7|SPLIT FOOT | 525, 755380|Q72.8|ALTRI DIFETTI RIDUZIONE ARTO INF | 526, 755380|Q72.80|ASSENZA DI TUTTE LE DITA DEL PIEDE | 527, 759890|Q72.9|ADAM SEQUENCE, CONSTRICTION RING SYNDROME LOWER LIMB | 528, 755400|Q73.0|AMELIA NOS | 529, 755410|Q73.1|FOCOMELIA NOS | 530, 755490|Q73.8|ALTRI DIFETTI IN RIDUZIONE ARTI NON SPECIFICATI | 531, 755526|Q74.01|MADELUNG'S DEFORMITY | 532, 755551|Q74.02|CLEIDOCRANIAL DYSPLASIA (DISOSTOSI CLEIDOCRANICA) | 533, 755556|Q74.03|Sprengel's deformity | 534, 755500|Q74.04|MACRODATTILIA MANO | 535, 755500|Q74.05|POLLICE TRIFALANGEO | 536, 755800|Q74.3|ARC SYNDROME ARTHROGRYPOSIS, RENAL DYSFUNCTION AND CHOLESTAS | 537, 755800|Q74.3|ARTROGRIPOSI MULTIPLA CONGENITA | 538, 755880|Q74.8|ALTRE MALF ARTI SPECIFICATE | 539, 755500|Q74.80|BRACHIDATTILIA DITA MANO | 540, 755880|Q74.81|EMIPERTROFIA, IPERTROFIA ARTI | 541, 755680|Q74.82|IPOSVILUPPO ARTO/ARTI | 542, 755880|Q74.83|ASIMMETRIA ARTI NOS | 543, 755810|Q74.84|LARSEN'S SYNDROME | 544, 755900|Q74.9|ANOMALIE ARTI NON SPECIFICATE | 545, 756000|Q75.0|CRANIOSINOSTOSI | 546, 756050|Q75.0|PFEIFFER SYNDROME, NOACK SYNDROME, ACROCEPHALOSYNDACTYLY | 547, 756010|Q75.1|CRANIOSTENOSI DELLE CORONALI | 548, 756005|Q75.01|CRANIOSTENOSI SAGITTALE | 549, 756006|Q75.02|CRANIOSINOSTOSI-TRIGONOCEFALIA | 550, 756000|Q75.03|CRANIOSINOSTOSI-SUTURE MULTIPLE-CRANIO A TRIFOGLIO | 551, 756000|Q75.03|CRANIOSTENOSI - TURRICEFALIA | 552, 756040|Q75.1|CROUZON SYNDROME | 553, 756020|Q75.2|IPERTELORISMO | 554, 756080|Q75.3|MACROCEFALIA/MACROCRANIA | 555, 756045|Q75.4|MANDIBULOFACIAL DYSOSTOSIS - FRANCESCHETTI AND TREACHER-COLLINS | 556, 756046|Q75.5|OCULOMANDIBULAR DYSOSTOSIS | 557, 759800|Q75.81|DISPLASIA FRONTONASALE | 558, 756090|Q75.9|ALTRE MALF CRANIO/FACCIALI NOS | 559, 756100|Q76.0|SPINA BIFIDA OCCULTA | 560, 756110|Q76.1|KLIPPEL-FEIL SYNDROME | 561, 756150|Q76.3|SCOLIOSI DA ANOMALIE VERTEBRE TORACICHE | 562, 756140|Q76.30|EMIVERTEBRA SINGOLA CON SCOLIOSI | 563, 756180|Q76.38|SCOLIOSI ASSOCIATA A EMIVERTEBRA MULTIPLA, ALTRE MALFORMAZIONI OSSEE | 564, 756190|Q76.4|ANOMALIE COLONNA NON ASSOCIATE A SCOLIOSI | 565, 756180|Q76.4|EMIVERTEBRE/VERTEBRE FARFALLA | 566, 756180|Q76.40|ASSENZA VERTEBRE | 567, 756170|Q76.41|ANOMALIE VERTEBRE SACRALI, AGENESIA SACRO | 568, 756180|Q76.42|ALTRE ANOMALIE VERTEBRE | 569, 756140|Q76.42|DISMORFISMO VERTEBRALE EMIVERTEBRE | 570, 756160|Q76.42|DISMORFISMO VERTEBRALE EMIVERTEBRE LOMBARI | 571, 756310|Q76.6|ALTRE MALFORMAZIONI COSTE | 572, 756180|Q76.60|ASSENZA COSTE | 573, 756320|Q76.61|FUSIONE COSTE | 574, 756330|Q76.62|COSTA SOVRANNUMERAREA | 575, 756340|Q76.8|ALTRE MALFORMAZIONI DEL TORACE | 576, 756390|Q76.8|IPOPLASIA GABBIA TORACICA | 577, 759840|Q77.0|ACONDROGENESI | 578, 759840|Q77.00|ACONDROGENESI TIPO 1 | 579, 759840|Q77.01|ACONDROGENESI TIPO 2 | 580, 756402|Q77.02|IPOCONDROGENESI | 581, 756440|Q77.1|DISPLASIA TANATOFORA | 582, 756400|Q77.2|JUENE DISPLASIA TORACICA ASFISSIANTE | 583, 756570|Q77.3|CONDRODISPLASIA PUNCTATA | 584, 756430|Q77.4|ACONDROPLASIA | 585, 756441|Q77.5|NANISMO DIASTROFICO | 586, 756520|Q77.6|ELLIS VAN CREVELD (CHONDROECTODERMAL DYSPLASIA) | 587, 756580|Q77.7|SPONDYLOEPIPHYSEAL DYSPLASIA | 588, 759890|Q77.8|ACRODYSOSTOSIS | 589, 75640|Q77.8|KNIEST DYSPLASIA | 590, 756442|Q77.80|METATROPIC DWARFISM | 591, 759890|Q77.81|METAPHYSEAL CHONDRODYSPLASIA | 592, 756500|Q78.0|OSTEOGENESI IMPERFECTA | 593, 756500|Q78.00|OSTEOGENESI IMPERFECTA CONGENITA | 594, 756512|Q78.1|MCCUNE-ALBRIGHT SYNDROME (POLYOSTOTIC DYSPLASIA) | 595, 756540|Q78.2|ALBERS-SCHONBERG SYNDROME (OSTEOPETROSIS) | 596, 756551|Q78.3|CAMURATI-ENGELMAN DISEASE (DIAPHYSEAL DYSPLASIA) | 597, 759890|Q78.4|ENCHONDROMATOSIS | 598, 759890|Q78.5|METAPHYSEAL DYSPLASIA, PYLE'S SYNDROME | 599, 756470|Q78.6|ESOSTOSI MULTIPLE CONGENITE | 600, 759890|Q78.6|DIAPHYSEAL ACLASIA | 601, 756490|Q78.8|DISPLASIA SCHELETRICA DIAGNOSI PRENATALE | 602, 756490|Q78.9|DISPLASIA SCELETRICA NOS LATE DIAGNOSIS | 603, 756490|Q78.9|DISPLASIA SCHELETRICA NOS | 604, 756421|Q78.40|MAFFUCCI SYNDROME | 605, 756410|Q78.48|OSTEOCHONDROMATOSIS SYNDROME, DYSCHONDROPLASIA, OLLIER | 606, 759890|Q78.80|OSTEOPOIKILOSIS | 607, 756610|Q79.0|ERNIA DIAFRAMMATICA | 608, 756600|Q79.11|ASSENZA EMIDIAFRAMMA | 609, 756600|Q79.12|ASSENZA COMPLETA DIAFRAMMA | 610, 756700|Q79.2|ONFALOCELE | 611, 756710|Q79.3|GASTROSCHISI | 612, 756720|Q79.4|PRUNE BELLY SEQUENCE | 613, 756790|Q79.5|ALRTI DIFETTI PARETE ADDOMINALE | 614, 756790|Q79.5|LIMB BODY WALL COMPLEX OR BODY STALK  specificare malf | 615, 756850|Q79.6|EHLERS-DANLOS SYNDROME | 616, 756885|Q79.8|POPLITEAL PTERYGIUM SYNDROME | 617, 762800|Q79.80|BANDE AMNIOTICHE | 618, 756810|Q79.81|ASSENZA DI UN MUSCOLO | 619, 756800|Q79.82|SINDROME DI POLAND | 620, 757180|Q80.3|BCIE Congenital bullous ichthyosiform erythroderma | 621, 757100|Q80.4|ARLECCHINO SINDROME | 622, 757190|Q80.9|ITTIOSI NOS | 623, 757380|Q81.1|HERLITZ SYNDROME (EPIDERMOLYSIS BULLOSA) EPIDERMOLISI BOLLOSA | 624, 757350|Q82.3|INCONTINENTIA PIGMENTI | 625, 757340|Q82.4|DISPLASIA ECTODERMICA | 626, 757380|Q82.5|NEVE DERMICO GIGANTE | 627, 757380|Q82.5|NEVI MULTIPLI | 628, 757380|Q82.5|NEVO PIGMENTATO | 629, 757380|Q82.50|NEVO FLAMMEO | 630, 757380|Q82.58|ALTRI NEVI CONGENITI | 631, 757300|Q82.8|ALTRE ANOMALIE CUTE SPECIFICATE | 632, 757300|Q82.8|DERMOPATIA RESTRITTIVA | 633, 757303|Q82.8|ROTHMUND-THOMPSON SYNDROME | 634, 757390|Q82.80|ANOMALIE DEL SOLCO PALMARE | 635, 757310|Q82.81|APPENDICE CUTANEA minor | 636, 757398|Q82.9|MALFORMAZIONE DELLA CUTE NOS | 637, 757650|Q83.3|CAPEZZOLO SOVRANNUMERARIO | 638, 757480|Q84.2|CIUFFO CAPELLI BIANCHI | 639, 757500|Q84.3|ASSENZA UNGHIE MANI O PIEDI | 640, 757398|Q84.8|CUTIS MARMORATA CONGENITA | 641, 757390|Q84.80|APLASIA CUTIS | 642, 237700|Q85.0|NF 1 | 643, 759500|Q85.1|SCLEROSI TUBEROSA | 644, 759600|Q85.80|PEUTZ-JEGHERS SYNDROME | 645, 759611|Q85.81|STURGE WEBER | 646, 757390|Q85.82|VON HIPPEL LINDAU (ANGIOMATOSIS RETINAE) | 647, 759630|Q85.83|GARDNER SYNDROME | 648, 760710|Q86.0|FETAL ALCOHOL SYNDROME | 649, 759890|Q86.1|FETAL HYDANTOIN SYNDROME | 650, 759890|Q86.2|FETAL WARFARIN SYNDROME | 651, 760703|Q86.80|FETAL VALPROATE SINDROME | 652, 759890|Q86.82|FETAL THALIDOMIDE SYNDROME | 653, 759890|Q87.0|MOWAT WILSON | 654, 759890|Q87.0|Congenital malformation syndromes predominantly affecting facial appearance | 655, 755501|Q87.00|ACROCEPHALOPOLYSYNDACTYLY ALL TYPES | 656, 755500|Q87.01|APERT'S SYNDROME | 657, 759892|Q87.02|FRASERS;Sesta malformazione diagnosticata (ICD-9-CM).
totpreg;CONCEPIMENTI_PRECEDENTI;1;0;in eurocat, se sono 3 o piu scrive sempre 3;SDO;00, None | 01, One | 02, Two | 03, Three or more | 20, Twenty or more | 99, Not konwn;Indicare se la donna ha avuto, prima del presente parto, precedenti concepimenti: 1.Sì, 2.No
circ_cran_neo;CIRCONFERENZA_CRANICA;0;0;Mapping diretto;SDO;NA;Indicare la circonferenza cranica del neonato in centimetri.
region_res_mo;RG_RES;0;0;Mapping diretto(extra_codes del cedap);SDO;NA;"Codice ISTAT del comune di residenza.
Nel caso di madre residente in Paese straniero, indicare 999 seguito dalle tre cifre del codice dello Stato estero (*).
Nel caso di madre senza fissa dimora, codificare 999999.
Obbligatorio, salvo il caso di donna che non vuole fornire dati (privacy – 203)."
socm;CONDIZIONE_PROF_MADRE;1;0;"ricodifica dal cedap:|cifre
1.occupata
2. disoccupata
3. in cerca di prima occupazione
4.studentessa
5.casalinga
6.altra condizione (ritirata dal lavoro, inabile, ecc)
|| cifra (se occupata):
1.imprenditrice o Ibera professionista
2. altra lavoratrice autonoma
3. lavoratrice dipendente: dirigente o direttiva
4.lavoratrice dipendente: impiegata
5.lavoratrice dipendente: operaia
6. altra lavoratrice dipendente

||| cifra (se occupata):
1. agricoltura, caccia e pesca
2. industria
3.commercio, pubblici servizi, alberghi
4. pubblica amministrazione
5.altri servizi privati";CedAP;1, Upper non- manual | 2, Lower non- manual | 3, Skilled manual | 4, Unskilled manual | 5, Self- employed/artisan | 6, Farmer | 8, Other/student | 9, Not known;Condizione professionale/non professionale della madre. Codifiche da manuale CEDAP.
sp_karyo;CARIOTIPO_DEL_NATO;0;0;Mapping diretto;CedAP;NA;se effettuata, specificare per esteso la diagnosi citogenetica.Scrivere normale in caso di assenza di anomalie cromosomiche
illbef1;MALATTIA_PRINCIPALE_DELLA_MADRE;0;0;NA;CedAP;0, No | 1, Yes but unknown | 2, Yes, specify textual description | 9, Not known;Codice ICD-9 della patologia principale della madre.
illbef2;ALTRA_MALATTIA_DELLA_MADRE;0;0;NA;CedAP;0, No | 1, Yes but unknown | 2, Yes but no infromation available| 9, Not known;Codice ICD-9 di eventuali altre malattie della madre.
illdur1;MALATTIE_INSORTE_IN_GRAVIDANZA_1;0;0;NA;CedAP;0, No | 1, Yes but unknown | 2, Yes but no infromation available| 9, Not known;Codice della  malattia rilevante insorta durante la gravidanza.
illdur2;MALATTIE_INSORTE_IN_GRAVIDANZA_2;0;0;NA;CedAP;0, No | 1, Yes but unknown | 2, Yes, specify textual description | 9, Not known;Codice altra malattia insorta durante la gravidanza.
moanom;MALFORMAZIONI_PARENTI_MADRE;1;0;se è no mettiamo no, altrimenti not known.fine;CedAP;1, Same | 2, Other | 3, Same and other | 4, No | 9, Not known;Eventuali malformazioni presenti nei parenti della madre.1 = SI, 2 = NO
faanom;MALFORMAZIONI_PARENTI_PADRE;1;0;se è no mettiamo no, altrimenti not known.fine;CedAP;1, Same | 2, Other | 3, Same and other | 4, No | 9, Not known;Eventuali malformazioni presenti nei parenti del padre.1 = SI, 2 = NO
sibanom;MALFORMAZIONI_FRATELLI_SORELLE;1;0;se è no mettiamo no, altrimenti not known;CedAP;1, Same | 2, Other | 3, Same and other | 4, No | 9, Not known;NA
sdo_number;SDO_NEO;0;0;NA;CedAP;NA;"Indicare il no della Scheda di Dimissione Ospeda!iera del neonato per il ricovero relativo alla nascita (2 cifre identificative dell'anno + 6 cifre del progressivo).
Obbligatorio se il parto è awenuto in un istituto di cura Vitalità =  
."
agemo;dt_nas_m;0;1;Da calcolare: età madre da data_nascita_madre;CedAP;rounddown(datediff([datemo], [birth_date], 'y'));Data di nascita della madre.
datemo;dt_nas_m;0;0;NA;CedAP;NA;Data di nascita della madre.
resmo;COM_RES;0;0;NA;SDO;000000, Extra ER | 033001, Agazzano | 033002, Alseno | 033003, Besenzone | 033004, Bettola | 033005, Bobbio | 033006, Borgonovo Val Tidone | 033007, Cadeo | 033008, Calendasco | 033010, Caorso | 033011, Carpaneto Piacentino | 033012, Castell'Arquato | 033013, Castel San Giovanni | 033014, Castelvetro Piacentino | 033015, Cerignale | 033016, Coli | 033017, Corte Brugnatella | 033018, Cortemaggiore | 033019, Farini | 033020, Ferriere | 033021, Fiorenzuola d'Arda | 033022, Gazzola | 033023, Gossolengo | 033024, Gragnano Trebbiense | 033025, Gropparello | 033026, Lugagnano Val d'Arda | 033027, Monticelli d'Ongina | 033028, Morfasso | 033030, Ottone | 033032, Piacenza | 033033, Pianello Val Tidone | 033034, Piozzano | 033035, Podenzano | 033036, Ponte dell'Olio | 033037, Pontenure | 033038, Rivergaro | 033039, Rottofreno | 033040, San Giorgio Piacentino | 033041, San Pietro in Cerro | 033042, Sarmato | 033043, Travo | 033044, Vernasca | 033045, Vigolzone | 033046, Villanova sull'Arda | 033047, Zerba | 033048, Ziano Piacentino | 033049, Alta Val Tidone | 034001, Albareto | 034002, Bardi | 034003, Bedonia | 034004, Berceto | 034005, Bore | 034006, Borgo Val di Taro | 034007, Busseto | 034008, Calestano | 034009, Collecchio | 034010, Colorno | 034011, Compiano | 034012, Corniglio | 034013, Felino | 034014, Fidenza | 034015, Fontanellato | 034016, Fontevivo | 034017, Fornovo di Taro | 034018, Langhirano | 034019, Lesignano de' Bagni | 034020, Medesano | 034022, Monchio delle Corti | 034023, Montechiarugolo | 034024, Neviano degli Arduini | 034025, Noceto | 034026, Palanzano | 034027, Parma | 034028, Pellegrino Parmense | 034030, Roccabianca | 034031, Sala Baganza | 034032, Salsomaggiore Terme | 034033, San Secondo Parmense | 034035, Solignano | 034036, Soragna | 034038, Terenzo | 034039, Tizzano Val Parma | 034040, Tornolo | 034041, Torrile | 034042, Traversetolo | 034044, Valmozzola | 034045, Varano de' Melegari | 034046, Varsi | 034049, Sissa Trecasali | 034050, Polesine Zibello | 034051, Sorbolo Mezzani | 035001, Albinea | 035002, Bagnolo in Piano | 035003, Baiso | 035004, Bibbiano | 035005, Boretto | 035006, Brescello | 035008, Cadelbosco di Sopra | 035009, Campagnola Emilia | 035010, Campegine | 035011, Carpineti | 035012, Casalgrande | 035013, Casina | 035014, Castellarano | 035015, Castelnovo di Sotto | 035016, Castelnovo ne' Monti | 035017, Cavriago | 035018, Canossa | 035020, Correggio | 035021, Fabbrico | 035022, Gattatico | 035023, Gualtieri | 035024, Guastalla | 035026, Luzzara | 035027, Montecchio Emilia | 035028, Novellara | 035029, Poviglio | 035030, Quattro Castella | 035032, Reggiolo | 035033, Reggio nell'Emilia | 035034, Rio Saliceto | 035035, Rolo | 035036, Rubiera | 035037, San Martino in Rio | 035038, San Polo d'Enza | 035039, Sant'Ilario d'Enza | 035040, Scandiano | 035041, Toano | 035042, Vetto | 035043, Vezzano sul Crostolo | 035044, Viano | 035045, Villa Minozzo | 035046, Ventasso | 036001, Bastiglia | 036002, Bomporto | 036003, Campogalliano | 036004, Camposanto | 036005, Carpi | 036006, Castelfranco Emilia | 036007, Castelnuovo Rangone | 036008, Castelvetro di Modena | 036009, Cavezzo | 036010, Concordia sulla Secchia | 036011, Fanano | 036012, Finale Emilia | 036013, Fiorano Modenese | 036014, Fiumalbo | 036015, Formigine | 036016, Frassinoro | 036017, Guiglia | 036018, Lama Mocogno | 036019, Maranello | 036020, Marano sul Panaro | 036021, Medolla | 036022, Mirandola | 036023, Modena | 036024, Montecreto | 036025, Montefiorino | 036026, Montese | 036027, Nonantola | 036028, Novi di Modena | 036029, Palagano | 036030, Pavullo nel Frignano | 036031, Pievepelago | 036032, Polinago | 036033, Prignano sulla Secchia | 036034, Ravarino | 036035, Riolunato | 036036, San Cesario sul Panaro | 036037, San Felice sul Panaro | 036038, San Possidonio | 036039, San Prospero | 036040, Sassuolo | 036041, Savignano sul Panaro | 036042, Serramazzoni | 036043, Sestola | 036044, Soliera | 036045, Spilamberto | 036046, Vignola | 036047, Zocca | 037001, Anzola dell'Emilia | 037002, Argelato | 037003, Baricella | 037005, Bentivoglio | 037006, Bologna | 037007, Borgo Tossignano | 037008, Budrio | 037009, Calderara di Reno | 037010, Camugnano | 037011, Casalecchio di Reno | 037012, Casalfiumanese | 037013, Castel d'Aiano | 037014, Castel del Rio | 037015, Castel di Casio | 037016, Castel Guelfo di Bologna | 037017, Castello d'Argile | 037019, Castel Maggiore | 037020, Castel San Pietro Terme | 037021, Castenaso | 037022, Castiglione dei Pepoli | 037024, Crevalcore | 037025, Dozza | 037026, Fontanelice | 037027, Gaggio Montano | 037028, Galliera | 037030, Granarolo dell'Emilia | 037031, Grizzana Morandi | 037032, Imola | 037033, Lizzano in Belvedere | 037034, Loiano | 037035, Malalbergo | 037036, Marzabotto | 037037, Medicina | 037038, Minerbio | 037039, Molinella | 037040, Monghidoro | 037041, Monterenzio | 037042, Monte San Pietro | 037044, Monzuno | 037045, Mordano | 037046, Ozzano dell'Emilia | 037047, Pianoro | 037048, Pieve di Cento | 037050, Sala Bolognese | 037051, San Benedetto Val di Sambro | 037052, San Giorgio di Piano | 037053, San Giovanni in Persiceto | 037054, San Lazzaro di Savena | 037055, San Pietro in Casale | 037056, Sant'Agata Bolognese | 037057, Sasso Marconi | 037059, Vergato | 037060, Zola Predosa | 037061, Valsamoggia | 037062, Alto Reno Terme | 038001, Argenta | 038003, Bondeno | 038004, Cento | 038005, Codigoro | 038006, Comacchio | 038007, Copparo | 038008, Ferrara | 038010, Jolanda di Savoia | 038011, Lagosanto | 038012, Masi Torello | 038014, Mesola | 038017, Ostellato | 038018, Poggio Renatico | 038019, Portomaggiore | 038022, Vigarano Mainarda | 038023, Voghiera | 038025, Goro | 038027, Fiscaglia | 038028, Terre del Reno | 038029, Riva del Po | 038030, Tresignana | 039001, Alfonsine | 039002, Bagnacavallo | 039003, Bagnara di Romagna | 039004, Brisighella | 039005, Casola Valsenio | 039006, Castel Bolognese | 039007, Cervia | 039008, Conselice | 039009, Cotignola | 039010, Faenza | 039011, Fusignano | 039012, Lugo | 039013, Massa Lombarda | 039014, Ravenna | 039015, Riolo Terme | 039016, Russi | 039017, Sant'Agata sul Santerno | 039018, Solarolo | 040001, Bagno di Romagna | 040003, Bertinoro | 040004, Borghi | 040005, Castrocaro Terme e Terra del Sole | 040007, Cesena | 040008, Cesenatico | 040009, Civitella di Romagna | 040011, Dovadola | 040012, Forlì | 040013, Forlimpopoli | 040014, Galeata | 040015, Gambettola | 040016, Gatteo | 040018, Longiano | 040019, Meldola | 040020, Mercato Saraceno | 040022, Modigliana | 040028, Montiano | 040031, Portico e San Benedetto | 040032, Predappio | 040033, Premilcuore | 040036, Rocca San Casciano | 040037, Roncofreddo | 040041, San Mauro Pascoli | 040043, Santa Sofia | 040044, Sarsina | 040045, Savignano sul Rubicone | 040046, Sogliano al Rubicone | 040049, Tredozio | 040050, Verghereto | 099001, Bellaria-Igea Marina | 099002, Cattolica | 099003, Coriano | 099004, Gemmano | 099005, Misano Adriatico | 099006, Mondaino | 099008, Montefiore Conca | 099009, Montegridolfo | 099011, Morciano di Romagna | 099013, Riccione | 099014, Rimini | 099015, Saludecio | 099016, San Clemente | 099017, San Giovanni in Marignano | 099018, Santarcangelo di Romagna | 099020, Verucchio | 099021, Casteldelci | 099022, Maiolo | 099023, Novafeltria | 099024, Pennabilli | 099025, San Leo | 099026, Sant'Agata Feltria | 099027, Talamello | 099028, Poggio Torriana | 099029, Montescudo-Monte Colombo | 099030, Montecopiolo | 099031, Sassofeltrio;Comune di residenza della madre (codice ISTAT).
centre;18;0;1;Valore fisso 18;NA;NA;NA
type;VITALITA;1;0;mapping diretto, ma solo per 1(nato vivo) e 2(nato morto).;CedAP;1, Live birth | 2, Stillbirth | 3, Spontaneous abortion | 4, TOPFA | 9, Not known;Condizione alla nascita: 1 = nato vivo, 2 = nato morto.3 = nato vivo e deceduto subito dopo la nascita
whendisc;ETA_GESTAZIONALE_ALLA_DIAGNOSI;1;0;Da calcolare da età gestazionale;CedAP;1, At birth | 2, Less than 1 week | 3, 1-4 weeks | 4, 1-12 months | 5, Over 12 months | 6, Prenatal diagnosis in live fetus | 7, At abortion (spontaneous) | 9, Not known | 10, Postnatal diagnosis age not known;Età gestazionale al momento della diagnosi della malformazione, espressa in settimane compiute.
assconcept;metodi_PMA;1;0;Prendiamo il codice dal corso di dicembre;CedAP;0, No | 1, Induced ovulation only | 2, Artificial insemination | 3, IVF | 4, GIFT | 5, ICSI | 6, Egg donation | 8, Other | 9, Not known | 10, Assisted conception type unknown;"Nei casc il concepimento sia avvenuto tramite l' utilizzo di tecniche di procreazione medico-assistita, specificare metodo seguito:
1.	solo trattamento farmacologico per induzione dell'ovulazione;
2.	'U' Ontra Uterine insemination)
	S.	GIFT (Gamete Intra Fallopian Transfer)
4.	FIVET (Fertilization in Vitro and Ernb:yo Transfer)
5.	'CSI (Intra Cytoplasmatic Sperm Iniection)
6.	altre tecniche.

"
socf;CONDIZIONE_PROF_PADRE;1;0;ricodifica dal cedap. fare lo stesso per la madre.;CedAP;0, Single mother no father recorded | 1, Upper non manual | 2, Lower non manual | 3, Skilled manual | 4, Unskilled manual | 5, Self- employed or artisan | 6, Farmer | 8, Other or student | 9,Not known;"Codice a 3 caratteri per individuare: ia condizione professionale (l cifra), la posizione nella professione (!l cifra) ed il ramo di attività economica (III cifra). La II e la Citra vanno compilate sob nei caso in cui la cifra sia (occupato).
I cifra:
occupato
2.	disoccupato
3.	in cerca di prima occupazione
4.	studente
5.	casalingo
6.	altra condizione (ritirato dai lavoro, inabile, ecn) Il cifra (se occupato):
1.	imprenditore o libero professionista
2.	altro lavoratore antonomo lavoratore dipendente: dirigente o direttivo
4.	lavoratore Gipendente: impiegato
51	lavoratore dipendente: openio
9.	altro lavoratore dipendente III cifra (se occupato):
1 .	agricoltura, caccia e pesca
2.	industria commercio: pubblici servizi, alberghi
4.	pubblica amministrazione
5.	altri servizi rivati
."
cod_pres;COD_PRES;0;0;NA;SDO;NA;Codice SP 11, base ad Anagrafe regionale delle Strutture sanitarie e sociosanitarie. Nel caso di parto a dom',cilio (programmato) o in casa di maternità5 in sostituzione del codice residio si ri orti il codice 080999.
source;2;0;1;Valore fisso;NA;NA;NA
pm;riscontro_autoptico;1;0;compilare con i casi dei referenti, per gli altri solo se vitalita=2;CedAP;1, Performed results known | 2, Performed results not known | 3, Not performed | 4, Macerated fetus | 9, Not known;"Se nato morto, indicare se:
1.	'a causa di morte individuata è stata confermata dall'autopsia;
2.	il risultato delilautopsia sarà disponibile in seguito;
3.	'butopsia non è stata richiesta;
Obbli atorio se vitalità -2 nato morto
."
sp_malfo1;COD_PAT1_label;0;0;etichetta già presente, inserita nello step label.R(caricarlo prima);NA;NA;NA
sp_malfo2;patol2_label;0;0;etichetta già presente, inserita nello step label.R(caricarlo prima);NA;NA;NA
sp_malfo3;patol3_label;0;0;etichetta già presente, inserita nello step label.R(caricarlo prima);NA;NA;NA
sp_malfo4;patol4_label;0;0;etichetta già presente, inserita nello step label.R(caricarlo prima);NA;NA;NA
sp_malfo5;patol5_label;0;0;etichetta già presente, inserita nello step label.R(caricarlo prima);NA;NA;NA
sp_malfo6;patol6_label;0;0;etichetta già presente, inserita nello step label.R(caricarlo prima);NA;NA;NA
matedu;TITOLO_DI_STUDIO_MADRE;1;0;ricodificare dal cedap;CedAP;1, Elementary and lower secondary | 2, Upper secondary | 3, Tertiary | 9, Not known;"Vaiori ammessi: laurea
2.	diploma universitario
3.	diploma di scuola media superiore 4. diplome di scuola .nedia inferiore licer,z2 elementare o nessun titolo
"
gestlength;eta_gestazionale;0;0;mapping diretto;SDO;NA;NA
NA;nati_maschi;0;1;usate per calcolare nbrbaby;CedAP;NA;NA
NA;nati_femmine;0;1;usate per calcolare nbrbaby;CedAP;NA;NA
NA;NEO_TRASF;0;0;tenerlo nel tracciato, serve anche per evitare duplicati;SDO;NA;NA
NA;mo_alcohol;0;0;tenere perché abbiamo i dati. Inserirla come variabile su Redcap;NA;NA;NA
death_date;dt_decesso;0;0;mapping diretto;SDO;NA;NA
assoconcept;pma;1;0;ricodifica da cedap;NA;NA;NA
karyo;NA;0;1;Da calcolare: 1 se presente cariotipo, altrimenti not known;NA;1, Performed result known | 2, Performed results not known | 3, Not performed | 4, Probe test performed | 8, Failed | 9, Not known;NA
survival;NA;0;1;Da calcolare:numero di giorni da data di nascita e data decesso e se data decesso prima di 7 giorni allora NO, altrimenti SI;NA;1, Yes | 2, No | 3, Alive at discharge < 1 week | 9, Not known;NA
condisc;NA;0;1;Default = 'Alive'. Condizione alla dimissione;NA;1, Alive | 2, Dead | 9, Not known;NA
firstpre;NA;0;1;Lasciare vuoto;NA;1, Ultrasound at GA < 14 weeks | 2, Ultrasound at GA 14-21 weeks | 3, Ultrasound at GA ≥ 22 weeks | 4, Ultrasound GA not known | 5, Serum/ combined screening | 6, Chorion villus sampling or amniocentesis | 7, Other test positive | 8, Test(s) performed, result negative | 9, Not known | 10, No test performed | 11, Fetal karyotype on maternal blood;NA
gentest;NA;0;1;Inizializzare come 'non performed;NA;1, Specific genetic test positive | 2, Specific genetic test negative | 3, Specific genetic test not Performed | 9, Not Known if genetic test is performed or result not known;NA
surgery;NA;1;0;compilare alla fine, se la chirurgia è stata validata;NA;1, Performed (or expected) in the first year of life | 2, Performed (or expected) after the first year of life | 3, Prenatal surgery | 4, No surgery required | 5, Too severe for surgery | 6, Died before surgery | 9, Not known;NA
nbrbaby;NA;0;1;Calcolato: somma nati_femmine + nati_maschi(indica numero di bambini per ogni parto).;NA;1, Singleton | 2, Twins | 3, Triplets | 4, Quadruplets | 5, Quintuplets | 6, Sextuplets or more | 7, Multiple birth (number of babies not known) | 8, Singleton at time of delivery but know to have been a multiple pregnancy | 9, Not known;NA
civreg;NA;0;1;=1 se VITALITA è 1, ALTRIMENTI NOT KNOWN;NA;"if([type]=1,1,
    if([type]=2,2,
        if([type]=3,3,
            if([type]=4,3,4)
            )
        )
    )";NA
bmi;NA;0;1;calcolare;NA;NA;NA
presyn;NA;0;0;mettere Not Known nel tracciato;NA;1, Yes this anomaly was diagnosed prenatally | 2, No this anomaly was diagnosed postnatally | 3, This anomaly was partially prenatally diagnosed | 9, Not known;NA
premal1;NA;0;0;mettere Not Known nel tracciato;NA;1, Yes this anomaly was diagnosed prenatally | 2, No this anomaly was diagnosed postnatally | 3, This anomaly was partially prenatally diagnosed | 9, Not known;NA
premal2;NA;0;0;mettere Not Known nel tracciato;NA;1, Yes this anomaly was diagnosed prenatally | 2, No this anomaly was diagnosed postnatally | 3, This anomaly was partially prenatally diagnosed | 9, Not known;NA
premal3;NA;0;0;mettere Not Known nel tracciato;NA;1, Yes this anomaly was diagnosed prenatally | 2, No this anomaly was diagnosed postnatally | 3, This anomaly was partially prenatally diagnosed | 9, Not known;NA
premal4;NA;0;0;mettere Not Known nel tracciato;NA;1, Yes this anomaly was diagnosed prenatally | 2, No this anomaly was diagnosed postnatally | 3, This anomaly was partially prenatally diagnosed | 9, Not known;NA
premal5;NA;0;0;mettere Not Known nel tracciato;NA;1, Yes this anomaly was diagnosed prenatally | 2, No this anomaly was diagnosed postnatally | 3, This anomaly was partially prenatally diagnosed | 9, Not known;NA
premal6;NA;0;0;mettere Not Known nel tracciato;NA;1, Yes this anomaly was diagnosed prenatally | 2, No this anomaly was diagnosed postnatally | 3, This anomaly was partially prenatally diagnosed | 9, Not known;NA
premal7;NA;0;0;mettere Not Known nel tracciato;NA;1, Yes this anomaly was diagnosed prenatally | 2, No this anomaly was diagnosed postnatally | 3, This anomaly was partially prenatally diagnosed | 9, Not known;NA
premal8;NA;0;0;mettere Not Known nel tracciato;NA;1, Yes this anomaly was diagnosed prenatally | 2, No this anomaly was diagnosed postnatally | 3, This anomaly was partially prenatally diagnosed | 9, Not known;NA
syndrome;NA;1;0;codice scritto in label.R, non c'è nel cedap. Bisogna vedere se tra i codici di malfo c'è uno che appartiene alle sindromi(tabelle eurocat);NA;1, 212700|D15.1|RABDIOMIOMI CARDIACI MULTIPLI | 2, 228000|D18.0|ANGIOMA | 3, 228000|D18.0|ANGIOMI MULTIPLI | 4, 228000|D18.00|ANGIOMA CAPILLARE | 5, 228000|D18.01|ANGIOMA CAVERNOSO | 6, 228000|D18.02|ANGIOMA MISTO | 7, 228100|D18.1|LINFANGIOMA qualsiasi sede | 8, 228100|D18.10|EDEMA NUCALE | 9, 228100|D18.10|IGROMA CISTICO | 10, 238000|D21.5|TERATOMA SACROCOCCIGEO | 11, 215800|D21.9|FIBROLIPOMA SACRALE | 12, 237000|D43.7|NEOPLASIA NEUROBLASTICA PERINEALE | 13, 237900|D43.7|TERATOMA CEREBRALE | 14, 270020|D61.00|ANEMIA DI FANCONI | 15, 279110|D82.0|WISCOTT-ALDRICH | 16, 279100|D82.1|DIGEORGE VELOCARDIOFACIAL SYNDROME | 17, 243990|E03.0|IPOTIROIDISMO CONGENITO con gozzo | 18, 243990|E03.1|IPOTIROIDISMO CONGENITO senza gozzo | 19, 255200|E25.0|SINDROME ADRENOGENITALE | 20, 257800|E34.5|MORRIS SYNDROME insensibilità agli androgeni | 21, 775800|E70.22|TIROSINEMIA | 22, 270200|E70.3|ALBINISMO OCULOCUTANEO | 23, 759804|E70.30|WAARDENBURG'S SYNDROME | 24, 270600|E72.21|ARGININ SUCCINICO ACIDURIA | 25, 275310|E83.32|IPOFOSFATASIA | 26, 275390|E83.39|DEFICIT METABOLICO DELLE FOSFATASI | 27, 351000|G51.0|PARALISI FACIALE | 28, 351000|G51.00|PARALISI FACIALE UNILATERALE | 29, 359200|G71.11|DISTROFIA MIOTONICA | 30, 425300|I42.4|FIBROELASTOSI ENDOCARDICA | 31, 523800|K06.1|EPULIDE | 32, 524030|K07.00|MICROGNAZIA SEVERA, RETROMICROGNAZIA | 33, 275400|N29.80|NEFROCALCINOSI RENALE BIL | 34, 761200|P01.2|ANIDRAMNIOS | 35, 761200|P01.2|OLIGODRAMNIOS | 36, 761300|P01.3|POLIDRAMNIOS | 37, 762300|P02.3|TRASFUSIONE FETO FETALE | 38, 764900|P05.1|IUGR GRAVE | 39, 764900|P05.1|RITARDO DI CRESCITA/IUGR | 40, 764900|P05.9|RITARDO DI CRESCITA/IUGR NOS | 41, 771000|P35.0|ROSOLIA CONGENITA | 42, 771100|P35.1|CITOMEGALOVIRUS | 43, 771100|P35.1|INFEZIONE CONGENITA DA CMV | 44, 771210|P37.1|TOXOPLASMOSIS | 45, 771290|P37.9|INFEZIONE INTRAUTERINA NOS | 46, 771890|P39.2|INFEZIONE FETO PLACENTARE | 47, 760750|P70.1|DIABETE MATERNO | 48, 778000|P83.2|IDROPE FETALE non emolitica | 49, 778030|P83.3|ASCITE | 50, 778020|P83.3|IDROTORACE | 51, 779820|P94.2|IPOTONIA | 52, 740000|Q00.00|ACRANIA/ANENCEFALIA | 53, 740000|Q00.01|ACRANIA/ANENCEFALIA incomplete | 54, 740100|Q00.1|craniorachischisi | 55, 740200|Q00.2|INIENCEFALIA | 56, 742000|Q01.2|ENCEFALOCELE OCCIPITALE | 57, 742080|Q01.0|ENCEFALOCELE FRONTALE | 58, 742080|Q01.1|ENCEFALOCELE NASOFRONTALE | 59, 742080|Q01.8|ENCEFALOCELE ALTRE SEDI SPECIFICATE | 60, 742080|Q01.80|ENCEFALOCELE PARIETALE | 61, 742080|Q01.81|ENCEFALOCELE ORBITALE | 62, 742090|Q01.9|ENCEFALOCELE NOS | 63, 742100|Q02|MICROCEFALIA | 64, 742300|Q03|IDROCEFALO CONGENITO | 65, 742300|Q03.0|IDROCEFALO CON ANOMALIA DI SYLVUS | 66, 742310|Q03.1|DANDY WALKER SYNDROME, atresia dei forami di Luschka e Magendie | 67, 742310|Q03.1|DANDY WALKER VARIANT | 68, 742398|Q03.8|altri idrocefali congeniti | 69, 742390|Q03.9|IDROCEFALO CONGENITO NOS | 70, 742390|Q03.9|VENTRICOLOMEGALIA SEVERA | 71, 742210|Q04.0|ANOMALIA CORPO CALLOSO (IPOPLASIA , AGENESIA O DISPLASIA) | 72, 742210|Q04.00|AGENESIA CORPO CALLOSO | 73, 742260|Q04.1|ARINENCEFALIA | 74, 742260|Q04.2|OLOPROSENCEFALIA | 75, 742260|Q04.2|OLOPROSENCEFALIA LOBARE | 76, 742260|Q04.2|OLOPROSENCEFALIA SEMILOBARE | 77, 759890|Q04.3|MILLER-DIEKER SYNDROME | 78, 742200|Q04.30|IPOPLASIA CEREBRALE (anomalie di riduzione del cervello) | 79, 742230|Q04.32|ANOMALIA/IPOPLASIA  CEREBELLARE (anomalie di riduzione del cervelletto) | 80, 742240|Q04.33|AGIRIA/LISSENCEFALIA | 81, 742250|Q04.34|POLI-MICROGIRIA PACHIGIRIA | 82, 742320|Q04.35|IDRANENCEFALIA | 83, 742480|Q04.4|DISPLASIA SETTO-OTTICA | 84, 742400|Q04.5|MEGAENCEFALIA, EMIMEGAENCEFALIA | 85, 742480|Q04.6|CISTI CEREBRALI CONGENITE, PORENCEFALIA | 86, 742480|Q04.60|CISTI CEREBRALI CONGENITE MULTIPLE | 87, 742480|Q04.61|CISTI CEREBRALE CONGENITE SINGOLA | 88, 742480|Q04.8|ALTRE MALF SPECIFICATE DEL CERVELLO | 89, 742480|Q04.8|MACROGIRIA | 90, 742280|Q04.8|ANOMALIA DELLA GIRAZIONI | 91, 742900|Q04.9|ANOMALIE CEREBRALE NOS | 92, 742280|Q04.9|MALFORMAZIONE CEREBRALE NOS | 93, 741000|Q05.01|spina bifida, cervicale, con idrocefalo, aperta | 94, 741030|Q05.02|spina bifida, cervicale, con idrocefalo, chiusa | 95, 741080|Q05.09|spina bifida, cervicale, con idrocefalo, non noto se aperta | 96, 741000|Q05.11|spina bifida, toracica, con idrocefalo, aperta | 97, 741040|Q05.12|spina bifida, toracica, con idrocefalo, chiusa | 98, 741080|Q05.19|spina bifida, toracica, con idrocefalo, non note se aperta | 99, 741000|Q05.21|spina bifida, lombare, con idrocefalo, aperta | 100, 741050|Q05.22|spina bifida, lombare, con idrocefalo, chiusa | 101, 741080|Q05.29|spina bifida, lombare, con idrocefalo, non noto se aperta | 102, 741000|Q05.31|spina bifida, sacrale, con idrocefalo, aperta | 103, 741060|Q05.32|spina bifida, sacrale, con idrocefalo, chiusa | 104, 741080|Q05.39|spina bifida, sacrale, con idrocefalo, non noto se aperta | 105, 741000|Q05.41|spina bifida, sede NOS, con idrocefalo, aperta | 106, 741020|Q05.42|spina bifida, sede NOS, con idrocefalo, chiusa | 107, 741090|Q05.49|spina bifida, sede NOS, con idrocefalo, non noto se aperto | 108, 741900|Q05.51|spina bifida, cervicale, idrocefalo NOS, aperta | 109, 741910|Q05.52|spina bifida, cervicale, idrocefalo NOS, chiusa | 110, 741980|Q05.59|spina bifida, cervicale, idrocefalo NOS, non noto se aperta | 111, 741900|Q05.61|spina bifida, toracica, idrocefalo NOS, aperta | 112, 741920|Q05.62|spina bifida, toracica, idrocefalo NOS, chiusa | 113, 741980|Q05.69|spina bifida, toracica, idrocefalo NOS, NON NOTO SE APERTA | 114, 741900|Q05.71|spina bifida, lombare, idrocefalo NOS, aperta | 115, 741930|Q05.72|spina bifida, lombare, idrocefalo NOS, chiusa | 116, 741980|Q05.79|spina bifida, lombare, idrocefalo NOS, non noto se aperta | 117, 741940|Q05.82|spina bifida, sacrale, idrocefalo NOS, chiusa | 118, 741980|Q05.89|spina bifida, sacrale, idrocefalo NOS, non noto se aperta | 119, 741000|Q05.9|SPINA BIFIDA NOS | 120, 741990|Q05.9|MIELOMENINGOCELE NOS | 121, 741900|Q05.91|spina bifida, sede NOS, idrocefalo NOS, aperta | 122, 741990|Q05.92|spina bifida, sede NOS, idrocefalo NOS, chiusa | 123, 741990|Q05.99|spina bifida, sede NOS, idrocefalo NOS, non noto se aperto | 124, 741900|Q05.81|spina bifida, sacrale, idrocefalo NOS, aperta | 125, 742500|Q06.0|AMELIA | 126, 742510|Q06.1|MIELODISPLASIA, IPOPLASIA E DISPLASIA DEL MIDOLLO SPINALE | 127, 742520|Q06.2|DIASTEMATOMIELIA | 128, 742530|Q06.3|ALTRE MALF CAUDA EQUINA | 129, 742540|Q06.4|IDROMIELIA | 130, 742880|Q07.0|ARNOLD CHIARI | 131, 742800|Q07.8|ALTRE MALF SPECIFICATE DEL SISTEMA NERVOSO PERIFERICO | 132, 742800|Q07.80|MARCUS GUNN'S SYNDROME | 133, 743600|Q10.0|PTOSI CONGENITA | 134, 74360|Q10.0|BLEPHAROPHIMOSIS-PTOSIS SYNDROME | 135, 743630|Q10.3|ASSENZA PALPEBRE MONO O BI, ASSENZA CILIA, COLOBOMA PALPEBRA | 136, 743630|Q10.3|BLEFAROFIMOSI BILAT | 137, 743000|Q11.1|ANOFTHALMO | 138, 743100|Q11.2|LENZ MICROPHTHALMOS SYNDROME | 139, 743100|Q11.2|MICROFTALMIA | 140, 743210|Q11.3|MACROFTALMIA | 141, 743320|Q12.0|CATARATTA MONO O BILATERALE | 142, 743340|Q12.2|COLOBOMA DELLA LENTE | 143, 743300|Q12.3|ASSENZA DELLA LENTE, AFACHIA | 144, 743310|Q12.8|ALTRE ANOMALIE DEL CRISTALLINO | 145, 743430|Q13.0|COLOBOMA DELL'IRIDE | 146, 743420|Q13.1|ANIRIDIA | 147, 743420|Q13.1|ANIRIDIA -WILMS TUMOUR, SYNDROME WAGR | 148, 743400|Q13.3|OPACITA CONGENITA DELLA CORNEA | 149, 743520|Q14.2|COLOBOMA DISCO OTTICO | 150, 743200|Q15.0|GLAUCOMA CONGENITO | 151, 743220|Q15.00|MEGALOCORNEA | 152, 743900|Q15.8|LINFANGIOMA CISTICO OCCHIO SINISTRA | 153, 743900|Q15.8|ALTRE ANOMALIE SPECIFICATE DELL'OCCHIO | 154, 744010|Q16.0|AGENESIA PADIGLIONE AURICOLARE MONO, ANOTIA | 155, 744000|Q16.1|ASSENZA O STENOSI DEL CONDOTTO UDITIVO ESTERNO | 156, 744020|Q16.4|ANOMALIE DEL ORECCHIO MEDIO | 157, 744030|Q16.5|AGENESIA O ANOMALIA CANALI SEMICIRCOLARI | 158, 744090|Q16.9|ORECCHIO MALFORMATO CON PERDITA DI UDITO | 159, 744110|Q17.0|APPENDICI PREAURICOLARI | 160, 74410|Q17.0|PADIGLIONE AURICOLARE ACCESORIO | 161, 744210|Q17.2|MICROTIA | 162, 744230|Q17.3|MALFORMAZIONE ORECCHIO | 163, 744240|Q17.4|ORECCHIE BASSO IMPIANTO | 164, 744230|Q17.8|LOBO ORECCHIO FISSURATO | 165, 759890|Q17.8|MELNICK-FRASER SYNDROME, Branchiootorenal syndrome, SINDROME BOR | 166, 744300|Q17.9|MALFORMAZIONE ORECCHIE NOS | 167, 744280|Q18.1|SENO PREAURICOLARE | 168, 744400|Q18.0|RESIDUI BRANCHIALI | 169, 744480|Q18.2|ALTRE ANOMALIE DEGLI ARCHI BRANCHIALI | 170, 744800|Q18.4|MACROSTOMIA | 171, 744810|Q18.5|MICROSTOMIA | 172, 744500|Q18.3|PTERIGIUM COLLI | 173, 744910|Q18.9|DISFORMISMI FACCIALI | 174, 745000|Q20.0|TRONCO ARTERIOSO COMUNE | 175, 745110|Q20.1|DORV, VENTRICOLO DESTRO A DOPPIA USCITA | 176, 745100|Q20.3|TGV, TRASPOSIZIONE DEI GROSSI VASI | 177, 745300|Q20.4|CUORE UNIVENTRICOLARE | 178, 759890|Q20.6|IVEMARK SYNDROME | 179, 759380|Q20.6|ISOMERISMO ATRIALE  CON ASPLENIA O POLISPLENIA | 180, 745449|Q21.0|DIV INFUNDIBOLARE /SOPRA CRESTALE | 181, 745482|Q21.0|DIV MULTIPLO MEDIO DIMENSIONE | 182, 745481|Q21.0|DIV MULTIPLO PICCOLO  DIMENSIONE (< 3MM) | 183, 745459|Q21.0|DIV MUSCOLARE DIMENSIONE SCONOSCIUTA | 184, 745453|Q21.0|DIV MUSCOLARE GRANDE DIMENSIONE (>5MM) | 185, 745452|Q21.0|DIV MUSCOLARE MEDIO DIMENSIONE (3-5MM) | 186, 745489|Q21.0|DIV MUSCOLARE MULTIPLI DIMENSIONE SCONOSCIUTA | 187, 745451|Q21.0|DIV MUSCOLARE PICCOLO  DIMENSIONE (< 3MM) | 188, 745449|Q21.0|DIV PERIMEMBRANOSO DIMENSIONE SCONOSCIUTA | 189, 745443|Q21.0|DIV PERIMEMBRANOSO GRANDE DIMENSIONE (>5MM) | 190, 745442|Q21.0|DIV PERIMEMBRANOSO MEDIO DIMENSIONE (3-5MM) | 191, 745441|Q21.0|DIV PERIMEMBRANOSO PICCOLO DIMENSIONE (< 3MM) | 192, 745499|Q21.0|DIV SEDE SCONOSCIUTA DIMENSIONE SCONOSCIUTA | 193, 745493|Q21.0|DIV SEDE SCONOSCIUTA GRANDE DIMENSIONE (>5MM) | 194, 745492|Q21.0|DIV SEDE SCONOSCIUTA MEDIO DIMENSIONE (3-5MM) | 195, 745491|Q21.0|DIV SEDE SCONOSCIUTA PICCOLO  DIMENSIONE (< 3MM) | 196, 745439|Q21.0|DIV SUBAORTICO DIMENSIONE SCONOSCIUTA | 197, 745433|Q21.0|DIV SUBAORTICO GRANDE DIMENSIONE (>5MM) | 198, 745432|Q21.0|DIV SUBAORTICO MEDIO DIMENSIONE (3-5MM) | 199, 745431|Q21.0|DIV SUBAORTICO PICCOLO DIMENSIONE (< 3MM) | 200, 745500|Q21.1|DIA | 201, 745510|Q21.10|DIA OSTIUM SECONDUM | 202, 745500|Q21.11|FORAME OVALE PERVIO | 203, 745610|Q21.15|ATRIO UNICO, COR TRILOCULARE BIVENTRICOLARE | 204, 745580|Q21.18|ANEURISMA SETTO INTERATRIALE | 205, 745600|Q21.20|DIFETTO CUSCINETTO ENDOCARDICI, OSTIUM PRIMUM | 206, 745630|Q21.21|CANALE ATRIOVENTRICOLARE UNICO, CAV | 207, 745620|Q21.21|DIFETTO DEL SETTO TIPO CANALE ATRIOVENTRICOLARE UNICO | 208, 745200|Q21.3|TETRALOGIA DI FALLOT | 209, 745210|Q21.82|PENTALOGIA DI FALLOT (+ DIA) | 210, 745680|Q21.4|FINESTRA AORTO POLMONARE | 211, 746000|Q22.0|ATRESIA  VALVOLA POLMOMARE | 212, 746010|Q22.1|STENOSI VALVOLARE POLMONARE | 213, 746020|Q22.2|INSUFFICIENZA VALVOLA PULMONARE | 214, 746080|Q22.3|ALTRE MALF VALVOLARE POLMONARE | 215, 746080|Q22.3|DISPLASIA O IPOPLASIA VALVOLARE POLMONARE | 216, 746080|Q22.3|VALVOLA POLMONARE BICUSPIDE | 217, 746110|Q22.4|ATRESIA O STENOSI TRICUSPIDE | 218, 746200|Q22.5|MALFORMAZIONE DI EBSTEIN | 219, 746790|Q22.6|CUORE DESTRO IPOPLASICO | 220, 746880|Q22.8|ALTRA ANOMALIA TRICUSPIDALE | 221, 746113|Q22.8|INSUFFICIENZA TRICUSPIDE | 222, 746300|Q23.0|STENOSI O ATRESIA VALVOLA AORTICA | 223, 746400|Q23.1|INSUFFICIENZA AORTICA | 224, 746420|Q23.10|AORTA BICUSPIDE | 225, 746420|Q23.10|VALVOLA AORTICA BICUSPIDE | 226, 746500|Q23.2|ATRESIA O STENOSI MITRALE | 227, 746600|Q23.3|INSUFFICIENZA MITRALICA | 228, 746700|Q23.4|CUORE SN IPOPLASICO | 229, 746880|Q23.8|ALTRE ANOMALIE AORTICA/MITRALICA | 230, 746480|Q23.8|VALVOLA AORTICA DISPLASICA | 231, 746800|Q24.0|DESTROCARDIA ISOLATA | 232, 746820|Q24.2|COR TRIATRIATUM | 233, 746880|Q24.5|ANOMALIE DELLE CORONARIE | 234, 746870|Q24.6|BLOCCO CARDIACO | 235, 746880|Q24.8|ALTRE MALFORMAZIONI CARDIACHE SPECIFICATE | 236, 746860|Q24.8|CARDIOMEGALIA | 237, 746880|Q24.8|ECTOPIA CORDIS | 238, 746880|Q24.8|TRILOGIA DI FALLOT | 239, 746880|Q24.9|ALTRE MALFORMAZIONI CARDIACHE NOS | 240, 747000|Q25.0|PDA | 241, 747190|Q25.1|COARTAZIONE  AORTICA | 242, 747100|Q25.10|COARTAZIONE  AORTICA PREDUTTALE | 243, 747110|Q25.11|COARTAZIONE AORTICA POST DUTTALE | 244, 747190|Q25.19|COARTAZIONE  AORTICA NOS | 245, 747280|Q25.2|INTERRUZIONE ARCO AORTICO, ATRESIA AORTA | 246, 747280|Q25.3|STENOSI AORTA | 247, 747210|Q25.40|IPOPLASIA AORTA | 248, 747230|Q25.41|PERSISTENZA DELL'ARCO AORTICO DESTRO | 249, 747260|Q25.42|overriding aorta | 250, 747250|Q25.44|DOPPIO ARCO AORTICO | 251, 747310|Q25.5|ATRESIA ARTERIA POLMONARE | 252, 747320|Q25.6|STENOSI ARTERIA POLMONARE | 253, 747380|Q25.8|ALTRE MALFORMAZIONI DELLE GRANDI ARTERIE | 254, 747400|Q26.0|STENOSI CONGENITA DELLA VENA CAVA SUP O INF | 255, 747410|Q26.1|PERSISTENZA VENA CAVA SUPERIORE SX | 256, 747420|Q26.2|RITORNO VENOSO POLMOMARE ANOMALO TOTALE | 257, 747430|Q26.3|RITORNO VENOSO POLMONARE ANOMALO PARZIALE | 258, 747880|Q26.8|ALTRE MALFORMAZIONI CONGENITE DELLE GRANDI VENE, ASSENZA VENA CAVA SUP/INF, AZYGOS CONTINUATION | 259, 747600|Q27.1|STENOSI CONGENITA DELL'ARTERIA RENALE | 260, 747500|Q27.0|ARTERIA OMBELICALE UNICA | 261, 747610|Q27.2|ANOMALIA ARTERIA RENALE | 262, 747620|Q27.3|MALFORMAZIONI ARTEROVENOSE PERIFERICHE (MAV) | 263, 747680|Q27.8|ALTRE MALFORMAZIONE SISTEMA VASCOLARE PERIFERICO | 264, 747680|Q27.8|FISTOLA VENO-VENOSO EPATICA | 265, 747810|Q28.0|MALFORMAZIONI ARTEROVENOSE VASI PRE CEREBRALI (MAV) | 266, 747810|Q28.2|MALFORMAZIONI ARTEROVENOSE VASI CEREBRALI  (MAV) | 267, 747810|Q28.2|ANEURISMA DELLA VENA DI GALENO | 268, 747810|Q28.3|ALTRE MALFORMAZIONI VASI CEREBRALI | 269, 747800|Q28.3|ARTERIOPATIA CALCIFICA IDIOPATICA VASI CEREBRALI | 270, 747880|Q28.8|ALTRE MALFORMAZIONI SISTEMA CIRCOLATORIO | 271, 748000|Q30.0|ATRESIA DELLE COANE | 272, 759890|Q87.8|CHARGE | 273, 748000|Q30.0|STENOSI DELLE COANE | 274, 748100|Q30.1|AGENESIA O IPOSVILUPPO DEL NASO | 275, 748100|Q30.1|IPOPLASIA DEL NASO | 276, 748120|Q30.2|SCHISI NARICE | 277, 748180|Q30.8|ALTRE MALFORMAZIONI NASO SPECIFICATE | 278, 748180|Q30.8|ASSENZA DELLA NARICE, CAVITA NASALE UNICA | 279, 748190|Q30.9|ALTRE MALFORMAZIONI NASO NOS | 280, 748200|Q31.0|WEB LARINGEO | 281, 748300|Q31.8|AGENESIA/ATRESIA LARINGE | 282, 748300|Q31.80|CLEFT LARINGE | 283, 748320|Q32.0|TRACHEOMALACIA | 284, 748330|Q32.1|ATRESIA TRACHEALE | 285, 748330|Q32.11|CLEFT TRACHEO ESOFAGEO | 286, 748400|Q33.0|CISTI POLMONARE | 287, 74841|Q33.01|POLMONE POLICISTICO | 288, 748620|Q33.1|LOBO POMONARE ACCESSORIO | 289, 748520|Q33.2|SEQUESTRO POLMONARE | 290, 748500|Q33.3|AGENESIA DEL POLMONE O LOBO POLMONARE | 291, 748500|Q33.6|IPOPLASIA O DISPLASIA DEL POLMONE | 292, 748480|Q33.80|ADENOMATOIDE CISTICA POLMONARE | 293, 748880|Q34.80|LINFOANGECTASIE POLMONARE | 294, 749000|Q35.1|SCHISI PALATO DURO MONOLAERALE completo/incompleto (sottomucoso) lato | 295, 749010|Q35.1|SCHISI PALATO DURO BILATERALE completo/incompleto (sottomucoso) | 296, 749020|Q35.1|SCHISI PALATO DURO CENTRALE completo/incompleto (sottomucoso) | 297, 749030|Q35.1|SCHISI PALATO DURO NOS | 298, 749040|Q35.3|SCHISI PALATO MOLLE MONOLATERALE completo/incompleto (sottomucoso) lato | 299, 749050|Q35.3|SCHISI PALATO MOLLE BILATERALE completo/incompleto (sottomucoso) | 300, 749060|Q35.3|SCHISI PALATO MOLLE CENTRALE completo/incompleto (sottomucoso) | 301, 749070|Q35.3|SCHISI PALATO MOLLE NOS | 302, 749090|Q35.5|SCHISI PALATO DURO E MOLLE spec se completo/incompleto (sottomucoso) mono/bi | 303, 749080|Q35.7|UGOLA BIFIDA | 304, 749090|Q35.9|PALATOSCHISI NOS | 305, 749110|Q36.0|LABIOSCHISI BILATERALE (specifica se labbro e anche gengiva) | 306, 749120|Q36.1|LABIOSCHISI CENTRALE (specifica se labbro e anche gengiva) | 307, 749100|Q36.90|LABIOSCHISI MONOLATERALE specifiica lato (specifica se labbro e anche gengiva) | 308, 749190|Q36.99|LABIOSCHISI NOS | 309, 749210|Q37.0|SCHISI PALATO DURO E LABIOSCHISI BILATERALI | 310, 749200|Q37.1|SCHISI PALATO DURO E LABIOSCHISI MONOLATERALE | 311, 749200|Q37.2|SCHISI PALATO MOLLE E LABIOSCHISI BILATERALI | 312, 749201|Q37.3|SCHISI PALATO MOLLE E LABIOSCHISI MONOLATERALE | 313, 749210|Q37.4|LABIOPALATOSCHISI BILATERALE DURO+MOLLE | 314, 749210|Q37.5|LABIOPALATOSCHISI UNILATERALI DURO+MOLLE | 315, 749200|Q37.9|LABIOSCHISI MONOLATERALE CON PALATOSCHISI NON SPECIFATO | 316, 749210|Q37.8|LABIOSCHISI BILATERALE CON PALATOSCHISI NON SPECIFATO | 317, 750270|Q38.0|ALTRE ANOMALIE DELLE LABBRA | 318, 750270|Q38.0|PIT DELLE LABBRA in sindrome di Van Der Woude | 319, 750120|Q38.2|MACROGLOSSIA | 320, 750180|Q38.3|ALTRE MALFORMAZIONI DELLA LINGUA | 321, 750180|Q38.3|LINGUA BIFIDA | 322, 750010|Q38.30|ASSENZA DELLA LINGUA | 323, 750280|Q38.6|ALTRE MALFORMAZIONI DELLA BOCCA SPECIFICATE | 324, 750200|Q38.7|TASCA FARINGEA | 325, 759890|Q87.8|SINDROME DI VAN DER WOUDE | 326, 750300|Q39.0|ATRESIA ESOFAGEA SENZA FISTOLA O NOS | 327, 750310|Q39.1|ATRESIA ESOFAGEA CON FISTOLA | 328, 750320|Q39.2|FISTOLA TRACHEO ESOFAGEA | 329, 750320|Q39.20|FISTOLA BRONCO ESOFAGEA | 330, 750340|Q39.3|STENOSI ESOFAGEA | 331, 750350|Q39.4|MEMBRANA ESOFAGEA | 332, 750430|Q39.80|DUPLICAZIONE ESOFAGEA | 333, 750510|Q40.0|STENOSI DEL PILORO | 334, 750700|Q40.2|MALFORMAZIONE DELLO STOMACO SPECIFICATA | 335, 750920|Q40.3|MALFORMAZIONE DELLO STOMACO NOS | 336, 750800|Q40.8|AGENESIA DELLO STOMACO | 337, 750800|Q40.8|ALTRE MALFORMAZIONI SPECIFICATE DEL TRATTO GASTROINTESTINALE SUPERIORE | 338, 750780|Q40.9|ALTRE MALFORMAZIONI DEL TRATTO GASTROINTESTINALE SUPERIORE NOS | 339, 751100|Q41.0|ATRESIA O STENOSI DUODENALE | 340, 751110|Q41.1|ATRESIA O STENOSI DIGIUNALE | 341, 751120|Q41.2|ATRESIA O STENOSI  ILEALE | 342, 751120|Q41.8|ARTESIA O STENOSI INTESTINO TENUE SINGOLA O MULTIPLE | 343, 751120|Q41.9|ARTESIA O STENOSI INTESTINO TENUE NOS | 344, 751110|Q41.1|APPLE PEEL SYNDROME | 345, 751210|Q42.0|ATRESIA  ASSENZA O STENOSI RETTO CON FISTOLA | 346, 751210|Q42.00|ATRESIA O STENOSI RETTO CON FISTOLA RETTO URETRALE | 347, 751210|Q42.01|ATRESIA O STENOSI RETTO CON FISTOLA RETTOVESCICALE | 348, 751210|Q42.02|ATRESIA O STENOSI RETTO CON FISTOLA RETTOVULVARE | 349, 751210|Q42.03|ATRESIA O STENOSI RETTO CON FISTOLA RETTOCUTANEA | 350, 751210|Q42.04|ATRESIA O STENOSI RETTO CON FISTOLA RETTOCLOACALE | 351, 751220|Q42.1|ATRESIA O STENOSI RETTO SENZA FISTOLA, RETTO IMPERFORATO | 352, 751230|Q42.2|ATRESIA O STENOSI ANALE CON FISTOLA | 353, 751230|Q42.21|ATRESIA ANALE CON FISTOLA ANOVESTIBOLARE | 354, 751230|Q42.20|ATRESIA ANALE CON FISTOLA ANOCUTANEA | 355, 751240|Q42.3|ATRESIA O STENOSI  ANALE  SENZA FISTOLA, | 356, 751200|Q42.8|ATRESIA O ASSENZA DI ALTRE PARTE DELL'INTESTINO CRASSO | 357, 751200|Q42.9|ATRESIA DEL COLON | 358, 751010|Q43.0|DIVERTICOLO DI MECKEL | 359, 751300|Q43.1|HIRSCHPRUNG DISEASE | 360, 751410|Q43.3|ANOMALIE DELLA FISSAZIONE | 361, 751400|Q43.30|MALROTAZIONE DEL COLON | 362, 751420|Q43.31|BANDE DI LADD | 363, 751500|Q43.4|DUPLICAZIONE INTESTINALE | 364, 751530|Q43.5|ANO ECTOPICO | 365, 751540|Q43.6|FISTOLA RETTO E ANO | 366, 751550|Q43.7|PERSISTENZA DELLA CLOACA | 367, 751580|Q43.8|ALTRE MALFORMAZIONE INTESTINO SPECIFICATO | 368, 751520|Q43.80|MICROCOLON | 369, 751630|Q44.0|IPOPLASIA/AGENESIA COLECISTI | 370, 751650|Q44.2|ATRESIA DOTTI BILIARI INTRAEPATICI | 371, 751670|Q44.5|CONGENITAL MALF OF BILE DUCTS | 372, 751610|Q44.6|MALATTIA CISTICA DEL FEGATO | 373, 751600|Q44.7|ANGIOMA EPATICO | 374, 751600|Q44.70|ASSENZA TOTALE O PARZIALE DEL FEGATO | 375, 751670|Q44.71|ALAGILLE SYNDROME | 376, 752000|Q50.0|AGENESIA OVAIE | 377, 752000|Q50.00|AGENESIA OVAIE MONOLATERALE | 378, 752000|Q50.01|AGENESIA OVAIE BILATERALE | 379, 752080|Q50.11|CISTI OVARICA MULTIPLA | 380, 752080|Q50.3|ALTRE MALFORMAZIONI OVAIO | 381, 752300|Q51.0|AGENESIA APLASIA UTERO | 382, 752380|Q51.1|DOPPIO UTERO | 383, 752380|Q51.5|UTERO BICORNE | 384, 752480|Q51.8|KAUFMAN-MCKUSICK SYNDROME | 385, 752488|Q51.8|ROKITANSKY | 386, 752480|Q51.8|MURCS SYNDROME/ ASSOCIATION, known as Mayer-Rokitansky-Ku?ster-Hauser (MRKH) syndrome type 2 | 387, 752430|Q52.1|VAGINA SETTATA | 388, 752420|Q52.2|FISTOLA RETTO VAGINALE | 389, 752430|Q52.3|IMENE IMPERFORATO | 390, 752458|Q52.6|MALFORMAZIONI CLITORIDE | 391, 752458|Q52.8|ALTRE MALFORMAZIONI GENITALI FEMMINILI | 392, 752510|Q53.2|CRIPTORCHIDISMO BIL | 393, 752510|Q53.1|CRIPTORCHIDISMO MONO | 394, 752601|Q54.0|IPOSPADIA I | 395, 752602|Q54.1|IPOSPADIA II | 396, 752603|Q54.2|IPOSPADIA III PENOSCROTALE | 397, 752603|Q54.3|IPOSPADIA III PERINEALE | 398, 752620|Q54.4|CORDA CONGENITA O CORDA PENIS | 399, 752609|Q54.9|IPOSPADIA NOS | 400, 752820|Q55.2|ALTRE MALFORMAZIONI DELLO SCROTO E DEI TESTICOLI | 401, 752820|Q55.21|SCROTO BIFIDO | 402, 752850|Q55.5|ASSENZA APLASIA DEL PENE | 403, 752860|Q55.6|IPOPLASIA ASTA PENIENA | 404, 752860|Q55.6|MICROPENE | 405, 752860|Q55.6|RECURVATIO PENIS | 406, 752860|Q55.6|TRASPOSIZIONE PENO-SCROTALE | 407, 752880|Q55.8|ALTRE MALFORMAZIONI SPECIFICATE DEI GENITALI MASCHILI | 408, 752790|Q56.4|GENITALI AMBIGUI, SESSO INDETERMINATO | 409, 753010|Q60.0|AGENESIA RENALE MONOLATERALE | 410, 753000|Q60.1|AGENESIA RENALE BIL | 411, 753010|Q60.2|AGENESIA RENALE NOS | 412, 753010|Q60.3|IPOPLASIA RENALE MONOLATERALE | 413, 753000|Q60.4|IPOPLASIA RENALE BIL | 414, 753000|Q60.6|POTTER | 415, 753100|Q61.0|CISTI RENALE SINGOLA | 416, 753110|Q61.1|RENE POLICISTICO TIPO INFANTILE | 417, 753120|Q61.2|RENE POLICISTICO adulto ADPKD | 418, 753130|Q61.3|RENI POLICISTICI NOS | 419, 753190|Q61.4|DISPLASIA RENALE | 420, 753190|Q61.40|DISPLASIA RENALE MULTICISTICA MONO | 421, 753160|Q61.41|DISPLASIA  RENALI MULTICISTICA BIL | 422, 753180|Q61.48|ALTRE DISPLASIE RENALI | 423, 753140|Q61.50|MALATTIA CISTICA DELLA MIDOLLARE RENALE tipo giovanile | 424, 753140|Q61.5|MALATTIA CISTICA DELLA MIDOLLARE RENALE nos | 425, 753150|Q61.51|MALATTIA CISTICA DELLA MIDOLLARE RENALE tipo adulto | 426, 759850|Q61.90|Sindrome MECKEL GRUBER | 427, 753200|Q62.0|IDRONEFROSI >= 1 CM | 428, 753210|Q62.1|ATRESIA/STENOSI URETERE | 429, 753290|Q62.10|STENOSI DEL GIUNTO  MONO | 430, 753290|Q62.11|STENOSI DEL GIUNTO BILATERALE BIL | 431, 753220|Q62.2|MEGALOURETERE, DILATAZIONE URETERE | 432, 753280|Q62.3|URETEROCELE | 433, 753480|Q62.33|IDROURETERE CONGENITO | 434, 753410|Q62.5|DOPPIO URETERE | 435, 753280|Q62.7|REFLUSSO VESCICO-URETERALE | 436, 753280|Q62.70|REFLUSSO VESCICO-URETERALE MONO | 437, 753280|Q62.71|REFLUSSO VESCICO-URETERALE BIL | 438, 753480|Q62.8|ALTRE ANOMALIE URETERE | 439, 753910|Q62.8|ALTRE URETERE NOS | 440, 753300|Q63.0|RENE ACCESSORIO | 441, 753310|Q63.00|DOPPIO DISTRETTO RENALE, DOPPIO O TRIPLO RENE | 442, 753320|Q63.1|RENE A FERRO DI CAVALLO | 443, 753330|Q63.2|RENE ECTOPICO | 444, 753330|Q63.29|RENE ECTOPICO NOS | 445, 753340|Q63.3|RENE GIGANTE | 446, 755338|Q63.8|ALTRE ANOMALIA RENALE SPECIFICATO | 447, 752610|Q64.0|EPISPADIA | 448, 753500|Q64.1|ESTROFIA VESCICA | 449, 753510|Q64.10|ESTROFIA CLOACA | 450, 753510|Q64.10|OEIS COMPLEX | 451, 753600|Q64.20|VALVOLA DELL URETRA POSTERIORE | 452, 753880|Q64.76|MEGAVESCICA | 453, 753620|Q64.21|VALVOLA URETRA ANTERIORE | 454, 753620|Q64.31|STENOSI CONGENITA URETRA | 455, 753620|Q64.33|ATRESIA O IPOPLASIA URETRA | 456, 753800|Q64.5|AGENESIA VESCICALE | 457, 753820|Q64.6|DIVERTICOLO VESCICALE | 458, 753880|Q64.7|MEGAVESCICA-ALTRE ANOMALIE VESCICA | 459, 753840|Q64.72|DOPPIA URETRA | 460, 753860|Q64.74|FISTOLA TRATTO GASTROINTESTINALE E URINARIO | 461, 753860|Q64.74|FISTOLA RETTO VESCICALE | 462, 753880|Q64.8|ALTRE ANOMALIE SISTEMA URINARIO | 463, 753790|Q64.8|ANOMALIE DEL URACO | 464, 754300|Q65.0|LCA MONO | 465, 754230|Q65.1|LCA BIL | 466, 754300|Q65.2|LCA NOS | 467, 754310|Q65.6|SUBLUSSAZIONE ANCA | 468, 754500|Q66.0|PIEDE TORTO, specificare | 469, 754510|Q66.1|PIEDE TORTO CALCAGNO VARO MONO O BIL | 470, 754520|Q66.2|PIEDE TORTO METATARSO VARO MONO O BIL | 471, 754730|Q66.8|PIEDE TORTO NOS, minore | 472, 754700|Q67.5|DEFORMAZIONE DELLA COLONNA | 473, 754200|Q67.50|SCOLIOSI POSTURALE | 474, 755501|Q68.1|CAMPODATTILIA | 475, 754840|Q68.1|MANI TORTE MONO O BIL, specificare | 476, 754840|Q68.1|DEFORMAZIONE DELLA MANO | 477, 755507|Q68.10|CLINODATTILIA DITA MANO | 478, 754430|Q68.21|GENU RECURVATUM | 479, 754400|Q68.3|FEMORI INCURVATI | 480, 754410|Q68.4|TIBIA O FIBULA INCURVATI | 481, 754490|Q68.5|OSSA LUNGHE DEGLI ARTI INFERIORI INCURVATE | 482, 755900|Q68.8|ARTROGRIPOSI NOS | 483, 755580|Q68.8|ALTER DEFORMITA' SPECIFICHE  (clavicola, gomito, avanbraccio, scapola) | 484, 755550|Q68.8|DEFORMITA DELLA SCAPOLA | 485, 755095|Q69.0|POLIDATTALIA MANO | 486, 755010|Q69.00|POLIADATTILIA MANO PRE ASSIALE | 487, 755000|Q69.01|POLIDATTILIA  MANO MESOASSIALE | 488, 755005|Q69.02|POLIDATTILIA  MANO POSTASSIALE | 489, 755095|Q69.09|POLIDATTALIA MANO NOS | 490, 755010|Q69.1|POLLICE ACCESSORIO, POLLICE BIFIDO | 491, 755030|Q69.20|POLIDATTILIA PIEDE PREASSIALE | 492, 755020|Q69.22|POLIDATTILIA  PIEDE POSTASSIALE | 493, 755096|Q69.2|POLIDATTILIA PIEDI | 494, 755096|Q69.29|POLIDATTILIA PIEDE NOS | 495, 755090|Q69.9|POLIDATTILIA NOS | 496, 755100|Q70.0|SINDATTILIA MANO CON SINOSTOSI | 497, 755110|Q70.1|SINDATTILIA MANO SOLO CUTANEA | 498, 755120|Q70.2|SINDATTILIA PIEDI CON SINOSTOSI | 499, 755130|Q70.3|SINDATTILIA PIEDI SOLO CUTANEA | 500, 755180|Q70.4|POLISINDATTTILIA MANI E PIEDI | 501, 755190|Q70.9|SINDATTILIA NOS | 502, 755200|Q71.0|ASSENZA COMPLETA ARTO/ARTI SUPERIORE | 503, 755210|Q71.1|FOCOMELIA ARTI SUP (ASSENZA ARTO, PRESENTE MANO) | 504, 755230|Q71.2|AGENESIA AVAMBRACCIO E MANO | 505, 755240|Q71.3|ASSENZA MANO E DITA | 506, 755240|Q71.30|ASSENZA DI SINGOLE DITA MANO (da II a V) | 507, 755260|Q71.31|AGENESIA o ipoplasia POLLICE (I) | 508, 755260|Q71.4|AGENESIA RADIO, DIFETTO IN RIDUZIONE RADIO, AGENESIA RADIO, CON MANO A MAZZA RADIALE | 509, 755270|Q71.5|DIFETTO IN RIDUZIONE ULNA | 510, 755250|Q71.6|ECTRODATTILIA / MANI A CHELE | 511, 755240|Q71.80|ASSENZA DI TUTTE LE DITA DELLA MANO | 512, 755280|Q71.8|ALTRI DIFETTI IN RIDUZIONE ARTO SUP, specificare | 513, 759890|Q71.9|ADAM SEQUENCE, CONSTRICTION RING SYNDROME UPPER LIMB | 514, 755290|Q71.9|ALTRI DIFETTI RIDUZIONE ARTO SUP NOS | 515, 755300|Q72.0|ASSENZA COMPLETA ARTO/ARTI INFERIORE | 516, 755310|Q72.1|ASSNZA ARTO INFERIORE CON PIEDE, FOCOMELIA ARTI INFERIORI | 517, 755330|Q72.2|ASSENZA GAMBA E PIEDE | 518, 755340|Q72.3|ASSENZA PIEDE E DITA DEL PIEDE | 519, 755380|Q72.30|ASSENZA O IPOPLASIA DITA DEI PIEDI | 520, 755365|Q72.31|ASSENZA O IPOPLASIA ALLUCE | 521, 755320|Q72.4|DIFETTO IN RIDUZIONE FEMORE | 522, 755380|Q72.5|DIFETTO IN RIDUZIONE TIBIA, ASSENZA TIBIA | 523, 755366|Q72.6|DIFETTO IN RIDUZIOINE FIBULA, ASSENZA FIBULA | 524, 755380|Q72.7|SPLIT FOOT | 525, 755380|Q72.8|ALTRI DIFETTI RIDUZIONE ARTO INF | 526, 755380|Q72.80|ASSENZA DI TUTTE LE DITA DEL PIEDE | 527, 759890|Q72.9|ADAM SEQUENCE, CONSTRICTION RING SYNDROME LOWER LIMB | 528, 755400|Q73.0|AMELIA NOS | 529, 755410|Q73.1|FOCOMELIA NOS | 530, 755490|Q73.8|ALTRI DIFETTI IN RIDUZIONE ARTI NON SPECIFICATI | 531, 755526|Q74.01|MADELUNG'S DEFORMITY | 532, 755551|Q74.02|CLEIDOCRANIAL DYSPLASIA (DISOSTOSI CLEIDOCRANICA) | 533, 755556|Q74.03|Sprengel's deformity | 534, 755500|Q74.04|MACRODATTILIA MANO | 535, 755500|Q74.05|POLLICE TRIFALANGEO | 536, 755800|Q74.3|ARC SYNDROME ARTHROGRYPOSIS, RENAL DYSFUNCTION AND CHOLESTAS | 537, 755800|Q74.3|ARTROGRIPOSI MULTIPLA CONGENITA | 538, 755880|Q74.8|ALTRE MALF ARTI SPECIFICATE | 539, 755500|Q74.80|BRACHIDATTILIA DITA MANO | 540, 755880|Q74.81|EMIPERTROFIA, IPERTROFIA ARTI | 541, 755680|Q74.82|IPOSVILUPPO ARTO/ARTI | 542, 755880|Q74.83|ASIMMETRIA ARTI NOS | 543, 755810|Q74.84|LARSEN'S SYNDROME | 544, 755900|Q74.9|ANOMALIE ARTI NON SPECIFICATE | 545, 756000|Q75.0|CRANIOSINOSTOSI | 546, 756050|Q75.0|PFEIFFER SYNDROME, NOACK SYNDROME, ACROCEPHALOSYNDACTYLY | 547, 756010|Q75.1|CRANIOSTENOSI DELLE CORONALI | 548, 756005|Q75.01|CRANIOSTENOSI SAGITTALE | 549, 756006|Q75.02|CRANIOSINOSTOSI-TRIGONOCEFALIA | 550, 756000|Q75.03|CRANIOSINOSTOSI-SUTURE MULTIPLE-CRANIO A TRIFOGLIO | 551, 756000|Q75.03|CRANIOSTENOSI - TURRICEFALIA | 552, 756040|Q75.1|CROUZON SYNDROME | 553, 756020|Q75.2|IPERTELORISMO | 554, 756080|Q75.3|MACROCEFALIA/MACROCRANIA | 555, 756045|Q75.4|MANDIBULOFACIAL DYSOSTOSIS - FRANCESCHETTI AND TREACHER-COLLINS | 556, 756046|Q75.5|OCULOMANDIBULAR DYSOSTOSIS | 557, 759800|Q75.81|DISPLASIA FRONTONASALE | 558, 756090|Q75.9|ALTRE MALF CRANIO/FACCIALI NOS | 559, 756100|Q76.0|SPINA BIFIDA OCCULTA | 560, 756110|Q76.1|KLIPPEL-FEIL SYNDROME | 561, 756150|Q76.3|SCOLIOSI DA ANOMALIE VERTEBRE TORACICHE | 562, 756140|Q76.30|EMIVERTEBRA SINGOLA CON SCOLIOSI | 563, 756180|Q76.38|SCOLIOSI ASSOCIATA A EMIVERTEBRA MULTIPLA, ALTRE MALFORMAZIONI OSSEE | 564, 756190|Q76.4|ANOMALIE COLONNA NON ASSOCIATE A SCOLIOSI | 565, 756180|Q76.4|EMIVERTEBRE/VERTEBRE FARFALLA | 566, 756180|Q76.40|ASSENZA VERTEBRE | 567, 756170|Q76.41|ANOMALIE VERTEBRE SACRALI, AGENESIA SACRO | 568, 756180|Q76.42|ALTRE ANOMALIE VERTEBRE | 569, 756140|Q76.42|DISMORFISMO VERTEBRALE EMIVERTEBRE | 570, 756160|Q76.42|DISMORFISMO VERTEBRALE EMIVERTEBRE LOMBARI | 571, 756310|Q76.6|ALTRE MALFORMAZIONI COSTE | 572, 756180|Q76.60|ASSENZA COSTE | 573, 756320|Q76.61|FUSIONE COSTE | 574, 756330|Q76.62|COSTA SOVRANNUMERAREA | 575, 756340|Q76.8|ALTRE MALFORMAZIONI DEL TORACE | 576, 756390|Q76.8|IPOPLASIA GABBIA TORACICA | 577, 759840|Q77.0|ACONDROGENESI | 578, 759840|Q77.00|ACONDROGENESI TIPO 1 | 579, 759840|Q77.01|ACONDROGENESI TIPO 2 | 580, 756402|Q77.02|IPOCONDROGENESI | 581, 756440|Q77.1|DISPLASIA TANATOFORA | 582, 756400|Q77.2|JUENE DISPLASIA TORACICA ASFISSIANTE | 583, 756570|Q77.3|CONDRODISPLASIA PUNCTATA | 584, 756430|Q77.4|ACONDROPLASIA | 585, 756441|Q77.5|NANISMO DIASTROFICO | 586, 756520|Q77.6|ELLIS VAN CREVELD (CHONDROECTODERMAL DYSPLASIA) | 587, 756580|Q77.7|SPONDYLOEPIPHYSEAL DYSPLASIA | 588, 759890|Q77.8|ACRODYSOSTOSIS | 589, 75640|Q77.8|KNIEST DYSPLASIA | 590, 756442|Q77.80|METATROPIC DWARFISM | 591, 759890|Q77.81|METAPHYSEAL CHONDRODYSPLASIA | 592, 756500|Q78.0|OSTEOGENESI IMPERFECTA | 593, 756500|Q78.00|OSTEOGENESI IMPERFECTA CONGENITA | 594, 756512|Q78.1|MCCUNE-ALBRIGHT SYNDROME (POLYOSTOTIC DYSPLASIA) | 595, 756540|Q78.2|ALBERS-SCHONBERG SYNDROME (OSTEOPETROSIS) | 596, 756551|Q78.3|CAMURATI-ENGELMAN DISEASE (DIAPHYSEAL DYSPLASIA) | 597, 759890|Q78.4|ENCHONDROMATOSIS | 598, 759890|Q78.5|METAPHYSEAL DYSPLASIA, PYLE'S SYNDROME | 599, 756470|Q78.6|ESOSTOSI MULTIPLE CONGENITE | 600, 759890|Q78.6|DIAPHYSEAL ACLASIA | 601, 756490|Q78.8|DISPLASIA SCHELETRICA DIAGNOSI PRENATALE | 602, 756490|Q78.9|DISPLASIA SCELETRICA NOS LATE DIAGNOSIS | 603, 756490|Q78.9|DISPLASIA SCHELETRICA NOS | 604, 756421|Q78.40|MAFFUCCI SYNDROME | 605, 756410|Q78.48|OSTEOCHONDROMATOSIS SYNDROME, DYSCHONDROPLASIA, OLLIER | 606, 759890|Q78.80|OSTEOPOIKILOSIS | 607, 756610|Q79.0|ERNIA DIAFRAMMATICA | 608, 756600|Q79.11|ASSENZA EMIDIAFRAMMA | 609, 756600|Q79.12|ASSENZA COMPLETA DIAFRAMMA | 610, 756700|Q79.2|ONFALOCELE | 611, 756710|Q79.3|GASTROSCHISI | 612, 756720|Q79.4|PRUNE BELLY SEQUENCE | 613, 756790|Q79.5|ALRTI DIFETTI PARETE ADDOMINALE | 614, 756790|Q79.5|LIMB BODY WALL COMPLEX OR BODY STALK  specificare malf | 615, 756850|Q79.6|EHLERS-DANLOS SYNDROME | 616, 756885|Q79.8|POPLITEAL PTERYGIUM SYNDROME | 617, 762800|Q79.80|BANDE AMNIOTICHE | 618, 756810|Q79.81|ASSENZA DI UN MUSCOLO | 619, 756800|Q79.82|SINDROME DI POLAND | 620, 757180|Q80.3|BCIE Congenital bullous ichthyosiform erythroderma | 621, 757100|Q80.4|ARLECCHINO SINDROME | 622, 757190|Q80.9|ITTIOSI NOS | 623, 757380|Q81.1|HERLITZ SYNDROME (EPIDERMOLYSIS BULLOSA) EPIDERMOLISI BOLLOSA | 624, 757350|Q82.3|INCONTINENTIA PIGMENTI | 625, 757340|Q82.4|DISPLASIA ECTODERMICA | 626, 757380|Q82.5|NEVE DERMICO GIGANTE | 627, 757380|Q82.5|NEVI MULTIPLI | 628, 757380|Q82.5|NEVO PIGMENTATO | 629, 757380|Q82.50|NEVO FLAMMEO | 630, 757380|Q82.58|ALTRI NEVI CONGENITI | 631, 757300|Q82.8|ALTRE ANOMALIE CUTE SPECIFICATE | 632, 757300|Q82.8|DERMOPATIA RESTRITTIVA | 633, 757303|Q82.8|ROTHMUND-THOMPSON SYNDROME | 634, 757390|Q82.80|ANOMALIE DEL SOLCO PALMARE | 635, 757310|Q82.81|APPENDICE CUTANEA minor | 636, 757398|Q82.9|MALFORMAZIONE DELLA CUTE NOS | 637, 757650|Q83.3|CAPEZZOLO SOVRANNUMERARIO | 638, 757480|Q84.2|CIUFFO CAPELLI BIANCHI | 639, 757500|Q84.3|ASSENZA UNGHIE MANI O PIEDI | 640, 757398|Q84.8|CUTIS MARMORATA CONGENITA | 641, 757390|Q84.80|APLASIA CUTIS | 642, 237700|Q85.0|NF 1 | 643, 759500|Q85.1|SCLEROSI TUBEROSA | 644, 759600|Q85.80|PEUTZ-JEGHERS SYNDROME | 645, 759611|Q85.81|STURGE WEBER | 646, 757390|Q85.82|VON HIPPEL LINDAU (ANGIOMATOSIS RETINAE) | 647, 759630|Q85.83|GARDNER SYNDROME | 648, 760710|Q86.0|FETAL ALCOHOL SYNDROME | 649, 759890|Q86.1|FETAL HYDANTOIN SYNDROME | 650, 759890|Q86.2|FETAL WARFARIN SYNDROME | 651, 760703|Q86.80|FETAL VALPROATE SINDROME | 652, 759890|Q86.82|FETAL THALIDOMIDE SYNDROME | 653, 759890|Q87.0|MOWAT WILSON | 654, 759890|Q87.0|Congenital malformation syndromes predominantly affecting facial appearance | 655, 755501|Q87.00|ACROCEPHALOPOLYSYNDACTYLY ALL TYPES | 656, 755500|Q87.01|APERT'S SYNDROME | 657, 759892|Q87.02|FRASE;NA
sp_syndrome;NA;1;0;da syndromes.csv nello script label.R;NA;NA;NA
matdiab;NA;1;0;vedere se illbef1 o 2 contengono il codice icd9 del diabete;NA;1, Yes type 1 diabetes (IDDM) | 2, Yes type 2 diabetes (NIDDM) | 3, Yes type MODY* (all types) | 4, Yes type not known | 5, No but impaired glucose intolerance | 6, No pregestational diabetes | 9, Not known;NA
record_id;NA;NA;NA;Non mappata;NA;NA;NA
numloc;NA;NA;NA;Non mappata;NA;concat([record_id],right([birth_date],4));NA
sp_twin;NA;NA;NA;Non mappata;NA;NA;NA
nbrmalf;NA;NA;NA;Non mappata;NA;"1, One
2, Two
3, Three
4, Four
5, Five
6, six or more
9, Not known";NA
extra_er_resmo;NA;NA;NA;Non mappata;NA;NA;NA
sp_firstpre;NA;NA;NA;Non mappata;NA;NA;NA
sp_gentest;NA;NA;NA;Non mappata;NA;NA;NA
imer_key;NA;NA;NA;Non mappata;NA;1, C (chromosomal) | 2, H (heart) | 3, I (isolated) | 4, M (multiple) | 5, S (sindrome);NA
omim;NA;NA;NA;Non mappata;NA;NA;NA
orpha;NA;NA;NA;Non mappata;NA;NA;NA
malfo7;NA;NA;NA;Non mappata;NA;1, 212700|D15.1|RABDIOMIOMI CARDIACI MULTIPLI | 2, 228000|D18.0|ANGIOMA | 3, 228000|D18.0|ANGIOMI MULTIPLI | 4, 228000|D18.00|ANGIOMA CAPILLARE | 5, 228000|D18.01|ANGIOMA CAVERNOSO | 6, 228000|D18.02|ANGIOMA MISTO | 7, 228100|D18.1|LINFANGIOMA qualsiasi sede | 8, 228100|D18.10|EDEMA NUCALE | 9, 228100|D18.10|IGROMA CISTICO | 10, 238000|D21.5|TERATOMA SACROCOCCIGEO | 11, 215800|D21.9|FIBROLIPOMA SACRALE | 12, 237000|D43.7|NEOPLASIA NEUROBLASTICA PERINEALE | 13, 237900|D43.7|TERATOMA CEREBRALE | 14, 270020|D61.00|ANEMIA DI FANCONI | 15, 279110|D82.0|WISCOTT-ALDRICH | 16, 279100|D82.1|DIGEORGE VELOCARDIOFACIAL SYNDROME | 17, 243990|E03.0|IPOTIROIDISMO CONGENITO con gozzo | 18, 243990|E03.1|IPOTIROIDISMO CONGENITO senza gozzo | 19, 255200|E25.0|SINDROME ADRENOGENITALE | 20, 257800|E34.5|MORRIS SYNDROME insensibilità agli androgeni | 21, 775800|E70.22|TIROSINEMIA | 22, 270200|E70.3|ALBINISMO OCULOCUTANEO | 23, 759804|E70.30|WAARDENBURG'S SYNDROME | 24, 270600|E72.21|ARGININ SUCCINICO ACIDURIA | 25, 275310|E83.32|IPOFOSFATASIA | 26, 275390|E83.39|DEFICIT METABOLICO DELLE FOSFATASI | 27, 351000|G51.0|PARALISI FACIALE | 28, 351000|G51.00|PARALISI FACIALE UNILATERALE | 29, 359200|G71.11|DISTROFIA MIOTONICA | 30, 425300|I42.4|FIBROELASTOSI ENDOCARDICA | 31, 523800|K06.1|EPULIDE | 32, 524030|K07.00|MICROGNAZIA SEVERA, RETROMICROGNAZIA | 33, 275400|N29.80|NEFROCALCINOSI RENALE BIL | 34, 761200|P01.2|ANIDRAMNIOS | 35, 761200|P01.2|OLIGODRAMNIOS | 36, 761300|P01.3|POLIDRAMNIOS | 37, 762300|P02.3|TRASFUSIONE FETO FETALE | 38, 764900|P05.1|IUGR GRAVE | 39, 764900|P05.1|RITARDO DI CRESCITA/IUGR | 40, 764900|P05.9|RITARDO DI CRESCITA/IUGR NOS | 41, 771000|P35.0|ROSOLIA CONGENITA | 42, 771100|P35.1|CITOMEGALOVIRUS | 43, 771100|P35.1|INFEZIONE CONGENITA DA CMV | 44, 771210|P37.1|TOXOPLASMOSIS | 45, 771290|P37.9|INFEZIONE INTRAUTERINA NOS | 46, 771890|P39.2|INFEZIONE FETO PLACENTARE | 47, 760750|P70.1|DIABETE MATERNO | 48, 778000|P83.2|IDROPE FETALE non emolitica | 49, 778030|P83.3|ASCITE | 50, 778020|P83.3|IDROTORACE | 51, 779820|P94.2|IPOTONIA | 52, 740000|Q00.00|ACRANIA/ANENCEFALIA | 53, 740000|Q00.01|ACRANIA/ANENCEFALIA incomplete | 54, 740100|Q00.1|craniorachischisi | 55, 740200|Q00.2|INIENCEFALIA | 56, 742000|Q01.2|ENCEFALOCELE OCCIPITALE | 57, 742080|Q01.0|ENCEFALOCELE FRONTALE | 58, 742080|Q01.1|ENCEFALOCELE NASOFRONTALE | 59, 742080|Q01.8|ENCEFALOCELE ALTRE SEDI SPECIFICATE | 60, 742080|Q01.80|ENCEFALOCELE PARIETALE | 61, 742080|Q01.81|ENCEFALOCELE ORBITALE | 62, 742090|Q01.9|ENCEFALOCELE NOS | 63, 742100|Q02|MICROCEFALIA | 64, 742300|Q03|IDROCEFALO CONGENITO | 65, 742300|Q03.0|IDROCEFALO CON ANOMALIA DI SYLVUS | 66, 742310|Q03.1|DANDY WALKER SYNDROME, atresia dei forami di Luschka e Magendie | 67, 742310|Q03.1|DANDY WALKER VARIANT | 68, 742398|Q03.8|altri idrocefali congeniti | 69, 742390|Q03.9|IDROCEFALO CONGENITO NOS | 70, 742390|Q03.9|VENTRICOLOMEGALIA SEVERA | 71, 742210|Q04.0|ANOMALIA CORPO CALLOSO (IPOPLASIA , AGENESIA O DISPLASIA) | 72, 742210|Q04.00|AGENESIA CORPO CALLOSO | 73, 742260|Q04.1|ARINENCEFALIA | 74, 742260|Q04.2|OLOPROSENCEFALIA | 75, 742260|Q04.2|OLOPROSENCEFALIA LOBARE | 76, 742260|Q04.2|OLOPROSENCEFALIA SEMILOBARE | 77, 759890|Q04.3|MILLER-DIEKER SYNDROME | 78, 742200|Q04.30|IPOPLASIA CEREBRALE (anomalie di riduzione del cervello) | 79, 742230|Q04.32|ANOMALIA/IPOPLASIA  CEREBELLARE (anomalie di riduzione del cervelletto) | 80, 742240|Q04.33|AGIRIA/LISSENCEFALIA | 81, 742250|Q04.34|POLI-MICROGIRIA PACHIGIRIA | 82, 742320|Q04.35|IDRANENCEFALIA | 83, 742480|Q04.4|DISPLASIA SETTO-OTTICA | 84, 742400|Q04.5|MEGAENCEFALIA, EMIMEGAENCEFALIA | 85, 742480|Q04.6|CISTI CEREBRALI CONGENITE, PORENCEFALIA | 86, 742480|Q04.60|CISTI CEREBRALI CONGENITE MULTIPLE | 87, 742480|Q04.61|CISTI CEREBRALE CONGENITE SINGOLA | 88, 742480|Q04.8|ALTRE MALF SPECIFICATE DEL CERVELLO | 89, 742480|Q04.8|MACROGIRIA | 90, 742280|Q04.8|ANOMALIA DELLA GIRAZIONI | 91, 742900|Q04.9|ANOMALIE CEREBRALE NOS | 92, 742280|Q04.9|MALFORMAZIONE CEREBRALE NOS | 93, 741000|Q05.01|spina bifida, cervicale, con idrocefalo, aperta | 94, 741030|Q05.02|spina bifida, cervicale, con idrocefalo, chiusa | 95, 741080|Q05.09|spina bifida, cervicale, con idrocefalo, non noto se aperta | 96, 741000|Q05.11|spina bifida, toracica, con idrocefalo, aperta | 97, 741040|Q05.12|spina bifida, toracica, con idrocefalo, chiusa | 98, 741080|Q05.19|spina bifida, toracica, con idrocefalo, non note se aperta | 99, 741000|Q05.21|spina bifida, lombare, con idrocefalo, aperta | 100, 741050|Q05.22|spina bifida, lombare, con idrocefalo, chiusa | 101, 741080|Q05.29|spina bifida, lombare, con idrocefalo, non noto se aperta | 102, 741000|Q05.31|spina bifida, sacrale, con idrocefalo, aperta | 103, 741060|Q05.32|spina bifida, sacrale, con idrocefalo, chiusa | 104, 741080|Q05.39|spina bifida, sacrale, con idrocefalo, non noto se aperta | 105, 741000|Q05.41|spina bifida, sede NOS, con idrocefalo, aperta | 106, 741020|Q05.42|spina bifida, sede NOS, con idrocefalo, chiusa | 107, 741090|Q05.49|spina bifida, sede NOS, con idrocefalo, non noto se aperto | 108, 741900|Q05.51|spina bifida, cervicale, idrocefalo NOS, aperta | 109, 741910|Q05.52|spina bifida, cervicale, idrocefalo NOS, chiusa | 110, 741980|Q05.59|spina bifida, cervicale, idrocefalo NOS, non noto se aperta | 111, 741900|Q05.61|spina bifida, toracica, idrocefalo NOS, aperta | 112, 741920|Q05.62|spina bifida, toracica, idrocefalo NOS, chiusa | 113, 741980|Q05.69|spina bifida, toracica, idrocefalo NOS, NON NOTO SE APERTA | 114, 741900|Q05.71|spina bifida, lombare, idrocefalo NOS, aperta | 115, 741930|Q05.72|spina bifida, lombare, idrocefalo NOS, chiusa | 116, 741980|Q05.79|spina bifida, lombare, idrocefalo NOS, non noto se aperta | 117, 741940|Q05.82|spina bifida, sacrale, idrocefalo NOS, chiusa | 118, 741980|Q05.89|spina bifida, sacrale, idrocefalo NOS, non noto se aperta | 119, 741000|Q05.9|SPINA BIFIDA NOS | 120, 741990|Q05.9|MIELOMENINGOCELE NOS | 121, 741900|Q05.91|spina bifida, sede NOS, idrocefalo NOS, aperta | 122, 741990|Q05.92|spina bifida, sede NOS, idrocefalo NOS, chiusa | 123, 741990|Q05.99|spina bifida, sede NOS, idrocefalo NOS, non noto se aperto | 124, 741900|Q05.81|spina bifida, sacrale, idrocefalo NOS, aperta | 125, 742500|Q06.0|AMELIA | 126, 742510|Q06.1|MIELODISPLASIA, IPOPLASIA E DISPLASIA DEL MIDOLLO SPINALE | 127, 742520|Q06.2|DIASTEMATOMIELIA | 128, 742530|Q06.3|ALTRE MALF CAUDA EQUINA | 129, 742540|Q06.4|IDROMIELIA | 130, 742880|Q07.0|ARNOLD CHIARI | 131, 742800|Q07.8|ALTRE MALF SPECIFICATE DEL SISTEMA NERVOSO PERIFERICO | 132, 742800|Q07.80|MARCUS GUNN'S SYNDROME | 133, 743600|Q10.0|PTOSI CONGENITA | 134, 74360|Q10.0|BLEPHAROPHIMOSIS-PTOSIS SYNDROME | 135, 743630|Q10.3|ASSENZA PALPEBRE MONO O BI, ASSENZA CILIA, COLOBOMA PALPEBRA | 136, 743630|Q10.3|BLEFAROFIMOSI BILAT | 137, 743000|Q11.1|ANOFTHALMO | 138, 743100|Q11.2|LENZ MICROPHTHALMOS SYNDROME | 139, 743100|Q11.2|MICROFTALMIA | 140, 743210|Q11.3|MACROFTALMIA | 141, 743320|Q12.0|CATARATTA MONO O BILATERALE | 142, 743340|Q12.2|COLOBOMA DELLA LENTE | 143, 743300|Q12.3|ASSENZA DELLA LENTE, AFACHIA | 144, 743310|Q12.8|ALTRE ANOMALIE DEL CRISTALLINO | 145, 743430|Q13.0|COLOBOMA DELL'IRIDE | 146, 743420|Q13.1|ANIRIDIA | 147, 743420|Q13.1|ANIRIDIA -WILMS TUMOUR, SYNDROME WAGR | 148, 743400|Q13.3|OPACITA CONGENITA DELLA CORNEA | 149, 743520|Q14.2|COLOBOMA DISCO OTTICO | 150, 743200|Q15.0|GLAUCOMA CONGENITO | 151, 743220|Q15.00|MEGALOCORNEA | 152, 743900|Q15.8|LINFANGIOMA CISTICO OCCHIO SINISTRA | 153, 743900|Q15.8|ALTRE ANOMALIE SPECIFICATE DELL'OCCHIO | 154, 744010|Q16.0|AGENESIA PADIGLIONE AURICOLARE MONO, ANOTIA | 155, 744000|Q16.1|ASSENZA O STENOSI DEL CONDOTTO UDITIVO ESTERNO | 156, 744020|Q16.4|ANOMALIE DEL ORECCHIO MEDIO | 157, 744030|Q16.5|AGENESIA O ANOMALIA CANALI SEMICIRCOLARI | 158, 744090|Q16.9|ORECCHIO MALFORMATO CON PERDITA DI UDITO | 159, 744110|Q17.0|APPENDICI PREAURICOLARI | 160, 74410|Q17.0|PADIGLIONE AURICOLARE ACCESORIO | 161, 744210|Q17.2|MICROTIA | 162, 744230|Q17.3|MALFORMAZIONE ORECCHIO | 163, 744240|Q17.4|ORECCHIE BASSO IMPIANTO | 164, 744230|Q17.8|LOBO ORECCHIO FISSURATO | 165, 759890|Q17.8|MELNICK-FRASER SYNDROME, Branchiootorenal syndrome, SINDROME BOR | 166, 744300|Q17.9|MALFORMAZIONE ORECCHIE NOS | 167, 744280|Q18.1|SENO PREAURICOLARE | 168, 744400|Q18.0|RESIDUI BRANCHIALI | 169, 744480|Q18.2|ALTRE ANOMALIE DEGLI ARCHI BRANCHIALI | 170, 744800|Q18.4|MACROSTOMIA | 171, 744810|Q18.5|MICROSTOMIA | 172, 744500|Q18.3|PTERIGIUM COLLI | 173, 744910|Q18.9|DISFORMISMI FACCIALI | 174, 745000|Q20.0|TRONCO ARTERIOSO COMUNE | 175, 745110|Q20.1|DORV, VENTRICOLO DESTRO A DOPPIA USCITA | 176, 745100|Q20.3|TGV, TRASPOSIZIONE DEI GROSSI VASI | 177, 745300|Q20.4|CUORE UNIVENTRICOLARE | 178, 759890|Q20.6|IVEMARK SYNDROME | 179, 759380|Q20.6|ISOMERISMO ATRIALE  CON ASPLENIA O POLISPLENIA | 180, 745449|Q21.0|DIV INFUNDIBOLARE /SOPRA CRESTALE | 181, 745482|Q21.0|DIV MULTIPLO MEDIO DIMENSIONE | 182, 745481|Q21.0|DIV MULTIPLO PICCOLO  DIMENSIONE (< 3MM) | 183, 745459|Q21.0|DIV MUSCOLARE DIMENSIONE SCONOSCIUTA | 184, 745453|Q21.0|DIV MUSCOLARE GRANDE DIMENSIONE (>5MM) | 185, 745452|Q21.0|DIV MUSCOLARE MEDIO DIMENSIONE (3-5MM) | 186, 745489|Q21.0|DIV MUSCOLARE MULTIPLI DIMENSIONE SCONOSCIUTA | 187, 745451|Q21.0|DIV MUSCOLARE PICCOLO  DIMENSIONE (< 3MM) | 188, 745449|Q21.0|DIV PERIMEMBRANOSO DIMENSIONE SCONOSCIUTA | 189, 745443|Q21.0|DIV PERIMEMBRANOSO GRANDE DIMENSIONE (>5MM) | 190, 745442|Q21.0|DIV PERIMEMBRANOSO MEDIO DIMENSIONE (3-5MM) | 191, 745441|Q21.0|DIV PERIMEMBRANOSO PICCOLO DIMENSIONE (<3MM) | 192, 745499|Q21.0|DIV SEDE SCONOSCIUTA DIMENSIONE SCONOSCIUTA | 193, 745493|Q21.0|DIV SEDE SCONOSCIUTA GRANDE DIMENSIONE (>5MM) | 194, 745492|Q21.0|DIV SEDE SCONOSCIUTA MEDIO DIMENSIONE (3-5MM) | 195, 745491|Q21.0|DIV SEDE SCONOSCIUTA PICCOLO  DIMENSIONE (< 3MM) | 196, 745439|Q21.0|DIV SUBAORTICO DIMENSIONE SCONOSCIUTA | 197, 745433|Q21.0|DIV SUBAORTICO GRANDE DIMENSIONE (>5MM) | 198, 745432|Q21.0|DIV SUBAORTICO MEDIO DIMENSIONE (3-5MM) | 199, 745431|Q21.0|DIV SUBAORTICO PICCOLO DIMENSIONE (<3MM) | 200, 745500|Q21.1|DIA | 201, 745510|Q21.10|DIA OSTIUM SECONDUM | 202, 745500|Q21.11|FORAME OVALE PERVIO | 203, 745610|Q21.15|ATRIO UNICO, COR TRILOCULARE BIVENTRICOLARE | 204, 745580|Q21.18|ANEURISMA SETTO INTERATRIALE | 205, 745600|Q21.20|DIFETTO CUSCINETTO ENDOCARDICI, OSTIUM PRIMUM | 206, 745630|Q21.21|CANALE ATRIOVENTRICOLARE UNICO, CAV | 207, 745620|Q21.21|DIFETTO DEL SETTO TIPO CANALE ATRIOVENTRICOLARE UNICO | 208, 745200|Q21.3|TETRALOGIA DI FALLOT | 209, 745210|Q21.82|PENTALOGIA DI FALLOT (+ DIA) | 210, 745680|Q21.4|FINESTRA AORTO POLMONARE | 211, 746000|Q22.0|ATRESIA  VALVOLA POLMOMARE | 212, 746010|Q22.1|STENOSI VALVOLARE POLMONARE | 213, 746020|Q22.2|INSUFFICIENZA VALVOLA PULMONARE | 214, 746080|Q22.3|ALTRE MALF VALVOLARE POLMONARE | 215, 746080|Q22.3|DISPLASIA O IPOPLASIA VALVOLARE POLMONARE | 216, 746080|Q22.3|VALVOLA POLMONARE BICUSPIDE | 217, 746110|Q22.4|ATRESIA O STENOSI TRICUSPIDE | 218, 746200|Q22.5|MALFORMAZIONE DI EBSTEIN | 219, 746790|Q22.6|CUORE DESTRO IPOPLASICO | 220, 746880|Q22.8|ALTRA ANOMALIA TRICUSPIDALE | 221, 746113|Q22.8|INSUFFICIENZA TRICUSPIDE | 222, 746300|Q23.0|STENOSI O ATRESIA VALVOLA AORTICA | 223, 746400|Q23.1|INSUFFICIENZA AORTICA | 224, 746420|Q23.10|AORTA BICUSPIDE | 225, 746420|Q23.10|VALVOLA AORTICA BICUSPIDE | 226, 746500|Q23.2|ATRESIA O STENOSI MITRALE | 227, 746600|Q23.3|INSUFFICIENZA MITRALICA | 228, 746700|Q23.4|CUORE SN IPOPLASICO | 229, 746880|Q23.8|ALTRE ANOMALIE AORTICA/MITRALICA | 230, 746480|Q23.8|VALVOLA AORTICA DISPLASICA | 231, 746800|Q24.0|DESTROCARDIA ISOLATA | 232, 746820|Q24.2|COR TRIATRIATUM | 233, 746880|Q24.5|ANOMALIE DELLE CORONARIE | 234, 746870|Q24.6|BLOCCO CARDIACO | 235, 746880|Q24.8|ALTRE MALFORMAZIONI CARDIACHE SPECIFICATE | 236, 746860|Q24.8|CARDIOMEGALIA | 237, 746880|Q24.8|ECTOPIA CORDIS | 238, 746880|Q24.8|TRILOGIA DI FALLOT | 239, 746880|Q24.9|ALTRE MALFORMAZIONI CARDIACHE NOS | 240, 747000|Q25.0|PDA | 241, 747190|Q25.1|COARTAZIONE  AORTICA | 242, 747100|Q25.10|COARTAZIONE  AORTICA PREDUTTALE | 243, 747110|Q25.11|COARTAZIONE AORTICA POST DUTTALE | 244, 747190|Q25.19|COARTAZIONE  AORTICA NOS | 245, 747280|Q25.2|INTERRUZIONE ARCO AORTICO, ATRESIA AORTA | 246, 747280|Q25.3|STENOSI AORTA | 247, 747210|Q25.40|IPOPLASIA AORTA | 248, 747230|Q25.41|PERSISTENZA DELL'ARCO AORTICO DESTRO | 249, 747260|Q25.42|overriding aorta | 250, 747250|Q25.44|DOPPIO ARCO AORTICO | 251, 747310|Q25.5|ATRESIA ARTERIA POLMONARE | 252, 747320|Q25.6|STENOSI ARTERIA POLMONARE | 253, 747380|Q25.8|ALTRE MALFORMAZIONI DELLE GRANDI ARTERIE | 254, 747400|Q26.0|STENOSI CONGENITA DELLA VENA CAVA SUP O INF | 255, 747410|Q26.1|PERSISTENZA VENA CAVA SUPERIORE SX | 256, 747420|Q26.2|RITORNO VENOSO POLMOMARE ANOMALO TOTALE | 257, 747430|Q26.3|RITORNO VENOSO POLMONARE ANOMALO PARZIALE | 258, 747880|Q26.8|ALTRE MALFORMAZIONI CONGENITE DELLE GRANDI VENE, ASSENZA VENA CAVA SUP/INF, AZYGOS CONTINUATION | 259, 747600|Q27.1|STENOSI CONGENITA DELL'ARTERIA RENALE | 260, 747500|Q27.0|ARTERIA OMBELICALE UNICA | 261, 747610|Q27.2|ANOMALIA ARTERIA RENALE | 262, 747620|Q27.3|MALFORMAZIONI ARTEROVENOSE PERIFERICHE (MAV) | 263, 747680|Q27.8|ALTRE MALFORMAZIONE SISTEMA VASCOLARE PERIFERICO | 264, 747680|Q27.8|FISTOLA VENO-VENOSO EPATICA | 265, 747810|Q28.0|MALFORMAZIONI ARTEROVENOSE VASI PRE CEREBRALI (MAV) | 266, 747810|Q28.2|MALFORMAZIONI ARTEROVENOSE VASI CEREBRALI  (MAV) | 267, 747810|Q28.2|ANEURISMA DELLA VENA DI GALENO | 268, 747810|Q28.3|ALTRE MALFORMAZIONI VASI CEREBRALI | 269, 747800|Q28.3|ARTERIOPATIA CALCIFICA IDIOPATICA VASI CEREBRALI | 270, 747880|Q28.8|ALTRE MALFORMAZIONI SISTEMA CIRCOLATORIO | 271, 748000|Q30.0|ATRESIA DELLE COANE | 272, 759890|Q87.8|CHARGE | 273, 748000|Q30.0|STENOSI DELLE COANE | 274, 748100|Q30.1|AGENESIA O IPOSVILUPPO DEL NASO | 275, 748100|Q30.1|IPOPLASIA DEL NASO | 276, 748120|Q30.2|SCHISI NARICE | 277, 748180|Q30.8|ALTRE MALFORMAZIONI NASO SPECIFICATE | 278, 748180|Q30.8|ASSENZA DELLA NARICE, CAVITA NASALE UNICA | 279, 748190|Q30.9|ALTRE MALFORMAZIONI NASO NOS | 280, 748200|Q31.0|WEB LARINGEO | 281, 748300|Q31.8|AGENESIA/ATRESIA LARINGE | 282, 748300|Q31.80|CLEFT LARINGE | 283, 748320|Q32.0|TRACHEOMALACIA | 284, 748330|Q32.1|ATRESIA TRACHEALE | 285, 748330|Q32.11|CLEFT TRACHEO ESOFAGEO | 286, 748400|Q33.0|CISTI POLMONARE | 287, 74841|Q33.01|POLMONE POLICISTICO | 288, 748620|Q33.1|LOBO POMONARE ACCESSORIO | 289, 748520|Q33.2|SEQUESTRO POLMONARE | 290, 748500|Q33.3|AGENESIA DEL POLMONE O LOBO POLMONARE | 291, 748500|Q33.6|IPOPLASIA O DISPLASIA DEL POLMONE | 292, 748480|Q33.80|ADENOMATOIDE CISTICA POLMONARE | 293, 748880|Q34.80|LINFOANGECTASIE POLMONARE | 294, 749000|Q35.1|SCHISI PALATO DURO MONOLAERALE completo/incompleto (sottomucoso) lato | 295, 749010|Q35.1|SCHISI PALATO DURO BILATERALE completo/incompleto (sottomucoso) | 296, 749020|Q35.1|SCHISI PALATO DURO CENTRALE completo/incompleto (sottomucoso) | 297, 749030|Q35.1|SCHISI PALATO DURO NOS | 298, 749040|Q35.3|SCHISI PALATO MOLLE MONOLATERALE completo/incompleto (sottomucoso) lato | 299, 749050|Q35.3|SCHISI PALATO MOLLE BILATERALE completo/incompleto (sottomucoso) | 300, 749060|Q35.3|SCHISI PALATO MOLLE CENTRALE completo/incompleto (sottomucoso) | 301, 749070|Q35.3|SCHISI PALATO MOLLE NOS | 302, 749090|Q35.5|SCHISI PALATO DURO E MOLLE spec se completo/incompleto (sottomucoso) mono/bi | 303, 749080|Q35.7|UGOLA BIFIDA | 304, 749090|Q35.9|PALATOSCHISI NOS | 305, 749110|Q36.0|LABIOSCHISI BILATERALE (specifica se labbro e anche gengiva) | 306, 749120|Q36.1|LABIOSCHISI CENTRALE (specifica se labbro e anche gengiva) | 307, 749100|Q36.90|LABIOSCHISI MONOLATERALE specifiica lato (specifica se labbro e anche gengiva) | 308, 749190|Q36.99|LABIOSCHISI NOS | 309, 749210|Q37.0|SCHISI PALATO DURO E LABIOSCHISI BILATERALI | 310, 749200|Q37.1|SCHISI PALATO DURO E LABIOSCHISI MONOLATERALE | 311, 749200|Q37.2|SCHISI PALATO MOLLE E LABIOSCHISI BILATERALI | 312, 749201|Q37.3|SCHISI PALATO MOLLE E LABIOSCHISI MONOLATERALE | 313, 749210|Q37.4|LABIOPALATOSCHISI BILATERALE DURO+MOLLE | 314, 749210|Q37.5|LABIOPALATOSCHISI UNILATERALI DURO+MOLLE | 315, 749200|Q37.9|LABIOSCHISI MONOLATERALE CON PALATOSCHISI NON SPECIFATO | 316, 749210|Q37.8|LABIOSCHISI BILATERALE CON PALATOSCHISI NON SPECIFATO | 317, 750270|Q38.0|ALTRE ANOMALIE DELLE LABBRA | 318, 750270|Q38.0|PIT DELLE LABBRA in sindrome di Van Der Woude | 319, 750120|Q38.2|MACROGLOSSIA | 320, 750180|Q38.3|ALTRE MALFORMAZIONI DELLA LINGUA | 321, 750180|Q38.3|LINGUA BIFIDA | 322, 750010|Q38.30|ASSENZA DELLA LINGUA | 323, 750280|Q38.6|ALTRE MALFORMAZIONI DELLA BOCCA SPECIFICATE | 324, 750200|Q38.7|TASCA FARINGEA | 325, 759890|Q87.8|SINDROME DI VAN DER WOUDE | 326, 750300|Q39.0|ATRESIA ESOFAGEA SENZA FISTOLA O NOS | 327, 750310|Q39.1|ATRESIA ESOFAGEA CON FISTOLA | 328, 750320|Q39.2|FISTOLA TRACHEO ESOFAGEA | 329, 750320|Q39.20|FISTOLA BRONCO ESOFAGEA | 330, 750340|Q39.3|STENOSI ESOFAGEA | 331, 750350|Q39.4|MEMBRANA ESOFAGEA | 332, 750430|Q39.80|DUPLICAZIONE ESOFAGEA | 333, 750510|Q40.0|STENOSI DEL PILORO | 334, 750700|Q40.2|MALFORMAZIONE DELLO STOMACO SPECIFICATA | 335, 750920|Q40.3|MALFORMAZIONE DELLO STOMACO NOS | 336, 750800|Q40.8|AGENESIA DELLO STOMACO | 337, 750800|Q40.8|ALTRE MALFORMAZIONI SPECIFICATE DEL TRATTO GASTROINTESTINALE SUPERIORE | 338, 750780|Q40.9|ALTRE MALFORMAZIONI DEL TRATTO GASTROINTESTINALE SUPERIORE NOS | 339, 751100|Q41.0|ATRESIA O STENOSI DUODENALE | 340, 751110|Q41.1|ATRESIA O STENOSI DIGIUNALE | 341, 751120|Q41.2|ATRESIA O STENOSI  ILEALE | 342, 751120|Q41.8|ARTESIA O STENOSI INTESTINO TENUE SINGOLA O MULTIPLE | 343, 751120|Q41.9|ARTESIA O STENOSI INTESTINO TENUE NOS | 344, 751110|Q41.1|APPLE PEEL SYNDROME | 345, 751210|Q42.0|ATRESIA  ASSENZA O STENOSI RETTO CON FISTOLA | 346, 751210|Q42.00|ATRESIA O STENOSI RETTO CON FISTOLA RETTO URETRALE | 347, 751210|Q42.01|ATRESIA O STENOSI RETTO CON FISTOLA RETTOVESCICALE | 348, 751210|Q42.02|ATRESIA O STENOSI RETTO CON FISTOLA RETTOVULVARE | 349, 751210|Q42.03|ATRESIA O STENOSI RETTO CON FISTOLA RETTOCUTANEA | 350, 751210|Q42.04|ATRESIA O STENOSI RETTO CON FISTOLA RETTOCLOACALE | 351, 751220|Q42.1|ATRESIA O STENOSI RETTO SENZA FISTOLA, RETTO IMPERFORATO | 352, 751230|Q42.2|ATRESIA O STENOSI ANALE CON FISTOLA | 353, 751230|Q42.21|ATRESIA ANALE CON FISTOLA ANOVESTIBOLARE | 354, 751230|Q42.20|ATRESIA ANALE CON FISTOLA ANOCUTANEA | 355, 751240|Q42.3|ATRESIA O STENOSI  ANALE  SENZA FISTOLA, | 356, 751200|Q42.8|ATRESIA O ASSENZA DI ALTRE PARTE DELL'INTESTINO CRASSO | 357, 751200|Q42.9|ATRESIA DEL COLON | 358, 751010|Q43.0|DIVERTICOLO DI MECKEL | 359, 751300|Q43.1|HIRSCHPRUNG DISEASE | 360, 751410|Q43.3|ANOMALIE DELLA FISSAZIONE | 361, 751400|Q43.30|MALROTAZIONE DEL COLON | 362, 751420|Q43.31|BANDE DI LADD | 363, 751500|Q43.4|DUPLICAZIONE INTESTINALE | 364, 751530|Q43.5|ANO ECTOPICO | 365, 751540|Q43.6|FISTOLA RETTO E ANO | 366, 751550|Q43.7|PERSISTENZA DELLA CLOACA | 367, 751580|Q43.8|ALTRE MALFORMAZIONE INTESTINO SPECIFICATO | 368, 751520|Q43.80|MICROCOLON | 369, 751630|Q44.0|IPOPLASIA/AGENESIA COLECISTI | 370, 751650|Q44.2|ATRESIA DOTTI BILIARI INTRAEPATICI | 371, 751670|Q44.5|CONGENITAL MALF OF BILE DUCTS | 372, 751610|Q44.6|MALATTIA CISTICA DEL FEGATO | 373, 751600|Q44.7|ANGIOMA EPATICO | 374, 751600|Q44.70|ASSENZA TOTALE O PARZIALE DEL FEGATO | 375, 751670|Q44.71|ALAGILLE SYNDROME | 376, 752000|Q50.0|AGENESIA OVAIE | 377, 752000|Q50.00|AGENESIA OVAIE MONOLATERALE | 378, 752000|Q50.01|AGENESIA OVAIE BILATERALE | 379, 752080|Q50.11|CISTI OVARICA MULTIPLA | 380, 752080|Q50.3|ALTRE MALFORMAZIONI OVAIO | 381, 752300|Q51.0|AGENESIA APLASIA UTERO | 382, 752380|Q51.1|DOPPIO UTERO | 383, 752380|Q51.5|UTERO BICORNE | 384, 752480|Q51.8|KAUFMAN-MCKUSICK SYNDROME | 385, 752488|Q51.8|ROKITANSKY | 386, 752480|Q51.8|MURCS SYNDROME/ ASSOCIATION, known as Mayer-Rokitansky-Ku?ster-Hauser (MRKH) syndrome type 2 | 387, 752430|Q52.1|VAGINA SETTATA | 388, 752420|Q52.2|FISTOLA RETTO VAGINALE | 389, 752430|Q52.3|IMENE IMPERFORATO | 390, 752458|Q52.6|MALFORMAZIONI CLITORIDE | 391, 752458|Q52.8|ALTRE MALFORMAZIONI GENITALI FEMMINILI | 392, 752510|Q53.2|CRIPTORCHIDISMO BIL | 393, 752510|Q53.1|CRIPTORCHIDISMO MONO | 394, 752601|Q54.0|IPOSPADIA I | 395, 752602|Q54.1|IPOSPADIA II | 396, 752603|Q54.2|IPOSPADIA III PENOSCROTALE | 397, 752603|Q54.3|IPOSPADIA III PERINEALE | 398, 752620|Q54.4|CORDA CONGENITA O CORDA PENIS | 399, 752609|Q54.9|IPOSPADIA NOS | 400, 752820|Q55.2|ALTRE MALFORMAZIONI DELLO SCROTO E DEI TESTICOLI | 401, 752820|Q55.21|SCROTO BIFIDO | 402, 752850|Q55.5|ASSENZA APLASIA DEL PENE | 403, 752860|Q55.6|IPOPLASIA ASTA PENIENA | 404, 752860|Q55.6|MICROPENE | 405, 752860|Q55.6|RECURVATIO PENIS | 406, 752860|Q55.6|TRASPOSIZIONE PENO-SCROTALE | 407, 752880|Q55.8|ALTRE MALFORMAZIONI SPECIFICATE DEI GENITALI MASCHILI | 408, 752790|Q56.4|GENITALI AMBIGUI, SESSO INDETERMINATO | 409, 753010|Q60.0|AGENESIA RENALE MONOLATERALE | 410, 753000|Q60.1|AGENESIA RENALE BIL | 411, 753010|Q60.2|AGENESIA RENALE NOS | 412, 753010|Q60.3|IPOPLASIA RENALE MONOLATERALE | 413, 753000|Q60.4|IPOPLASIA RENALE BIL | 414, 753000|Q60.6|POTTER | 415, 753100|Q61.0|CISTI RENALE SINGOLA | 416, 753110|Q61.1|RENE POLICISTICO TIPO INFANTILE | 417, 753120|Q61.2|RENE POLICISTICO adulto ADPKD | 418, 753130|Q61.3|RENI POLICISTICI NOS | 419, 753190|Q61.4|DISPLASIA RENALE | 420, 753190|Q61.40|DISPLASIA RENALE MULTICISTICA MONO | 421, 753160|Q61.41|DISPLASIA  RENALI MULTICISTICA BIL | 422, 753180|Q61.48|ALTRE DISPLASIE RENALI | 423, 753140|Q61.50|MALATTIA CISTICA DELLA MIDOLLARE RENALE tipo giovanile | 424, 753140|Q61.5|MALATTIA CISTICA DELLA MIDOLLARE RENALE nos | 425, 753150|Q61.51|MALATTIA CISTICA DELLA MIDOLLARE RENALE tipo adulto | 426, 759850|Q61.90|Sindrome MECKEL GRUBER | 427, 753200|Q62.0|IDRONEFROSI >= 1 CM | 428, 753210|Q62.1|ATRESIA/STENOSI URETERE | 429, 753290|Q62.10|STENOSI DEL GIUNTO  MONO | 430, 753290|Q62.11|STENOSI DEL GIUNTO BILATERALE BIL | 431, 753220|Q62.2|MEGALOURETERE, DILATAZIONE URETERE | 432, 753280|Q62.3|URETEROCELE | 433, 753480|Q62.33|IDROURETERE CONGENITO | 434, 753410|Q62.5|DOPPIO URETERE | 435, 753280|Q62.7|REFLUSSO VESCICO-URETERALE | 436, 753280|Q62.70|REFLUSSO VESCICO-URETERALE MONO | 437, 753280|Q62.71|REFLUSSO VESCICO-URETERALE BIL | 438, 753480|Q62.8|ALTRE ANOMALIE URETERE | 439, 753910|Q62.8|ALTRE URETERE NOS | 440, 753300|Q63.0|RENE ACCESSORIO | 441, 753310|Q63.00|DOPPIO DISTRETTO RENALE, DOPPIO O TRIPLO RENE | 442, 753320|Q63.1|RENE A FERRO DI CAVALLO | 443, 753330|Q63.2|RENE ECTOPICO | 444, 753330|Q63.29|RENE ECTOPICO NOS | 445, 753340|Q63.3|RENE GIGANTE | 446, 755338|Q63.8|ALTRE ANOMALIA RENALE SPECIFICATO | 447, 752610|Q64.0|EPISPADIA | 448, 753500|Q64.1|ESTROFIA VESCICA | 449, 753510|Q64.10|ESTROFIA CLOACA | 450, 753510|Q64.10|OEIS COMPLEX | 451, 753600|Q64.20|VALVOLA DELL URETRA POSTERIORE | 452, 753880|Q64.76|MEGAVESCICA | 453, 753620|Q64.21|VALVOLA URETRA ANTERIORE | 454, 753620|Q64.31|STENOSI CONGENITA URETRA | 455, 753620|Q64.33|ATRESIA O IPOPLASIA URETRA | 456, 753800|Q64.5|AGENESIA VESCICALE | 457, 753820|Q64.6|DIVERTICOLO VESCICALE | 458, 753880|Q64.7|MEGAVESCICA-ALTRE ANOMALIE VESCICA | 459, 753840|Q64.72|DOPPIA URETRA | 460, 753860|Q64.74|FISTOLA TRATTO GASTROINTESTINALE E URINARIO | 461, 753860|Q64.74|FISTOLA RETTO VESCICALE | 462, 753880|Q64.8|ALTRE ANOMALIE SISTEMA URINARIO | 463, 753790|Q64.8|ANOMALIE DEL URACO | 464, 754300|Q65.0|LCA MONO | 465, 754230|Q65.1|LCA BIL | 466, 754300|Q65.2|LCA NOS | 467, 754310|Q65.6|SUBLUSSAZIONE ANCA | 468, 754500|Q66.0|PIEDE TORTO, specificare | 469, 754510|Q66.1|PIEDE TORTO CALCAGNO VARO MONO O BIL | 470, 754520|Q66.2|PIEDE TORTO METATARSO VARO MONO O BIL | 471, 754730|Q66.8|PIEDE TORTO NOS, minore | 472, 754700|Q67.5|DEFORMAZIONE DELLA COLONNA | 473, 754200|Q67.50|SCOLIOSI POSTURALE | 474, 755501|Q68.1|CAMPODATTILIA | 475, 754840|Q68.1|MANI TORTE MONO O BIL, specificare | 476, 754840|Q68.1|DEFORMAZIONE DELLA MANO | 477, 755507|Q68.10|CLINODATTILIA DITA MANO | 478, 754430|Q68.21|GENU RECURVATUM | 479, 754400|Q68.3|FEMORI INCURVATI | 480, 754410|Q68.4|TIBIA O FIBULA INCURVATI | 481, 754490|Q68.5|OSSA LUNGHE DEGLI ARTI INFERIORI INCURVATE | 482, 755900|Q68.8|ARTROGRIPOSI NOS | 483, 755580|Q68.8|ALTER DEFORMITA' SPECIFICHE  (clavicola, gomito, avanbraccio, scapola) | 484, 755550|Q68.8|DEFORMITA DELLA SCAPOLA | 485, 755095|Q69.0|POLIDATTALIA MANO | 486, 755010|Q69.00|POLIADATTILIA MANO PRE ASSIALE | 487, 755000|Q69.01|POLIDATTILIA  MANO MESOASSIALE | 488, 755005|Q69.02|POLIDATTILIA  MANO POSTASSIALE | 489, 755095|Q69.09|POLIDATTALIA MANO NOS | 490, 755010|Q69.1|POLLICE ACCESSORIO, POLLICE BIFIDO | 491, 755030|Q69.20|POLIDATTILIA PIEDE PREASSIALE | 492, 755020|Q69.22|POLIDATTILIA  PIEDE POSTASSIALE | 493, 755096|Q69.2|POLIDATTILIA PIEDI | 494, 755096|Q69.29|POLIDATTILIA PIEDE NOS | 495, 755090|Q69.9|POLIDATTILIA NOS | 496, 755100|Q70.0|SINDATTILIA MANO CON SINOSTOSI | 497, 755110|Q70.1|SINDATTILIA MANO SOLO CUTANEA | 498, 755120|Q70.2|SINDATTILIA PIEDI CON SINOSTOSI | 499, 755130|Q70.3|SINDATTILIA PIEDI SOLO CUTANEA | 500, 755180|Q70.4|POLISINDATTTILIA MANI E PIEDI | 501, 755190|Q70.9|SINDATTILIA NOS | 502, 755200|Q71.0|ASSENZA COMPLETA ARTO/ARTI SUPERIORE | 503, 755210|Q71.1|FOCOMELIA ARTI SUP (ASSENZA ARTO, PRESENTE MANO) | 504, 755230|Q71.2|AGENESIA AVAMBRACCIO E MANO | 505, 755240|Q71.3|ASSENZA MANO E DITA | 506, 755240|Q71.30|ASSENZA DI SINGOLE DITA MANO (da II a V) | 507, 755260|Q71.31|AGENESIA o ipoplasia POLLICE (I) | 508, 755260|Q71.4|AGENESIA RADIO, DIFETTO IN RIDUZIONE RADIO, AGENESIA RADIO, CON MANO A MAZZA RADIALE | 509, 755270|Q71.5|DIFETTO IN RIDUZIONE ULNA | 510, 755250|Q71.6|ECTRODATTILIA / MANI A CHELE | 511, 755240|Q71.80|ASSENZA DI TUTTE LE DITA DELLA MANO | 512, 755280|Q71.8|ALTRI DIFETTI IN RIDUZIONE ARTO SUP, specificare | 513, 759890|Q71.9|ADAM SEQUENCE, CONSTRICTION RING SYNDROME UPPER LIMB | 514, 755290|Q71.9|ALTRI DIFETTI RIDUZIONE ARTO SUP NOS | 515, 755300|Q72.0|ASSENZA COMPLETA ARTO/ARTI INFERIORE | 516, 755310|Q72.1|ASSNZA ARTO INFERIORE CON PIEDE, FOCOMELIA ARTI INFERIORI | 517, 755330|Q72.2|ASSENZA GAMBA E PIEDE | 518, 755340|Q72.3|ASSENZA PIEDE E DITA DEL PIEDE | 519, 755380|Q72.30|ASSENZA O IPOPLASIA DITA DEI PIEDI | 520, 755365|Q72.31|ASSENZA O IPOPLASIA ALLUCE | 521, 755320|Q72.4|DIFETTO IN RIDUZIONE FEMORE | 522, 755380|Q72.5|DIFETTO IN RIDUZIONE TIBIA, ASSENZA TIBIA | 523, 755366|Q72.6|DIFETTO IN RIDUZIOINE FIBULA, ASSENZA FIBULA | 524, 755380|Q72.7|SPLIT FOOT | 525, 755380|Q72.8|ALTRI DIFETTI RIDUZIONE ARTO INF | 526, 755380|Q72.80|ASSENZA DI TUTTE LE DITA DEL PIEDE | 527, 759890|Q72.9|ADAM SEQUENCE, CONSTRICTION RING SYNDROME LOWER LIMB | 528, 755400|Q73.0|AMELIA NOS | 529, 755410|Q73.1|FOCOMELIA NOS | 530, 755490|Q73.8|ALTRI DIFETTI IN RIDUZIONE ARTI NON SPECIFICATI | 531, 755526|Q74.01|MADELUNG'S DEFORMITY | 532, 755551|Q74.02|CLEIDOCRANIAL DYSPLASIA (DISOSTOSI CLEIDOCRANICA) | 533, 755556|Q74.03|Sprengel's deformity | 534, 755500|Q74.04|MACRODATTILIA MANO | 535, 755500|Q74.05|POLLICE TRIFALANGEO | 536, 755800|Q74.3|ARC SYNDROME ARTHROGRYPOSIS, RENAL DYSFUNCTION AND CHOLESTAS | 537, 755800|Q74.3|ARTROGRIPOSI MULTIPLA CONGENITA | 538, 755880|Q74.8|ALTRE MALF ARTI SPECIFICATE | 539, 755500|Q74.80|BRACHIDATTILIA DITA MANO | 540, 755880|Q74.81|EMIPERTROFIA, IPERTROFIA ARTI | 541, 755680|Q74.82|IPOSVILUPPO ARTO/ARTI | 542, 755880|Q74.83|ASIMMETRIA ARTI NOS | 543, 755810|Q74.84|LARSEN'S SYNDROME | 544, 755900|Q74.9|ANOMALIE ARTI NON SPECIFICATE | 545, 756000|Q75.0|CRANIOSINOSTOSI | 546, 756050|Q75.0|PFEIFFER SYNDROME, NOACK SYNDROME, ACROCEPHALOSYNDACTYLY | 547, 756010|Q75.1|CRANIOSTENOSI DELLE CORONALI | 548, 756005|Q75.01|CRANIOSTENOSI SAGITTALE | 549, 756006|Q75.02|CRANIOSINOSTOSI-TRIGONOCEFALIA | 550, 756000|Q75.03|CRANIOSINOSTOSI-SUTURE MULTIPLE-CRANIO A TRIFOGLIO | 551, 756000|Q75.03|CRANIOSTENOSI - TURRICEFALIA | 552, 756040|Q75.1|CROUZON SYNDROME | 553, 756020|Q75.2|IPERTELORISMO | 554, 756080|Q75.3|MACROCEFALIA/MACROCRANIA | 555, 756045|Q75.4|MANDIBULOFACIAL DYSOSTOSIS - FRANCESCHETTI AND TREACHER-COLLINS | 556, 756046|Q75.5|OCULOMANDIBULAR DYSOSTOSIS | 557, 759800|Q75.81|DISPLASIA FRONTONASALE | 558, 756090|Q75.9|ALTRE MALF CRANIO/FACCIALI NOS | 559, 756100|Q76.0|SPINA BIFIDA OCCULTA | 560, 756110|Q76.1|KLIPPEL-FEIL SYNDROME | 561, 756150|Q76.3|SCOLIOSI DA ANOMALIE VERTEBRE TORACICHE | 562, 756140|Q76.30|EMIVERTEBRA SINGOLA CON SCOLIOSI | 563, 756180|Q76.38|SCOLIOSI ASSOCIATA A EMIVERTEBRA MULTIPLA, ALTRE MALFORMAZIONI OSSEE | 564, 756190|Q76.4|ANOMALIE COLONNA NON ASSOCIATE A SCOLIOSI | 565, 756180|Q76.4|EMIVERTEBRE/VERTEBRE FARFALLA | 566, 756180|Q76.40|ASSENZA VERTEBRE | 567, 756170|Q76.41|ANOMALIE VERTEBRE SACRALI, AGENESIA SACRO | 568, 756180|Q76.42|ALTRE ANOMALIE VERTEBRE | 569, 756140|Q76.42|DISMORFISMO VERTEBRALE EMIVERTEBRE | 570, 756160|Q76.42|DISMORFISMO VERTEBRALE EMIVERTEBRE LOMBARI | 571, 756310|Q76.6|ALTRE MALFORMAZIONI COSTE | 572, 756180|Q76.60|ASSENZA COSTE | 573, 756320|Q76.61|FUSIONE COSTE | 574, 756330|Q76.62|COSTA SOVRANNUMERAREA | 575, 756340|Q76.8|ALTRE MALFORMAZIONI DEL TORACE | 576, 756390|Q76.8|IPOPLASIA GABBIA TORACICA | 577, 759840|Q77.0|ACONDROGENESI | 578, 759840|Q77.00|ACONDROGENESI TIPO 1 | 579, 759840|Q77.01|ACONDROGENESI TIPO 2 | 580, 756402|Q77.02|IPOCONDROGENESI | 581, 756440|Q77.1|DISPLASIA TANATOFORA | 582, 756400|Q77.2|JUENE DISPLASIA TORACICA ASFISSIANTE | 583, 756570|Q77.3|CONDRODISPLASIA PUNCTATA | 584, 756430|Q77.4|ACONDROPLASIA | 585, 756441|Q77.5|NANISMO DIASTROFICO | 586, 756520|Q77.6|ELLIS VAN CREVELD (CHONDROECTODERMAL DYSPLASIA) | 587, 756580|Q77.7|SPONDYLOEPIPHYSEAL DYSPLASIA | 588, 759890|Q77.8|ACRODYSOSTOSIS | 589, 75640|Q77.8|KNIEST DYSPLASIA | 590, 756442|Q77.80|METATROPIC DWARFISM | 591, 759890|Q77.81|METAPHYSEAL CHONDRODYSPLASIA | 592, 756500|Q78.0|OSTEOGENESI IMPERFECTA | 593, 756500|Q78.00|OSTEOGENESI IMPERFECTA CONGENITA | 594, 756512|Q78.1|MCCUNE-ALBRIGHT SYNDROME (POLYOSTOTIC DYSPLASIA) | 595, 756540|Q78.2|ALBERS-SCHONBERG SYNDROME (OSTEOPETROSIS) | 596, 756551|Q78.3|CAMURATI-ENGELMAN DISEASE (DIAPHYSEAL DYSPLASIA) | 597, 759890|Q78.4|ENCHONDROMATOSIS | 598, 759890|Q78.5|METAPHYSEAL DYSPLASIA, PYLE'S SYNDROME | 599, 756470|Q78.6|ESOSTOSI MULTIPLE CONGENITE | 600, 759890|Q78.6|DIAPHYSEAL ACLASIA | 601, 756490|Q78.8|DISPLASIA SCHELETRICA DIAGNOSI PRENATALE | 602, 756490|Q78.9|DISPLASIA SCELETRICA NOS LATE DIAGNOSIS | 603, 756490|Q78.9|DISPLASIA SCHELETRICA NOS | 604, 756421|Q78.40|MAFFUCCI SYNDROME | 605, 756410|Q78.48|OSTEOCHONDROMATOSIS SYNDROME, DYSCHONDROPLASIA, OLLIER | 606, 759890|Q78.80|OSTEOPOIKILOSIS | 607, 756610|Q79.0|ERNIA DIAFRAMMATICA | 608, 756600|Q79.11|ASSENZA EMIDIAFRAMMA | 609, 756600|Q79.12|ASSENZA COMPLETA DIAFRAMMA | 610, 756700|Q79.2|ONFALOCELE | 611, 756710|Q79.3|GASTROSCHISI | 612, 756720|Q79.4|PRUNE BELLY SEQUENCE | 613, 756790|Q79.5|ALRTI DIFETTI PARETE ADDOMINALE | 614, 756790|Q79.5|LIMB BODY WALL COMPLEX OR BODY STALK  specificare malf | 615, 756850|Q79.6|EHLERS-DANLOS SYNDROME | 616, 756885|Q79.8|POPLITEAL PTERYGIUM SYNDROME | 617, 762800|Q79.80|BANDE AMNIOTICHE | 618, 756810|Q79.81|ASSENZA DI UN MUSCOLO | 619, 756800|Q79.82|SINDROME DI POLAND | 620, 757180|Q80.3|BCIE Congenital bullous ichthyosiform erythroderma | 621, 757100|Q80.4|ARLECCHINO SINDROME | 622, 757190|Q80.9|ITTIOSI NOS | 623, 757380|Q81.1|HERLITZ SYNDROME (EPIDERMOLYSIS BULLOSA) EPIDERMOLISI BOLLOSA | 624, 757350|Q82.3|INCONTINENTIA PIGMENTI | 625, 757340|Q82.4|DISPLASIA ECTODERMICA | 626, 757380|Q82.5|NEVE DERMICO GIGANTE | 627, 757380|Q82.5|NEVI MULTIPLI | 628, 757380|Q82.5|NEVO PIGMENTATO | 629, 757380|Q82.50|NEVO FLAMMEO | 630, 757380|Q82.58|ALTRI NEVI CONGENITI | 631, 757300|Q82.8|ALTRE ANOMALIE CUTE SPECIFICATE | 632, 757300|Q82.8|DERMOPATIA RESTRITTIVA | 633, 757303|Q82.8|ROTHMUND-THOMPSON SYNDROME | 634, 757390|Q82.80|ANOMALIE DEL SOLCO PALMARE | 635, 757310|Q82.81|APPENDICE CUTANEA minor | 636, 757398|Q82.9|MALFORMAZIONE DELLA CUTE NOS | 637, 757650|Q83.3|CAPEZZOLO SOVRANNUMERARIO | 638, 757480|Q84.2|CIUFFO CAPELLI BIANCHI | 639, 757500|Q84.3|ASSENZA UNGHIE MANI O PIEDI | 640, 757398|Q84.8|CUTIS MARMORATA CONGENITA | 641, 757390|Q84.80|APLASIA CUTIS | 642, 237700|Q85.0|NF 1 | 643, 759500|Q85.1|SCLEROSI TUBEROSA | 644, 759600|Q85.80|PEUTZ-JEGHERS SYNDROME | 645, 759611|Q85.81|STURGE WEBER | 646, 757390|Q85.82|VON HIPPEL LINDAU (ANGIOMATOSIS RETINAE) | 647, 759630|Q85.83|GARDNER SYNDROME | 648, 760710|Q86.0|FETAL ALCOHOL SYNDROME | 649, 759890|Q86.1|FETAL HYDANTOIN SYNDROME | 650, 759890|Q86.2|FETAL WARFARIN SYNDROME | 651, 760703|Q86.80|FETAL VALPROATE SINDROME | 652, 759890|Q86.82|FETAL THALIDOMIDE SYNDROME | 653, 759890|Q87.0|MOWAT WILSON | 654, 759890|Q87.0|Congenital malformation syndromes predominantly affecting facial appearance | 655, 755501|Q87.00|ACROCEPHALOPOLYSYNDACTYLY ALL TYPES | 656, 755500|Q87.01|APERT'S SYNDROME | 657, 759892|Q87.02|FRASERS;NA
sp_malfo7;NA;NA;NA;Non mappata;NA;NA;NA
malfo8;NA;NA;NA;Non mappata;NA;1, 212700|D15.1|RABDIOMIOMI CARDIACI MULTIPLI | 2, 228000|D18.0|ANGIOMA | 3, 228000|D18.0|ANGIOMI MULTIPLI | 4, 228000|D18.00|ANGIOMA CAPILLARE | 5, 228000|D18.01|ANGIOMA CAVERNOSO | 6, 228000|D18.02|ANGIOMA MISTO | 7, 228100|D18.1|LINFANGIOMA qualsiasi sede | 8, 228100|D18.10|EDEMA NUCALE | 9, 228100|D18.10|IGROMA CISTICO | 10, 238000|D21.5|TERATOMA SACROCOCCIGEO | 11, 215800|D21.9|FIBROLIPOMA SACRALE | 12, 237000|D43.7|NEOPLASIA NEUROBLASTICA PERINEALE | 13, 237900|D43.7|TERATOMA CEREBRALE | 14, 270020|D61.00|ANEMIA DI FANCONI | 15, 279110|D82.0|WISCOTT-ALDRICH | 16, 279100|D82.1|DIGEORGE VELOCARDIOFACIAL SYNDROME | 17, 243990|E03.0|IPOTIROIDISMO CONGENITO con gozzo | 18, 243990|E03.1|IPOTIROIDISMO CONGENITO senza gozzo | 19, 255200|E25.0|SINDROME ADRENOGENITALE | 20, 257800|E34.5|MORRIS SYNDROME insensibilità agli androgeni | 21, 775800|E70.22|TIROSINEMIA | 22, 270200|E70.3|ALBINISMO OCULOCUTANEO | 23, 759804|E70.30|WAARDENBURG'S SYNDROME | 24, 270600|E72.21|ARGININ SUCCINICO ACIDURIA | 25, 275310|E83.32|IPOFOSFATASIA | 26, 275390|E83.39|DEFICIT METABOLICO DELLE FOSFATASI | 27, 351000|G51.0|PARALISI FACIALE | 28, 351000|G51.00|PARALISI FACIALE UNILATERALE | 29, 359200|G71.11|DISTROFIA MIOTONICA | 30, 425300|I42.4|FIBROELASTOSI ENDOCARDICA | 31, 523800|K06.1|EPULIDE | 32, 524030|K07.00|MICROGNAZIA SEVERA, RETROMICROGNAZIA | 33, 275400|N29.80|NEFROCALCINOSI RENALE BIL | 34, 761200|P01.2|ANIDRAMNIOS | 35, 761200|P01.2|OLIGODRAMNIOS | 36, 761300|P01.3|POLIDRAMNIOS | 37, 762300|P02.3|TRASFUSIONE FETO FETALE | 38, 764900|P05.1|IUGR GRAVE | 39, 764900|P05.1|RITARDO DI CRESCITA/IUGR | 40, 764900|P05.9|RITARDO DI CRESCITA/IUGR NOS | 41, 771000|P35.0|ROSOLIA CONGENITA | 42, 771100|P35.1|CITOMEGALOVIRUS | 43, 771100|P35.1|INFEZIONE CONGENITA DA CMV | 44, 771210|P37.1|TOXOPLASMOSIS | 45, 771290|P37.9|INFEZIONE INTRAUTERINA NOS | 46, 771890|P39.2|INFEZIONE FETO PLACENTARE | 47, 760750|P70.1|DIABETE MATERNO | 48, 778000|P83.2|IDROPE FETALE non emolitica | 49, 778030|P83.3|ASCITE | 50, 778020|P83.3|IDROTORACE | 51, 779820|P94.2|IPOTONIA | 52, 740000|Q00.00|ACRANIA/ANENCEFALIA | 53, 740000|Q00.01|ACRANIA/ANENCEFALIA incomplete | 54, 740100|Q00.1|craniorachischisi | 55, 740200|Q00.2|INIENCEFALIA | 56, 742000|Q01.2|ENCEFALOCELE OCCIPITALE | 57, 742080|Q01.0|ENCEFALOCELE FRONTALE | 58, 742080|Q01.1|ENCEFALOCELE NASOFRONTALE | 59, 742080|Q01.8|ENCEFALOCELE ALTRE SEDI SPECIFICATE | 60, 742080|Q01.80|ENCEFALOCELE PARIETALE | 61, 742080|Q01.81|ENCEFALOCELE ORBITALE | 62, 742090|Q01.9|ENCEFALOCELE NOS | 63, 742100|Q02|MICROCEFALIA | 64, 742300|Q03|IDROCEFALO CONGENITO | 65, 742300|Q03.0|IDROCEFALO CON ANOMALIA DI SYLVUS | 66, 742310|Q03.1|DANDY WALKER SYNDROME, atresia dei forami di Luschka e Magendie | 67, 742310|Q03.1|DANDY WALKER VARIANT | 68, 742398|Q03.8|altri idrocefali congeniti | 69, 742390|Q03.9|IDROCEFALO CONGENITO NOS | 70, 742390|Q03.9|VENTRICOLOMEGALIA SEVERA | 71, 742210|Q04.0|ANOMALIA CORPO CALLOSO (IPOPLASIA , AGENESIA O DISPLASIA) | 72, 742210|Q04.00|AGENESIA CORPO CALLOSO | 73, 742260|Q04.1|ARINENCEFALIA | 74, 742260|Q04.2|OLOPROSENCEFALIA | 75, 742260|Q04.2|OLOPROSENCEFALIA LOBARE | 76, 742260|Q04.2|OLOPROSENCEFALIA SEMILOBARE | 77, 759890|Q04.3|MILLER-DIEKER SYNDROME | 78, 742200|Q04.30|IPOPLASIA CEREBRALE (anomalie di riduzione del cervello) | 79, 742230|Q04.32|ANOMALIA/IPOPLASIA  CEREBELLARE (anomalie di riduzione del cervelletto) | 80, 742240|Q04.33|AGIRIA/LISSENCEFALIA | 81, 742250|Q04.34|POLI-MICROGIRIA PACHIGIRIA | 82, 742320|Q04.35|IDRANENCEFALIA | 83, 742480|Q04.4|DISPLASIA SETTO-OTTICA | 84, 742400|Q04.5|MEGAENCEFALIA, EMIMEGAENCEFALIA | 85, 742480|Q04.6|CISTI CEREBRALI CONGENITE, PORENCEFALIA | 86, 742480|Q04.60|CISTI CEREBRALI CONGENITE MULTIPLE | 87, 742480|Q04.61|CISTI CEREBRALE CONGENITE SINGOLA | 88, 742480|Q04.8|ALTRE MALF SPECIFICATE DEL CERVELLO | 89, 742480|Q04.8|MACROGIRIA | 90, 742280|Q04.8|ANOMALIA DELLA GIRAZIONI | 91, 742900|Q04.9|ANOMALIE CEREBRALE NOS | 92, 742280|Q04.9|MALFORMAZIONE CEREBRALE NOS | 93, 741000|Q05.01|spina bifida, cervicale, con idrocefalo, aperta | 94, 741030|Q05.02|spina bifida, cervicale, con idrocefalo, chiusa | 95, 741080|Q05.09|spina bifida, cervicale, con idrocefalo, non noto se aperta | 96, 741000|Q05.11|spina bifida, toracica, con idrocefalo, aperta | 97, 741040|Q05.12|spina bifida, toracica, con idrocefalo, chiusa | 98, 741080|Q05.19|spina bifida, toracica, con idrocefalo, non note se aperta | 99, 741000|Q05.21|spina bifida, lombare, con idrocefalo, aperta | 100, 741050|Q05.22|spina bifida, lombare, con idrocefalo, chiusa | 101, 741080|Q05.29|spina bifida, lombare, con idrocefalo, non noto se aperta | 102, 741000|Q05.31|spina bifida, sacrale, con idrocefalo, aperta | 103, 741060|Q05.32|spina bifida, sacrale, con idrocefalo, chiusa | 104, 741080|Q05.39|spina bifida, sacrale, con idrocefalo, non noto se aperta | 105, 741000|Q05.41|spina bifida, sede NOS, con idrocefalo, aperta | 106, 741020|Q05.42|spina bifida, sede NOS, con idrocefalo, chiusa | 107, 741090|Q05.49|spina bifida, sede NOS, con idrocefalo, non noto se aperto | 108, 741900|Q05.51|spina bifida, cervicale, idrocefalo NOS, aperta | 109, 741910|Q05.52|spina bifida, cervicale, idrocefalo NOS, chiusa | 110, 741980|Q05.59|spina bifida, cervicale, idrocefalo NOS, non noto se aperta | 111, 741900|Q05.61|spina bifida, toracica, idrocefalo NOS, aperta | 112, 741920|Q05.62|spina bifida, toracica, idrocefalo NOS, chiusa | 113, 741980|Q05.69|spina bifida, toracica, idrocefalo NOS, NON NOTO SE APERTA | 114, 741900|Q05.71|spina bifida, lombare, idrocefalo NOS, aperta | 115, 741930|Q05.72|spina bifida, lombare, idrocefalo NOS, chiusa | 116, 741980|Q05.79|spina bifida, lombare, idrocefalo NOS, non noto se aperta | 117, 741940|Q05.82|spina bifida, sacrale, idrocefalo NOS, chiusa | 118, 741980|Q05.89|spina bifida, sacrale, idrocefalo NOS, non noto se aperta | 119, 741000|Q05.9|SPINA BIFIDA NOS | 120, 741990|Q05.9|MIELOMENINGOCELE NOS | 121, 741900|Q05.91|spina bifida, sede NOS, idrocefalo NOS, aperta | 122, 741990|Q05.92|spina bifida, sede NOS, idrocefalo NOS, chiusa | 123, 741990|Q05.99|spina bifida, sede NOS, idrocefalo NOS, non noto se aperto | 124, 741900|Q05.81|spina bifida, sacrale, idrocefalo NOS, aperta | 125, 742500|Q06.0|AMELIA | 126, 742510|Q06.1|MIELODISPLASIA, IPOPLASIA E DISPLASIA DEL MIDOLLO SPINALE | 127, 742520|Q06.2|DIASTEMATOMIELIA | 128, 742530|Q06.3|ALTRE MALF CAUDA EQUINA | 129, 742540|Q06.4|IDROMIELIA | 130, 742880|Q07.0|ARNOLD CHIARI | 131, 742800|Q07.8|ALTRE MALF SPECIFICATE DEL SISTEMA NERVOSO PERIFERICO | 132, 742800|Q07.80|MARCUS GUNN'S SYNDROME | 133, 743600|Q10.0|PTOSI CONGENITA | 134, 74360|Q10.0|BLEPHAROPHIMOSIS-PTOSIS SYNDROME | 135, 743630|Q10.3|ASSENZA PALPEBRE MONO O BI, ASSENZA CILIA, COLOBOMA PALPEBRA | 136, 743630|Q10.3|BLEFAROFIMOSI BILAT | 137, 743000|Q11.1|ANOFTHALMO | 138, 743100|Q11.2|LENZ MICROPHTHALMOS SYNDROME | 139, 743100|Q11.2|MICROFTALMIA | 140, 743210|Q11.3|MACROFTALMIA | 141, 743320|Q12.0|CATARATTA MONO O BILATERALE | 142, 743340|Q12.2|COLOBOMA DELLA LENTE | 143, 743300|Q12.3|ASSENZA DELLA LENTE, AFACHIA | 144, 743310|Q12.8|ALTRE ANOMALIE DEL CRISTALLINO | 145, 743430|Q13.0|COLOBOMA DELL'IRIDE | 146, 743420|Q13.1|ANIRIDIA | 147, 743420|Q13.1|ANIRIDIA -WILMS TUMOUR, SYNDROME WAGR | 148, 743400|Q13.3|OPACITA CONGENITA DELLA CORNEA | 149, 743520|Q14.2|COLOBOMA DISCO OTTICO | 150, 743200|Q15.0|GLAUCOMA CONGENITO | 151, 743220|Q15.00|MEGALOCORNEA | 152, 743900|Q15.8|LINFANGIOMA CISTICO OCCHIO SINISTRA | 153, 743900|Q15.8|ALTRE ANOMALIE SPECIFICATE DELL'OCCHIO | 154, 744010|Q16.0|AGENESIA PADIGLIONE AURICOLARE MONO, ANOTIA | 155, 744000|Q16.1|ASSENZA O STENOSI DEL CONDOTTO UDITIVO ESTERNO | 156, 744020|Q16.4|ANOMALIE DEL ORECCHIO MEDIO | 157, 744030|Q16.5|AGENESIA O ANOMALIA CANALI SEMICIRCOLARI | 158, 744090|Q16.9|ORECCHIO MALFORMATO CON PERDITA DI UDITO | 159, 744110|Q17.0|APPENDICI PREAURICOLARI | 160, 74410|Q17.0|PADIGLIONE AURICOLARE ACCESORIO | 161, 744210|Q17.2|MICROTIA | 162, 744230|Q17.3|MALFORMAZIONE ORECCHIO | 163, 744240|Q17.4|ORECCHIE BASSO IMPIANTO | 164, 744230|Q17.8|LOBO ORECCHIO FISSURATO | 165, 759890|Q17.8|MELNICK-FRASER SYNDROME, Branchiootorenal syndrome, SINDROME BOR | 166, 744300|Q17.9|MALFORMAZIONE ORECCHIE NOS | 167, 744280|Q18.1|SENO PREAURICOLARE | 168, 744400|Q18.0|RESIDUI BRANCHIALI | 169, 744480|Q18.2|ALTRE ANOMALIE DEGLI ARCHI BRANCHIALI | 170, 744800|Q18.4|MACROSTOMIA | 171, 744810|Q18.5|MICROSTOMIA | 172, 744500|Q18.3|PTERIGIUM COLLI | 173, 744910|Q18.9|DISFORMISMI FACCIALI | 174, 745000|Q20.0|TRONCO ARTERIOSO COMUNE | 175, 745110|Q20.1|DORV, VENTRICOLO DESTRO A DOPPIA USCITA | 176, 745100|Q20.3|TGV, TRASPOSIZIONE DEI GROSSI VASI | 177, 745300|Q20.4|CUORE UNIVENTRICOLARE | 178, 759890|Q20.6|IVEMARK SYNDROME | 179, 759380|Q20.6|ISOMERISMO ATRIALE  CON ASPLENIA O POLISPLENIA | 180, 745449|Q21.0|DIV INFUNDIBOLARE /SOPRA CRESTALE | 181, 745482|Q21.0|DIV MULTIPLO MEDIO DIMENSIONE | 182, 745481|Q21.0|DIV MULTIPLO PICCOLO  DIMENSIONE (< 3MM) | 183, 745459|Q21.0|DIV MUSCOLARE DIMENSIONE SCONOSCIUTA | 184, 745453|Q21.0|DIV MUSCOLARE GRANDE DIMENSIONE (>5MM) | 185, 745452|Q21.0|DIV MUSCOLARE MEDIO DIMENSIONE (3-5MM) | 186, 745489|Q21.0|DIV MUSCOLARE MULTIPLI DIMENSIONE SCONOSCIUTA | 187, 745451|Q21.0|DIV MUSCOLARE PICCOLO  DIMENSIONE (< 3MM) | 188, 745449|Q21.0|DIV PERIMEMBRANOSO DIMENSIONE SCONOSCIUTA | 189, 745443|Q21.0|DIV PERIMEMBRANOSO GRANDE DIMENSIONE (>5MM) | 190, 745442|Q21.0|DIV PERIMEMBRANOSO MEDIO DIMENSIONE (3-5MM) | 191, 745441|Q21.0|DIV PERIMEMBRANOSO PICCOLO DIMENSIONE (<3MM) | 192, 745499|Q21.0|DIV SEDE SCONOSCIUTA DIMENSIONE SCONOSCIUTA | 193, 745493|Q21.0|DIV SEDE SCONOSCIUTA GRANDE DIMENSIONE (>5MM) | 194, 745492|Q21.0|DIV SEDE SCONOSCIUTA MEDIO DIMENSIONE (3-5MM) | 195, 745491|Q21.0|DIV SEDE SCONOSCIUTA PICCOLO  DIMENSIONE (< 3MM) | 196, 745439|Q21.0|DIV SUBAORTICO DIMENSIONE SCONOSCIUTA | 197, 745433|Q21.0|DIV SUBAORTICO GRANDE DIMENSIONE (>5MM) | 198, 745432|Q21.0|DIV SUBAORTICO MEDIO DIMENSIONE (3-5MM) | 199, 745431|Q21.0|DIV SUBAORTICO PICCOLO DIMENSIONE (<3MM) | 200, 745500|Q21.1|DIA | 201, 745510|Q21.10|DIA OSTIUM SECONDUM | 202, 745500|Q21.11|FORAME OVALE PERVIO | 203, 745610|Q21.15|ATRIO UNICO, COR TRILOCULARE BIVENTRICOLARE | 204, 745580|Q21.18|ANEURISMA SETTO INTERATRIALE | 205, 745600|Q21.20|DIFETTO CUSCINETTO ENDOCARDICI, OSTIUM PRIMUM | 206, 745630|Q21.21|CANALE ATRIOVENTRICOLARE UNICO, CAV | 207, 745620|Q21.21|DIFETTO DEL SETTO TIPO CANALE ATRIOVENTRICOLARE UNICO | 208, 745200|Q21.3|TETRALOGIA DI FALLOT | 209, 745210|Q21.82|PENTALOGIA DI FALLOT (+ DIA) | 210, 745680|Q21.4|FINESTRA AORTO POLMONARE | 211, 746000|Q22.0|ATRESIA  VALVOLA POLMOMARE | 212, 746010|Q22.1|STENOSI VALVOLARE POLMONARE | 213, 746020|Q22.2|INSUFFICIENZA VALVOLA PULMONARE | 214, 746080|Q22.3|ALTRE MALF VALVOLARE POLMONARE | 215, 746080|Q22.3|DISPLASIA O IPOPLASIA VALVOLARE POLMONARE | 216, 746080|Q22.3|VALVOLA POLMONARE BICUSPIDE | 217, 746110|Q22.4|ATRESIA O STENOSI TRICUSPIDE | 218, 746200|Q22.5|MALFORMAZIONE DI EBSTEIN | 219, 746790|Q22.6|CUORE DESTRO IPOPLASICO | 220, 746880|Q22.8|ALTRA ANOMALIA TRICUSPIDALE | 221, 746113|Q22.8|INSUFFICIENZA TRICUSPIDE | 222, 746300|Q23.0|STENOSI O ATRESIA VALVOLA AORTICA | 223, 746400|Q23.1|INSUFFICIENZA AORTICA | 224, 746420|Q23.10|AORTA BICUSPIDE | 225, 746420|Q23.10|VALVOLA AORTICA BICUSPIDE | 226, 746500|Q23.2|ATRESIA O STENOSI MITRALE | 227, 746600|Q23.3|INSUFFICIENZA MITRALICA | 228, 746700|Q23.4|CUORE SN IPOPLASICO | 229, 746880|Q23.8|ALTRE ANOMALIE AORTICA/MITRALICA | 230, 746480|Q23.8|VALVOLA AORTICA DISPLASICA | 231, 746800|Q24.0|DESTROCARDIA ISOLATA | 232, 746820|Q24.2|COR TRIATRIATUM | 233, 746880|Q24.5|ANOMALIE DELLE CORONARIE | 234, 746870|Q24.6|BLOCCO CARDIACO | 235, 746880|Q24.8|ALTRE MALFORMAZIONI CARDIACHE SPECIFICATE | 236, 746860|Q24.8|CARDIOMEGALIA | 237, 746880|Q24.8|ECTOPIA CORDIS | 238, 746880|Q24.8|TRILOGIA DI FALLOT | 239, 746880|Q24.9|ALTRE MALFORMAZIONI CARDIACHE NOS | 240, 747000|Q25.0|PDA | 241, 747190|Q25.1|COARTAZIONE  AORTICA | 242, 747100|Q25.10|COARTAZIONE  AORTICA PREDUTTALE | 243, 747110|Q25.11|COARTAZIONE AORTICA POST DUTTALE | 244, 747190|Q25.19|COARTAZIONE  AORTICA NOS | 245, 747280|Q25.2|INTERRUZIONE ARCO AORTICO, ATRESIA AORTA | 246, 747280|Q25.3|STENOSI AORTA | 247, 747210|Q25.40|IPOPLASIA AORTA | 248, 747230|Q25.41|PERSISTENZA DELL'ARCO AORTICO DESTRO | 249, 747260|Q25.42|overriding aorta | 250, 747250|Q25.44|DOPPIO ARCO AORTICO | 251, 747310|Q25.5|ATRESIA ARTERIA POLMONARE | 252, 747320|Q25.6|STENOSI ARTERIA POLMONARE | 253, 747380|Q25.8|ALTRE MALFORMAZIONI DELLE GRANDI ARTERIE | 254, 747400|Q26.0|STENOSI CONGENITA DELLA VENA CAVA SUP O INF | 255, 747410|Q26.1|PERSISTENZA VENA CAVA SUPERIORE SX | 256, 747420|Q26.2|RITORNO VENOSO POLMOMARE ANOMALO TOTALE | 257, 747430|Q26.3|RITORNO VENOSO POLMONARE ANOMALO PARZIALE | 258, 747880|Q26.8|ALTRE MALFORMAZIONI CONGENITE DELLE GRANDI VENE, ASSENZA VENA CAVA SUP/INF, AZYGOS CONTINUATION | 259, 747600|Q27.1|STENOSI CONGENITA DELL'ARTERIA RENALE | 260, 747500|Q27.0|ARTERIA OMBELICALE UNICA | 261, 747610|Q27.2|ANOMALIA ARTERIA RENALE | 262, 747620|Q27.3|MALFORMAZIONI ARTEROVENOSE PERIFERICHE (MAV) | 263, 747680|Q27.8|ALTRE MALFORMAZIONE SISTEMA VASCOLARE PERIFERICO | 264, 747680|Q27.8|FISTOLA VENO-VENOSO EPATICA | 265, 747810|Q28.0|MALFORMAZIONI ARTEROVENOSE VASI PRE CEREBRALI (MAV) | 266, 747810|Q28.2|MALFORMAZIONI ARTEROVENOSE VASI CEREBRALI  (MAV) | 267, 747810|Q28.2|ANEURISMA DELLA VENA DI GALENO | 268, 747810|Q28.3|ALTRE MALFORMAZIONI VASI CEREBRALI | 269, 747800|Q28.3|ARTERIOPATIA CALCIFICA IDIOPATICA VASI CEREBRALI | 270, 747880|Q28.8|ALTRE MALFORMAZIONI SISTEMA CIRCOLATORIO | 271, 748000|Q30.0|ATRESIA DELLE COANE | 272, 759890|Q87.8|CHARGE | 273, 748000|Q30.0|STENOSI DELLE COANE | 274, 748100|Q30.1|AGENESIA O IPOSVILUPPO DEL NASO | 275, 748100|Q30.1|IPOPLASIA DEL NASO | 276, 748120|Q30.2|SCHISI NARICE | 277, 748180|Q30.8|ALTRE MALFORMAZIONI NASO SPECIFICATE | 278, 748180|Q30.8|ASSENZA DELLA NARICE, CAVITA NASALE UNICA | 279, 748190|Q30.9|ALTRE MALFORMAZIONI NASO NOS | 280, 748200|Q31.0|WEB LARINGEO | 281, 748300|Q31.8|AGENESIA/ATRESIA LARINGE | 282, 748300|Q31.80|CLEFT LARINGE | 283, 748320|Q32.0|TRACHEOMALACIA | 284, 748330|Q32.1|ATRESIA TRACHEALE | 285, 748330|Q32.11|CLEFT TRACHEO ESOFAGEO | 286, 748400|Q33.0|CISTI POLMONARE | 287, 74841|Q33.01|POLMONE POLICISTICO | 288, 748620|Q33.1|LOBO POMONARE ACCESSORIO | 289, 748520|Q33.2|SEQUESTRO POLMONARE | 290, 748500|Q33.3|AGENESIA DEL POLMONE O LOBO POLMONARE | 291, 748500|Q33.6|IPOPLASIA O DISPLASIA DEL POLMONE | 292, 748480|Q33.80|ADENOMATOIDE CISTICA POLMONARE | 293, 748880|Q34.80|LINFOANGECTASIE POLMONARE | 294, 749000|Q35.1|SCHISI PALATO DURO MONOLAERALE completo/incompleto (sottomucoso) lato | 295, 749010|Q35.1|SCHISI PALATO DURO BILATERALE completo/incompleto (sottomucoso) | 296, 749020|Q35.1|SCHISI PALATO DURO CENTRALE completo/incompleto (sottomucoso) | 297, 749030|Q35.1|SCHISI PALATO DURO NOS | 298, 749040|Q35.3|SCHISI PALATO MOLLE MONOLATERALE completo/incompleto (sottomucoso) lato | 299, 749050|Q35.3|SCHISI PALATO MOLLE BILATERALE completo/incompleto (sottomucoso) | 300, 749060|Q35.3|SCHISI PALATO MOLLE CENTRALE completo/incompleto (sottomucoso) | 301, 749070|Q35.3|SCHISI PALATO MOLLE NOS | 302, 749090|Q35.5|SCHISI PALATO DURO E MOLLE spec se completo/incompleto (sottomucoso) mono/bi | 303, 749080|Q35.7|UGOLA BIFIDA | 304, 749090|Q35.9|PALATOSCHISI NOS | 305, 749110|Q36.0|LABIOSCHISI BILATERALE (specifica se labbro e anche gengiva) | 306, 749120|Q36.1|LABIOSCHISI CENTRALE (specifica se labbro e anche gengiva) | 307, 749100|Q36.90|LABIOSCHISI MONOLATERALE specifiica lato (specifica se labbro e anche gengiva) | 308, 749190|Q36.99|LABIOSCHISI NOS | 309, 749210|Q37.0|SCHISI PALATO DURO E LABIOSCHISI BILATERALI | 310, 749200|Q37.1|SCHISI PALATO DURO E LABIOSCHISI MONOLATERALE | 311, 749200|Q37.2|SCHISI PALATO MOLLE E LABIOSCHISI BILATERALI | 312, 749201|Q37.3|SCHISI PALATO MOLLE E LABIOSCHISI MONOLATERALE | 313, 749210|Q37.4|LABIOPALATOSCHISI BILATERALE DURO+MOLLE | 314, 749210|Q37.5|LABIOPALATOSCHISI UNILATERALI DURO+MOLLE | 315, 749200|Q37.9|LABIOSCHISI MONOLATERALE CON PALATOSCHISI NON SPECIFATO | 316, 749210|Q37.8|LABIOSCHISI BILATERALE CON PALATOSCHISI NON SPECIFATO | 317, 750270|Q38.0|ALTRE ANOMALIE DELLE LABBRA | 318, 750270|Q38.0|PIT DELLE LABBRA in sindrome di Van Der Woude | 319, 750120|Q38.2|MACROGLOSSIA | 320, 750180|Q38.3|ALTRE MALFORMAZIONI DELLA LINGUA | 321, 750180|Q38.3|LINGUA BIFIDA | 322, 750010|Q38.30|ASSENZA DELLA LINGUA | 323, 750280|Q38.6|ALTRE MALFORMAZIONI DELLA BOCCA SPECIFICATE | 324, 750200|Q38.7|TASCA FARINGEA | 325, 759890|Q87.8|SINDROME DI VAN DER WOUDE | 326, 750300|Q39.0|ATRESIA ESOFAGEA SENZA FISTOLA O NOS | 327, 750310|Q39.1|ATRESIA ESOFAGEA CON FISTOLA | 328, 750320|Q39.2|FISTOLA TRACHEO ESOFAGEA | 329, 750320|Q39.20|FISTOLA BRONCO ESOFAGEA | 330, 750340|Q39.3|STENOSI ESOFAGEA | 331, 750350|Q39.4|MEMBRANA ESOFAGEA | 332, 750430|Q39.80|DUPLICAZIONE ESOFAGEA | 333, 750510|Q40.0|STENOSI DEL PILORO | 334, 750700|Q40.2|MALFORMAZIONE DELLO STOMACO SPECIFICATA | 335, 750920|Q40.3|MALFORMAZIONE DELLO STOMACO NOS | 336, 750800|Q40.8|AGENESIA DELLO STOMACO | 337, 750800|Q40.8|ALTRE MALFORMAZIONI SPECIFICATE DEL TRATTO GASTROINTESTINALE SUPERIORE | 338, 750780|Q40.9|ALTRE MALFORMAZIONI DEL TRATTO GASTROINTESTINALE SUPERIORE NOS | 339, 751100|Q41.0|ATRESIA O STENOSI DUODENALE | 340, 751110|Q41.1|ATRESIA O STENOSI DIGIUNALE | 341, 751120|Q41.2|ATRESIA O STENOSI  ILEALE | 342, 751120|Q41.8|ARTESIA O STENOSI INTESTINO TENUE SINGOLA O MULTIPLE | 343, 751120|Q41.9|ARTESIA O STENOSI INTESTINO TENUE NOS | 344, 751110|Q41.1|APPLE PEEL SYNDROME | 345, 751210|Q42.0|ATRESIA  ASSENZA O STENOSI RETTO CON FISTOLA | 346, 751210|Q42.00|ATRESIA O STENOSI RETTO CON FISTOLA RETTO URETRALE | 347, 751210|Q42.01|ATRESIA O STENOSI RETTO CON FISTOLA RETTOVESCICALE | 348, 751210|Q42.02|ATRESIA O STENOSI RETTO CON FISTOLA RETTOVULVARE | 349, 751210|Q42.03|ATRESIA O STENOSI RETTO CON FISTOLA RETTOCUTANEA | 350, 751210|Q42.04|ATRESIA O STENOSI RETTO CON FISTOLA RETTOCLOACALE | 351, 751220|Q42.1|ATRESIA O STENOSI RETTO SENZA FISTOLA, RETTO IMPERFORATO | 352, 751230|Q42.2|ATRESIA O STENOSI ANALE CON FISTOLA | 353, 751230|Q42.21|ATRESIA ANALE CON FISTOLA ANOVESTIBOLARE | 354, 751230|Q42.20|ATRESIA ANALE CON FISTOLA ANOCUTANEA | 355, 751240|Q42.3|ATRESIA O STENOSI  ANALE  SENZA FISTOLA, | 356, 751200|Q42.8|ATRESIA O ASSENZA DI ALTRE PARTE DELL'INTESTINO CRASSO | 357, 751200|Q42.9|ATRESIA DEL COLON | 358, 751010|Q43.0|DIVERTICOLO DI MECKEL | 359, 751300|Q43.1|HIRSCHPRUNG DISEASE | 360, 751410|Q43.3|ANOMALIE DELLA FISSAZIONE | 361, 751400|Q43.30|MALROTAZIONE DEL COLON | 362, 751420|Q43.31|BANDE DI LADD | 363, 751500|Q43.4|DUPLICAZIONE INTESTINALE | 364, 751530|Q43.5|ANO ECTOPICO | 365, 751540|Q43.6|FISTOLA RETTO E ANO | 366, 751550|Q43.7|PERSISTENZA DELLA CLOACA | 367, 751580|Q43.8|ALTRE MALFORMAZIONE INTESTINO SPECIFICATO | 368, 751520|Q43.80|MICROCOLON | 369, 751630|Q44.0|IPOPLASIA/AGENESIA COLECISTI | 370, 751650|Q44.2|ATRESIA DOTTI BILIARI INTRAEPATICI | 371, 751670|Q44.5|CONGENITAL MALF OF BILE DUCTS | 372, 751610|Q44.6|MALATTIA CISTICA DEL FEGATO | 373, 751600|Q44.7|ANGIOMA EPATICO | 374, 751600|Q44.70|ASSENZA TOTALE O PARZIALE DEL FEGATO | 375, 751670|Q44.71|ALAGILLE SYNDROME | 376, 752000|Q50.0|AGENESIA OVAIE | 377, 752000|Q50.00|AGENESIA OVAIE MONOLATERALE | 378, 752000|Q50.01|AGENESIA OVAIE BILATERALE | 379, 752080|Q50.11|CISTI OVARICA MULTIPLA | 380, 752080|Q50.3|ALTRE MALFORMAZIONI OVAIO | 381, 752300|Q51.0|AGENESIA APLASIA UTERO | 382, 752380|Q51.1|DOPPIO UTERO | 383, 752380|Q51.5|UTERO BICORNE | 384, 752480|Q51.8|KAUFMAN-MCKUSICK SYNDROME | 385, 752488|Q51.8|ROKITANSKY | 386, 752480|Q51.8|MURCS SYNDROME/ ASSOCIATION, known as Mayer-Rokitansky-Ku?ster-Hauser (MRKH) syndrome type 2 | 387, 752430|Q52.1|VAGINA SETTATA | 388, 752420|Q52.2|FISTOLA RETTO VAGINALE | 389, 752430|Q52.3|IMENE IMPERFORATO | 390, 752458|Q52.6|MALFORMAZIONI CLITORIDE | 391, 752458|Q52.8|ALTRE MALFORMAZIONI GENITALI FEMMINILI | 392, 752510|Q53.2|CRIPTORCHIDISMO BIL | 393, 752510|Q53.1|CRIPTORCHIDISMO MONO | 394, 752601|Q54.0|IPOSPADIA I | 395, 752602|Q54.1|IPOSPADIA II | 396, 752603|Q54.2|IPOSPADIA III PENOSCROTALE | 397, 752603|Q54.3|IPOSPADIA III PERINEALE | 398, 752620|Q54.4|CORDA CONGENITA O CORDA PENIS | 399, 752609|Q54.9|IPOSPADIA NOS | 400, 752820|Q55.2|ALTRE MALFORMAZIONI DELLO SCROTO E DEI TESTICOLI | 401, 752820|Q55.21|SCROTO BIFIDO | 402, 752850|Q55.5|ASSENZA APLASIA DEL PENE | 403, 752860|Q55.6|IPOPLASIA ASTA PENIENA | 404, 752860|Q55.6|MICROPENE | 405, 752860|Q55.6|RECURVATIO PENIS | 406, 752860|Q55.6|TRASPOSIZIONE PENO-SCROTALE | 407, 752880|Q55.8|ALTRE MALFORMAZIONI SPECIFICATE DEI GENITALI MASCHILI | 408, 752790|Q56.4|GENITALI AMBIGUI, SESSO INDETERMINATO | 409, 753010|Q60.0|AGENESIA RENALE MONOLATERALE | 410, 753000|Q60.1|AGENESIA RENALE BIL | 411, 753010|Q60.2|AGENESIA RENALE NOS | 412, 753010|Q60.3|IPOPLASIA RENALE MONOLATERALE | 413, 753000|Q60.4|IPOPLASIA RENALE BIL | 414, 753000|Q60.6|POTTER | 415, 753100|Q61.0|CISTI RENALE SINGOLA | 416, 753110|Q61.1|RENE POLICISTICO TIPO INFANTILE | 417, 753120|Q61.2|RENE POLICISTICO adulto ADPKD | 418, 753130|Q61.3|RENI POLICISTICI NOS | 419, 753190|Q61.4|DISPLASIA RENALE | 420, 753190|Q61.40|DISPLASIA RENALE MULTICISTICA MONO | 421, 753160|Q61.41|DISPLASIA  RENALI MULTICISTICA BIL | 422, 753180|Q61.48|ALTRE DISPLASIE RENALI | 423, 753140|Q61.50|MALATTIA CISTICA DELLA MIDOLLARE RENALE tipo giovanile | 424, 753140|Q61.5|MALATTIA CISTICA DELLA MIDOLLARE RENALE nos | 425, 753150|Q61.51|MALATTIA CISTICA DELLA MIDOLLARE RENALE tipo adulto | 426, 759850|Q61.90|Sindrome MECKEL GRUBER | 427, 753200|Q62.0|IDRONEFROSI >= 1 CM | 428, 753210|Q62.1|ATRESIA/STENOSI URETERE | 429, 753290|Q62.10|STENOSI DEL GIUNTO  MONO | 430, 753290|Q62.11|STENOSI DEL GIUNTO BILATERALE BIL | 431, 753220|Q62.2|MEGALOURETERE, DILATAZIONE URETERE | 432, 753280|Q62.3|URETEROCELE | 433, 753480|Q62.33|IDROURETERE CONGENITO | 434, 753410|Q62.5|DOPPIO URETERE | 435, 753280|Q62.7|REFLUSSO VESCICO-URETERALE | 436, 753280|Q62.70|REFLUSSO VESCICO-URETERALE MONO | 437, 753280|Q62.71|REFLUSSO VESCICO-URETERALE BIL | 438, 753480|Q62.8|ALTRE ANOMALIE URETERE | 439, 753910|Q62.8|ALTRE URETERE NOS | 440, 753300|Q63.0|RENE ACCESSORIO | 441, 753310|Q63.00|DOPPIO DISTRETTO RENALE, DOPPIO O TRIPLO RENE | 442, 753320|Q63.1|RENE A FERRO DI CAVALLO | 443, 753330|Q63.2|RENE ECTOPICO | 444, 753330|Q63.29|RENE ECTOPICO NOS | 445, 753340|Q63.3|RENE GIGANTE | 446, 755338|Q63.8|ALTRE ANOMALIA RENALE SPECIFICATO | 447, 752610|Q64.0|EPISPADIA | 448, 753500|Q64.1|ESTROFIA VESCICA | 449, 753510|Q64.10|ESTROFIA CLOACA | 450, 753510|Q64.10|OEIS COMPLEX | 451, 753600|Q64.20|VALVOLA DELL URETRA POSTERIORE | 452, 753880|Q64.76|MEGAVESCICA | 453, 753620|Q64.21|VALVOLA URETRA ANTERIORE | 454, 753620|Q64.31|STENOSI CONGENITA URETRA | 455, 753620|Q64.33|ATRESIA O IPOPLASIA URETRA | 456, 753800|Q64.5|AGENESIA VESCICALE | 457, 753820|Q64.6|DIVERTICOLO VESCICALE | 458, 753880|Q64.7|MEGAVESCICA-ALTRE ANOMALIE VESCICA | 459, 753840|Q64.72|DOPPIA URETRA | 460, 753860|Q64.74|FISTOLA TRATTO GASTROINTESTINALE E URINARIO | 461, 753860|Q64.74|FISTOLA RETTO VESCICALE | 462, 753880|Q64.8|ALTRE ANOMALIE SISTEMA URINARIO | 463, 753790|Q64.8|ANOMALIE DEL URACO | 464, 754300|Q65.0|LCA MONO | 465, 754230|Q65.1|LCA BIL | 466, 754300|Q65.2|LCA NOS | 467, 754310|Q65.6|SUBLUSSAZIONE ANCA | 468, 754500|Q66.0|PIEDE TORTO, specificare | 469, 754510|Q66.1|PIEDE TORTO CALCAGNO VARO MONO O BIL | 470, 754520|Q66.2|PIEDE TORTO METATARSO VARO MONO O BIL | 471, 754730|Q66.8|PIEDE TORTO NOS, minore | 472, 754700|Q67.5|DEFORMAZIONE DELLA COLONNA | 473, 754200|Q67.50|SCOLIOSI POSTURALE | 474, 755501|Q68.1|CAMPODATTILIA | 475, 754840|Q68.1|MANI TORTE MONO O BIL, specificare | 476, 754840|Q68.1|DEFORMAZIONE DELLA MANO | 477, 755507|Q68.10|CLINODATTILIA DITA MANO | 478, 754430|Q68.21|GENU RECURVATUM | 479, 754400|Q68.3|FEMORI INCURVATI | 480, 754410|Q68.4|TIBIA O FIBULA INCURVATI | 481, 754490|Q68.5|OSSA LUNGHE DEGLI ARTI INFERIORI INCURVATE | 482, 755900|Q68.8|ARTROGRIPOSI NOS | 483, 755580|Q68.8|ALTER DEFORMITA' SPECIFICHE  (clavicola, gomito, avanbraccio, scapola) | 484, 755550|Q68.8|DEFORMITA DELLA SCAPOLA | 485, 755095|Q69.0|POLIDATTALIA MANO | 486, 755010|Q69.00|POLIADATTILIA MANO PRE ASSIALE | 487, 755000|Q69.01|POLIDATTILIA  MANO MESOASSIALE | 488, 755005|Q69.02|POLIDATTILIA  MANO POSTASSIALE | 489, 755095|Q69.09|POLIDATTALIA MANO NOS | 490, 755010|Q69.1|POLLICE ACCESSORIO, POLLICE BIFIDO | 491, 755030|Q69.20|POLIDATTILIA PIEDE PREASSIALE | 492, 755020|Q69.22|POLIDATTILIA  PIEDE POSTASSIALE | 493, 755096|Q69.2|POLIDATTILIA PIEDI | 494, 755096|Q69.29|POLIDATTILIA PIEDE NOS | 495, 755090|Q69.9|POLIDATTILIA NOS | 496, 755100|Q70.0|SINDATTILIA MANO CON SINOSTOSI | 497, 755110|Q70.1|SINDATTILIA MANO SOLO CUTANEA | 498, 755120|Q70.2|SINDATTILIA PIEDI CON SINOSTOSI | 499, 755130|Q70.3|SINDATTILIA PIEDI SOLO CUTANEA | 500, 755180|Q70.4|POLISINDATTTILIA MANI E PIEDI | 501, 755190|Q70.9|SINDATTILIA NOS | 502, 755200|Q71.0|ASSENZA COMPLETA ARTO/ARTI SUPERIORE | 503, 755210|Q71.1|FOCOMELIA ARTI SUP (ASSENZA ARTO, PRESENTE MANO) | 504, 755230|Q71.2|AGENESIA AVAMBRACCIO E MANO | 505, 755240|Q71.3|ASSENZA MANO E DITA | 506, 755240|Q71.30|ASSENZA DI SINGOLE DITA MANO (da II a V) | 507, 755260|Q71.31|AGENESIA o ipoplasia POLLICE (I) | 508, 755260|Q71.4|AGENESIA RADIO, DIFETTO IN RIDUZIONE RADIO, AGENESIA RADIO, CON MANO A MAZZA RADIALE | 509, 755270|Q71.5|DIFETTO IN RIDUZIONE ULNA | 510, 755250|Q71.6|ECTRODATTILIA / MANI A CHELE | 511, 755240|Q71.80|ASSENZA DI TUTTE LE DITA DELLA MANO | 512, 755280|Q71.8|ALTRI DIFETTI IN RIDUZIONE ARTO SUP, specificare | 513, 759890|Q71.9|ADAM SEQUENCE, CONSTRICTION RING SYNDROME UPPER LIMB | 514, 755290|Q71.9|ALTRI DIFETTI RIDUZIONE ARTO SUP NOS | 515, 755300|Q72.0|ASSENZA COMPLETA ARTO/ARTI INFERIORE | 516, 755310|Q72.1|ASSNZA ARTO INFERIORE CON PIEDE, FOCOMELIA ARTI INFERIORI | 517, 755330|Q72.2|ASSENZA GAMBA E PIEDE | 518, 755340|Q72.3|ASSENZA PIEDE E DITA DEL PIEDE | 519, 755380|Q72.30|ASSENZA O IPOPLASIA DITA DEI PIEDI | 520, 755365|Q72.31|ASSENZA O IPOPLASIA ALLUCE | 521, 755320|Q72.4|DIFETTO IN RIDUZIONE FEMORE | 522, 755380|Q72.5|DIFETTO IN RIDUZIONE TIBIA, ASSENZA TIBIA | 523, 755366|Q72.6|DIFETTO IN RIDUZIOINE FIBULA, ASSENZA FIBULA | 524, 755380|Q72.7|SPLIT FOOT | 525, 755380|Q72.8|ALTRI DIFETTI RIDUZIONE ARTO INF | 526, 755380|Q72.80|ASSENZA DI TUTTE LE DITA DEL PIEDE | 527, 759890|Q72.9|ADAM SEQUENCE, CONSTRICTION RING SYNDROME LOWER LIMB | 528, 755400|Q73.0|AMELIA NOS | 529, 755410|Q73.1|FOCOMELIA NOS | 530, 755490|Q73.8|ALTRI DIFETTI IN RIDUZIONE ARTI NON SPECIFICATI | 531, 755526|Q74.01|MADELUNG'S DEFORMITY | 532, 755551|Q74.02|CLEIDOCRANIAL DYSPLASIA (DISOSTOSI CLEIDOCRANICA) | 533, 755556|Q74.03|Sprengel's deformity | 534, 755500|Q74.04|MACRODATTILIA MANO | 535, 755500|Q74.05|POLLICE TRIFALANGEO | 536, 755800|Q74.3|ARC SYNDROME ARTHROGRYPOSIS, RENAL DYSFUNCTION AND CHOLESTAS | 537, 755800|Q74.3|ARTROGRIPOSI MULTIPLA CONGENITA | 538, 755880|Q74.8|ALTRE MALF ARTI SPECIFICATE | 539, 755500|Q74.80|BRACHIDATTILIA DITA MANO | 540, 755880|Q74.81|EMIPERTROFIA, IPERTROFIA ARTI | 541, 755680|Q74.82|IPOSVILUPPO ARTO/ARTI | 542, 755880|Q74.83|ASIMMETRIA ARTI NOS | 543, 755810|Q74.84|LARSEN'S SYNDROME | 544, 755900|Q74.9|ANOMALIE ARTI NON SPECIFICATE | 545, 756000|Q75.0|CRANIOSINOSTOSI | 546, 756050|Q75.0|PFEIFFER SYNDROME, NOACK SYNDROME, ACROCEPHALOSYNDACTYLY | 547, 756010|Q75.1|CRANIOSTENOSI DELLE CORONALI | 548, 756005|Q75.01|CRANIOSTENOSI SAGITTALE | 549, 756006|Q75.02|CRANIOSINOSTOSI-TRIGONOCEFALIA | 550, 756000|Q75.03|CRANIOSINOSTOSI-SUTURE MULTIPLE-CRANIO A TRIFOGLIO | 551, 756000|Q75.03|CRANIOSTENOSI - TURRICEFALIA | 552, 756040|Q75.1|CROUZON SYNDROME | 553, 756020|Q75.2|IPERTELORISMO | 554, 756080|Q75.3|MACROCEFALIA/MACROCRANIA | 555, 756045|Q75.4|MANDIBULOFACIAL DYSOSTOSIS - FRANCESCHETTI AND TREACHER-COLLINS | 556, 756046|Q75.5|OCULOMANDIBULAR DYSOSTOSIS | 557, 759800|Q75.81|DISPLASIA FRONTONASALE | 558, 756090|Q75.9|ALTRE MALF CRANIO/FACCIALI NOS | 559, 756100|Q76.0|SPINA BIFIDA OCCULTA | 560, 756110|Q76.1|KLIPPEL-FEIL SYNDROME | 561, 756150|Q76.3|SCOLIOSI DA ANOMALIE VERTEBRE TORACICHE | 562, 756140|Q76.30|EMIVERTEBRA SINGOLA CON SCOLIOSI | 563, 756180|Q76.38|SCOLIOSI ASSOCIATA A EMIVERTEBRA MULTIPLA, ALTRE MALFORMAZIONI OSSEE | 564, 756190|Q76.4|ANOMALIE COLONNA NON ASSOCIATE A SCOLIOSI | 565, 756180|Q76.4|EMIVERTEBRE/VERTEBRE FARFALLA | 566, 756180|Q76.40|ASSENZA VERTEBRE | 567, 756170|Q76.41|ANOMALIE VERTEBRE SACRALI, AGENESIA SACRO | 568, 756180|Q76.42|ALTRE ANOMALIE VERTEBRE | 569, 756140|Q76.42|DISMORFISMO VERTEBRALE EMIVERTEBRE | 570, 756160|Q76.42|DISMORFISMO VERTEBRALE EMIVERTEBRE LOMBARI | 571, 756310|Q76.6|ALTRE MALFORMAZIONI COSTE | 572, 756180|Q76.60|ASSENZA COSTE | 573, 756320|Q76.61|FUSIONE COSTE | 574, 756330|Q76.62|COSTA SOVRANNUMERAREA | 575, 756340|Q76.8|ALTRE MALFORMAZIONI DEL TORACE | 576, 756390|Q76.8|IPOPLASIA GABBIA TORACICA | 577, 759840|Q77.0|ACONDROGENESI | 578, 759840|Q77.00|ACONDROGENESI TIPO 1 | 579, 759840|Q77.01|ACONDROGENESI TIPO 2 | 580, 756402|Q77.02|IPOCONDROGENESI | 581, 756440|Q77.1|DISPLASIA TANATOFORA | 582, 756400|Q77.2|JUENE DISPLASIA TORACICA ASFISSIANTE | 583, 756570|Q77.3|CONDRODISPLASIA PUNCTATA | 584, 756430|Q77.4|ACONDROPLASIA | 585, 756441|Q77.5|NANISMO DIASTROFICO | 586, 756520|Q77.6|ELLIS VAN CREVELD (CHONDROECTODERMAL DYSPLASIA) | 587, 756580|Q77.7|SPONDYLOEPIPHYSEAL DYSPLASIA | 588, 759890|Q77.8|ACRODYSOSTOSIS | 589, 75640|Q77.8|KNIEST DYSPLASIA | 590, 756442|Q77.80|METATROPIC DWARFISM | 591, 759890|Q77.81|METAPHYSEAL CHONDRODYSPLASIA | 592, 756500|Q78.0|OSTEOGENESI IMPERFECTA | 593, 756500|Q78.00|OSTEOGENESI IMPERFECTA CONGENITA | 594, 756512|Q78.1|MCCUNE-ALBRIGHT SYNDROME (POLYOSTOTIC DYSPLASIA) | 595, 756540|Q78.2|ALBERS-SCHONBERG SYNDROME (OSTEOPETROSIS) | 596, 756551|Q78.3|CAMURATI-ENGELMAN DISEASE (DIAPHYSEAL DYSPLASIA) | 597, 759890|Q78.4|ENCHONDROMATOSIS | 598, 759890|Q78.5|METAPHYSEAL DYSPLASIA, PYLE'S SYNDROME | 599, 756470|Q78.6|ESOSTOSI MULTIPLE CONGENITE | 600, 759890|Q78.6|DIAPHYSEAL ACLASIA | 601, 756490|Q78.8|DISPLASIA SCHELETRICA DIAGNOSI PRENATALE | 602, 756490|Q78.9|DISPLASIA SCELETRICA NOS LATE DIAGNOSIS | 603, 756490|Q78.9|DISPLASIA SCHELETRICA NOS | 604, 756421|Q78.40|MAFFUCCI SYNDROME | 605, 756410|Q78.48|OSTEOCHONDROMATOSIS SYNDROME, DYSCHONDROPLASIA, OLLIER | 606, 759890|Q78.80|OSTEOPOIKILOSIS | 607, 756610|Q79.0|ERNIA DIAFRAMMATICA | 608, 756600|Q79.11|ASSENZA EMIDIAFRAMMA | 609, 756600|Q79.12|ASSENZA COMPLETA DIAFRAMMA | 610, 756700|Q79.2|ONFALOCELE | 611, 756710|Q79.3|GASTROSCHISI | 612, 756720|Q79.4|PRUNE BELLY SEQUENCE | 613, 756790|Q79.5|ALRTI DIFETTI PARETE ADDOMINALE | 614, 756790|Q79.5|LIMB BODY WALL COMPLEX OR BODY STALK  specificare malf | 615, 756850|Q79.6|EHLERS-DANLOS SYNDROME | 616, 756885|Q79.8|POPLITEAL PTERYGIUM SYNDROME | 617, 762800|Q79.80|BANDE AMNIOTICHE | 618, 756810|Q79.81|ASSENZA DI UN MUSCOLO | 619, 756800|Q79.82|SINDROME DI POLAND | 620, 757180|Q80.3|BCIE Congenital bullous ichthyosiform erythroderma | 621, 757100|Q80.4|ARLECCHINO SINDROME | 622, 757190|Q80.9|ITTIOSI NOS | 623, 757380|Q81.1|HERLITZ SYNDROME (EPIDERMOLYSIS BULLOSA) EPIDERMOLISI BOLLOSA | 624, 757350|Q82.3|INCONTINENTIA PIGMENTI | 625, 757340|Q82.4|DISPLASIA ECTODERMICA | 626, 757380|Q82.5|NEVE DERMICO GIGANTE | 627, 757380|Q82.5|NEVI MULTIPLI | 628, 757380|Q82.5|NEVO PIGMENTATO | 629, 757380|Q82.50|NEVO FLAMMEO | 630, 757380|Q82.58|ALTRI NEVI CONGENITI | 631, 757300|Q82.8|ALTRE ANOMALIE CUTE SPECIFICATE | 632, 757300|Q82.8|DERMOPATIA RESTRITTIVA | 633, 757303|Q82.8|ROTHMUND-THOMPSON SYNDROME | 634, 757390|Q82.80|ANOMALIE DEL SOLCO PALMARE | 635, 757310|Q82.81|APPENDICE CUTANEA minor | 636, 757398|Q82.9|MALFORMAZIONE DELLA CUTE NOS | 637, 757650|Q83.3|CAPEZZOLO SOVRANNUMERARIO | 638, 757480|Q84.2|CIUFFO CAPELLI BIANCHI | 639, 757500|Q84.3|ASSENZA UNGHIE MANI O PIEDI | 640, 757398|Q84.8|CUTIS MARMORATA CONGENITA | 641, 757390|Q84.80|APLASIA CUTIS | 642, 237700|Q85.0|NF 1 | 643, 759500|Q85.1|SCLEROSI TUBEROSA | 644, 759600|Q85.80|PEUTZ-JEGHERS SYNDROME | 645, 759611|Q85.81|STURGE WEBER | 646, 757390|Q85.82|VON HIPPEL LINDAU (ANGIOMATOSIS RETINAE) | 647, 759630|Q85.83|GARDNER SYNDROME | 648, 760710|Q86.0|FETAL ALCOHOL SYNDROME | 649, 759890|Q86.1|FETAL HYDANTOIN SYNDROME | 650, 759890|Q86.2|FETAL WARFARIN SYNDROME | 651, 760703|Q86.80|FETAL VALPROATE SINDROME | 652, 759890|Q86.82|FETAL THALIDOMIDE SYNDROME | 653, 759890|Q87.0|MOWAT WILSON | 654, 759890|Q87.0|Congenital malformation syndromes predominantly affecting facial appearance | 655, 755501|Q87.00|ACROCEPHALOPOLYSYNDACTYLY ALL TYPES | 656, 755500|Q87.01|APERT'S SYNDROME | 657, 759892|Q87.02|FRASERS;NA
sp_malfo8;NA;NA;NA;Non mappata;NA;NA;NA
occupmo;NA;NA;NA;Non mappata;NA;33340, Agente immobiliare | 54130, Agente penitenziario | 61100, Agricoltore - coltivatore diretto | 21320, Agronomo | 13150, Albergatore | 75140, Allevatore, gelataio | 52100, Ambulante | 21610, Architetto | 34320, Arredatore | 71100, Artigiano edilizia | 73100, Artigiano generico | 75000, Artigiano lavoraz. Alimentari | 33210, Assicuratore ( in generale) | 43120, Assicuratore (perito), impiegato assicurazioni | 32510, Assistente dentista | 51110, Assistente di volo | 34120, Assistente sociale | 83200, Autista (in generale) | 83300, Autotrasportatore | 26110, Avvocato, Notaio | 54430, Badante | 54870, Bagnino | 26530, Ballerina | 51410, Barbiere, parrucchiere | 51320, Barista | 52450, Benzinaio | 26220, Bibliotecario | 91290, Bidello (oper. Scolastico) | 21310, Biologo | 92110, Bracciante / manovale | 65424, Calzolaio | 91120, Cameriera (pulizie uff. alberghi etc) | 51310, Cameriere | 83320, Camionista | 25544, Cantante | 52210, Cantiniere | 1100, Carabiniere | 72140, Carpentiere | 83000, Carrellista | 72300, Carrozziere, gommista, operaio meccanico | 9995, Casalinga | 75130, Casaro (lavoraz. Formaggi) | 52300, Cassiera | 21130, Chimico | 53100, Collaboratrice scolastica | 61000, Coltivatore diretto, operaio agricoltura | 52000, Commerciante (generico) | 52230, Commessa (generica), promotore finanziario | 24210, Consulente aziendale (generale) | 24120, Consulente tribut. e finanziario | 43110, Contabilità (addetto) | 33121, Cosulente del lavoro | 51200, Cuoco, Pizzaiolo | 51530, Custode (portinaio) | 22610, Dentista | 25512, Designer, circense | 12210, Direttore commerciale | 12100, Dirigente aziend., direttore finanziario | 13210, Disegnatore industriale | 21630, Disegnatore moda | 9997, Disoccupato | 51520, Domestica (casa) | 25311, Economista | 52200, Edicolante | 23400, Educatore elementari-asilo | 23520, Educatore per Handicap | 62415, ELETTRAUTO | 74130, Elettricista -elettricista -impiantista | 74100, Elettricista -installatore e riparatore | 51420, Estetista | 62211, Fabbro | 96210, Facchino, fattorino | 71150, Falegname, artigiano mobiliere | 22620, Farmacista | 83120, Ferroviere (in generale) | 24100, Finanziere | 22640, Fisioterapista, logopedista | 75120, Fornaio, panettiere,  pasticciere | 0000, Forze armate | 34310, Fotografo | 41100, Funzionario statale, impiegato generico | 21140, Geologo | 31120, Geometra | 6113, Giardiniere, vivaista | 26420, Giornalista, insegnante nido | 21660, Grafico pubblicit. | 54850, Guardia carceraria | 54140, Guardia giurata | 71260, Idraulico | 71310, Imbianchino | 24110, Impiegato addetto contabilità, commercialista | 42110, Impiegato banca (generico) | 33420, Impiegato ufficio legale, mediatore d'affari | 12000, Imprenditore, imprenditore edile, ragioniere | 32220, Infermiere | 33220, Informatore medico-scientifico, Rappresentante (agente commercio) | 21450, Ingegnere chimico | 21520, Ingegnere elettronico, informatico | 21400, Ingegnere in generale | 51650, Insegnante di guida | 23420, Insegnante generico e materna, maestra d'asilo | 23410, Insegnante scuola elementare | 23300, Insegnante scuola media e superiori | 23000, Insegnante, educatore | 26430, Interprete | 71230, Intonacatore | 52220, Ispettore commerciale | 32570, Ispettore inps | 34240, istruttrice di fitness | 72130, Lattoniere | 75110, Macellaio | 43210, Magazziniere | 33261, Manager | 93130, Manovale / bracciante | 51000, Massaggiatore | 82110, Meccanico (in generale) | 22100, Medico | 91000, Militare | 8111, Minatore | 72230, Modellista | 83420, Movimentatore terra | 71120, Muratore (operaio edile) | 26520, Musicista-compositore-cantante | 99999, Nessun informazione | 9991, Occupato-lavoro non dichiarato | 32140, Odontotecnico | 94100, Operaio addetti ristorazione, operaio distribuzione mensa | 91200, Operaio autolavaggio | 71140, Operaio calcestruzzo | 81810, Operaio ceramista | 81600, Operaio frutta (lavoraz. in frigo), operaio salumificio | 70000, Operaio generico, specializzato | 82210, Operaio impresa pulizie | 91210, Operaio lavanderia | 73180, Operaio maglieria-tessile | 81420, Operaio materie plastiche | 72200, Operaio metalmeccanico, tornitore | 83410, Operaio operatore macchina | 91110, Operaio pulizie | 72120, Operaio saldatore | 73220, Operaio stamperia | 54720, Operatore camere ardenti | 53110, operatore socio sanitario | 73130, Orafo (artigiano) | 32530, OSA / OTA (ausiliari assistenza) | 32112, Ostetrica | 2267, Ottico | 71220, Pavimentista, artigiano parquettista | 62200, Pescatore (in generale) | 31530, Pilota aereo | 2651, Pittore | 54120, Poliziotto | 93330, Portalettere | 42240, Portiere di albergo | 23100, Professore universitario | 25140, Programmatori informatici | 22690, Psicologo | 25160, Relazioni internazionali | 13000, Responsabile produzione (vario) | 34330, Restauratrice | 21000, Ricercatore universitario (in generale) | 52251, Ristoratore | 72100, Saldatore | 75100, Salumiere | 75310, Sarta | 41200, Segretaria (generica) | 26320, Sociologo | 25000, Specialisti informatica, tecnici informatici | 34270, Sportivo professionista | 83220, Stalliere | 8157, Stiratrice | 9996, Studente | 7318, Tappezziere | 8322, Taxista | 3116, Tecnici  chimiche | 3155, Tecnici elettronici | 3513, Tecnici informatici | 3212, Tecnici laboratorio | 3211, Tecnici radiologia | 3115, Tecnici riparazione macchinari | 7322, Tipografo (op) | 62220, Tornitore | 2643, Traduttrice / interprete | 33400, Venditore | 7132, Verniciatore | 2250, Veterinario | 7125, Vetraio, operaio vetreria | 54800, Vigilante | 5411, Vigile del fuoco | 5412, Vigile urbano;NA
folic_g14;NA;NA;NA;Non mappata;NA;1, Folic acid taken pre- and post- conceptionally | 2, Folic acid taken only post- conceptionally | 3, Folic acid not taken | 4, Folic acid taken timing unknown | 9, Not known if folic acid taken;NA
extra_drugs;NA;NA;NA;Non mappata;NA;NA;NA
firsttri;NA;NA;NA;Non mappata;NA;1, Yes medication taken in first trimester | 2, No medication taken in first trimester | 3, Undetermined  | 4, Medication taken but timing unknown | 9, Not Known;NA
drugs1;NA;NA;NA;Non mappata;NA;"9999999, Altro | C03AA03, Idroclorotiazide conf. non sup. a 30 cp. | C03BA04, Clortalidone | C03BA08, Metolazone - C03BA08 | C03BA11, Indapamide | C03BA13, Fenquizone - C03BA13 | C03CA01, Furosemide | C03CA03, Piretanide - C03CA03 | C03CA04, Torasemide | C03CC01, Acido etacrinico | C03DA01, Spironolattone | C03DA02, Potassio canreonato | C03DA03, Canrenone | C03DB02, Triamterene - C03DB02 + Furosemide | C03EA01, Idroclorotiazide + amiloride | C03EA14, Potassio canrenoato/butizide | C03EB01, Furosemide/spironolattone | C04AD02, Xantinolo Nicotinato - C04AD02 | C04AD03, Pentossifillina | C04AE02, Nicergolina - C04AE02 | C04AE04, Diidroergocristina - C04AE04 | C04AX07, Vincamina - C04AX07 | C04AX13, Piribedil - C04AX13 | C04AX20, Buflomedil - C04AX20 | C04AX21, Naftidrofurile - C04AX21 | C04AX49, Raubasina - C04AX49 | C05AA01, Idrocortisone + Lidocaina + Alluminio acetato basico + Zinco ossido | C05CA03, Diosmina - C05CA03 | C05CA04, Troxerutina - C05CA04 | C05CA49, Mirtillina - C05CA49 | C05CX, Escina | C07AA03, Pindololo - C07AA03 | C07AA05, Propranololo | C07AA06, Timololo - C07AA06 | C07AA07, Sotalolo | C07AA12, Nadololo - C07AA12 | C07AA49, Indenololo - C07AA49 | C07AB02, Metoprololo | C07AB03, Atenololo | C07AB04, Acebutololo - C07AB04 | C07AB05, Betaxololo - C07AB05 | C07AB07, Bisoprololo - C07AB07 | C07AB08, Celiprololo - C07AB08 | C07AB12, Nebivololo - C07AB12 | C07AG01, Labetalolo | C07AG02, Carvedilolo | C07BB07, Bisoprololo/Idroclorotiazide | C07CA02, Oxprenololo - C07CA02 + Clortalidone | C07CB02, Metoprololo/clortalidone | C07CB03, Atenololo/clortalidone | C08CA01, Amlodipina | C08CA02, Felodipina | C08CA03, Isradipina - C08CA03 | C08CA04, Nicardipina - C08CA04 | C08CA05, Nifedipina | C08CA06, Nimodipina | C08CA07, Nisoldipina - C08CA07 | C08CA08, Nitrendipina - C08CA08 | C08CA09, Lacidipina - C08CA09 | C08CA11, Manidipina - C08CA11 | C08CA12, Barnidipina | C08CA13, Lercanidipina - C08CA13 | C08DA01, Verapamil | C08DA02, Gallopamil - C08DA02 | C08DB01, Diltiazem | C09AA01, Captopril | C09AA02, Enalapril | C09AA03, Lisinopril | C09AA04, Perindopril | C09AA05, Ramipril | C09AA06, Quinapril - C09AA06 | C09AA07, Benazepril - C09AA07 | C09AA08, Cilazapril - C09AA08 | C09AA09, Fosinopril | C09AA10, Trandolapril - C09AA10 | C09AA11, Spirapril - C09AA11 | C09AA12, Delapril - C09AA12 | C09AA13, Moexipril - C09AA13 | C09AA15, Zofenopril - C09AA15 | C09BA01, Captopril/idroclorotiazide | C09BA02, Enalapril/idroclorotiazide | C09BA03, Lisinopril/idroclorotiazide | C09BA04, Perindopril erbumina/indapamide | C09BA05, Ramipril/idroclorotiazide | C09BA06, Quinapril/idroclorotiazide | C09BA07, Benazepril/idroclorotiazide | C09BA08, Cilazapril/Idroclorotiazide | C09BA09, Fosinopril/idroclorotiazide | C09BA12, Delapril/indapamide | C09BA13, Moexipril/idroclorotiazide | C09CA01, Losartan | C09CA02, Eprosartan - C09CA02 | C09CA03, Valsartan | C09CA04, Irbesartan - C09CA04 | C09CA06, Candesartan | C09CA07, Telmisartan - C09CA07 | C09CA08, Olmesartan medoxomil | C09DA01, Losartan potassico/idroclorotiazide | C09DA03, Valsartan/idroclorotiazide | C09DA04, Irbesartan/Idroclorotiazide | C09DA06, Candesartan cilexetil/idroclorotiazide | C09DA07, Telmisartan/idroclorotiazide | C10AA01, Simvastatina | C10AA02, Lovastatina | C10AA03, Pravastatina - C10AA03 | C10AA04, Fluvastatina - C10AA04 | C10AA05, Atorvastatina | C10AA07, Rosuvastatina | C10AB02, Bezafibrato - C10AB02 | C10AB04, Gemfibrozil - C10AB04 | C10AB05, Fenofibrato - C10AB05 | C10AC01, Colestiramina | C10AC03, Detastrano - C10AC03 | C10AD06, Acipimox - C10AD06 | C10AX04, Benfluorex - C10AX04 | C10AX05, Meglutolo - C10AX05 | B01AC11, Iloprost | B01AC13, Abciximab | B01AC16, Intrifiban o eptifibatide | B01AC17, Tirofiban | B01AC18, Triflusal - B01AC18 | B01AC49, Sulfinpirazone - B01AC49 | B01AD02, Alteplasi | B01AD04, Urochinasi | B01AX01, Defibrotide | B02AA01, Acido aminocaproico - B02AA01 | B02AA02, Acido tranexamico | B02AB03, C1-Inibitore (proteina del plasma umano antiangioedema) | B02AB49, Gabexato mesilato | B02BA01, Fitomenadione | B02BA49, Menadiolo - B02BA49 | B02BB01, Fibrinogeno umano liofilizzato | B02BC10, Fibrina colla - Fibrinogeno umano | B02BD, """"Complesso protrombinico umano"""": fattore II, fattore IX, fattore X di coagulazione in associazione | B02BD02, Fattore VIII di coagulazione - da biotecnologia | B02BD03, Complesso protrombinico antiemofilico umano attivato | B02BD04, Fattore IX di coagulazione - da sangue umano liofilizzato | B02BD05, Fattore VII di coagulazione - da sangue umano liofilizzato | B02BD08, Fattore VII di coagulazione da DNA ricombinante | B02BD09, Nonacog alfa (fattore IX di coagulazione, ricombinante) | B02BX01, Etamsilato - B02BX01 | B02BX02, Carbazocromo - B02BX02 | B03A, Ferro - B03A | B03AA03, Ferroso gluconato | B03AA07, Ferroso solfato | B03AB, Ferromaltoso | B03AB49, Ferrigluconato sodico | B03AC, Ferromaltoso | B03AC49, Ferrimaltoso | B03BA01, Cianocobalamina - B03BA01 | B03BA03, Idrossicobalamina | B03BB01, Acido folico | B03XA01, Epoetina a | B03XA02, Darbepoetina | B05AA01, Albumina umana soluzione 20% | B05AA02, Plasma fresco congelato virus inattivato | B05AA06, Poligelina | B05AA07, Etamido o poli ( 0-2-idrossietil ) amido | B05BA01, Aminoacidi | B05BA02, Olio di soia/lecitina d'uovo | B05BA03, Glucosio (destrosio) | B05BA04, Proteina idrolisata | B05BA10, Miscele binarie per NPT:                                                                                                                         Aminoacidi + glucosio  (+ elettroliti) | B05BB01, Sodio cloruro | B05BB02, Glucosio (destrosio)/sodio cloruro/potassio acetato/magnesio acetato | B05BB03, Trometamolo | B05BC01, Mannitolo | B05CB10, Macrogol 4.000 + sali minerali | B05XA06, Magnesio solfato - 10% | B05XA07, Calcio cloruro | B05XA30, Oligoelementi multipli: Cromo cloruro + rame cloruro + ferrico cloruro + manganese cloruro + potassio ioduro + sodio molibdato + sodio selenito + zinco cloruro | B05XB02, Alaglumina o alanilglutamina - 20% | B05XC, Complesso di vitamine idrosolubili | B06AA11, Bromelaina - B06AA11 | B06AA49, Serrapepatsi | C01AA05, Digossina | C01AA08, Metildigossina | C01AC49, Strofantina K | C01BA, Diidrochinidina | C01BA01, Chinidina | C01BA03, Disopiramide | C01BA49, Diidrochinidina - C01BA49 | C01BB02, Mexiletina | C01BC03, Propafenone | C01BC04, Flecainide | C01BD01, Amiodarone | C01CA01, Etilefrina - C01CA01 | C01CA02, Isoproterenolo | C01CA03, Noradrenalina   bitartrato conf. non sup. a 10 fiale | C01CA04, Dopamina | C01CA07, Dobutamina | C01CA08, Sinefrina (o oxedrina tartrato) | C01CA16, Ibopamina | C01CA17, Midodrina | C01CA24, Adrenalina (epinefrina) | C01CX08, Levosimendan | C01DA02, Nitroglicerina | C01DA05, Pentaeritritile tetranitrato - C01DA05 | C01DA08, Isosorbide dinitrato | C01DA14, Isosorbide mononitrato | C01DA38, Tenitramina | C01DX08, Eptaminolo - C01DX08 | C01DX11, Trapidil - C01DX11 | C01EA01, Alprostadil | C01EB07, Levulosio 1,6 difosfato | C01EB09, Ubidecarenone - C01EB09 | C01EB10, Adenosina | C01EB15, Trimetazidina - C01EB15 | C02AB01, Metildopa | C02AC01, Clonidina | C02AC05, Moxonidina | C02CA, Terazosina | C02CA04, Doxazosina | C02CA06, Urapidil | C02CA49, Terazosina | C02DA01, Diazossido | C02DB04, Cadralazina - C02DB04 | C02DC01, Minoxidil - C02DC01 | C02DD01, Nitroprussiato di sodio o nitroprussido | C02KA49, Diidroergotossina - C02KA49 | C02KD01, Ketanserina - C02KD01 | C02LA01, Reserpina - C02LA01 + clortalidone | A01AB09, Miconazolo | A01AD02, Benzidamina | A02AA04, Magnesio Idrossido - A02AA04 | A02AB02, Algedrato | A02AB03, Alluminio fosfato colloidale - A02AB03 | A02AD01, Magnesio idrossido + alluminio idrossido | A02AD02, Magaldrato anidro - A02AD02 | A02BA01, Cimetidina - A02BA01 | A02BA02, Ranitidina | A02BA03, Famotidina - A02BA03 | A02BA04, Nizatidina | A02BA06, Roxatidina - A02BA06 | A02BB01, Misoprostolo - A02BB01 | A02BC01, Omeprazolo | A02BC02, Pantoprazolo | A02BC03, Lansoprazolo - A02BC03 | A02BC04, Rabeprazolo - A02BC04 | A02BC05, Esomeprazolo | A02BCO3, Lansoprazolo | A02BX02, Sucralfato | A02BX03, Pirenzepina - A02BX03 | A02BX05, Biskalammonio | A02BX06, Proglumide - A02BX06 | A02BX08, Sulglicotide - A02BX08 | A02BX13, Acido alginico - A02BX13 + Algedrato A02AB02 | A02DA01, Dimeticone | A03AA, Pipetanato etobromuro | A03AA04, Mebeverina - A03AA04 | A03AA05, Trimebutina | A03AA06, Rociverina | A03AA49, Pipetanato etobromuro- A03AA49 | A03AB06, Otilonio bromuro - A03AB06 | A03AB18, Prifinio bromuro - A03AB18 | A03AC05, Tiropramide - A03AC05 | A03AD01, Papaverina | A03AX04, Pinaverio - A03AX04 | A03AX07, Proxazolo - A03AX07 | A03AX12, Floroglucinolo - A03AX12 | A03AX13, Simeticone- A03AX13 | A03AX49, Fluoroglucinolo | A03BA01, Atropina solfato | A03BB01, Butilscopolamina bromuro | A03BB05, Cimetropio bromuro | A03CA02, Clidinio bromuro - A03CA02 + clordiazepossido | A03CA34, Propantelina bromuro - A03CA34 + Bromazepam | A03CB49, Octatropina metilbromuro - A03CB49 + Diazepam | A03FA, Levosulpiride | A03FA01, Metoclopramide | A03FA03, Domperidone | A03FA04, Bromopride - A03FA04 | A03FA05, Alizapride | A03FA06, Clebopride - A03FA06 | A03FA49, Levosulpiride | A04AA01, Ondansetron | A04AA02, Granisetron | A04AA03, Tropisetron | A04AA04, Dolasetron | A04AD01, Scopolamina - A04AD01 | A04AD49, Dimenidrinato - A04AD49 | A05AA, Acido chenoursodesossicolico | A05AA02, Acido ursodesossicolico | A05AA49, Acido chenursodesossicolico - A05AA49 | A05AX02, Imecromone - A05AX02 | A05BA03, Silimarina - A05BA03 | A05BA06, Ornitina ossoglurato - A05BA06 | A05BA49, Cogalattoisomerasi - A05BA49 | A05BA99, Arginina - A05BA99 | A06AB02, Bisacodil - A06AB02 | A06AB06, Glicosidi della Senna | A06AB07, Cascara - A06AB07 | A06AC08, Policarbofil - A06AC08 | A06AD11, Lattulosio | A06AD12, Lattitolo - A06AD12 | A07AA02, Nistatina | A07AA06, Paronomicina | A07AA07, Amfotericina B | A07AA09, Vancomicina - A07AA09 | A07AA10, Colistina - A07AA10 | A07AA11, Rifaximina | A07AA51, Bacitracina + neomicina | A07AC01, Miconazolo - A07AC01 -J02AB01 | A07AX03, Nifuroxazide - A07AX03 | A07BA01, Carbone - A07BA01 | A07BC05, Diosmectide - A07BC05 | A07BC54, Attapulgite - A07BC54 + Algedrato A02AB02 | A07DA03, Loperamide | A07EA02, Idrocortisone | A07EA06, Budesonide | A07EA07, Beclometasone | A07EB01, Acido cromoglicico - A07EB01 | A07EC, Paraminosalicilato | A07EC01, Sulfasalazina - A07EC01 | A07EC02, Mesalazina | A07EC03, Olsalazina - A07EC03 | A07EC04, Balsalazide - A07EC04 | A07FA01, Fermenti lattici | A07FA49, Vaccino subtilico o bacillus subtilis | A08AA10, Sibutramina - A08AA10 | A08AB01, Orlistat - A08AB01 | A09AA02, Pancrelipasi | A09AA04, Tilattasi - A09AA04 | A09AA49, Lisozima - A09AA49 | A09AB02, Betaina - A09AB02 | A10A, Insulina A553- A10A | A10AB01, Insulina umana | A10AB04, Insulina lispro | A10AB05, Insulina aspart | A10AB06, Insulina glulisina | A10AC01, Insulina umana isofano | A10AD01, Insulina umana + insulina umana isofano | A10AD04, Insulina lispro da DNA ricombinante | A10AD05, Insulina aspart | A10AE01, Insulina-zinco umana HM  sospensione cristallina | A10AE04, Insulina glargine | A10BA02, Metformina | A10BB, Gliciclamide | A10BB01, Glibenclamide | A10BB02, Clorpropamide - A10BB02 | A10BB07, Glipizide - A10BB07 | A10BB08, Gliquidone - A10BB08 | A10BB09, Gliclazide | A10BB12, Glimepiride - A10BB12 | A10BB49, Glisolamide - A10BB49 | A10BD01, Fenformina +  Glibenclamide | A10BD02, Metformina + Clorpropamide | A10BD03, Rosiglitazone/metformina | A10BF01, Acarbosio - A10BF01 | A10BG02, Rosiglitazone maleato | A10BG03, Pioglitazone | A10BX02, Repaglinide - A10BX02 | A11BA, Complesso polivitaminico, contenente almeno: tiamina - riboflavina - piridossina - ac. ascorbico - retinolo - alfatocoferolo - nicotinamide. | A11C, Alfacalcidolo - A11C | A11CA01, Retinolo - A11CA01 | A11CB, Retinolo + colecalciferolo | A11CC01, Ergocalciferolo | A11CC02, Diidrotachisterolo | A11CC03, Alfacalcidolo | A11CC04, Calcitriolo | A11CC05, Colecalciferolo - A11CC05 | A11CC06, Calcifediolo | A11DA, Tiamina - A11DA | A11DB, Vitamina B1 + vitamina B6  + vitamina B12 | A11EB, Complesso vitaminico B+ vitam.C senza vitamina D | A11GA01, Acido ascorbico  (vitamina C) | A11HA02, Piridossina (vit. B6) | A11HA03, Tocoferolo acetato, alfa | A11HA30, Dexpantenolo | A12AA03, Calcio gluconato - 10% | A12AA04, Calcio Carbonato | A12AA07, Calcio cloruro - 10% | A12AA20, Calcio lattogluconato + calcio carbonato | A12AX, Calcio carbonato/colecalciferolo | A12BA01, Potassio cloruro | A13A, Arginina | A14AB01, Nandrolone - A14AB01 | A16AA01, L- Propionil carnitina | A16AB02, Imuglucerasi | A16AX03, Sodiofenilbutirrato | B01AA03, Warfarin | B01AA07, Acenocumarolo | B01AB01, Eparina calcica | B01AB02, Antitrombina III | B01AB04, Dalteperina - B01AB04 | B01AB05, Enoxaparina sodica | B01AB06, Nadroparina calcica | B01AB07, Parnaparina sodica | B01AB08, Reviparina sodica | B01AB11, Sulodexide - B01AB11 | B01AB12, Bemiparina | B01AB49, Eparan solfato - B01AB49 | B01AC02, Cloricromene - B01AC02 | B01AC03, Picotamide - B01AC03 | B01AC04, Clopidogrel | B01AC05, Ticlopidina | B01AC06, Acido acetilsalicilico | B01AC07, Dipiridamolo - B01AC07 | B01AC09, Epoprostenolo | B01AC10, Indobufene | C10AX06, Omega polienoici (esteri etilici di acidi grassi polinsaturi) | C10AX49, Fosfatidilcolina | C10BA02, Simvastatina/Ezetimibe | D01AC01, Clotrimazolo | D01AC02, Miconazolo | D01AC03, Econazolo | D01AC08, Ketoconazolo | D01BA01, Griseofulvina - D01BA01 | D01BA02, Terbinafina - D01BA02 | D03AX05, Acido ialuronico (sale sodico) | D03AX49, Triticum volgare estratto acquoso +  fenossetolo | D03BA52, Collagenasi + cloramfenicolo | D04AA49, Desclorfeniramina | D04AB04, Benzocaina + alcol benzilico + cloroxilenolo | D05AX02, Calcipotriolo | D05AX03, Calcitriolo | D05AX04, Tacalcitolo | D05AX05, Tazarotene | D05BA02, Metoxsalene - D05BA02 | D05BB02, Acitretina - D05BB02 | D06AA02, Clortetraciclina cloridrato | D06AX02, Cloramfenicolo | D06AX07, Gentamicina | D06BA01, Sulfadiazina argentica | D06BA51, Sulfadiazina argentica + acido ialuronico(sale sodico) | D06BB03, Aciclovyr | D06BB10, Imiquimod | D07AB01, Clobetasone | D07AB02, Idrocortisone butirrato | D07AB04, Fluocortin | D07AB09, Triamcinolone | D07AB10, Alclometasone | D07AB19, Desametasone | D07AC01, Betametasone | D07AC03, Desossimetasone | D07AC04, Fluocinolone acetonide | D07AC05, Fluocortolone pivalato/fluocortolone caproato | D07AC06, Diflucortolone | D07AC08, Fluocinonide | D07AC09, Budesonide | D07AC13, Mometasone | D07AC14, Metilprednisolone aceponato | D07AC15, Beclometasone | D07AC17, Fluticasone | D07AC18, Prednicarbato | D07AD01, Clobetasolo | D07AD02, Alcinonide | D07XC01, Betametasone + Acido salicilico | D08AE03, Fenolo/glicerolo | D10AD01, Tretinoina - D10AD01 - L01XX14 | D10BA01, Isotretinoina - D10BA01 | G01AA09, Mepartricina - G01AA09 | G01AA49, Meclociclina | G01AA99, Tirotricina  + nitrofural | G01AF01, Metronidazolo | G01AF02, Clotrimazolo - G01AF02 | G01AF05, Econazolo | G01AF06, Econazolo - G01AF06 | G01AF07, Econazolo - G01AF07 | G01AF08, Econazolo - G01AF08 | G01AF09, Econazolo - G01AF09 | G01AF10, Econazolo - G01AF10 | G01AF11, Econazolo - G01AF11 | G01AF12, Econazolo - G01AF12 | G01AF13, Econazolo - G01AF13 | G01AF14, Econazolo - G01AF14 | G01AF49, Sertaconazolo - G01AF49 | G01AX03, Policresulene - G01AX03 | G01AX05, Nifuratel  - G01AX05 | G01AX11, Povidone-iodio - G01AX11 | G01AX12, Ciclopirox - G01AX12 | G02AB01, Metilergometrina | G02AD02, Dinoprostone | G02AD03, Gemeprost | G02AD05, Sulprostone | G02CA01, Ritodrina | G02CA49, Isoxuprina | G02CB01, Bromocriptina - G02CB01 | G02CB03, Cabergolina | G02CB05, Metergolina | G02CX01, Atosiban | G03AA07, Etinilestradiolo/levonorgestrel | G03AA09, Desogestrel + etinilestradiolo | G03AA10, Gestodene + etinilestradiolo | G03AB03, Etinilestradiolo/levonorgestrel | G03AB06, Gestodene + etinilestradiolo | G03AC03, Levonorgestrel - (dispositivo intrauterino) | G03AC09, Desogestrel - G03AC09 | G03BA03, Testosterone - G03BA03 | G03BB01, Mesterolone - G03BB01 | G03CA01, Etinilestradiolo | G03CA03, Estradiolo - G03CA03 | G03CA04, Estriolo - G03CA04 | G03CA09, Promestriene | G03CA57, Estrogeni coniugati | G03DA02, Medrossiprogesterone - G03DA02 | G03DA03, Idrossiprogesterone - G03DA03 | G03DA04, Progesterone | G03DB01, Didrogesterone - G03DB01 | G03DB03, Medrogestone - G03DB03 | G03DB04, Nomegestrolo - G03DB04 | G03DC02, Noretisterone - G03DC02 | G03DC05, Tibolone - G03DC05 | G03FA01, Estradiolo emiidrato/noretisterone | G03FB, Estradiolo/nomegestrolo | G03FB05, Estradiolo/noretisterone | G03FB08, Estradiolo/didrogesterone | G03FB09, Estradiolo emiidrato/levonorgestrel | G03FB11, Estradiolo emiidrato/trimegestone | G03GA01, Gonadotropina corionica - G03GA01 | G03GA02, Menotropina  (hFSH + hLH) | G03GA04, Urofollitropina  (hFSH + hLH) | G03GA05, Follitropina a- ricombinante | G03GA06, Follitropina b- ricombinante | G03GA07, Lutropina alfa - G03GA07 | G03GB01, Ciclofenil - G03GB01 | G03GB02, Clomifene citrato - G03GB02 | G03HA01, Ciproterone acetato - G03HA01 | G03HB01, Ciproterone/etinilestradiolo | G03XA01, Danazolo - G03XA01 | G03XA02, Gestrinone - G03XA02 | G03XC01, Raloxifene | G04AB03, Acido pipemidico | G04AG49, Fosfomicina | G04BD02, Flavoxato - G04BD02 | G04BD04, Oxibutinina - G04BD04 | G04BD07, Tolterodina - G04BD07 | G04BE01, Alprostadil | G04BX49, Lidocaina cloridrato | G04CA, Doxazosin | G04CA01, Alfuzosina | G04CA02, Tamsulosin | G04CA03, Terazosina | G04CB01, Finasteride | G04CB02, Dutasteride | H01AA02, Tetracosactide | H01AC01, Somatropina - DNA ricomb. da cellule di mammifero   - liofilizzato | H01BA02, Desmopressina | H01BA04, Terlipressina acetato idrato | H01BB01, Demoxitocina | H01BB02, Ossitocina | H01CA01, Gonadorelina - H01CA01 | H01CB01, Somatostatina | H01CB02, Octreotide | H01CB03, Lanreotide - H01CB03 | H01CC01, Ganirelix - H01CC01 | H01CC02, Cetrorelix - H01CC02 | H02AA03, Desossicortone - H02AA03 | H02AB01, Betametasone | H02AB02, Desametasone | H02AB03, Fluocortolone - H02AB03 | H02AB04, Metilprednisolone / lidocaina | H02AB06, Prednisolone - H02AB06 | H02AB07, Prednisone | H02AB08, Triamcinolone - H02AB08 | H02AB09, Idrocortisone | H02AB10, Cortisone | H02AB13, Deflazacort | H03AA01, Levotiroxina sodica | H03AA02, Liotironina sodica - H03AA02 | H03BB02, Tiamazolo | H03BC01, Potassio perclorato - H03BC01 | H04AA01, Glucagone | H05AA02, Teriparatide | H05B01, Calcitonina - H05B01 | H05B04, Elcatonina - H05B04 | H05BA01, Calcitonina (sintetica di salmone) | J01AA02, Doxiciclina | J01AA03, Clortetraciclina  - J01AA03 | J01AA04, Limeciclina - J01AA04 | J01AA05, Metaciclina - J01AA05 | J01AA07, Tetraciclina conf. non sup. a 20 cp. | J01AA08, Minociclina | J01BA01, Cloramfenicolo | J01BA02, Tiamfenicolo | J01CA01, Ampicillina | J01CA04, Amoxicillina | J01CA06, Bacampicillina - J01CA06 | J01CA10, Mezlocillina - J01CA10 | J01CA12, Piperacillina | J01CE01, Benzilpenicillina potassica | J01CE08, Benzilpenicillina benzatinica | J01CF04, Oxacillina - J01CF04 | J01CF05, Flucloxacillina | J01CR, Acido clavulanico - J01CR | J01CR01, Ampicillina + sulbactam | J01CR02, Amoxicillina + acido clavulanico | J01CR03, Ticarcillina - J01CR03 + acido clavulanico | J01CR04, Acido clavulanico - J01CR + Amoxicillina J01CA04 | J01CR05, Piperacillina + Tazobactam | J01DA01, Cefalexina - J01DA01 | J01DA03, Cefalotina - J01DA03 | J01DA04, Cefazolina | J01DA05, Cefoxitina - J01DA05 | J01DA06, Cefuroxima - J01DA06 | J01DA07, Cefamandolo - J01DA07 | J01DA08, Cefaclor | J01DA09, Cefadroxill - J01DA09 | J01DA10, Cefotaxima | J01DA11, Ceftazidima | J01DA13, Ceftriaxone | J01DA14, Cefotetan | J01DA17, Cefonicid | J01DA21, Cefatrizina - J01DA21 | J01DA22, Ceftizoxima | J01DA23, Cefixima | J01DA24, Cefepime | J01DA25, Cefodizima - J01DA25 | J01DA31, Cefradina - J01DA31 | J01DA32, Cefoperazone | J01DA33, Cefpodoxima - J01DA33 | J01DA36, Ceftexolo - J01DA36 | J01DA39, Ceftibuten - J01DA39 | J01DA40, Cefmetazolo - J01DA40 | J01DA41, Cefprozil - J01DA41 | J01DB01, Cefalexina | J01DB03, Cefalotina | J01DB04, Cefazolina | J01DB05, Cefadroxil | J01DB07, Cefatrizina | J01DB09, Cefradina | J01DB12, Ceftezolo | J01DC01, Cefoxitina | J01DC02, Cefuroxima | J01DC03, Cefamandolo | J01DC04, Cefacloro | J01DC06, Cefonicid | J01DC09, Cefmetazolo | J01DC10, Cefprozil | J01DD01, Cefotaxima | J01DD02, Ceftazidima | J01DD04, Ceftriaxone | J01DD07, Ceftizoxima | J01DD08, Cefixima | J01DD09, Cefodizima | J01DD12, Cefoperazone | J01DD13, Cefpodoxima | J01DD14, Ceftibuten | J01DE01, Cefepime | J01DF01, Aztreonam | J01DH02, Meropenem | J01DH51, Imipenem + cilastatina | J01EC02, Sulfadiazina conf. non sup. a 20 cp. | J01EE01, Sulfametossazolo + trimetoprim | J01FA01, Eritromicina | J01FA02, Spiramicina | J01FA03, Midecamicina - J01FA03 | J01FA06, Roxitromicina - J01FA06 | J01FA07, Josamicina - J01FA07 | J01FA08, Troleandromicina - J01FA08 | J01FA09, Claritromicina | J01FA10, Azitromicina | J01FA11, Miocamicina - J01FA11 | J01FA12, Rokitamicina - J01FA12 | J01FA14, Fluritromicina - J01FA14 | J01FA15, Telitromicina | J01FF01, Clindamicina | J01FF02, Lincomicina | J01FG02, Quinupristin 150 mg + Dalfopristin  350 mg | J01GA01, Streptomicina solfato | J01GB01, Tobramicina | J01GB03, Gentamicina | J01GB06, Amikacina | J01GB07, Netilmicina | J01MA01, Ofloxacina - J01MA01 | J01MA02, Ciprofloxacina | J01MA03, Pefloxacina | J01MA04, Enoxacina - J01MA04 | J01MA06, Norfloxacina | J01MA07, Lomefloxacina - J01MA07 | J01MA10, Rufloxacina - J01MA10 | J01MA12, Levofloxacina | J01MA14, Moxifloxacina | J01MA17, Prulifloxacina | J01MB02, Acido nalidixico - J01MB02 | J01MB03, Acido piromidico - J01MB03 | J01MB04, Acido pipemidico - J01MB04 | J01MB06, Cinoxacina - J01MB06 | J01XA01, Vancomicina | J01XA02, Teicoplanina | J01XB01, Colistina  o colistimetato sodico | J01XD01, Metronidazolo | J01XE01, Nitrofurantoina - J01XE01 | J01XX01, Fosfomicina - J01XX01 | J01XX03, Clofoctolo - J01XX03 | J01XX04, Spectinomicina - J01XX04 | J01XX08, Linezolid | J02AA01, Amfotericina B | J02AB02, Ketoconazolo | J02AC, Voriconazolo | J02AC01, Fluconazolo | J02AC02, Itraconazolo | J02AX, Caspofungin  acetato | J02AX01, Flucitosina | J04AB02, Rifampicina | J04AB03, Rifamicina | J04AB04, Rifabutina | J04AC01, Isoniazide | J04AK01, Pirazinamide | J04AK02, Etambutolo | J04AM, Etambutolo/isoniazide/piridossina | J04AM02, Rifampicina/isoniazide | J04AM05, Isoniazide/pirazinamide/rifampicina | J05AB01, Aciclovir | J05AB04, Ribavirina | J05AB06, Ganciclovir | J05AB09, Famciclovir - J05AB09 | J05AB11, Valaciclovir - J05AB11 | J05AB12, Cidofovir | J05AB14, Valganciclovir | J05AB15, Brivudina | J05AD01, Foscarnet - J05AD01 | J05AF01, Zidovudina - J05AF01 | J05AF03, Zalcitabina - J05AF03 | J05AF05, Lamivudina | J05AH01, Zanamivir - J05AH01 | J05AX05, Inosina pranobex - J05AX05 | J06AA03, Siero contro il veleno di vipera | J06AA04, Antitossina botulinica | J06AA05, Siero contro la gangrena gassosa | J06BA02, Immunoglobuline umane ad alto titolo di IgM | J06BB01, Ig umana anti-D (Rh) | J06BB02, Ig umana tetanica | J06BB03, Ig umana antivaricella/Zoster | J06BB04, Ig umana dell' epatite B | J06BB05, Ig umana rabica | J06BB06, Ig umana rubeolica ( o antirosolia) | J06BB09, Ig umana citomegalovirica | J06BB13, Ig umana pertossica | J06BB14, Ig umana morbillica | J06BB15, Ig umana parotitica | J06BB16, Palivizumab | J07AH04, Vaccino meningococcico - J07AH04 | J07AM01, Vaccino tetanico - J07AM01 | J07AM51, Vaccino difterico + tetanico - J07AM51 | J07AN01, Vaccino tubercolosi - J07AN01 | J07AP01, Vaccino tifoideo - J07AP01 | J07AP03, Vaccino tifoideo polisaccaridico - J07AP03 | J07AX, Klebsprotina - J07AX | J07BB02, Vaccino influenza - J07BB02 | J07BC01, Vaccino epatite B - J07BC01 | J07BD5, Vaccino morbilloso-parotitico-antirosolia - J07BD5 | J07BF02, Vaccino poliomielitico os - J07BF02 | J07BF03, Vaccino poliomielitico im - J07BF03 | J07BG01, Vaccino rabico - J07BG01 | J07BJ01, Vaccino antirosolia - J07BJ01 | J07BK01, Vaccino varicelloso - J07BK01 | J4AA02, Sodio aminosalicilato - J4AA02 | L01AA01, Ciclofosfamide | L01AA02, Clorambucil - L01AA02 | L01AA03, Melfalan - L01AA03 | L01AB01, Busulfano - L01AB01 | L01AX02, Pipobromano | L01BA01, Metotrexato | L01BB02, Mercaptopurina - L01BB02 | L01BB03, Tioguanina | L01BB04, Cladribina - L01BB04 | L01BB05, Fludarabina Fosfato | L01BC02, Fluorouracile | L01BC03, Tegafur Uracile- L01BC03 | L01BC05, Gemcitabina | L01CA02, Vincristina | L01CA03, Vindesina | L01CA04, Vinorelbina | L01CB01, Etoposide | L01DB01, Doxorubicina | L01DB02, Daunorubicina - liposomiale | L01DB03, Epirubicina | L01DB06, Idarubicina - L01DB06 | L01DB07, Mitoxantrone - L01DB07 | L01DC01, Bleomicina | L01DC03, Mitomicina | L01XA01, Cisplatino soluz. Pronta | L01XA02, Carboplatino soluz. Pronta | L01XB01, Procarbazina - L01XB01 | L01XD02, Verteporfina | L01XX028, Imatinib mesilato | L01XX05, Idroxicarbamide ( o Idrossiurea) | L01XX07, Lonidamina - L01XX07 | L01XX09, Miltefosina | L01XX11, Estramustina | L01XX14, Tretinoina | L01XX19, Irinotecan | L02AA03, Etinilestradiolo | L02AB01, Megestrolo | L02AB02, Medrossiprogesterone | L02AE01, Buserelina | L02AE02, Leuprorelina | L02AE03, Goserelina | L02AE04, Triptorelina | L02BA01, Tamoxifene - L02BA01 | L02BA02, Toremifene | L02BB01, Flutamide | L02BB03, Bicalutamide | L02BG01, Aminoglutetimide - L02BG01 | L02BG03, Anastrozolo | L02BG04, Letrozolo | L02BG06, Exemestane | L03AA02, Filgrastim (G-CSF) | L03AA03, Molgramostim (Gm-CSF) | L03AA10, Lenogastrim  (RhuG-CSF) | L03AA13, Pegfilgrastim | L03AB01, Interferone alfa-naturale - (n 3 leucocitario) | L03AB02, Interferone beta naturale - L03AB02 | L03AB03, Interferone gamma 1b | L03AB04, Interferone alfa 2a - L03AB04 | L03AB05, Interferone alfa-2b - ricombinante | L03AB06, Interferone alfa n1 - L03AB06 | L03AB07, Interferone beta 1a - L03AB07 | L03AB08, Interferone beta 1b - L03AB08 | L03AB09, Interferone alfacon 1 - L03AB09 | L03AB10, Interferone alfa 2b - pegilato | L03AB11, Peginterferone alfa-2A | L03AX03, Bacillo di Calmette e Guerin  (BCG) | L03AX05, Pidotimod - L03AX05 | L03AX09, Timopentina - L03AX09 | L03AX13, Glatiramer | L04AA01, Ciclosporina - L04AA01 | L04AA05, Tacrolimus | L04AA06, Acido micofenolico - (micofenolato mofetile) | L04AA10, Sirolimus - L04AA10 | L04AA12, Infliximab | L04AA13, Leflunomide - L04AA13 | L04AA18, Everolimus | L04AX01, Azatioprina | M01AB, Amtolmetina guacile | M01AB01, Indometacina | M01AB02, Sulindac - M01AB02 | M01AB05, Diclofenac | M01AB08, Etodolac - M01AB08 | M01AB10, Fentiazac | M01AB11, Acemetacina - M01AB11 | M01AB14, Proglumetacina - M01AB14 | M01AB15, Ketorolac | M01AB16, Aceclofenac | M01AB55, Diclofenac/misoprostolo | M01AC, Cinnoxicam | M01AC01, Piroxicam | M01AC02, Tenoxicam - M01AC02 | M01AC05, Lornoxicam - M01AC05 | M01AC06, Meloxicam - M01AC06 | M01AC49, Cinnoxicam - M01AC49 | M01AE01, Ibuprofene | M01AE02, Naproxene | M01AE03, Ketoprofene | M01AE09, Flurbiprofene - M01AE09 | M01AE11, Acido tiaprofenico - M01AE11 | M01AE12, Oxaprozina - M01AE12 | M01AE14, Dexibuprofene | M01AE17, Dexkeprofene - M01AE17 | M01AG01, Acido mefenamico - M01AG01 | M01AG04, Acido meclofenamico - M01AG04 | M01AH01, Celecoxib | M01AH05, Etoricoxib | M01AX01, Nabumetone - M01AX01 | M01AX02, Acido niflumico - M01AX02 + Morniflumato M01AX22 | M01AX05, Glucosamina - M01AX05 | M01AX07, Benzidamina - M01AX07 | M01AX17, Nimesulide | M01AX21, Diacereina - M01AX21 | M01AX22, Morniflumato | M01AX49, Amtolmetina guacile - M01AX49 | M01CB02, Aurotiosolfato sodico | M01CB03, Auranofin - M01CB03 | M01CC, Penicillamina - M01CC | M01CC01, Penicillamina | M02AA10, Ketoprofene | M02AC, Escina + eparina + dietilamina salicilato | M03AB01, Suxametonio cloruro | M03AC01, Pancuronio   bromuro | M03AC04, Atracurio besilato | M03AC09, Rocuronio bromuro | M03AC11, Cisatracurio  besilato | M03BX01, Baclofene | M03BX02, Tizanidina - M03BX02 | M03BX03, Pridinolo - M03BX03 | M03BX05, Tiocolchicoside | M03BX08, Ciclobenzaprina - M03BX08 | M03CA01, Dantrolene | M04AA01, Allopurinolo | M04AB01, Probenecid | M04AC01, Colchicina | M04AX, Piperazina | M04AX49, Piperazina - M04AX49 | M05B, Acido alendronico/colecalciferolo | M05BA, Sodio neridronato | M05BA01, Acido etidronico - M05BA01 | M05BA02, Acido clodronico - M05BA02 | M05BA03, Acido pamidronico | M05BA04, Acido alendronico - M05BA04 | M05BA07, Acido risedronico - M05BA07 | M05BA08, Acido zoledronico | M05BX01, Ipriflavone - M05BX01 | M05BX03, Stronzio ranelato | M09AX01, Acido ialuronico | M09AX49, Galatturoglicano - M09AX49 | N01AB06, Isoflurano | N01AB07, Desflurano | N01AB08, Sevoflurano | N01AF03, Tiopentale sodico | N01AH01, Fentanile | N01AH02, Alfentanil | N01AH03, Sufentanil | N01AH06, Remifentanil | N01AH51, Fentanil + droperidolo | N01AX01, Droperidolo | N01AX03, Ketamina | N01AX10, Propofol | N01BB01, Bupivacaina | N01BB02, Lidocaina | N01BB03, Mepivacaina | N01BB09, Ropivacaina | N01BB20, Lidocaina + Prilocaina | N01BB51, Bupivacaina + adrenalina | N01BB53, Mepivacaina + Adrenalina | N02AA, Oxicodone/ paracetamolo | N02AA01, Morfina  solfato | N02AA05, Oxicodone | N02AA59, Paracetamolo/ codeina | N02AB02, Petidina | N02AB03, Fentanil - N02AB03 | N02AC02, Metadone  cloridrato 0,1% | N02AC04, Destropropoxifene - N02AC04 | N02AD01, Pentazocina | N02AE01, Buprenorfina cloridrato | N02AG01, Morfina cloridrato/atropina solfato | N02AX02, Tramadolo | N02BA01, Acido acetilsalicilico conf. non sup. a 20 cp. | N02BA11, Diflunisal - N02BA11 | N02BA14, Guacetisal - N02BA14 | N02BA16, Imidazolo - N02BA16 | N02BB02, Metamizolo sodico (noramidopirina metansulfonato sodico) | N02BE01, Paracetamolo | N02BE05, Propacetamolo | N02BE51, Paracetamolo + codeina | N02BG05, Viminolo - N02BG05 | N02BG06, Nefopam | N02CA01, Diidroergotamina - N02CA01 | N02CA02, Ergotamina - N02CA02 | N02CA52, Ergotamina/caffeina | N02CC01, Sumatriptan - N02CC01 | N02CC03, Zolmitriptan - N02CC03 | N02CC04, Rizatriptan - N02CC04 | N02CC05, Almotriptan idrogenomalato | N02CC06, Eletriptan bromidrato | N02CC07, Frovatriptan | N02CX01, Pizotifene - N02CX01 | N03AA, Fenobarbital/calcio lattato/manganese lattato | N03AA02, Fenobarbital | N03AA03, Primidone - N03AA03 | N03AA04, Barbexaclone - N03AA04 | N03AB02, Fenitoina (o  difenilidantoina) | N03AD01, Etosuccimide | N03AE01, Clonazepam | N03AF01, Carbamazepina | N03AF02, Oxcarbazepina | N03AG01, Sodio valproato/acido valproico | N03AG02, Valpromide | N03AG04, Vigabatrina - N03AG04 | N03AG06, Tiagabina | N03AG49, Buxamina - N03AG49 | N03AX09, Lamotrigina | N03AX10, Felbamato - N03AX10 | N03AX11, Topiramato | N03AX12, Gabapentina | N03AX14, Levetiracem - N03AX14 | N03AX16, Pregabalin | N03AX49, Magnesio solfato - 10% | N04AA01, Triesifenilide - N04AA01 | N04AA02, Biperidene | N04AA03, Metixene | N04AA11, Bornaprina | N04AB02, Orfenadrina | N04BA01, Levodopa - N04BA01 | N04BA02, Levodopa + benserazide | N04BA03, Levodopa/carbidopa/entacapone | N04BA04, Melevodopa | N04BA05, Melevodopa/Carbidopa | N04BB01, Amantadina - N04BB01 | N04BC, Lisuride | N04BC01, Bromocriptina | N04BC02, Pergolide - N04BC02 | N04BC03, Diidroergocriptina - N04BC03 | N04BC04, Ropinirolo - N04BC04 | N04BC05, Pramipexolo - N04BC05 | N04BC06, Cabergolina | N04BC07, Apomorfina | N04BC49, Lisuride - N04BC49 | N04BD01, Selegilina - N04BD01 | N04BX01, Tolcapone | N04BX02, Entacapone - N04BX02 | N05AA01, Clorpromazina | N05AA02, Levomepromazina | N05AA03, Promazina | N05AB01, Dixirazina - N05AB01 | N05AB02, Flufenazina  decanoas | N05AB03, Perfenazina (enantato) | N05AB06, Trifluoperazina | N05AC01, Periciazina - N05AC01 | N05AC02, Tioridazina | N05AD01, Aloperidolo | N05AD05, Pipamperone - N05AD05 | N05AD06, Bromperidolo - N05AD06 | N05AF05, Zuclopentixolo | N05AG02, Pimozide - N05AG02 | N05AH02, Clozapina | N05AH03, Olanzapina | N05AH04, Quetiapina | N05AL01, Sulpiride | N05AL03, Tiapride | N05AL05, Amisulpiride | N05AL06, Veralipride - N05AL06 | N05AL07, Levosulpiride | N05AL49, Levosulpiride | N05AN01, Litio carbonato conf. non sup. a 100 cp. | N05AX08, Risperidone | N05AX09, Clotiapina | N05AX12, Aripiprazolo | N05BA01, Diazepam | N05BA02, Clordiazepossido - N05BA02 | N05BA04, Oxazepam - N05BA04 | N05BA05, Clorazepato dipotassico - N05BA05 | N05BA06, Lorazepam | N05BA08, Bromazepam | N05BA09, Clobazam | N05BA10, Ketazolam - N05BA10 | N05BA11, Prazepam - N05BA11 | N05BA12, Alprazolam | N05BA14, Pinazepam - N05BA14 | N05BA19, Etizolam - N05BA19 | N05BA21, Clotiazepam - N05BA21 | N05BA49, Delorazepam | N05BB01, Idrossizina | N05BC01, Meprobamato - N05BC01 | N05BE01, Buspirone - N05BE01 | N05CD01, Flurazepam | N05CD02, Nitrazepam - N05CD02 | N05CD03, Flunitrazepam | N05CD04, Estazolam - N05CD04 | N05CD05, Triazolam | N05CD06, Lormetazepam - N05CD06 | N05CD07, Temazepam | N05CD08, Midazolam | N05CD09, Brotizolam | N05CD10, Quazepam - N05CD10 | N05CD49, No";NA
sp_drugs;NA;NA;NA;Non mappata;NA;NA;NA
drugs2;NA;NA;NA;Non mappata;NA;"9999999, Altro | C03AA03, Idroclorotiazide conf. non sup. a 30 cp. | C03BA04, Clortalidone | C03BA08, Metolazone - C03BA08 | C03BA11, Indapamide | C03BA13, Fenquizone - C03BA13 | C03CA01, Furosemide | C03CA03, Piretanide - C03CA03 | C03CA04, Torasemide | C03CC01, Acido etacrinico | C03DA01, Spironolattone | C03DA02, Potassio canreonato | C03DA03, Canrenone | C03DB02, Triamterene - C03DB02 + Furosemide | C03EA01, Idroclorotiazide + amiloride | C03EA14, Potassio canrenoato/butizide | C03EB01, Furosemide/spironolattone | C04AD02, Xantinolo Nicotinato - C04AD02 | C04AD03, Pentossifillina | C04AE02, Nicergolina - C04AE02 | C04AE04, Diidroergocristina - C04AE04 | C04AX07, Vincamina - C04AX07 | C04AX13, Piribedil - C04AX13 | C04AX20, Buflomedil - C04AX20 | C04AX21, Naftidrofurile - C04AX21 | C04AX49, Raubasina - C04AX49 | C05AA01, Idrocortisone + Lidocaina + Alluminio acetato basico + Zinco ossido | C05CA03, Diosmina - C05CA03 | C05CA04, Troxerutina - C05CA04 | C05CA49, Mirtillina - C05CA49 | C05CX, Escina | C07AA03, Pindololo - C07AA03 | C07AA05, Propranololo | C07AA06, Timololo - C07AA06 | C07AA07, Sotalolo | C07AA12, Nadololo - C07AA12 | C07AA49, Indenololo - C07AA49 | C07AB02, Metoprololo | C07AB03, Atenololo | C07AB04, Acebutololo - C07AB04 | C07AB05, Betaxololo - C07AB05 | C07AB07, Bisoprololo - C07AB07 | C07AB08, Celiprololo - C07AB08 | C07AB12, Nebivololo - C07AB12 | C07AG01, Labetalolo | C07AG02, Carvedilolo | C07BB07, Bisoprololo/Idroclorotiazide | C07CA02, Oxprenololo - C07CA02 + Clortalidone | C07CB02, Metoprololo/clortalidone | C07CB03, Atenololo/clortalidone | C08CA01, Amlodipina | C08CA02, Felodipina | C08CA03, Isradipina - C08CA03 | C08CA04, Nicardipina - C08CA04 | C08CA05, Nifedipina | C08CA06, Nimodipina | C08CA07, Nisoldipina - C08CA07 | C08CA08, Nitrendipina - C08CA08 | C08CA09, Lacidipina - C08CA09 | C08CA11, Manidipina - C08CA11 | C08CA12, Barnidipina | C08CA13, Lercanidipina - C08CA13 | C08DA01, Verapamil | C08DA02, Gallopamil - C08DA02 | C08DB01, Diltiazem | C09AA01, Captopril | C09AA02, Enalapril | C09AA03, Lisinopril | C09AA04, Perindopril | C09AA05, Ramipril | C09AA06, Quinapril - C09AA06 | C09AA07, Benazepril - C09AA07 | C09AA08, Cilazapril - C09AA08 | C09AA09, Fosinopril | C09AA10, Trandolapril - C09AA10 | C09AA11, Spirapril - C09AA11 | C09AA12, Delapril - C09AA12 | C09AA13, Moexipril - C09AA13 | C09AA15, Zofenopril - C09AA15 | C09BA01, Captopril/idroclorotiazide | C09BA02, Enalapril/idroclorotiazide | C09BA03, Lisinopril/idroclorotiazide | C09BA04, Perindopril erbumina/indapamide | C09BA05, Ramipril/idroclorotiazide | C09BA06, Quinapril/idroclorotiazide | C09BA07, Benazepril/idroclorotiazide | C09BA08, Cilazapril/Idroclorotiazide | C09BA09, Fosinopril/idroclorotiazide | C09BA12, Delapril/indapamide | C09BA13, Moexipril/idroclorotiazide | C09CA01, Losartan | C09CA02, Eprosartan - C09CA02 | C09CA03, Valsartan | C09CA04, Irbesartan - C09CA04 | C09CA06, Candesartan | C09CA07, Telmisartan - C09CA07 | C09CA08, Olmesartan medoxomil | C09DA01, Losartan potassico/idroclorotiazide | C09DA03, Valsartan/idroclorotiazide | C09DA04, Irbesartan/Idroclorotiazide | C09DA06, Candesartan cilexetil/idroclorotiazide | C09DA07, Telmisartan/idroclorotiazide | C10AA01, Simvastatina | C10AA02, Lovastatina | C10AA03, Pravastatina - C10AA03 | C10AA04, Fluvastatina - C10AA04 | C10AA05, Atorvastatina | C10AA07, Rosuvastatina | C10AB02, Bezafibrato - C10AB02 | C10AB04, Gemfibrozil - C10AB04 | C10AB05, Fenofibrato - C10AB05 | C10AC01, Colestiramina | C10AC03, Detastrano - C10AC03 | C10AD06, Acipimox - C10AD06 | C10AX04, Benfluorex - C10AX04 | C10AX05, Meglutolo - C10AX05 | B01AC11, Iloprost | B01AC13, Abciximab | B01AC16, Intrifiban o eptifibatide | B01AC17, Tirofiban | B01AC18, Triflusal - B01AC18 | B01AC49, Sulfinpirazone - B01AC49 | B01AD02, Alteplasi | B01AD04, Urochinasi | B01AX01, Defibrotide | B02AA01, Acido aminocaproico - B02AA01 | B02AA02, Acido tranexamico | B02AB03, C1-Inibitore (proteina del plasma umano antiangioedema) | B02AB49, Gabexato mesilato | B02BA01, Fitomenadione | B02BA49, Menadiolo - B02BA49 | B02BB01, Fibrinogeno umano liofilizzato | B02BC10, Fibrina colla - Fibrinogeno umano | B02BD, """"Complesso protrombinico umano"""": fattore II, fattore IX, fattore X di coagulazione in associazione | B02BD02, Fattore VIII di coagulazione - da biotecnologia | B02BD03, Complesso protrombinico antiemofilico umano attivato | B02BD04, Fattore IX di coagulazione - da sangue umano liofilizzato | B02BD05, Fattore VII di coagulazione - da sangue umano liofilizzato | B02BD08, Fattore VII di coagulazione da DNA ricombinante | B02BD09, Nonacog alfa (fattore IX di coagulazione, ricombinante) | B02BX01, Etamsilato - B02BX01 | B02BX02, Carbazocromo - B02BX02 | B03A, Ferro - B03A | B03AA03, Ferroso gluconato | B03AA07, Ferroso solfato | B03AB, Ferromaltoso | B03AB49, Ferrigluconato sodico | B03AC, Ferromaltoso | B03AC49, Ferrimaltoso | B03BA01, Cianocobalamina - B03BA01 | B03BA03, Idrossicobalamina | B03BB01, Acido folico | B03XA01, Epoetina a | B03XA02, Darbepoetina | B05AA01, Albumina umana soluzione 20% | B05AA02, Plasma fresco congelato virus inattivato | B05AA06, Poligelina | B05AA07, Etamido o poli ( 0-2-idrossietil ) amido | B05BA01, Aminoacidi | B05BA02, Olio di soia/lecitina d'uovo | B05BA03, Glucosio (destrosio) | B05BA04, Proteina idrolisata | B05BA10, Miscele binarie per NPT:                                                                                                                         Aminoacidi + glucosio  (+ elettroliti) | B05BB01, Sodio cloruro | B05BB02, Glucosio (destrosio)/sodio cloruro/potassio acetato/magnesio acetato | B05BB03, Trometamolo | B05BC01, Mannitolo | B05CB10, Macrogol 4.000 + sali minerali | B05XA06, Magnesio solfato - 10% | B05XA07, Calcio cloruro | B05XA30, Oligoelementi multipli: Cromo cloruro + rame cloruro + ferrico cloruro + manganese cloruro + potassio ioduro + sodio molibdato + sodio selenito + zinco cloruro | B05XB02, Alaglumina o alanilglutamina - 20% | B05XC, Complesso di vitamine idrosolubili | B06AA11, Bromelaina - B06AA11 | B06AA49, Serrapepatsi | C01AA05, Digossina | C01AA08, Metildigossina | C01AC49, Strofantina K | C01BA, Diidrochinidina | C01BA01, Chinidina | C01BA03, Disopiramide | C01BA49, Diidrochinidina - C01BA49 | C01BB02, Mexiletina | C01BC03, Propafenone | C01BC04, Flecainide | C01BD01, Amiodarone | C01CA01, Etilefrina - C01CA01 | C01CA02, Isoproterenolo | C01CA03, Noradrenalina   bitartrato conf. non sup. a 10 fiale | C01CA04, Dopamina | C01CA07, Dobutamina | C01CA08, Sinefrina (o oxedrina tartrato) | C01CA16, Ibopamina | C01CA17, Midodrina | C01CA24, Adrenalina (epinefrina) | C01CX08, Levosimendan | C01DA02, Nitroglicerina | C01DA05, Pentaeritritile tetranitrato - C01DA05 | C01DA08, Isosorbide dinitrato | C01DA14, Isosorbide mononitrato | C01DA38, Tenitramina | C01DX08, Eptaminolo - C01DX08 | C01DX11, Trapidil - C01DX11 | C01EA01, Alprostadil | C01EB07, Levulosio 1,6 difosfato | C01EB09, Ubidecarenone - C01EB09 | C01EB10, Adenosina | C01EB15, Trimetazidina - C01EB15 | C02AB01, Metildopa | C02AC01, Clonidina | C02AC05, Moxonidina | C02CA, Terazosina | C02CA04, Doxazosina | C02CA06, Urapidil | C02CA49, Terazosina | C02DA01, Diazossido | C02DB04, Cadralazina - C02DB04 | C02DC01, Minoxidil - C02DC01 | C02DD01, Nitroprussiato di sodio o nitroprussido | C02KA49, Diidroergotossina - C02KA49 | C02KD01, Ketanserina - C02KD01 | C02LA01, Reserpina - C02LA01 + clortalidone | A01AB09, Miconazolo | A01AD02, Benzidamina | A02AA04, Magnesio Idrossido - A02AA04 | A02AB02, Algedrato | A02AB03, Alluminio fosfato colloidale - A02AB03 | A02AD01, Magnesio idrossido + alluminio idrossido | A02AD02, Magaldrato anidro - A02AD02 | A02BA01, Cimetidina - A02BA01 | A02BA02, Ranitidina | A02BA03, Famotidina - A02BA03 | A02BA04, Nizatidina | A02BA06, Roxatidina - A02BA06 | A02BB01, Misoprostolo - A02BB01 | A02BC01, Omeprazolo | A02BC02, Pantoprazolo | A02BC03, Lansoprazolo - A02BC03 | A02BC04, Rabeprazolo - A02BC04 | A02BC05, Esomeprazolo | A02BCO3, Lansoprazolo | A02BX02, Sucralfato | A02BX03, Pirenzepina - A02BX03 | A02BX05, Biskalammonio | A02BX06, Proglumide - A02BX06 | A02BX08, Sulglicotide - A02BX08 | A02BX13, Acido alginico - A02BX13 + Algedrato A02AB02 | A02DA01, Dimeticone | A03AA, Pipetanato etobromuro | A03AA04, Mebeverina - A03AA04 | A03AA05, Trimebutina | A03AA06, Rociverina | A03AA49, Pipetanato etobromuro- A03AA49 | A03AB06, Otilonio bromuro - A03AB06 | A03AB18, Prifinio bromuro - A03AB18 | A03AC05, Tiropramide - A03AC05 | A03AD01, Papaverina | A03AX04, Pinaverio - A03AX04 | A03AX07, Proxazolo - A03AX07 | A03AX12, Floroglucinolo - A03AX12 | A03AX13, Simeticone- A03AX13 | A03AX49, Fluoroglucinolo | A03BA01, Atropina solfato | A03BB01, Butilscopolamina bromuro | A03BB05, Cimetropio bromuro | A03CA02, Clidinio bromuro - A03CA02 + clordiazepossido | A03CA34, Propantelina bromuro - A03CA34 + Bromazepam | A03CB49, Octatropina metilbromuro - A03CB49 + Diazepam | A03FA, Levosulpiride | A03FA01, Metoclopramide | A03FA03, Domperidone | A03FA04, Bromopride - A03FA04 | A03FA05, Alizapride | A03FA06, Clebopride - A03FA06 | A03FA49, Levosulpiride | A04AA01, Ondansetron | A04AA02, Granisetron | A04AA03, Tropisetron | A04AA04, Dolasetron | A04AD01, Scopolamina - A04AD01 | A04AD49, Dimenidrinato - A04AD49 | A05AA, Acido chenoursodesossicolico | A05AA02, Acido ursodesossicolico | A05AA49, Acido chenursodesossicolico - A05AA49 | A05AX02, Imecromone - A05AX02 | A05BA03, Silimarina - A05BA03 | A05BA06, Ornitina ossoglurato - A05BA06 | A05BA49, Cogalattoisomerasi - A05BA49 | A05BA99, Arginina - A05BA99 | A06AB02, Bisacodil - A06AB02 | A06AB06, Glicosidi della Senna | A06AB07, Cascara - A06AB07 | A06AC08, Policarbofil - A06AC08 | A06AD11, Lattulosio | A06AD12, Lattitolo - A06AD12 | A07AA02, Nistatina | A07AA06, Paronomicina | A07AA07, Amfotericina B | A07AA09, Vancomicina - A07AA09 | A07AA10, Colistina - A07AA10 | A07AA11, Rifaximina | A07AA51, Bacitracina + neomicina | A07AC01, Miconazolo - A07AC01 -J02AB01 | A07AX03, Nifuroxazide - A07AX03 | A07BA01, Carbone - A07BA01 | A07BC05, Diosmectide - A07BC05 | A07BC54, Attapulgite - A07BC54 + Algedrato A02AB02 | A07DA03, Loperamide | A07EA02, Idrocortisone | A07EA06, Budesonide | A07EA07, Beclometasone | A07EB01, Acido cromoglicico - A07EB01 | A07EC, Paraminosalicilato | A07EC01, Sulfasalazina - A07EC01 | A07EC02, Mesalazina | A07EC03, Olsalazina - A07EC03 | A07EC04, Balsalazide - A07EC04 | A07FA01, Fermenti lattici | A07FA49, Vaccino subtilico o bacillus subtilis | A08AA10, Sibutramina - A08AA10 | A08AB01, Orlistat - A08AB01 | A09AA02, Pancrelipasi | A09AA04, Tilattasi - A09AA04 | A09AA49, Lisozima - A09AA49 | A09AB02, Betaina - A09AB02 | A10A, Insulina A553- A10A | A10AB01, Insulina umana | A10AB04, Insulina lispro | A10AB05, Insulina aspart | A10AB06, Insulina glulisina | A10AC01, Insulina umana isofano | A10AD01, Insulina umana + insulina umana isofano | A10AD04, Insulina lispro da DNA ricombinante | A10AD05, Insulina aspart | A10AE01, Insulina-zinco umana HM  sospensione cristallina | A10AE04, Insulina glargine | A10BA02, Metformina | A10BB, Gliciclamide | A10BB01, Glibenclamide | A10BB02, Clorpropamide - A10BB02 | A10BB07, Glipizide - A10BB07 | A10BB08, Gliquidone - A10BB08 | A10BB09, Gliclazide | A10BB12, Glimepiride - A10BB12 | A10BB49, Glisolamide - A10BB49 | A10BD01, Fenformina +  Glibenclamide | A10BD02, Metformina + Clorpropamide | A10BD03, Rosiglitazone/metformina | A10BF01, Acarbosio - A10BF01 | A10BG02, Rosiglitazone maleato | A10BG03, Pioglitazone | A10BX02, Repaglinide - A10BX02 | A11BA, Complesso polivitaminico, contenente almeno: tiamina - riboflavina - piridossina - ac. ascorbico - retinolo - alfatocoferolo - nicotinamide. | A11C, Alfacalcidolo - A11C | A11CA01, Retinolo - A11CA01 | A11CB, Retinolo + colecalciferolo | A11CC01, Ergocalciferolo | A11CC02, Diidrotachisterolo | A11CC03, Alfacalcidolo | A11CC04, Calcitriolo | A11CC05, Colecalciferolo - A11CC05 | A11CC06, Calcifediolo | A11DA, Tiamina - A11DA | A11DB, Vitamina B1 + vitamina B6  + vitamina B12 | A11EB, Complesso vitaminico B+ vitam.C senza vitamina D | A11GA01, Acido ascorbico  (vitamina C) | A11HA02, Piridossina (vit. B6) | A11HA03, Tocoferolo acetato, alfa | A11HA30, Dexpantenolo | A12AA03, Calcio gluconato - 10% | A12AA04, Calcio Carbonato | A12AA07, Calcio cloruro - 10% | A12AA20, Calcio lattogluconato + calcio carbonato | A12AX, Calcio carbonato/colecalciferolo | A12BA01, Potassio cloruro | A13A, Arginina | A14AB01, Nandrolone - A14AB01 | A16AA01, L- Propionil carnitina | A16AB02, Imuglucerasi | A16AX03, Sodiofenilbutirrato | B01AA03, Warfarin | B01AA07, Acenocumarolo | B01AB01, Eparina calcica | B01AB02, Antitrombina III | B01AB04, Dalteperina - B01AB04 | B01AB05, Enoxaparina sodica | B01AB06, Nadroparina calcica | B01AB07, Parnaparina sodica | B01AB08, Reviparina sodica | B01AB11, Sulodexide - B01AB11 | B01AB12, Bemiparina | B01AB49, Eparan solfato - B01AB49 | B01AC02, Cloricromene - B01AC02 | B01AC03, Picotamide - B01AC03 | B01AC04, Clopidogrel | B01AC05, Ticlopidina | B01AC06, Acido acetilsalicilico | B01AC07, Dipiridamolo - B01AC07 | B01AC09, Epoprostenolo | B01AC10, Indobufene | C10AX06, Omega polienoici (esteri etilici di acidi grassi polinsaturi) | C10AX49, Fosfatidilcolina | C10BA02, Simvastatina/Ezetimibe | D01AC01, Clotrimazolo | D01AC02, Miconazolo | D01AC03, Econazolo | D01AC08, Ketoconazolo | D01BA01, Griseofulvina - D01BA01 | D01BA02, Terbinafina - D01BA02 | D03AX05, Acido ialuronico (sale sodico) | D03AX49, Triticum volgare estratto acquoso +  fenossetolo | D03BA52, Collagenasi + cloramfenicolo | D04AA49, Desclorfeniramina | D04AB04, Benzocaina + alcol benzilico + cloroxilenolo | D05AX02, Calcipotriolo | D05AX03, Calcitriolo | D05AX04, Tacalcitolo | D05AX05, Tazarotene | D05BA02, Metoxsalene - D05BA02 | D05BB02, Acitretina - D05BB02 | D06AA02, Clortetraciclina cloridrato | D06AX02, Cloramfenicolo | D06AX07, Gentamicina | D06BA01, Sulfadiazina argentica | D06BA51, Sulfadiazina argentica + acido ialuronico(sale sodico) | D06BB03, Aciclovyr | D06BB10, Imiquimod | D07AB01, Clobetasone | D07AB02, Idrocortisone butirrato | D07AB04, Fluocortin | D07AB09, Triamcinolone | D07AB10, Alclometasone | D07AB19, Desametasone | D07AC01, Betametasone | D07AC03, Desossimetasone | D07AC04, Fluocinolone acetonide | D07AC05, Fluocortolone pivalato/fluocortolone caproato | D07AC06, Diflucortolone | D07AC08, Fluocinonide | D07AC09, Budesonide | D07AC13, Mometasone | D07AC14, Metilprednisolone aceponato | D07AC15, Beclometasone | D07AC17, Fluticasone | D07AC18, Prednicarbato | D07AD01, Clobetasolo | D07AD02, Alcinonide | D07XC01, Betametasone + Acido salicilico | D08AE03, Fenolo/glicerolo | D10AD01, Tretinoina - D10AD01 - L01XX14 | D10BA01, Isotretinoina - D10BA01 | G01AA09, Mepartricina - G01AA09 | G01AA49, Meclociclina | G01AA99, Tirotricina  + nitrofural | G01AF01, Metronidazolo | G01AF02, Clotrimazolo - G01AF02 | G01AF05, Econazolo | G01AF06, Econazolo - G01AF06 | G01AF07, Econazolo - G01AF07 | G01AF08, Econazolo - G01AF08 | G01AF09, Econazolo - G01AF09 | G01AF10, Econazolo - G01AF10 | G01AF11, Econazolo - G01AF11 | G01AF12, Econazolo - G01AF12 | G01AF13, Econazolo - G01AF13 | G01AF14, Econazolo - G01AF14 | G01AF49, Sertaconazolo - G01AF49 | G01AX03, Policresulene - G01AX03 | G01AX05, Nifuratel  - G01AX05 | G01AX11, Povidone-iodio - G01AX11 | G01AX12, Ciclopirox - G01AX12 | G02AB01, Metilergometrina | G02AD02, Dinoprostone | G02AD03, Gemeprost | G02AD05, Sulprostone | G02CA01, Ritodrina | G02CA49, Isoxuprina | G02CB01, Bromocriptina - G02CB01 | G02CB03, Cabergolina | G02CB05, Metergolina | G02CX01, Atosiban | G03AA07, Etinilestradiolo/levonorgestrel | G03AA09, Desogestrel + etinilestradiolo | G03AA10, Gestodene + etinilestradiolo | G03AB03, Etinilestradiolo/levonorgestrel | G03AB06, Gestodene + etinilestradiolo | G03AC03, Levonorgestrel - (dispositivo intrauterino) | G03AC09, Desogestrel - G03AC09 | G03BA03, Testosterone - G03BA03 | G03BB01, Mesterolone - G03BB01 | G03CA01, Etinilestradiolo | G03CA03, Estradiolo - G03CA03 | G03CA04, Estriolo - G03CA04 | G03CA09, Promestriene | G03CA57, Estrogeni coniugati | G03DA02, Medrossiprogesterone - G03DA02 | G03DA03, Idrossiprogesterone - G03DA03 | G03DA04, Progesterone | G03DB01, Didrogesterone - G03DB01 | G03DB03, Medrogestone - G03DB03 | G03DB04, Nomegestrolo - G03DB04 | G03DC02, Noretisterone - G03DC02 | G03DC05, Tibolone - G03DC05 | G03FA01, Estradiolo emiidrato/noretisterone | G03FB, Estradiolo/nomegestrolo | G03FB05, Estradiolo/noretisterone | G03FB08, Estradiolo/didrogesterone | G03FB09, Estradiolo emiidrato/levonorgestrel | G03FB11, Estradiolo emiidrato/trimegestone | G03GA01, Gonadotropina corionica - G03GA01 | G03GA02, Menotropina  (hFSH + hLH) | G03GA04, Urofollitropina  (hFSH + hLH) | G03GA05, Follitropina a- ricombinante | G03GA06, Follitropina b- ricombinante | G03GA07, Lutropina alfa - G03GA07 | G03GB01, Ciclofenil - G03GB01 | G03GB02, Clomifene citrato - G03GB02 | G03HA01, Ciproterone acetato - G03HA01 | G03HB01, Ciproterone/etinilestradiolo | G03XA01, Danazolo - G03XA01 | G03XA02, Gestrinone - G03XA02 | G03XC01, Raloxifene | G04AB03, Acido pipemidico | G04AG49, Fosfomicina | G04BD02, Flavoxato - G04BD02 | G04BD04, Oxibutinina - G04BD04 | G04BD07, Tolterodina - G04BD07 | G04BE01, Alprostadil | G04BX49, Lidocaina cloridrato | G04CA, Doxazosin | G04CA01, Alfuzosina | G04CA02, Tamsulosin | G04CA03, Terazosina | G04CB01, Finasteride | G04CB02, Dutasteride | H01AA02, Tetracosactide | H01AC01, Somatropina - DNA ricomb. da cellule di mammifero   - liofilizzato | H01BA02, Desmopressina | H01BA04, Terlipressina acetato idrato | H01BB01, Demoxitocina | H01BB02, Ossitocina | H01CA01, Gonadorelina - H01CA01 | H01CB01, Somatostatina | H01CB02, Octreotide | H01CB03, Lanreotide - H01CB03 | H01CC01, Ganirelix - H01CC01 | H01CC02, Cetrorelix - H01CC02 | H02AA03, Desossicortone - H02AA03 | H02AB01, Betametasone | H02AB02, Desametasone | H02AB03, Fluocortolone - H02AB03 | H02AB04, Metilprednisolone / lidocaina | H02AB06, Prednisolone - H02AB06 | H02AB07, Prednisone | H02AB08, Triamcinolone - H02AB08 | H02AB09, Idrocortisone | H02AB10, Cortisone | H02AB13, Deflazacort | H03AA01, Levotiroxina sodica | H03AA02, Liotironina sodica - H03AA02 | H03BB02, Tiamazolo | H03BC01, Potassio perclorato - H03BC01 | H04AA01, Glucagone | H05AA02, Teriparatide | H05B01, Calcitonina - H05B01 | H05B04, Elcatonina - H05B04 | H05BA01, Calcitonina (sintetica di salmone) | J01AA02, Doxiciclina | J01AA03, Clortetraciclina  - J01AA03 | J01AA04, Limeciclina - J01AA04 | J01AA05, Metaciclina - J01AA05 | J01AA07, Tetraciclina conf. non sup. a 20 cp. | J01AA08, Minociclina | J01BA01, Cloramfenicolo | J01BA02, Tiamfenicolo | J01CA01, Ampicillina | J01CA04, Amoxicillina | J01CA06, Bacampicillina - J01CA06 | J01CA10, Mezlocillina - J01CA10 | J01CA12, Piperacillina | J01CE01, Benzilpenicillina potassica | J01CE08, Benzilpenicillina benzatinica | J01CF04, Oxacillina - J01CF04 | J01CF05, Flucloxacillina | J01CR, Acido clavulanico - J01CR | J01CR01, Ampicillina + sulbactam | J01CR02, Amoxicillina + acido clavulanico | J01CR03, Ticarcillina - J01CR03 + acido clavulanico | J01CR04, Acido clavulanico - J01CR + Amoxicillina J01CA04 | J01CR05, Piperacillina + Tazobactam | J01DA01, Cefalexina - J01DA01 | J01DA03, Cefalotina - J01DA03 | J01DA04, Cefazolina | J01DA05, Cefoxitina - J01DA05 | J01DA06, Cefuroxima - J01DA06 | J01DA07, Cefamandolo - J01DA07 | J01DA08, Cefaclor | J01DA09, Cefadroxill - J01DA09 | J01DA10, Cefotaxima | J01DA11, Ceftazidima | J01DA13, Ceftriaxone | J01DA14, Cefotetan | J01DA17, Cefonicid | J01DA21, Cefatrizina - J01DA21 | J01DA22, Ceftizoxima | J01DA23, Cefixima | J01DA24, Cefepime | J01DA25, Cefodizima - J01DA25 | J01DA31, Cefradina - J01DA31 | J01DA32, Cefoperazone | J01DA33, Cefpodoxima - J01DA33 | J01DA36, Ceftexolo - J01DA36 | J01DA39, Ceftibuten - J01DA39 | J01DA40, Cefmetazolo - J01DA40 | J01DA41, Cefprozil - J01DA41 | J01DB01, Cefalexina | J01DB03, Cefalotina | J01DB04, Cefazolina | J01DB05, Cefadroxil | J01DB07, Cefatrizina | J01DB09, Cefradina | J01DB12, Ceftezolo | J01DC01, Cefoxitina | J01DC02, Cefuroxima | J01DC03, Cefamandolo | J01DC04, Cefacloro | J01DC06, Cefonicid | J01DC09, Cefmetazolo | J01DC10, Cefprozil | J01DD01, Cefotaxima | J01DD02, Ceftazidima | J01DD04, Ceftriaxone | J01DD07, Ceftizoxima | J01DD08, Cefixima | J01DD09, Cefodizima | J01DD12, Cefoperazone | J01DD13, Cefpodoxima | J01DD14, Ceftibuten | J01DE01, Cefepime | J01DF01, Aztreonam | J01DH02, Meropenem | J01DH51, Imipenem + cilastatina | J01EC02, Sulfadiazina conf. non sup. a 20 cp. | J01EE01, Sulfametossazolo + trimetoprim | J01FA01, Eritromicina | J01FA02, Spiramicina | J01FA03, Midecamicina - J01FA03 | J01FA06, Roxitromicina - J01FA06 | J01FA07, Josamicina - J01FA07 | J01FA08, Troleandromicina - J01FA08 | J01FA09, Claritromicina | J01FA10, Azitromicina | J01FA11, Miocamicina - J01FA11 | J01FA12, Rokitamicina - J01FA12 | J01FA14, Fluritromicina - J01FA14 | J01FA15, Telitromicina | J01FF01, Clindamicina | J01FF02, Lincomicina | J01FG02, Quinupristin 150 mg + Dalfopristin  350 mg | J01GA01, Streptomicina solfato | J01GB01, Tobramicina | J01GB03, Gentamicina | J01GB06, Amikacina | J01GB07, Netilmicina | J01MA01, Ofloxacina - J01MA01 | J01MA02, Ciprofloxacina | J01MA03, Pefloxacina | J01MA04, Enoxacina - J01MA04 | J01MA06, Norfloxacina | J01MA07, Lomefloxacina - J01MA07 | J01MA10, Rufloxacina - J01MA10 | J01MA12, Levofloxacina | J01MA14, Moxifloxacina | J01MA17, Prulifloxacina | J01MB02, Acido nalidixico - J01MB02 | J01MB03, Acido piromidico - J01MB03 | J01MB04, Acido pipemidico - J01MB04 | J01MB06, Cinoxacina - J01MB06 | J01XA01, Vancomicina | J01XA02, Teicoplanina | J01XB01, Colistina  o colistimetato sodico | J01XD01, Metronidazolo | J01XE01, Nitrofurantoina - J01XE01 | J01XX01, Fosfomicina - J01XX01 | J01XX03, Clofoctolo - J01XX03 | J01XX04, Spectinomicina - J01XX04 | J01XX08, Linezolid | J02AA01, Amfotericina B | J02AB02, Ketoconazolo | J02AC, Voriconazolo | J02AC01, Fluconazolo | J02AC02, Itraconazolo | J02AX, Caspofungin  acetato | J02AX01, Flucitosina | J04AB02, Rifampicina | J04AB03, Rifamicina | J04AB04, Rifabutina | J04AC01, Isoniazide | J04AK01, Pirazinamide | J04AK02, Etambutolo | J04AM, Etambutolo/isoniazide/piridossina | J04AM02, Rifampicina/isoniazide | J04AM05, Isoniazide/pirazinamide/rifampicina | J05AB01, Aciclovir | J05AB04, Ribavirina | J05AB06, Ganciclovir | J05AB09, Famciclovir - J05AB09 | J05AB11, Valaciclovir - J05AB11 | J05AB12, Cidofovir | J05AB14, Valganciclovir | J05AB15, Brivudina | J05AD01, Foscarnet - J05AD01 | J05AF01, Zidovudina - J05AF01 | J05AF03, Zalcitabina - J05AF03 | J05AF05, Lamivudina | J05AH01, Zanamivir - J05AH01 | J05AX05, Inosina pranobex - J05AX05 | J06AA03, Siero contro il veleno di vipera | J06AA04, Antitossina botulinica | J06AA05, Siero contro la gangrena gassosa | J06BA02, Immunoglobuline umane ad alto titolo di IgM | J06BB01, Ig umana anti-D (Rh) | J06BB02, Ig umana tetanica | J06BB03, Ig umana antivaricella/Zoster | J06BB04, Ig umana dell' epatite B | J06BB05, Ig umana rabica | J06BB06, Ig umana rubeolica ( o antirosolia) | J06BB09, Ig umana citomegalovirica | J06BB13, Ig umana pertossica | J06BB14, Ig umana morbillica | J06BB15, Ig umana parotitica | J06BB16, Palivizumab | J07AH04, Vaccino meningococcico - J07AH04 | J07AM01, Vaccino tetanico - J07AM01 | J07AM51, Vaccino difterico + tetanico - J07AM51 | J07AN01, Vaccino tubercolosi - J07AN01 | J07AP01, Vaccino tifoideo - J07AP01 | J07AP03, Vaccino tifoideo polisaccaridico - J07AP03 | J07AX, Klebsprotina - J07AX | J07BB02, Vaccino influenza - J07BB02 | J07BC01, Vaccino epatite B - J07BC01 | J07BD5, Vaccino morbilloso-parotitico-antirosolia - J07BD5 | J07BF02, Vaccino poliomielitico os - J07BF02 | J07BF03, Vaccino poliomielitico im - J07BF03 | J07BG01, Vaccino rabico - J07BG01 | J07BJ01, Vaccino antirosolia - J07BJ01 | J07BK01, Vaccino varicelloso - J07BK01 | J4AA02, Sodio aminosalicilato - J4AA02 | L01AA01, Ciclofosfamide | L01AA02, Clorambucil - L01AA02 | L01AA03, Melfalan - L01AA03 | L01AB01, Busulfano - L01AB01 | L01AX02, Pipobromano | L01BA01, Metotrexato | L01BB02, Mercaptopurina - L01BB02 | L01BB03, Tioguanina | L01BB04, Cladribina - L01BB04 | L01BB05, Fludarabina Fosfato | L01BC02, Fluorouracile | L01BC03, Tegafur Uracile- L01BC03 | L01BC05, Gemcitabina | L01CA02, Vincristina | L01CA03, Vindesina | L01CA04, Vinorelbina | L01CB01, Etoposide | L01DB01, Doxorubicina | L01DB02, Daunorubicina - liposomiale | L01DB03, Epirubicina | L01DB06, Idarubicina - L01DB06 | L01DB07, Mitoxantrone - L01DB07 | L01DC01, Bleomicina | L01DC03, Mitomicina | L01XA01, Cisplatino soluz. Pronta | L01XA02, Carboplatino soluz. Pronta | L01XB01, Procarbazina - L01XB01 | L01XD02, Verteporfina | L01XX028, Imatinib mesilato | L01XX05, Idroxicarbamide ( o Idrossiurea) | L01XX07, Lonidamina - L01XX07 | L01XX09, Miltefosina | L01XX11, Estramustina | L01XX14, Tretinoina | L01XX19, Irinotecan | L02AA03, Etinilestradiolo | L02AB01, Megestrolo | L02AB02, Medrossiprogesterone | L02AE01, Buserelina | L02AE02, Leuprorelina | L02AE03, Goserelina | L02AE04, Triptorelina | L02BA01, Tamoxifene - L02BA01 | L02BA02, Toremifene | L02BB01, Flutamide | L02BB03, Bicalutamide | L02BG01, Aminoglutetimide - L02BG01 | L02BG03, Anastrozolo | L02BG04, Letrozolo | L02BG06, Exemestane | L03AA02, Filgrastim (G-CSF) | L03AA03, Molgramostim (Gm-CSF) | L03AA10, Lenogastrim  (RhuG-CSF) | L03AA13, Pegfilgrastim | L03AB01, Interferone alfa-naturale - (n 3 leucocitario) | L03AB02, Interferone beta naturale - L03AB02 | L03AB03, Interferone gamma 1b | L03AB04, Interferone alfa 2a - L03AB04 | L03AB05, Interferone alfa-2b - ricombinante | L03AB06, Interferone alfa n1 - L03AB06 | L03AB07, Interferone beta 1a - L03AB07 | L03AB08, Interferone beta 1b - L03AB08 | L03AB09, Interferone alfacon 1 - L03AB09 | L03AB10, Interferone alfa 2b - pegilato | L03AB11, Peginterferone alfa-2A | L03AX03, Bacillo di Calmette e Guerin  (BCG) | L03AX05, Pidotimod - L03AX05 | L03AX09, Timopentina - L03AX09 | L03AX13, Glatiramer | L04AA01, Ciclosporina - L04AA01 | L04AA05, Tacrolimus | L04AA06, Acido micofenolico - (micofenolato mofetile) | L04AA10, Sirolimus - L04AA10 | L04AA12, Infliximab | L04AA13, Leflunomide - L04AA13 | L04AA18, Everolimus | L04AX01, Azatioprina | M01AB, Amtolmetina guacile | M01AB01, Indometacina | M01AB02, Sulindac - M01AB02 | M01AB05, Diclofenac | M01AB08, Etodolac - M01AB08 | M01AB10, Fentiazac | M01AB11, Acemetacina - M01AB11 | M01AB14, Proglumetacina - M01AB14 | M01AB15, Ketorolac | M01AB16, Aceclofenac | M01AB55, Diclofenac/misoprostolo | M01AC, Cinnoxicam | M01AC01, Piroxicam | M01AC02, Tenoxicam - M01AC02 | M01AC05, Lornoxicam - M01AC05 | M01AC06, Meloxicam - M01AC06 | M01AC49, Cinnoxicam - M01AC49 | M01AE01, Ibuprofene | M01AE02, Naproxene | M01AE03, Ketoprofene | M01AE09, Flurbiprofene - M01AE09 | M01AE11, Acido tiaprofenico - M01AE11 | M01AE12, Oxaprozina - M01AE12 | M01AE14, Dexibuprofene | M01AE17, Dexkeprofene - M01AE17 | M01AG01, Acido mefenamico - M01AG01 | M01AG04, Acido meclofenamico - M01AG04 | M01AH01, Celecoxib | M01AH05, Etoricoxib | M01AX01, Nabumetone - M01AX01 | M01AX02, Acido niflumico - M01AX02 + Morniflumato M01AX22 | M01AX05, Glucosamina - M01AX05 | M01AX07, Benzidamina - M01AX07 | M01AX17, Nimesulide | M01AX21, Diacereina - M01AX21 | M01AX22, Morniflumato | M01AX49, Amtolmetina guacile - M01AX49 | M01CB02, Aurotiosolfato sodico | M01CB03, Auranofin - M01CB03 | M01CC, Penicillamina - M01CC | M01CC01, Penicillamina | M02AA10, Ketoprofene | M02AC, Escina + eparina + dietilamina salicilato | M03AB01, Suxametonio cloruro | M03AC01, Pancuronio   bromuro | M03AC04, Atracurio besilato | M03AC09, Rocuronio bromuro | M03AC11, Cisatracurio  besilato | M03BX01, Baclofene | M03BX02, Tizanidina - M03BX02 | M03BX03, Pridinolo - M03BX03 | M03BX05, Tiocolchicoside | M03BX08, Ciclobenzaprina - M03BX08 | M03CA01, Dantrolene | M04AA01, Allopurinolo | M04AB01, Probenecid | M04AC01, Colchicina | M04AX, Piperazina | M04AX49, Piperazina - M04AX49 | M05B, Acido alendronico/colecalciferolo | M05BA, Sodio neridronato | M05BA01, Acido etidronico - M05BA01 | M05BA02, Acido clodronico - M05BA02 | M05BA03, Acido pamidronico | M05BA04, Acido alendronico - M05BA04 | M05BA07, Acido risedronico - M05BA07 | M05BA08, Acido zoledronico | M05BX01, Ipriflavone - M05BX01 | M05BX03, Stronzio ranelato | M09AX01, Acido ialuronico | M09AX49, Galatturoglicano - M09AX49 | N01AB06, Isoflurano | N01AB07, Desflurano | N01AB08, Sevoflurano | N01AF03, Tiopentale sodico | N01AH01, Fentanile | N01AH02, Alfentanil | N01AH03, Sufentanil | N01AH06, Remifentanil | N01AH51, Fentanil + droperidolo | N01AX01, Droperidolo | N01AX03, Ketamina | N01AX10, Propofol | N01BB01, Bupivacaina | N01BB02, Lidocaina | N01BB03, Mepivacaina | N01BB09, Ropivacaina | N01BB20, Lidocaina + Prilocaina | N01BB51, Bupivacaina + adrenalina | N01BB53, Mepivacaina + Adrenalina | N02AA, Oxicodone/ paracetamolo | N02AA01, Morfina  solfato | N02AA05, Oxicodone | N02AA59, Paracetamolo/ codeina | N02AB02, Petidina | N02AB03, Fentanil - N02AB03 | N02AC02, Metadone  cloridrato 0,1% | N02AC04, Destropropoxifene - N02AC04 | N02AD01, Pentazocina | N02AE01, Buprenorfina cloridrato | N02AG01, Morfina cloridrato/atropina solfato | N02AX02, Tramadolo | N02BA01, Acido acetilsalicilico conf. non sup. a 20 cp. | N02BA11, Diflunisal - N02BA11 | N02BA14, Guacetisal - N02BA14 | N02BA16, Imidazolo - N02BA16 | N02BB02, Metamizolo sodico (noramidopirina metansulfonato sodico) | N02BE01, Paracetamolo | N02BE05, Propacetamolo | N02BE51, Paracetamolo + codeina | N02BG05, Viminolo - N02BG05 | N02BG06, Nefopam | N02CA01, Diidroergotamina - N02CA01 | N02CA02, Ergotamina - N02CA02 | N02CA52, Ergotamina/caffeina | N02CC01, Sumatriptan - N02CC01 | N02CC03, Zolmitriptan - N02CC03 | N02CC04, Rizatriptan - N02CC04 | N02CC05, Almotriptan idrogenomalato | N02CC06, Eletriptan bromidrato | N02CC07, Frovatriptan | N02CX01, Pizotifene - N02CX01 | N03AA, Fenobarbital/calcio lattato/manganese lattato | N03AA02, Fenobarbital | N03AA03, Primidone - N03AA03 | N03AA04, Barbexaclone - N03AA04 | N03AB02, Fenitoina (o  difenilidantoina) | N03AD01, Etosuccimide | N03AE01, Clonazepam | N03AF01, Carbamazepina | N03AF02, Oxcarbazepina | N03AG01, Sodio valproato/acido valproico | N03AG02, Valpromide | N03AG04, Vigabatrina - N03AG04 | N03AG06, Tiagabina | N03AG49, Buxamina - N03AG49 | N03AX09, Lamotrigina | N03AX10, Felbamato - N03AX10 | N03AX11, Topiramato | N03AX12, Gabapentina | N03AX14, Levetiracem - N03AX14 | N03AX16, Pregabalin | N03AX49, Magnesio solfato - 10% | N04AA01, Triesifenilide - N04AA01 | N04AA02, Biperidene | N04AA03, Metixene | N04AA11, Bornaprina | N04AB02, Orfenadrina | N04BA01, Levodopa - N04BA01 | N04BA02, Levodopa + benserazide | N04BA03, Levodopa/carbidopa/entacapone | N04BA04, Melevodopa | N04BA05, Melevodopa/Carbidopa | N04BB01, Amantadina - N04BB01 | N04BC, Lisuride | N04BC01, Bromocriptina | N04BC02, Pergolide - N04BC02 | N04BC03, Diidroergocriptina - N04BC03 | N04BC04, Ropinirolo - N04BC04 | N04BC05, Pramipexolo - N04BC05 | N04BC06, Cabergolina | N04BC07, Apomorfina | N04BC49, Lisuride - N04BC49 | N04BD01, Selegilina - N04BD01 | N04BX01, Tolcapone | N04BX02, Entacapone - N04BX02 | N05AA01, Clorpromazina | N05AA02, Levomepromazina | N05AA03, Promazina | N05AB01, Dixirazina - N05AB01 | N05AB02, Flufenazina  decanoas | N05AB03, Perfenazina (enantato) | N05AB06, Trifluoperazina | N05AC01, Periciazina - N05AC01 | N05AC02, Tioridazina | N05AD01, Aloperidolo | N05AD05, Pipamperone - N05AD05 | N05AD06, Bromperidolo - N05AD06 | N05AF05, Zuclopentixolo | N05AG02, Pimozide - N05AG02 | N05AH02, Clozapina | N05AH03, Olanzapina | N05AH04, Quetiapina | N05AL01, Sulpiride | N05AL03, Tiapride | N05AL05, Amisulpiride | N05AL06, Veralipride - N05AL06 | N05AL07, Levosulpiride | N05AL49, Levosulpiride | N05AN01, Litio carbonato conf. non sup. a 100 cp. | N05AX08, Risperidone | N05AX09, Clotiapina | N05AX12, Aripiprazolo | N05BA01, Diazepam | N05BA02, Clordiazepossido - N05BA02 | N05BA04, Oxazepam - N05BA04 | N05BA05, Clorazepato dipotassico - N05BA05 | N05BA06, Lorazepam | N05BA08, Bromazepam | N05BA09, Clobazam | N05BA10, Ketazolam - N05BA10 | N05BA11, Prazepam - N05BA11 | N05BA12, Alprazolam | N05BA14, Pinazepam - N05BA14 | N05BA19, Etizolam - N05BA19 | N05BA21, Clotiazepam - N05BA21 | N05BA49, Delorazepam | N05BB01, Idrossizina | N05BC01, Meprobamato - N05BC01 | N05BE01, Buspirone - N05BE01 | N05CD01, Flurazepam | N05CD02, Nitrazepam - N05CD02 | N05CD03, Flunitrazepam | N05CD04, Estazolam - N05CD04 | N05CD05, Triazolam | N05CD06, Lormetazepam - N05CD06 | N05CD07, Temazepam | N05CD08, Midazolam | N05CD09, Brotizolam | N05CD10, Quazepam - N05CD10 | N05CD49, No";NA
sp_drugs_2;NA;NA;NA;Non mappata;NA;NA;NA
drugs3;NA;NA;NA;Non mappata;NA;"9999999, Altro | C03AA03, Idroclorotiazide conf. non sup. a 30 cp. | C03BA04, Clortalidone | C03BA08, Metolazone - C03BA08 | C03BA11, Indapamide | C03BA13, Fenquizone - C03BA13 | C03CA01, Furosemide | C03CA03, Piretanide - C03CA03 | C03CA04, Torasemide | C03CC01, Acido etacrinico | C03DA01, Spironolattone | C03DA02, Potassio canreonato | C03DA03, Canrenone | C03DB02, Triamterene - C03DB02 + Furosemide | C03EA01, Idroclorotiazide + amiloride | C03EA14, Potassio canrenoato/butizide | C03EB01, Furosemide/spironolattone | C04AD02, Xantinolo Nicotinato - C04AD02 | C04AD03, Pentossifillina | C04AE02, Nicergolina - C04AE02 | C04AE04, Diidroergocristina - C04AE04 | C04AX07, Vincamina - C04AX07 | C04AX13, Piribedil - C04AX13 | C04AX20, Buflomedil - C04AX20 | C04AX21, Naftidrofurile - C04AX21 | C04AX49, Raubasina - C04AX49 | C05AA01, Idrocortisone + Lidocaina + Alluminio acetato basico + Zinco ossido | C05CA03, Diosmina - C05CA03 | C05CA04, Troxerutina - C05CA04 | C05CA49, Mirtillina - C05CA49 | C05CX, Escina | C07AA03, Pindololo - C07AA03 | C07AA05, Propranololo | C07AA06, Timololo - C07AA06 | C07AA07, Sotalolo | C07AA12, Nadololo - C07AA12 | C07AA49, Indenololo - C07AA49 | C07AB02, Metoprololo | C07AB03, Atenololo | C07AB04, Acebutololo - C07AB04 | C07AB05, Betaxololo - C07AB05 | C07AB07, Bisoprololo - C07AB07 | C07AB08, Celiprololo - C07AB08 | C07AB12, Nebivololo - C07AB12 | C07AG01, Labetalolo | C07AG02, Carvedilolo | C07BB07, Bisoprololo/Idroclorotiazide | C07CA02, Oxprenololo - C07CA02 + Clortalidone | C07CB02, Metoprololo/clortalidone | C07CB03, Atenololo/clortalidone | C08CA01, Amlodipina | C08CA02, Felodipina | C08CA03, Isradipina - C08CA03 | C08CA04, Nicardipina - C08CA04 | C08CA05, Nifedipina | C08CA06, Nimodipina | C08CA07, Nisoldipina - C08CA07 | C08CA08, Nitrendipina - C08CA08 | C08CA09, Lacidipina - C08CA09 | C08CA11, Manidipina - C08CA11 | C08CA12, Barnidipina | C08CA13, Lercanidipina - C08CA13 | C08DA01, Verapamil | C08DA02, Gallopamil - C08DA02 | C08DB01, Diltiazem | C09AA01, Captopril | C09AA02, Enalapril | C09AA03, Lisinopril | C09AA04, Perindopril | C09AA05, Ramipril | C09AA06, Quinapril - C09AA06 | C09AA07, Benazepril - C09AA07 | C09AA08, Cilazapril - C09AA08 | C09AA09, Fosinopril | C09AA10, Trandolapril - C09AA10 | C09AA11, Spirapril - C09AA11 | C09AA12, Delapril - C09AA12 | C09AA13, Moexipril - C09AA13 | C09AA15, Zofenopril - C09AA15 | C09BA01, Captopril/idroclorotiazide | C09BA02, Enalapril/idroclorotiazide | C09BA03, Lisinopril/idroclorotiazide | C09BA04, Perindopril erbumina/indapamide | C09BA05, Ramipril/idroclorotiazide | C09BA06, Quinapril/idroclorotiazide | C09BA07, Benazepril/idroclorotiazide | C09BA08, Cilazapril/Idroclorotiazide | C09BA09, Fosinopril/idroclorotiazide | C09BA12, Delapril/indapamide | C09BA13, Moexipril/idroclorotiazide | C09CA01, Losartan | C09CA02, Eprosartan - C09CA02 | C09CA03, Valsartan | C09CA04, Irbesartan - C09CA04 | C09CA06, Candesartan | C09CA07, Telmisartan - C09CA07 | C09CA08, Olmesartan medoxomil | C09DA01, Losartan potassico/idroclorotiazide | C09DA03, Valsartan/idroclorotiazide | C09DA04, Irbesartan/Idroclorotiazide | C09DA06, Candesartan cilexetil/idroclorotiazide | C09DA07, Telmisartan/idroclorotiazide | C10AA01, Simvastatina | C10AA02, Lovastatina | C10AA03, Pravastatina - C10AA03 | C10AA04, Fluvastatina - C10AA04 | C10AA05, Atorvastatina | C10AA07, Rosuvastatina | C10AB02, Bezafibrato - C10AB02 | C10AB04, Gemfibrozil - C10AB04 | C10AB05, Fenofibrato - C10AB05 | C10AC01, Colestiramina | C10AC03, Detastrano - C10AC03 | C10AD06, Acipimox - C10AD06 | C10AX04, Benfluorex - C10AX04 | C10AX05, Meglutolo - C10AX05 | B01AC11, Iloprost | B01AC13, Abciximab | B01AC16, Intrifiban o eptifibatide | B01AC17, Tirofiban | B01AC18, Triflusal - B01AC18 | B01AC49, Sulfinpirazone - B01AC49 | B01AD02, Alteplasi | B01AD04, Urochinasi | B01AX01, Defibrotide | B02AA01, Acido aminocaproico - B02AA01 | B02AA02, Acido tranexamico | B02AB03, C1-Inibitore (proteina del plasma umano antiangioedema) | B02AB49, Gabexato mesilato | B02BA01, Fitomenadione | B02BA49, Menadiolo - B02BA49 | B02BB01, Fibrinogeno umano liofilizzato | B02BC10, Fibrina colla - Fibrinogeno umano | B02BD, """"Complesso protrombinico umano"""": fattore II, fattore IX, fattore X di coagulazione in associazione | B02BD02, Fattore VIII di coagulazione - da biotecnologia | B02BD03, Complesso protrombinico antiemofilico umano attivato | B02BD04, Fattore IX di coagulazione - da sangue umano liofilizzato | B02BD05, Fattore VII di coagulazione - da sangue umano liofilizzato | B02BD08, Fattore VII di coagulazione da DNA ricombinante | B02BD09, Nonacog alfa (fattore IX di coagulazione, ricombinante) | B02BX01, Etamsilato - B02BX01 | B02BX02, Carbazocromo - B02BX02 | B03A, Ferro - B03A | B03AA03, Ferroso gluconato | B03AA07, Ferroso solfato | B03AB, Ferromaltoso | B03AB49, Ferrigluconato sodico | B03AC, Ferromaltoso | B03AC49, Ferrimaltoso | B03BA01, Cianocobalamina - B03BA01 | B03BA03, Idrossicobalamina | B03BB01, Acido folico | B03XA01, Epoetina a | B03XA02, Darbepoetina | B05AA01, Albumina umana soluzione 20% | B05AA02, Plasma fresco congelato virus inattivato | B05AA06, Poligelina | B05AA07, Etamido o poli ( 0-2-idrossietil ) amido | B05BA01, Aminoacidi | B05BA02, Olio di soia/lecitina d'uovo | B05BA03, Glucosio (destrosio) | B05BA04, Proteina idrolisata | B05BA10, Miscele binarie per NPT:                                                                                                                         Aminoacidi + glucosio  (+ elettroliti) | B05BB01, Sodio cloruro | B05BB02, Glucosio (destrosio)/sodio cloruro/potassio acetato/magnesio acetato | B05BB03, Trometamolo | B05BC01, Mannitolo | B05CB10, Macrogol 4.000 + sali minerali | B05XA06, Magnesio solfato - 10% | B05XA07, Calcio cloruro | B05XA30, Oligoelementi multipli: Cromo cloruro + rame cloruro + ferrico cloruro + manganese cloruro + potassio ioduro + sodio molibdato + sodio selenito + zinco cloruro | B05XB02, Alaglumina o alanilglutamina - 20% | B05XC, Complesso di vitamine idrosolubili | B06AA11, Bromelaina - B06AA11 | B06AA49, Serrapepatsi | C01AA05, Digossina | C01AA08, Metildigossina | C01AC49, Strofantina K | C01BA, Diidrochinidina | C01BA01, Chinidina | C01BA03, Disopiramide | C01BA49, Diidrochinidina - C01BA49 | C01BB02, Mexiletina | C01BC03, Propafenone | C01BC04, Flecainide | C01BD01, Amiodarone | C01CA01, Etilefrina - C01CA01 | C01CA02, Isoproterenolo | C01CA03, Noradrenalina   bitartrato conf. non sup. a 10 fiale | C01CA04, Dopamina | C01CA07, Dobutamina | C01CA08, Sinefrina (o oxedrina tartrato) | C01CA16, Ibopamina | C01CA17, Midodrina | C01CA24, Adrenalina (epinefrina) | C01CX08, Levosimendan | C01DA02, Nitroglicerina | C01DA05, Pentaeritritile tetranitrato - C01DA05 | C01DA08, Isosorbide dinitrato | C01DA14, Isosorbide mononitrato | C01DA38, Tenitramina | C01DX08, Eptaminolo - C01DX08 | C01DX11, Trapidil - C01DX11 | C01EA01, Alprostadil | C01EB07, Levulosio 1,6 difosfato | C01EB09, Ubidecarenone - C01EB09 | C01EB10, Adenosina | C01EB15, Trimetazidina - C01EB15 | C02AB01, Metildopa | C02AC01, Clonidina | C02AC05, Moxonidina | C02CA, Terazosina | C02CA04, Doxazosina | C02CA06, Urapidil | C02CA49, Terazosina | C02DA01, Diazossido | C02DB04, Cadralazina - C02DB04 | C02DC01, Minoxidil - C02DC01 | C02DD01, Nitroprussiato di sodio o nitroprussido | C02KA49, Diidroergotossina - C02KA49 | C02KD01, Ketanserina - C02KD01 | C02LA01, Reserpina - C02LA01 + clortalidone | A01AB09, Miconazolo | A01AD02, Benzidamina | A02AA04, Magnesio Idrossido - A02AA04 | A02AB02, Algedrato | A02AB03, Alluminio fosfato colloidale - A02AB03 | A02AD01, Magnesio idrossido + alluminio idrossido | A02AD02, Magaldrato anidro - A02AD02 | A02BA01, Cimetidina - A02BA01 | A02BA02, Ranitidina | A02BA03, Famotidina - A02BA03 | A02BA04, Nizatidina | A02BA06, Roxatidina - A02BA06 | A02BB01, Misoprostolo - A02BB01 | A02BC01, Omeprazolo | A02BC02, Pantoprazolo | A02BC03, Lansoprazolo - A02BC03 | A02BC04, Rabeprazolo - A02BC04 | A02BC05, Esomeprazolo | A02BCO3, Lansoprazolo | A02BX02, Sucralfato | A02BX03, Pirenzepina - A02BX03 | A02BX05, Biskalammonio | A02BX06, Proglumide - A02BX06 | A02BX08, Sulglicotide - A02BX08 | A02BX13, Acido alginico - A02BX13 + Algedrato A02AB02 | A02DA01, Dimeticone | A03AA, Pipetanato etobromuro | A03AA04, Mebeverina - A03AA04 | A03AA05, Trimebutina | A03AA06, Rociverina | A03AA49, Pipetanato etobromuro- A03AA49 | A03AB06, Otilonio bromuro - A03AB06 | A03AB18, Prifinio bromuro - A03AB18 | A03AC05, Tiropramide - A03AC05 | A03AD01, Papaverina | A03AX04, Pinaverio - A03AX04 | A03AX07, Proxazolo - A03AX07 | A03AX12, Floroglucinolo - A03AX12 | A03AX13, Simeticone- A03AX13 | A03AX49, Fluoroglucinolo | A03BA01, Atropina solfato | A03BB01, Butilscopolamina bromuro | A03BB05, Cimetropio bromuro | A03CA02, Clidinio bromuro - A03CA02 + clordiazepossido | A03CA34, Propantelina bromuro - A03CA34 + Bromazepam | A03CB49, Octatropina metilbromuro - A03CB49 + Diazepam | A03FA, Levosulpiride | A03FA01, Metoclopramide | A03FA03, Domperidone | A03FA04, Bromopride - A03FA04 | A03FA05, Alizapride | A03FA06, Clebopride - A03FA06 | A03FA49, Levosulpiride | A04AA01, Ondansetron | A04AA02, Granisetron | A04AA03, Tropisetron | A04AA04, Dolasetron | A04AD01, Scopolamina - A04AD01 | A04AD49, Dimenidrinato - A04AD49 | A05AA, Acido chenoursodesossicolico | A05AA02, Acido ursodesossicolico | A05AA49, Acido chenursodesossicolico - A05AA49 | A05AX02, Imecromone - A05AX02 | A05BA03, Silimarina - A05BA03 | A05BA06, Ornitina ossoglurato - A05BA06 | A05BA49, Cogalattoisomerasi - A05BA49 | A05BA99, Arginina - A05BA99 | A06AB02, Bisacodil - A06AB02 | A06AB06, Glicosidi della Senna | A06AB07, Cascara - A06AB07 | A06AC08, Policarbofil - A06AC08 | A06AD11, Lattulosio | A06AD12, Lattitolo - A06AD12 | A07AA02, Nistatina | A07AA06, Paronomicina | A07AA07, Amfotericina B | A07AA09, Vancomicina - A07AA09 | A07AA10, Colistina - A07AA10 | A07AA11, Rifaximina | A07AA51, Bacitracina + neomicina | A07AC01, Miconazolo - A07AC01 -J02AB01 | A07AX03, Nifuroxazide - A07AX03 | A07BA01, Carbone - A07BA01 | A07BC05, Diosmectide - A07BC05 | A07BC54, Attapulgite - A07BC54 + Algedrato A02AB02 | A07DA03, Loperamide | A07EA02, Idrocortisone | A07EA06, Budesonide | A07EA07, Beclometasone | A07EB01, Acido cromoglicico - A07EB01 | A07EC, Paraminosalicilato | A07EC01, Sulfasalazina - A07EC01 | A07EC02, Mesalazina | A07EC03, Olsalazina - A07EC03 | A07EC04, Balsalazide - A07EC04 | A07FA01, Fermenti lattici | A07FA49, Vaccino subtilico o bacillus subtilis | A08AA10, Sibutramina - A08AA10 | A08AB01, Orlistat - A08AB01 | A09AA02, Pancrelipasi | A09AA04, Tilattasi - A09AA04 | A09AA49, Lisozima - A09AA49 | A09AB02, Betaina - A09AB02 | A10A, Insulina A553- A10A | A10AB01, Insulina umana | A10AB04, Insulina lispro | A10AB05, Insulina aspart | A10AB06, Insulina glulisina | A10AC01, Insulina umana isofano | A10AD01, Insulina umana + insulina umana isofano | A10AD04, Insulina lispro da DNA ricombinante | A10AD05, Insulina aspart | A10AE01, Insulina-zinco umana HM  sospensione cristallina | A10AE04, Insulina glargine | A10BA02, Metformina | A10BB, Gliciclamide | A10BB01, Glibenclamide | A10BB02, Clorpropamide - A10BB02 | A10BB07, Glipizide - A10BB07 | A10BB08, Gliquidone - A10BB08 | A10BB09, Gliclazide | A10BB12, Glimepiride - A10BB12 | A10BB49, Glisolamide - A10BB49 | A10BD01, Fenformina +  Glibenclamide | A10BD02, Metformina + Clorpropamide | A10BD03, Rosiglitazone/metformina | A10BF01, Acarbosio - A10BF01 | A10BG02, Rosiglitazone maleato | A10BG03, Pioglitazone | A10BX02, Repaglinide - A10BX02 | A11BA, Complesso polivitaminico, contenente almeno: tiamina - riboflavina - piridossina - ac. ascorbico - retinolo - alfatocoferolo - nicotinamide. | A11C, Alfacalcidolo - A11C | A11CA01, Retinolo - A11CA01 | A11CB, Retinolo + colecalciferolo | A11CC01, Ergocalciferolo | A11CC02, Diidrotachisterolo | A11CC03, Alfacalcidolo | A11CC04, Calcitriolo | A11CC05, Colecalciferolo - A11CC05 | A11CC06, Calcifediolo | A11DA, Tiamina - A11DA | A11DB, Vitamina B1 + vitamina B6  + vitamina B12 | A11EB, Complesso vitaminico B+ vitam.C senza vitamina D | A11GA01, Acido ascorbico  (vitamina C) | A11HA02, Piridossina (vit. B6) | A11HA03, Tocoferolo acetato, alfa | A11HA30, Dexpantenolo | A12AA03, Calcio gluconato - 10% | A12AA04, Calcio Carbonato | A12AA07, Calcio cloruro - 10% | A12AA20, Calcio lattogluconato + calcio carbonato | A12AX, Calcio carbonato/colecalciferolo | A12BA01, Potassio cloruro | A13A, Arginina | A14AB01, Nandrolone - A14AB01 | A16AA01, L- Propionil carnitina | A16AB02, Imuglucerasi | A16AX03, Sodiofenilbutirrato | B01AA03, Warfarin | B01AA07, Acenocumarolo | B01AB01, Eparina calcica | B01AB02, Antitrombina III | B01AB04, Dalteperina - B01AB04 | B01AB05, Enoxaparina sodica | B01AB06, Nadroparina calcica | B01AB07, Parnaparina sodica | B01AB08, Reviparina sodica | B01AB11, Sulodexide - B01AB11 | B01AB12, Bemiparina | B01AB49, Eparan solfato - B01AB49 | B01AC02, Cloricromene - B01AC02 | B01AC03, Picotamide - B01AC03 | B01AC04, Clopidogrel | B01AC05, Ticlopidina | B01AC06, Acido acetilsalicilico | B01AC07, Dipiridamolo - B01AC07 | B01AC09, Epoprostenolo | B01AC10, Indobufene | C10AX06, Omega polienoici (esteri etilici di acidi grassi polinsaturi) | C10AX49, Fosfatidilcolina | C10BA02, Simvastatina/Ezetimibe | D01AC01, Clotrimazolo | D01AC02, Miconazolo | D01AC03, Econazolo | D01AC08, Ketoconazolo | D01BA01, Griseofulvina - D01BA01 | D01BA02, Terbinafina - D01BA02 | D03AX05, Acido ialuronico (sale sodico) | D03AX49, Triticum volgare estratto acquoso +  fenossetolo | D03BA52, Collagenasi + cloramfenicolo | D04AA49, Desclorfeniramina | D04AB04, Benzocaina + alcol benzilico + cloroxilenolo | D05AX02, Calcipotriolo | D05AX03, Calcitriolo | D05AX04, Tacalcitolo | D05AX05, Tazarotene | D05BA02, Metoxsalene - D05BA02 | D05BB02, Acitretina - D05BB02 | D06AA02, Clortetraciclina cloridrato | D06AX02, Cloramfenicolo | D06AX07, Gentamicina | D06BA01, Sulfadiazina argentica | D06BA51, Sulfadiazina argentica + acido ialuronico(sale sodico) | D06BB03, Aciclovyr | D06BB10, Imiquimod | D07AB01, Clobetasone | D07AB02, Idrocortisone butirrato | D07AB04, Fluocortin | D07AB09, Triamcinolone | D07AB10, Alclometasone | D07AB19, Desametasone | D07AC01, Betametasone | D07AC03, Desossimetasone | D07AC04, Fluocinolone acetonide | D07AC05, Fluocortolone pivalato/fluocortolone caproato | D07AC06, Diflucortolone | D07AC08, Fluocinonide | D07AC09, Budesonide | D07AC13, Mometasone | D07AC14, Metilprednisolone aceponato | D07AC15, Beclometasone | D07AC17, Fluticasone | D07AC18, Prednicarbato | D07AD01, Clobetasolo | D07AD02, Alcinonide | D07XC01, Betametasone + Acido salicilico | D08AE03, Fenolo/glicerolo | D10AD01, Tretinoina - D10AD01 - L01XX14 | D10BA01, Isotretinoina - D10BA01 | G01AA09, Mepartricina - G01AA09 | G01AA49, Meclociclina | G01AA99, Tirotricina  + nitrofural | G01AF01, Metronidazolo | G01AF02, Clotrimazolo - G01AF02 | G01AF05, Econazolo | G01AF06, Econazolo - G01AF06 | G01AF07, Econazolo - G01AF07 | G01AF08, Econazolo - G01AF08 | G01AF09, Econazolo - G01AF09 | G01AF10, Econazolo - G01AF10 | G01AF11, Econazolo - G01AF11 | G01AF12, Econazolo - G01AF12 | G01AF13, Econazolo - G01AF13 | G01AF14, Econazolo - G01AF14 | G01AF49, Sertaconazolo - G01AF49 | G01AX03, Policresulene - G01AX03 | G01AX05, Nifuratel  - G01AX05 | G01AX11, Povidone-iodio - G01AX11 | G01AX12, Ciclopirox - G01AX12 | G02AB01, Metilergometrina | G02AD02, Dinoprostone | G02AD03, Gemeprost | G02AD05, Sulprostone | G02CA01, Ritodrina | G02CA49, Isoxuprina | G02CB01, Bromocriptina - G02CB01 | G02CB03, Cabergolina | G02CB05, Metergolina | G02CX01, Atosiban | G03AA07, Etinilestradiolo/levonorgestrel | G03AA09, Desogestrel + etinilestradiolo | G03AA10, Gestodene + etinilestradiolo | G03AB03, Etinilestradiolo/levonorgestrel | G03AB06, Gestodene + etinilestradiolo | G03AC03, Levonorgestrel - (dispositivo intrauterino) | G03AC09, Desogestrel - G03AC09 | G03BA03, Testosterone - G03BA03 | G03BB01, Mesterolone - G03BB01 | G03CA01, Etinilestradiolo | G03CA03, Estradiolo - G03CA03 | G03CA04, Estriolo - G03CA04 | G03CA09, Promestriene | G03CA57, Estrogeni coniugati | G03DA02, Medrossiprogesterone - G03DA02 | G03DA03, Idrossiprogesterone - G03DA03 | G03DA04, Progesterone | G03DB01, Didrogesterone - G03DB01 | G03DB03, Medrogestone - G03DB03 | G03DB04, Nomegestrolo - G03DB04 | G03DC02, Noretisterone - G03DC02 | G03DC05, Tibolone - G03DC05 | G03FA01, Estradiolo emiidrato/noretisterone | G03FB, Estradiolo/nomegestrolo | G03FB05, Estradiolo/noretisterone | G03FB08, Estradiolo/didrogesterone | G03FB09, Estradiolo emiidrato/levonorgestrel | G03FB11, Estradiolo emiidrato/trimegestone | G03GA01, Gonadotropina corionica - G03GA01 | G03GA02, Menotropina  (hFSH + hLH) | G03GA04, Urofollitropina  (hFSH + hLH) | G03GA05, Follitropina a- ricombinante | G03GA06, Follitropina b- ricombinante | G03GA07, Lutropina alfa - G03GA07 | G03GB01, Ciclofenil - G03GB01 | G03GB02, Clomifene citrato - G03GB02 | G03HA01, Ciproterone acetato - G03HA01 | G03HB01, Ciproterone/etinilestradiolo | G03XA01, Danazolo - G03XA01 | G03XA02, Gestrinone - G03XA02 | G03XC01, Raloxifene | G04AB03, Acido pipemidico | G04AG49, Fosfomicina | G04BD02, Flavoxato - G04BD02 | G04BD04, Oxibutinina - G04BD04 | G04BD07, Tolterodina - G04BD07 | G04BE01, Alprostadil | G04BX49, Lidocaina cloridrato | G04CA, Doxazosin | G04CA01, Alfuzosina | G04CA02, Tamsulosin | G04CA03, Terazosina | G04CB01, Finasteride | G04CB02, Dutasteride | H01AA02, Tetracosactide | H01AC01, Somatropina - DNA ricomb. da cellule di mammifero   - liofilizzato | H01BA02, Desmopressina | H01BA04, Terlipressina acetato idrato | H01BB01, Demoxitocina | H01BB02, Ossitocina | H01CA01, Gonadorelina - H01CA01 | H01CB01, Somatostatina | H01CB02, Octreotide | H01CB03, Lanreotide - H01CB03 | H01CC01, Ganirelix - H01CC01 | H01CC02, Cetrorelix - H01CC02 | H02AA03, Desossicortone - H02AA03 | H02AB01, Betametasone | H02AB02, Desametasone | H02AB03, Fluocortolone - H02AB03 | H02AB04, Metilprednisolone / lidocaina | H02AB06, Prednisolone - H02AB06 | H02AB07, Prednisone | H02AB08, Triamcinolone - H02AB08 | H02AB09, Idrocortisone | H02AB10, Cortisone | H02AB13, Deflazacort | H03AA01, Levotiroxina sodica | H03AA02, Liotironina sodica - H03AA02 | H03BB02, Tiamazolo | H03BC01, Potassio perclorato - H03BC01 | H04AA01, Glucagone | H05AA02, Teriparatide | H05B01, Calcitonina - H05B01 | H05B04, Elcatonina - H05B04 | H05BA01, Calcitonina (sintetica di salmone) | J01AA02, Doxiciclina | J01AA03, Clortetraciclina  - J01AA03 | J01AA04, Limeciclina - J01AA04 | J01AA05, Metaciclina - J01AA05 | J01AA07, Tetraciclina conf. non sup. a 20 cp. | J01AA08, Minociclina | J01BA01, Cloramfenicolo | J01BA02, Tiamfenicolo | J01CA01, Ampicillina | J01CA04, Amoxicillina | J01CA06, Bacampicillina - J01CA06 | J01CA10, Mezlocillina - J01CA10 | J01CA12, Piperacillina | J01CE01, Benzilpenicillina potassica | J01CE08, Benzilpenicillina benzatinica | J01CF04, Oxacillina - J01CF04 | J01CF05, Flucloxacillina | J01CR, Acido clavulanico - J01CR | J01CR01, Ampicillina + sulbactam | J01CR02, Amoxicillina + acido clavulanico | J01CR03, Ticarcillina - J01CR03 + acido clavulanico | J01CR04, Acido clavulanico - J01CR + Amoxicillina J01CA04 | J01CR05, Piperacillina + Tazobactam | J01DA01, Cefalexina - J01DA01 | J01DA03, Cefalotina - J01DA03 | J01DA04, Cefazolina | J01DA05, Cefoxitina - J01DA05 | J01DA06, Cefuroxima - J01DA06 | J01DA07, Cefamandolo - J01DA07 | J01DA08, Cefaclor | J01DA09, Cefadroxill - J01DA09 | J01DA10, Cefotaxima | J01DA11, Ceftazidima | J01DA13, Ceftriaxone | J01DA14, Cefotetan | J01DA17, Cefonicid | J01DA21, Cefatrizina - J01DA21 | J01DA22, Ceftizoxima | J01DA23, Cefixima | J01DA24, Cefepime | J01DA25, Cefodizima - J01DA25 | J01DA31, Cefradina - J01DA31 | J01DA32, Cefoperazone | J01DA33, Cefpodoxima - J01DA33 | J01DA36, Ceftexolo - J01DA36 | J01DA39, Ceftibuten - J01DA39 | J01DA40, Cefmetazolo - J01DA40 | J01DA41, Cefprozil - J01DA41 | J01DB01, Cefalexina | J01DB03, Cefalotina | J01DB04, Cefazolina | J01DB05, Cefadroxil | J01DB07, Cefatrizina | J01DB09, Cefradina | J01DB12, Ceftezolo | J01DC01, Cefoxitina | J01DC02, Cefuroxima | J01DC03, Cefamandolo | J01DC04, Cefacloro | J01DC06, Cefonicid | J01DC09, Cefmetazolo | J01DC10, Cefprozil | J01DD01, Cefotaxima | J01DD02, Ceftazidima | J01DD04, Ceftriaxone | J01DD07, Ceftizoxima | J01DD08, Cefixima | J01DD09, Cefodizima | J01DD12, Cefoperazone | J01DD13, Cefpodoxima | J01DD14, Ceftibuten | J01DE01, Cefepime | J01DF01, Aztreonam | J01DH02, Meropenem | J01DH51, Imipenem + cilastatina | J01EC02, Sulfadiazina conf. non sup. a 20 cp. | J01EE01, Sulfametossazolo + trimetoprim | J01FA01, Eritromicina | J01FA02, Spiramicina | J01FA03, Midecamicina - J01FA03 | J01FA06, Roxitromicina - J01FA06 | J01FA07, Josamicina - J01FA07 | J01FA08, Troleandromicina - J01FA08 | J01FA09, Claritromicina | J01FA10, Azitromicina | J01FA11, Miocamicina - J01FA11 | J01FA12, Rokitamicina - J01FA12 | J01FA14, Fluritromicina - J01FA14 | J01FA15, Telitromicina | J01FF01, Clindamicina | J01FF02, Lincomicina | J01FG02, Quinupristin 150 mg + Dalfopristin  350 mg | J01GA01, Streptomicina solfato | J01GB01, Tobramicina | J01GB03, Gentamicina | J01GB06, Amikacina | J01GB07, Netilmicina | J01MA01, Ofloxacina - J01MA01 | J01MA02, Ciprofloxacina | J01MA03, Pefloxacina | J01MA04, Enoxacina - J01MA04 | J01MA06, Norfloxacina | J01MA07, Lomefloxacina - J01MA07 | J01MA10, Rufloxacina - J01MA10 | J01MA12, Levofloxacina | J01MA14, Moxifloxacina | J01MA17, Prulifloxacina | J01MB02, Acido nalidixico - J01MB02 | J01MB03, Acido piromidico - J01MB03 | J01MB04, Acido pipemidico - J01MB04 | J01MB06, Cinoxacina - J01MB06 | J01XA01, Vancomicina | J01XA02, Teicoplanina | J01XB01, Colistina  o colistimetato sodico | J01XD01, Metronidazolo | J01XE01, Nitrofurantoina - J01XE01 | J01XX01, Fosfomicina - J01XX01 | J01XX03, Clofoctolo - J01XX03 | J01XX04, Spectinomicina - J01XX04 | J01XX08, Linezolid | J02AA01, Amfotericina B | J02AB02, Ketoconazolo | J02AC, Voriconazolo | J02AC01, Fluconazolo | J02AC02, Itraconazolo | J02AX, Caspofungin  acetato | J02AX01, Flucitosina | J04AB02, Rifampicina | J04AB03, Rifamicina | J04AB04, Rifabutina | J04AC01, Isoniazide | J04AK01, Pirazinamide | J04AK02, Etambutolo | J04AM, Etambutolo/isoniazide/piridossina | J04AM02, Rifampicina/isoniazide | J04AM05, Isoniazide/pirazinamide/rifampicina | J05AB01, Aciclovir | J05AB04, Ribavirina | J05AB06, Ganciclovir | J05AB09, Famciclovir - J05AB09 | J05AB11, Valaciclovir - J05AB11 | J05AB12, Cidofovir | J05AB14, Valganciclovir | J05AB15, Brivudina | J05AD01, Foscarnet - J05AD01 | J05AF01, Zidovudina - J05AF01 | J05AF03, Zalcitabina - J05AF03 | J05AF05, Lamivudina | J05AH01, Zanamivir - J05AH01 | J05AX05, Inosina pranobex - J05AX05 | J06AA03, Siero contro il veleno di vipera | J06AA04, Antitossina botulinica | J06AA05, Siero contro la gangrena gassosa | J06BA02, Immunoglobuline umane ad alto titolo di IgM | J06BB01, Ig umana anti-D (Rh) | J06BB02, Ig umana tetanica | J06BB03, Ig umana antivaricella/Zoster | J06BB04, Ig umana dell' epatite B | J06BB05, Ig umana rabica | J06BB06, Ig umana rubeolica ( o antirosolia) | J06BB09, Ig umana citomegalovirica | J06BB13, Ig umana pertossica | J06BB14, Ig umana morbillica | J06BB15, Ig umana parotitica | J06BB16, Palivizumab | J07AH04, Vaccino meningococcico - J07AH04 | J07AM01, Vaccino tetanico - J07AM01 | J07AM51, Vaccino difterico + tetanico - J07AM51 | J07AN01, Vaccino tubercolosi - J07AN01 | J07AP01, Vaccino tifoideo - J07AP01 | J07AP03, Vaccino tifoideo polisaccaridico - J07AP03 | J07AX, Klebsprotina - J07AX | J07BB02, Vaccino influenza - J07BB02 | J07BC01, Vaccino epatite B - J07BC01 | J07BD5, Vaccino morbilloso-parotitico-antirosolia - J07BD5 | J07BF02, Vaccino poliomielitico os - J07BF02 | J07BF03, Vaccino poliomielitico im - J07BF03 | J07BG01, Vaccino rabico - J07BG01 | J07BJ01, Vaccino antirosolia - J07BJ01 | J07BK01, Vaccino varicelloso - J07BK01 | J4AA02, Sodio aminosalicilato - J4AA02 | L01AA01, Ciclofosfamide | L01AA02, Clorambucil - L01AA02 | L01AA03, Melfalan - L01AA03 | L01AB01, Busulfano - L01AB01 | L01AX02, Pipobromano | L01BA01, Metotrexato | L01BB02, Mercaptopurina - L01BB02 | L01BB03, Tioguanina | L01BB04, Cladribina - L01BB04 | L01BB05, Fludarabina Fosfato | L01BC02, Fluorouracile | L01BC03, Tegafur Uracile- L01BC03 | L01BC05, Gemcitabina | L01CA02, Vincristina | L01CA03, Vindesina | L01CA04, Vinorelbina | L01CB01, Etoposide | L01DB01, Doxorubicina | L01DB02, Daunorubicina - liposomiale | L01DB03, Epirubicina | L01DB06, Idarubicina - L01DB06 | L01DB07, Mitoxantrone - L01DB07 | L01DC01, Bleomicina | L01DC03, Mitomicina | L01XA01, Cisplatino soluz. Pronta | L01XA02, Carboplatino soluz. Pronta | L01XB01, Procarbazina - L01XB01 | L01XD02, Verteporfina | L01XX028, Imatinib mesilato | L01XX05, Idroxicarbamide ( o Idrossiurea) | L01XX07, Lonidamina - L01XX07 | L01XX09, Miltefosina | L01XX11, Estramustina | L01XX14, Tretinoina | L01XX19, Irinotecan | L02AA03, Etinilestradiolo | L02AB01, Megestrolo | L02AB02, Medrossiprogesterone | L02AE01, Buserelina | L02AE02, Leuprorelina | L02AE03, Goserelina | L02AE04, Triptorelina | L02BA01, Tamoxifene - L02BA01 | L02BA02, Toremifene | L02BB01, Flutamide | L02BB03, Bicalutamide | L02BG01, Aminoglutetimide - L02BG01 | L02BG03, Anastrozolo | L02BG04, Letrozolo | L02BG06, Exemestane | L03AA02, Filgrastim (G-CSF) | L03AA03, Molgramostim (Gm-CSF) | L03AA10, Lenogastrim  (RhuG-CSF) | L03AA13, Pegfilgrastim | L03AB01, Interferone alfa-naturale - (n 3 leucocitario) | L03AB02, Interferone beta naturale - L03AB02 | L03AB03, Interferone gamma 1b | L03AB04, Interferone alfa 2a - L03AB04 | L03AB05, Interferone alfa-2b - ricombinante | L03AB06, Interferone alfa n1 - L03AB06 | L03AB07, Interferone beta 1a - L03AB07 | L03AB08, Interferone beta 1b - L03AB08 | L03AB09, Interferone alfacon 1 - L03AB09 | L03AB10, Interferone alfa 2b - pegilato | L03AB11, Peginterferone alfa-2A | L03AX03, Bacillo di Calmette e Guerin  (BCG) | L03AX05, Pidotimod - L03AX05 | L03AX09, Timopentina - L03AX09 | L03AX13, Glatiramer | L04AA01, Ciclosporina - L04AA01 | L04AA05, Tacrolimus | L04AA06, Acido micofenolico - (micofenolato mofetile) | L04AA10, Sirolimus - L04AA10 | L04AA12, Infliximab | L04AA13, Leflunomide - L04AA13 | L04AA18, Everolimus | L04AX01, Azatioprina | M01AB, Amtolmetina guacile | M01AB01, Indometacina | M01AB02, Sulindac - M01AB02 | M01AB05, Diclofenac | M01AB08, Etodolac - M01AB08 | M01AB10, Fentiazac | M01AB11, Acemetacina - M01AB11 | M01AB14, Proglumetacina - M01AB14 | M01AB15, Ketorolac | M01AB16, Aceclofenac | M01AB55, Diclofenac/misoprostolo | M01AC, Cinnoxicam | M01AC01, Piroxicam | M01AC02, Tenoxicam - M01AC02 | M01AC05, Lornoxicam - M01AC05 | M01AC06, Meloxicam - M01AC06 | M01AC49, Cinnoxicam - M01AC49 | M01AE01, Ibuprofene | M01AE02, Naproxene | M01AE03, Ketoprofene | M01AE09, Flurbiprofene - M01AE09 | M01AE11, Acido tiaprofenico - M01AE11 | M01AE12, Oxaprozina - M01AE12 | M01AE14, Dexibuprofene | M01AE17, Dexkeprofene - M01AE17 | M01AG01, Acido mefenamico - M01AG01 | M01AG04, Acido meclofenamico - M01AG04 | M01AH01, Celecoxib | M01AH05, Etoricoxib | M01AX01, Nabumetone - M01AX01 | M01AX02, Acido niflumico - M01AX02 + Morniflumato M01AX22 | M01AX05, Glucosamina - M01AX05 | M01AX07, Benzidamina - M01AX07 | M01AX17, Nimesulide | M01AX21, Diacereina - M01AX21 | M01AX22, Morniflumato | M01AX49, Amtolmetina guacile - M01AX49 | M01CB02, Aurotiosolfato sodico | M01CB03, Auranofin - M01CB03 | M01CC, Penicillamina - M01CC | M01CC01, Penicillamina | M02AA10, Ketoprofene | M02AC, Escina + eparina + dietilamina salicilato | M03AB01, Suxametonio cloruro | M03AC01, Pancuronio   bromuro | M03AC04, Atracurio besilato | M03AC09, Rocuronio bromuro | M03AC11, Cisatracurio  besilato | M03BX01, Baclofene | M03BX02, Tizanidina - M03BX02 | M03BX03, Pridinolo - M03BX03 | M03BX05, Tiocolchicoside | M03BX08, Ciclobenzaprina - M03BX08 | M03CA01, Dantrolene | M04AA01, Allopurinolo | M04AB01, Probenecid | M04AC01, Colchicina | M04AX, Piperazina | M04AX49, Piperazina - M04AX49 | M05B, Acido alendronico/colecalciferolo | M05BA, Sodio neridronato | M05BA01, Acido etidronico - M05BA01 | M05BA02, Acido clodronico - M05BA02 | M05BA03, Acido pamidronico | M05BA04, Acido alendronico - M05BA04 | M05BA07, Acido risedronico - M05BA07 | M05BA08, Acido zoledronico | M05BX01, Ipriflavone - M05BX01 | M05BX03, Stronzio ranelato | M09AX01, Acido ialuronico | M09AX49, Galatturoglicano - M09AX49 | N01AB06, Isoflurano | N01AB07, Desflurano | N01AB08, Sevoflurano | N01AF03, Tiopentale sodico | N01AH01, Fentanile | N01AH02, Alfentanil | N01AH03, Sufentanil | N01AH06, Remifentanil | N01AH51, Fentanil + droperidolo | N01AX01, Droperidolo | N01AX03, Ketamina | N01AX10, Propofol | N01BB01, Bupivacaina | N01BB02, Lidocaina | N01BB03, Mepivacaina | N01BB09, Ropivacaina | N01BB20, Lidocaina + Prilocaina | N01BB51, Bupivacaina + adrenalina | N01BB53, Mepivacaina + Adrenalina | N02AA, Oxicodone/ paracetamolo | N02AA01, Morfina  solfato | N02AA05, Oxicodone | N02AA59, Paracetamolo/ codeina | N02AB02, Petidina | N02AB03, Fentanil - N02AB03 | N02AC02, Metadone  cloridrato 0,1% | N02AC04, Destropropoxifene - N02AC04 | N02AD01, Pentazocina | N02AE01, Buprenorfina cloridrato | N02AG01, Morfina cloridrato/atropina solfato | N02AX02, Tramadolo | N02BA01, Acido acetilsalicilico conf. non sup. a 20 cp. | N02BA11, Diflunisal - N02BA11 | N02BA14, Guacetisal - N02BA14 | N02BA16, Imidazolo - N02BA16 | N02BB02, Metamizolo sodico (noramidopirina metansulfonato sodico) | N02BE01, Paracetamolo | N02BE05, Propacetamolo | N02BE51, Paracetamolo + codeina | N02BG05, Viminolo - N02BG05 | N02BG06, Nefopam | N02CA01, Diidroergotamina - N02CA01 | N02CA02, Ergotamina - N02CA02 | N02CA52, Ergotamina/caffeina | N02CC01, Sumatriptan - N02CC01 | N02CC03, Zolmitriptan - N02CC03 | N02CC04, Rizatriptan - N02CC04 | N02CC05, Almotriptan idrogenomalato | N02CC06, Eletriptan bromidrato | N02CC07, Frovatriptan | N02CX01, Pizotifene - N02CX01 | N03AA, Fenobarbital/calcio lattato/manganese lattato | N03AA02, Fenobarbital | N03AA03, Primidone - N03AA03 | N03AA04, Barbexaclone - N03AA04 | N03AB02, Fenitoina (o  difenilidantoina) | N03AD01, Etosuccimide | N03AE01, Clonazepam | N03AF01, Carbamazepina | N03AF02, Oxcarbazepina | N03AG01, Sodio valproato/acido valproico | N03AG02, Valpromide | N03AG04, Vigabatrina - N03AG04 | N03AG06, Tiagabina | N03AG49, Buxamina - N03AG49 | N03AX09, Lamotrigina | N03AX10, Felbamato - N03AX10 | N03AX11, Topiramato | N03AX12, Gabapentina | N03AX14, Levetiracem - N03AX14 | N03AX16, Pregabalin | N03AX49, Magnesio solfato - 10% | N04AA01, Triesifenilide - N04AA01 | N04AA02, Biperidene | N04AA03, Metixene | N04AA11, Bornaprina | N04AB02, Orfenadrina | N04BA01, Levodopa - N04BA01 | N04BA02, Levodopa + benserazide | N04BA03, Levodopa/carbidopa/entacapone | N04BA04, Melevodopa | N04BA05, Melevodopa/Carbidopa | N04BB01, Amantadina - N04BB01 | N04BC, Lisuride | N04BC01, Bromocriptina | N04BC02, Pergolide - N04BC02 | N04BC03, Diidroergocriptina - N04BC03 | N04BC04, Ropinirolo - N04BC04 | N04BC05, Pramipexolo - N04BC05 | N04BC06, Cabergolina | N04BC07, Apomorfina | N04BC49, Lisuride - N04BC49 | N04BD01, Selegilina - N04BD01 | N04BX01, Tolcapone | N04BX02, Entacapone - N04BX02 | N05AA01, Clorpromazina | N05AA02, Levomepromazina | N05AA03, Promazina | N05AB01, Dixirazina - N05AB01 | N05AB02, Flufenazina  decanoas | N05AB03, Perfenazina (enantato) | N05AB06, Trifluoperazina | N05AC01, Periciazina - N05AC01 | N05AC02, Tioridazina | N05AD01, Aloperidolo | N05AD05, Pipamperone - N05AD05 | N05AD06, Bromperidolo - N05AD06 | N05AF05, Zuclopentixolo | N05AG02, Pimozide - N05AG02 | N05AH02, Clozapina | N05AH03, Olanzapina | N05AH04, Quetiapina | N05AL01, Sulpiride | N05AL03, Tiapride | N05AL05, Amisulpiride | N05AL06, Veralipride - N05AL06 | N05AL07, Levosulpiride | N05AL49, Levosulpiride | N05AN01, Litio carbonato conf. non sup. a 100 cp. | N05AX08, Risperidone | N05AX09, Clotiapina | N05AX12, Aripiprazolo | N05BA01, Diazepam | N05BA02, Clordiazepossido - N05BA02 | N05BA04, Oxazepam - N05BA04 | N05BA05, Clorazepato dipotassico - N05BA05 | N05BA06, Lorazepam | N05BA08, Bromazepam | N05BA09, Clobazam | N05BA10, Ketazolam - N05BA10 | N05BA11, Prazepam - N05BA11 | N05BA12, Alprazolam | N05BA14, Pinazepam - N05BA14 | N05BA19, Etizolam - N05BA19 | N05BA21, Clotiazepam - N05BA21 | N05BA49, Delorazepam | N05BB01, Idrossizina | N05BC01, Meprobamato - N05BC01 | N05BE01, Buspirone - N05BE01 | N05CD01, Flurazepam | N05CD02, Nitrazepam - N05CD02 | N05CD03, Flunitrazepam | N05CD04, Estazolam - N05CD04 | N05CD05, Triazolam | N05CD06, Lormetazepam - N05CD06 | N05CD07, Temazepam | N05CD08, Midazolam | N05CD09, Brotizolam | N05CD10, Quazepam - N05CD10 | N05CD49, No";NA
sp_drugs_3;NA;NA;NA;Non mappata;NA;NA;NA
drugs4;NA;NA;NA;Non mappata;NA;"9999999, Altro | C03AA03, Idroclorotiazide conf. non sup. a 30 cp. | C03BA04, Clortalidone | C03BA08, Metolazone - C03BA08 | C03BA11, Indapamide | C03BA13, Fenquizone - C03BA13 | C03CA01, Furosemide | C03CA03, Piretanide - C03CA03 | C03CA04, Torasemide | C03CC01, Acido etacrinico | C03DA01, Spironolattone | C03DA02, Potassio canreonato | C03DA03, Canrenone | C03DB02, Triamterene - C03DB02 + Furosemide | C03EA01, Idroclorotiazide + amiloride | C03EA14, Potassio canrenoato/butizide | C03EB01, Furosemide/spironolattone | C04AD02, Xantinolo Nicotinato - C04AD02 | C04AD03, Pentossifillina | C04AE02, Nicergolina - C04AE02 | C04AE04, Diidroergocristina - C04AE04 | C04AX07, Vincamina - C04AX07 | C04AX13, Piribedil - C04AX13 | C04AX20, Buflomedil - C04AX20 | C04AX21, Naftidrofurile - C04AX21 | C04AX49, Raubasina - C04AX49 | C05AA01, Idrocortisone + Lidocaina + Alluminio acetato basico + Zinco ossido | C05CA03, Diosmina - C05CA03 | C05CA04, Troxerutina - C05CA04 | C05CA49, Mirtillina - C05CA49 | C05CX, Escina | C07AA03, Pindololo - C07AA03 | C07AA05, Propranololo | C07AA06, Timololo - C07AA06 | C07AA07, Sotalolo | C07AA12, Nadololo - C07AA12 | C07AA49, Indenololo - C07AA49 | C07AB02, Metoprololo | C07AB03, Atenololo | C07AB04, Acebutololo - C07AB04 | C07AB05, Betaxololo - C07AB05 | C07AB07, Bisoprololo - C07AB07 | C07AB08, Celiprololo - C07AB08 | C07AB12, Nebivololo - C07AB12 | C07AG01, Labetalolo | C07AG02, Carvedilolo | C07BB07, Bisoprololo/Idroclorotiazide | C07CA02, Oxprenololo - C07CA02 + Clortalidone | C07CB02, Metoprololo/clortalidone | C07CB03, Atenololo/clortalidone | C08CA01, Amlodipina | C08CA02, Felodipina | C08CA03, Isradipina - C08CA03 | C08CA04, Nicardipina - C08CA04 | C08CA05, Nifedipina | C08CA06, Nimodipina | C08CA07, Nisoldipina - C08CA07 | C08CA08, Nitrendipina - C08CA08 | C08CA09, Lacidipina - C08CA09 | C08CA11, Manidipina - C08CA11 | C08CA12, Barnidipina | C08CA13, Lercanidipina - C08CA13 | C08DA01, Verapamil | C08DA02, Gallopamil - C08DA02 | C08DB01, Diltiazem | C09AA01, Captopril | C09AA02, Enalapril | C09AA03, Lisinopril | C09AA04, Perindopril | C09AA05, Ramipril | C09AA06, Quinapril - C09AA06 | C09AA07, Benazepril - C09AA07 | C09AA08, Cilazapril - C09AA08 | C09AA09, Fosinopril | C09AA10, Trandolapril - C09AA10 | C09AA11, Spirapril - C09AA11 | C09AA12, Delapril - C09AA12 | C09AA13, Moexipril - C09AA13 | C09AA15, Zofenopril - C09AA15 | C09BA01, Captopril/idroclorotiazide | C09BA02, Enalapril/idroclorotiazide | C09BA03, Lisinopril/idroclorotiazide | C09BA04, Perindopril erbumina/indapamide | C09BA05, Ramipril/idroclorotiazide | C09BA06, Quinapril/idroclorotiazide | C09BA07, Benazepril/idroclorotiazide | C09BA08, Cilazapril/Idroclorotiazide | C09BA09, Fosinopril/idroclorotiazide | C09BA12, Delapril/indapamide | C09BA13, Moexipril/idroclorotiazide | C09CA01, Losartan | C09CA02, Eprosartan - C09CA02 | C09CA03, Valsartan | C09CA04, Irbesartan - C09CA04 | C09CA06, Candesartan | C09CA07, Telmisartan - C09CA07 | C09CA08, Olmesartan medoxomil | C09DA01, Losartan potassico/idroclorotiazide | C09DA03, Valsartan/idroclorotiazide | C09DA04, Irbesartan/Idroclorotiazide | C09DA06, Candesartan cilexetil/idroclorotiazide | C09DA07, Telmisartan/idroclorotiazide | C10AA01, Simvastatina | C10AA02, Lovastatina | C10AA03, Pravastatina - C10AA03 | C10AA04, Fluvastatina - C10AA04 | C10AA05, Atorvastatina | C10AA07, Rosuvastatina | C10AB02, Bezafibrato - C10AB02 | C10AB04, Gemfibrozil - C10AB04 | C10AB05, Fenofibrato - C10AB05 | C10AC01, Colestiramina | C10AC03, Detastrano - C10AC03 | C10AD06, Acipimox - C10AD06 | C10AX04, Benfluorex - C10AX04 | C10AX05, Meglutolo - C10AX05 | B01AC11, Iloprost | B01AC13, Abciximab | B01AC16, Intrifiban o eptifibatide | B01AC17, Tirofiban | B01AC18, Triflusal - B01AC18 | B01AC49, Sulfinpirazone - B01AC49 | B01AD02, Alteplasi | B01AD04, Urochinasi | B01AX01, Defibrotide | B02AA01, Acido aminocaproico - B02AA01 | B02AA02, Acido tranexamico | B02AB03, C1-Inibitore (proteina del plasma umano antiangioedema) | B02AB49, Gabexato mesilato | B02BA01, Fitomenadione | B02BA49, Menadiolo - B02BA49 | B02BB01, Fibrinogeno umano liofilizzato | B02BC10, Fibrina colla - Fibrinogeno umano | B02BD, """"Complesso protrombinico umano"""": fattore II, fattore IX, fattore X di coagulazione in associazione | B02BD02, Fattore VIII di coagulazione - da biotecnologia | B02BD03, Complesso protrombinico antiemofilico umano attivato | B02BD04, Fattore IX di coagulazione - da sangue umano liofilizzato | B02BD05, Fattore VII di coagulazione - da sangue umano liofilizzato | B02BD08, Fattore VII di coagulazione da DNA ricombinante | B02BD09, Nonacog alfa (fattore IX di coagulazione, ricombinante) | B02BX01, Etamsilato - B02BX01 | B02BX02, Carbazocromo - B02BX02 | B03A, Ferro - B03A | B03AA03, Ferroso gluconato | B03AA07, Ferroso solfato | B03AB, Ferromaltoso | B03AB49, Ferrigluconato sodico | B03AC, Ferromaltoso | B03AC49, Ferrimaltoso | B03BA01, Cianocobalamina - B03BA01 | B03BA03, Idrossicobalamina | B03BB01, Acido folico | B03XA01, Epoetina a | B03XA02, Darbepoetina | B05AA01, Albumina umana soluzione 20% | B05AA02, Plasma fresco congelato virus inattivato | B05AA06, Poligelina | B05AA07, Etamido o poli ( 0-2-idrossietil ) amido | B05BA01, Aminoacidi | B05BA02, Olio di soia/lecitina d'uovo | B05BA03, Glucosio (destrosio) | B05BA04, Proteina idrolisata | B05BA10, Miscele binarie per NPT:                                                                                                                         Aminoacidi + glucosio  (+ elettroliti) | B05BB01, Sodio cloruro | B05BB02, Glucosio (destrosio)/sodio cloruro/potassio acetato/magnesio acetato | B05BB03, Trometamolo | B05BC01, Mannitolo | B05CB10, Macrogol 4.000 + sali minerali | B05XA06, Magnesio solfato - 10% | B05XA07, Calcio cloruro | B05XA30, Oligoelementi multipli: Cromo cloruro + rame cloruro + ferrico cloruro + manganese cloruro + potassio ioduro + sodio molibdato + sodio selenito + zinco cloruro | B05XB02, Alaglumina o alanilglutamina - 20% | B05XC, Complesso di vitamine idrosolubili | B06AA11, Bromelaina - B06AA11 | B06AA49, Serrapepatsi | C01AA05, Digossina | C01AA08, Metildigossina | C01AC49, Strofantina K | C01BA, Diidrochinidina | C01BA01, Chinidina | C01BA03, Disopiramide | C01BA49, Diidrochinidina - C01BA49 | C01BB02, Mexiletina | C01BC03, Propafenone | C01BC04, Flecainide | C01BD01, Amiodarone | C01CA01, Etilefrina - C01CA01 | C01CA02, Isoproterenolo | C01CA03, Noradrenalina   bitartrato conf. non sup. a 10 fiale | C01CA04, Dopamina | C01CA07, Dobutamina | C01CA08, Sinefrina (o oxedrina tartrato) | C01CA16, Ibopamina | C01CA17, Midodrina | C01CA24, Adrenalina (epinefrina) | C01CX08, Levosimendan | C01DA02, Nitroglicerina | C01DA05, Pentaeritritile tetranitrato - C01DA05 | C01DA08, Isosorbide dinitrato | C01DA14, Isosorbide mononitrato | C01DA38, Tenitramina | C01DX08, Eptaminolo - C01DX08 | C01DX11, Trapidil - C01DX11 | C01EA01, Alprostadil | C01EB07, Levulosio 1,6 difosfato | C01EB09, Ubidecarenone - C01EB09 | C01EB10, Adenosina | C01EB15, Trimetazidina - C01EB15 | C02AB01, Metildopa | C02AC01, Clonidina | C02AC05, Moxonidina | C02CA, Terazosina | C02CA04, Doxazosina | C02CA06, Urapidil | C02CA49, Terazosina | C02DA01, Diazossido | C02DB04, Cadralazina - C02DB04 | C02DC01, Minoxidil - C02DC01 | C02DD01, Nitroprussiato di sodio o nitroprussido | C02KA49, Diidroergotossina - C02KA49 | C02KD01, Ketanserina - C02KD01 | C02LA01, Reserpina - C02LA01 + clortalidone | A01AB09, Miconazolo | A01AD02, Benzidamina | A02AA04, Magnesio Idrossido - A02AA04 | A02AB02, Algedrato | A02AB03, Alluminio fosfato colloidale - A02AB03 | A02AD01, Magnesio idrossido + alluminio idrossido | A02AD02, Magaldrato anidro - A02AD02 | A02BA01, Cimetidina - A02BA01 | A02BA02, Ranitidina | A02BA03, Famotidina - A02BA03 | A02BA04, Nizatidina | A02BA06, Roxatidina - A02BA06 | A02BB01, Misoprostolo - A02BB01 | A02BC01, Omeprazolo | A02BC02, Pantoprazolo | A02BC03, Lansoprazolo - A02BC03 | A02BC04, Rabeprazolo - A02BC04 | A02BC05, Esomeprazolo | A02BCO3, Lansoprazolo | A02BX02, Sucralfato | A02BX03, Pirenzepina - A02BX03 | A02BX05, Biskalammonio | A02BX06, Proglumide - A02BX06 | A02BX08, Sulglicotide - A02BX08 | A02BX13, Acido alginico - A02BX13 + Algedrato A02AB02 | A02DA01, Dimeticone | A03AA, Pipetanato etobromuro | A03AA04, Mebeverina - A03AA04 | A03AA05, Trimebutina | A03AA06, Rociverina | A03AA49, Pipetanato etobromuro- A03AA49 | A03AB06, Otilonio bromuro - A03AB06 | A03AB18, Prifinio bromuro - A03AB18 | A03AC05, Tiropramide - A03AC05 | A03AD01, Papaverina | A03AX04, Pinaverio - A03AX04 | A03AX07, Proxazolo - A03AX07 | A03AX12, Floroglucinolo - A03AX12 | A03AX13, Simeticone- A03AX13 | A03AX49, Fluoroglucinolo | A03BA01, Atropina solfato | A03BB01, Butilscopolamina bromuro | A03BB05, Cimetropio bromuro | A03CA02, Clidinio bromuro - A03CA02 + clordiazepossido | A03CA34, Propantelina bromuro - A03CA34 + Bromazepam | A03CB49, Octatropina metilbromuro - A03CB49 + Diazepam | A03FA, Levosulpiride | A03FA01, Metoclopramide | A03FA03, Domperidone | A03FA04, Bromopride - A03FA04 | A03FA05, Alizapride | A03FA06, Clebopride - A03FA06 | A03FA49, Levosulpiride | A04AA01, Ondansetron | A04AA02, Granisetron | A04AA03, Tropisetron | A04AA04, Dolasetron | A04AD01, Scopolamina - A04AD01 | A04AD49, Dimenidrinato - A04AD49 | A05AA, Acido chenoursodesossicolico | A05AA02, Acido ursodesossicolico | A05AA49, Acido chenursodesossicolico - A05AA49 | A05AX02, Imecromone - A05AX02 | A05BA03, Silimarina - A05BA03 | A05BA06, Ornitina ossoglurato - A05BA06 | A05BA49, Cogalattoisomerasi - A05BA49 | A05BA99, Arginina - A05BA99 | A06AB02, Bisacodil - A06AB02 | A06AB06, Glicosidi della Senna | A06AB07, Cascara - A06AB07 | A06AC08, Policarbofil - A06AC08 | A06AD11, Lattulosio | A06AD12, Lattitolo - A06AD12 | A07AA02, Nistatina | A07AA06, Paronomicina | A07AA07, Amfotericina B | A07AA09, Vancomicina - A07AA09 | A07AA10, Colistina - A07AA10 | A07AA11, Rifaximina | A07AA51, Bacitracina + neomicina | A07AC01, Miconazolo - A07AC01 -J02AB01 | A07AX03, Nifuroxazide - A07AX03 | A07BA01, Carbone - A07BA01 | A07BC05, Diosmectide - A07BC05 | A07BC54, Attapulgite - A07BC54 + Algedrato A02AB02 | A07DA03, Loperamide | A07EA02, Idrocortisone | A07EA06, Budesonide | A07EA07, Beclometasone | A07EB01, Acido cromoglicico - A07EB01 | A07EC, Paraminosalicilato | A07EC01, Sulfasalazina - A07EC01 | A07EC02, Mesalazina | A07EC03, Olsalazina - A07EC03 | A07EC04, Balsalazide - A07EC04 | A07FA01, Fermenti lattici | A07FA49, Vaccino subtilico o bacillus subtilis | A08AA10, Sibutramina - A08AA10 | A08AB01, Orlistat - A08AB01 | A09AA02, Pancrelipasi | A09AA04, Tilattasi - A09AA04 | A09AA49, Lisozima - A09AA49 | A09AB02, Betaina - A09AB02 | A10A, Insulina A553- A10A | A10AB01, Insulina umana | A10AB04, Insulina lispro | A10AB05, Insulina aspart | A10AB06, Insulina glulisina | A10AC01, Insulina umana isofano | A10AD01, Insulina umana + insulina umana isofano | A10AD04, Insulina lispro da DNA ricombinante | A10AD05, Insulina aspart | A10AE01, Insulina-zinco umana HM  sospensione cristallina | A10AE04, Insulina glargine | A10BA02, Metformina | A10BB, Gliciclamide | A10BB01, Glibenclamide | A10BB02, Clorpropamide - A10BB02 | A10BB07, Glipizide - A10BB07 | A10BB08, Gliquidone - A10BB08 | A10BB09, Gliclazide | A10BB12, Glimepiride - A10BB12 | A10BB49, Glisolamide - A10BB49 | A10BD01, Fenformina +  Glibenclamide | A10BD02, Metformina + Clorpropamide | A10BD03, Rosiglitazone/metformina | A10BF01, Acarbosio - A10BF01 | A10BG02, Rosiglitazone maleato | A10BG03, Pioglitazone | A10BX02, Repaglinide - A10BX02 | A11BA, Complesso polivitaminico, contenente almeno: tiamina - riboflavina - piridossina - ac. ascorbico - retinolo - alfatocoferolo - nicotinamide. | A11C, Alfacalcidolo - A11C | A11CA01, Retinolo - A11CA01 | A11CB, Retinolo + colecalciferolo | A11CC01, Ergocalciferolo | A11CC02, Diidrotachisterolo | A11CC03, Alfacalcidolo | A11CC04, Calcitriolo | A11CC05, Colecalciferolo - A11CC05 | A11CC06, Calcifediolo | A11DA, Tiamina - A11DA | A11DB, Vitamina B1 + vitamina B6  + vitamina B12 | A11EB, Complesso vitaminico B+ vitam.C senza vitamina D | A11GA01, Acido ascorbico  (vitamina C) | A11HA02, Piridossina (vit. B6) | A11HA03, Tocoferolo acetato, alfa | A11HA30, Dexpantenolo | A12AA03, Calcio gluconato - 10% | A12AA04, Calcio Carbonato | A12AA07, Calcio cloruro - 10% | A12AA20, Calcio lattogluconato + calcio carbonato | A12AX, Calcio carbonato/colecalciferolo | A12BA01, Potassio cloruro | A13A, Arginina | A14AB01, Nandrolone - A14AB01 | A16AA01, L- Propionil carnitina | A16AB02, Imuglucerasi | A16AX03, Sodiofenilbutirrato | B01AA03, Warfarin | B01AA07, Acenocumarolo | B01AB01, Eparina calcica | B01AB02, Antitrombina III | B01AB04, Dalteperina - B01AB04 | B01AB05, Enoxaparina sodica | B01AB06, Nadroparina calcica | B01AB07, Parnaparina sodica | B01AB08, Reviparina sodica | B01AB11, Sulodexide - B01AB11 | B01AB12, Bemiparina | B01AB49, Eparan solfato - B01AB49 | B01AC02, Cloricromene - B01AC02 | B01AC03, Picotamide - B01AC03 | B01AC04, Clopidogrel | B01AC05, Ticlopidina | B01AC06, Acido acetilsalicilico | B01AC07, Dipiridamolo - B01AC07 | B01AC09, Epoprostenolo | B01AC10, Indobufene | C10AX06, Omega polienoici (esteri etilici di acidi grassi polinsaturi) | C10AX49, Fosfatidilcolina | C10BA02, Simvastatina/Ezetimibe | D01AC01, Clotrimazolo | D01AC02, Miconazolo | D01AC03, Econazolo | D01AC08, Ketoconazolo | D01BA01, Griseofulvina - D01BA01 | D01BA02, Terbinafina - D01BA02 | D03AX05, Acido ialuronico (sale sodico) | D03AX49, Triticum volgare estratto acquoso +  fenossetolo | D03BA52, Collagenasi + cloramfenicolo | D04AA49, Desclorfeniramina | D04AB04, Benzocaina + alcol benzilico + cloroxilenolo | D05AX02, Calcipotriolo | D05AX03, Calcitriolo | D05AX04, Tacalcitolo | D05AX05, Tazarotene | D05BA02, Metoxsalene - D05BA02 | D05BB02, Acitretina - D05BB02 | D06AA02, Clortetraciclina cloridrato | D06AX02, Cloramfenicolo | D06AX07, Gentamicina | D06BA01, Sulfadiazina argentica | D06BA51, Sulfadiazina argentica + acido ialuronico(sale sodico) | D06BB03, Aciclovyr | D06BB10, Imiquimod | D07AB01, Clobetasone | D07AB02, Idrocortisone butirrato | D07AB04, Fluocortin | D07AB09, Triamcinolone | D07AB10, Alclometasone | D07AB19, Desametasone | D07AC01, Betametasone | D07AC03, Desossimetasone | D07AC04, Fluocinolone acetonide | D07AC05, Fluocortolone pivalato/fluocortolone caproato | D07AC06, Diflucortolone | D07AC08, Fluocinonide | D07AC09, Budesonide | D07AC13, Mometasone | D07AC14, Metilprednisolone aceponato | D07AC15, Beclometasone | D07AC17, Fluticasone | D07AC18, Prednicarbato | D07AD01, Clobetasolo | D07AD02, Alcinonide | D07XC01, Betametasone + Acido salicilico | D08AE03, Fenolo/glicerolo | D10AD01, Tretinoina - D10AD01 - L01XX14 | D10BA01, Isotretinoina - D10BA01 | G01AA09, Mepartricina - G01AA09 | G01AA49, Meclociclina | G01AA99, Tirotricina  + nitrofural | G01AF01, Metronidazolo | G01AF02, Clotrimazolo - G01AF02 | G01AF05, Econazolo | G01AF06, Econazolo - G01AF06 | G01AF07, Econazolo - G01AF07 | G01AF08, Econazolo - G01AF08 | G01AF09, Econazolo - G01AF09 | G01AF10, Econazolo - G01AF10 | G01AF11, Econazolo - G01AF11 | G01AF12, Econazolo - G01AF12 | G01AF13, Econazolo - G01AF13 | G01AF14, Econazolo - G01AF14 | G01AF49, Sertaconazolo - G01AF49 | G01AX03, Policresulene - G01AX03 | G01AX05, Nifuratel  - G01AX05 | G01AX11, Povidone-iodio - G01AX11 | G01AX12, Ciclopirox - G01AX12 | G02AB01, Metilergometrina | G02AD02, Dinoprostone | G02AD03, Gemeprost | G02AD05, Sulprostone | G02CA01, Ritodrina | G02CA49, Isoxuprina | G02CB01, Bromocriptina - G02CB01 | G02CB03, Cabergolina | G02CB05, Metergolina | G02CX01, Atosiban | G03AA07, Etinilestradiolo/levonorgestrel | G03AA09, Desogestrel + etinilestradiolo | G03AA10, Gestodene + etinilestradiolo | G03AB03, Etinilestradiolo/levonorgestrel | G03AB06, Gestodene + etinilestradiolo | G03AC03, Levonorgestrel - (dispositivo intrauterino) | G03AC09, Desogestrel - G03AC09 | G03BA03, Testosterone - G03BA03 | G03BB01, Mesterolone - G03BB01 | G03CA01, Etinilestradiolo | G03CA03, Estradiolo - G03CA03 | G03CA04, Estriolo - G03CA04 | G03CA09, Promestriene | G03CA57, Estrogeni coniugati | G03DA02, Medrossiprogesterone - G03DA02 | G03DA03, Idrossiprogesterone - G03DA03 | G03DA04, Progesterone | G03DB01, Didrogesterone - G03DB01 | G03DB03, Medrogestone - G03DB03 | G03DB04, Nomegestrolo - G03DB04 | G03DC02, Noretisterone - G03DC02 | G03DC05, Tibolone - G03DC05 | G03FA01, Estradiolo emiidrato/noretisterone | G03FB, Estradiolo/nomegestrolo | G03FB05, Estradiolo/noretisterone | G03FB08, Estradiolo/didrogesterone | G03FB09, Estradiolo emiidrato/levonorgestrel | G03FB11, Estradiolo emiidrato/trimegestone | G03GA01, Gonadotropina corionica - G03GA01 | G03GA02, Menotropina  (hFSH + hLH) | G03GA04, Urofollitropina  (hFSH + hLH) | G03GA05, Follitropina a- ricombinante | G03GA06, Follitropina b- ricombinante | G03GA07, Lutropina alfa - G03GA07 | G03GB01, Ciclofenil - G03GB01 | G03GB02, Clomifene citrato - G03GB02 | G03HA01, Ciproterone acetato - G03HA01 | G03HB01, Ciproterone/etinilestradiolo | G03XA01, Danazolo - G03XA01 | G03XA02, Gestrinone - G03XA02 | G03XC01, Raloxifene | G04AB03, Acido pipemidico | G04AG49, Fosfomicina | G04BD02, Flavoxato - G04BD02 | G04BD04, Oxibutinina - G04BD04 | G04BD07, Tolterodina - G04BD07 | G04BE01, Alprostadil | G04BX49, Lidocaina cloridrato | G04CA, Doxazosin | G04CA01, Alfuzosina | G04CA02, Tamsulosin | G04CA03, Terazosina | G04CB01, Finasteride | G04CB02, Dutasteride | H01AA02, Tetracosactide | H01AC01, Somatropina - DNA ricomb. da cellule di mammifero   - liofilizzato | H01BA02, Desmopressina | H01BA04, Terlipressina acetato idrato | H01BB01, Demoxitocina | H01BB02, Ossitocina | H01CA01, Gonadorelina - H01CA01 | H01CB01, Somatostatina | H01CB02, Octreotide | H01CB03, Lanreotide - H01CB03 | H01CC01, Ganirelix - H01CC01 | H01CC02, Cetrorelix - H01CC02 | H02AA03, Desossicortone - H02AA03 | H02AB01, Betametasone | H02AB02, Desametasone | H02AB03, Fluocortolone - H02AB03 | H02AB04, Metilprednisolone / lidocaina | H02AB06, Prednisolone - H02AB06 | H02AB07, Prednisone | H02AB08, Triamcinolone - H02AB08 | H02AB09, Idrocortisone | H02AB10, Cortisone | H02AB13, Deflazacort | H03AA01, Levotiroxina sodica | H03AA02, Liotironina sodica - H03AA02 | H03BB02, Tiamazolo | H03BC01, Potassio perclorato - H03BC01 | H04AA01, Glucagone | H05AA02, Teriparatide | H05B01, Calcitonina - H05B01 | H05B04, Elcatonina - H05B04 | H05BA01, Calcitonina (sintetica di salmone) | J01AA02, Doxiciclina | J01AA03, Clortetraciclina  - J01AA03 | J01AA04, Limeciclina - J01AA04 | J01AA05, Metaciclina - J01AA05 | J01AA07, Tetraciclina conf. non sup. a 20 cp. | J01AA08, Minociclina | J01BA01, Cloramfenicolo | J01BA02, Tiamfenicolo | J01CA01, Ampicillina | J01CA04, Amoxicillina | J01CA06, Bacampicillina - J01CA06 | J01CA10, Mezlocillina - J01CA10 | J01CA12, Piperacillina | J01CE01, Benzilpenicillina potassica | J01CE08, Benzilpenicillina benzatinica | J01CF04, Oxacillina - J01CF04 | J01CF05, Flucloxacillina | J01CR, Acido clavulanico - J01CR | J01CR01, Ampicillina + sulbactam | J01CR02, Amoxicillina + acido clavulanico | J01CR03, Ticarcillina - J01CR03 + acido clavulanico | J01CR04, Acido clavulanico - J01CR + Amoxicillina J01CA04 | J01CR05, Piperacillina + Tazobactam | J01DA01, Cefalexina - J01DA01 | J01DA03, Cefalotina - J01DA03 | J01DA04, Cefazolina | J01DA05, Cefoxitina - J01DA05 | J01DA06, Cefuroxima - J01DA06 | J01DA07, Cefamandolo - J01DA07 | J01DA08, Cefaclor | J01DA09, Cefadroxill - J01DA09 | J01DA10, Cefotaxima | J01DA11, Ceftazidima | J01DA13, Ceftriaxone | J01DA14, Cefotetan | J01DA17, Cefonicid | J01DA21, Cefatrizina - J01DA21 | J01DA22, Ceftizoxima | J01DA23, Cefixima | J01DA24, Cefepime | J01DA25, Cefodizima - J01DA25 | J01DA31, Cefradina - J01DA31 | J01DA32, Cefoperazone | J01DA33, Cefpodoxima - J01DA33 | J01DA36, Ceftexolo - J01DA36 | J01DA39, Ceftibuten - J01DA39 | J01DA40, Cefmetazolo - J01DA40 | J01DA41, Cefprozil - J01DA41 | J01DB01, Cefalexina | J01DB03, Cefalotina | J01DB04, Cefazolina | J01DB05, Cefadroxil | J01DB07, Cefatrizina | J01DB09, Cefradina | J01DB12, Ceftezolo | J01DC01, Cefoxitina | J01DC02, Cefuroxima | J01DC03, Cefamandolo | J01DC04, Cefacloro | J01DC06, Cefonicid | J01DC09, Cefmetazolo | J01DC10, Cefprozil | J01DD01, Cefotaxima | J01DD02, Ceftazidima | J01DD04, Ceftriaxone | J01DD07, Ceftizoxima | J01DD08, Cefixima | J01DD09, Cefodizima | J01DD12, Cefoperazone | J01DD13, Cefpodoxima | J01DD14, Ceftibuten | J01DE01, Cefepime | J01DF01, Aztreonam | J01DH02, Meropenem | J01DH51, Imipenem + cilastatina | J01EC02, Sulfadiazina conf. non sup. a 20 cp. | J01EE01, Sulfametossazolo + trimetoprim | J01FA01, Eritromicina | J01FA02, Spiramicina | J01FA03, Midecamicina - J01FA03 | J01FA06, Roxitromicina - J01FA06 | J01FA07, Josamicina - J01FA07 | J01FA08, Troleandromicina - J01FA08 | J01FA09, Claritromicina | J01FA10, Azitromicina | J01FA11, Miocamicina - J01FA11 | J01FA12, Rokitamicina - J01FA12 | J01FA14, Fluritromicina - J01FA14 | J01FA15, Telitromicina | J01FF01, Clindamicina | J01FF02, Lincomicina | J01FG02, Quinupristin 150 mg + Dalfopristin  350 mg | J01GA01, Streptomicina solfato | J01GB01, Tobramicina | J01GB03, Gentamicina | J01GB06, Amikacina | J01GB07, Netilmicina | J01MA01, Ofloxacina - J01MA01 | J01MA02, Ciprofloxacina | J01MA03, Pefloxacina | J01MA04, Enoxacina - J01MA04 | J01MA06, Norfloxacina | J01MA07, Lomefloxacina - J01MA07 | J01MA10, Rufloxacina - J01MA10 | J01MA12, Levofloxacina | J01MA14, Moxifloxacina | J01MA17, Prulifloxacina | J01MB02, Acido nalidixico - J01MB02 | J01MB03, Acido piromidico - J01MB03 | J01MB04, Acido pipemidico - J01MB04 | J01MB06, Cinoxacina - J01MB06 | J01XA01, Vancomicina | J01XA02, Teicoplanina | J01XB01, Colistina  o colistimetato sodico | J01XD01, Metronidazolo | J01XE01, Nitrofurantoina - J01XE01 | J01XX01, Fosfomicina - J01XX01 | J01XX03, Clofoctolo - J01XX03 | J01XX04, Spectinomicina - J01XX04 | J01XX08, Linezolid | J02AA01, Amfotericina B | J02AB02, Ketoconazolo | J02AC, Voriconazolo | J02AC01, Fluconazolo | J02AC02, Itraconazolo | J02AX, Caspofungin  acetato | J02AX01, Flucitosina | J04AB02, Rifampicina | J04AB03, Rifamicina | J04AB04, Rifabutina | J04AC01, Isoniazide | J04AK01, Pirazinamide | J04AK02, Etambutolo | J04AM, Etambutolo/isoniazide/piridossina | J04AM02, Rifampicina/isoniazide | J04AM05, Isoniazide/pirazinamide/rifampicina | J05AB01, Aciclovir | J05AB04, Ribavirina | J05AB06, Ganciclovir | J05AB09, Famciclovir - J05AB09 | J05AB11, Valaciclovir - J05AB11 | J05AB12, Cidofovir | J05AB14, Valganciclovir | J05AB15, Brivudina | J05AD01, Foscarnet - J05AD01 | J05AF01, Zidovudina - J05AF01 | J05AF03, Zalcitabina - J05AF03 | J05AF05, Lamivudina | J05AH01, Zanamivir - J05AH01 | J05AX05, Inosina pranobex - J05AX05 | J06AA03, Siero contro il veleno di vipera | J06AA04, Antitossina botulinica | J06AA05, Siero contro la gangrena gassosa | J06BA02, Immunoglobuline umane ad alto titolo di IgM | J06BB01, Ig umana anti-D (Rh) | J06BB02, Ig umana tetanica | J06BB03, Ig umana antivaricella/Zoster | J06BB04, Ig umana dell' epatite B | J06BB05, Ig umana rabica | J06BB06, Ig umana rubeolica ( o antirosolia) | J06BB09, Ig umana citomegalovirica | J06BB13, Ig umana pertossica | J06BB14, Ig umana morbillica | J06BB15, Ig umana parotitica | J06BB16, Palivizumab | J07AH04, Vaccino meningococcico - J07AH04 | J07AM01, Vaccino tetanico - J07AM01 | J07AM51, Vaccino difterico + tetanico - J07AM51 | J07AN01, Vaccino tubercolosi - J07AN01 | J07AP01, Vaccino tifoideo - J07AP01 | J07AP03, Vaccino tifoideo polisaccaridico - J07AP03 | J07AX, Klebsprotina - J07AX | J07BB02, Vaccino influenza - J07BB02 | J07BC01, Vaccino epatite B - J07BC01 | J07BD5, Vaccino morbilloso-parotitico-antirosolia - J07BD5 | J07BF02, Vaccino poliomielitico os - J07BF02 | J07BF03, Vaccino poliomielitico im - J07BF03 | J07BG01, Vaccino rabico - J07BG01 | J07BJ01, Vaccino antirosolia - J07BJ01 | J07BK01, Vaccino varicelloso - J07BK01 | J4AA02, Sodio aminosalicilato - J4AA02 | L01AA01, Ciclofosfamide | L01AA02, Clorambucil - L01AA02 | L01AA03, Melfalan - L01AA03 | L01AB01, Busulfano - L01AB01 | L01AX02, Pipobromano | L01BA01, Metotrexato | L01BB02, Mercaptopurina - L01BB02 | L01BB03, Tioguanina | L01BB04, Cladribina - L01BB04 | L01BB05, Fludarabina Fosfato | L01BC02, Fluorouracile | L01BC03, Tegafur Uracile- L01BC03 | L01BC05, Gemcitabina | L01CA02, Vincristina | L01CA03, Vindesina | L01CA04, Vinorelbina | L01CB01, Etoposide | L01DB01, Doxorubicina | L01DB02, Daunorubicina - liposomiale | L01DB03, Epirubicina | L01DB06, Idarubicina - L01DB06 | L01DB07, Mitoxantrone - L01DB07 | L01DC01, Bleomicina | L01DC03, Mitomicina | L01XA01, Cisplatino soluz. Pronta | L01XA02, Carboplatino soluz. Pronta | L01XB01, Procarbazina - L01XB01 | L01XD02, Verteporfina | L01XX028, Imatinib mesilato | L01XX05, Idroxicarbamide ( o Idrossiurea) | L01XX07, Lonidamina - L01XX07 | L01XX09, Miltefosina | L01XX11, Estramustina | L01XX14, Tretinoina | L01XX19, Irinotecan | L02AA03, Etinilestradiolo | L02AB01, Megestrolo | L02AB02, Medrossiprogesterone | L02AE01, Buserelina | L02AE02, Leuprorelina | L02AE03, Goserelina | L02AE04, Triptorelina | L02BA01, Tamoxifene - L02BA01 | L02BA02, Toremifene | L02BB01, Flutamide | L02BB03, Bicalutamide | L02BG01, Aminoglutetimide - L02BG01 | L02BG03, Anastrozolo | L02BG04, Letrozolo | L02BG06, Exemestane | L03AA02, Filgrastim (G-CSF) | L03AA03, Molgramostim (Gm-CSF) | L03AA10, Lenogastrim  (RhuG-CSF) | L03AA13, Pegfilgrastim | L03AB01, Interferone alfa-naturale - (n 3 leucocitario) | L03AB02, Interferone beta naturale - L03AB02 | L03AB03, Interferone gamma 1b | L03AB04, Interferone alfa 2a - L03AB04 | L03AB05, Interferone alfa-2b - ricombinante | L03AB06, Interferone alfa n1 - L03AB06 | L03AB07, Interferone beta 1a - L03AB07 | L03AB08, Interferone beta 1b - L03AB08 | L03AB09, Interferone alfacon 1 - L03AB09 | L03AB10, Interferone alfa 2b - pegilato | L03AB11, Peginterferone alfa-2A | L03AX03, Bacillo di Calmette e Guerin  (BCG) | L03AX05, Pidotimod - L03AX05 | L03AX09, Timopentina - L03AX09 | L03AX13, Glatiramer | L04AA01, Ciclosporina - L04AA01 | L04AA05, Tacrolimus | L04AA06, Acido micofenolico - (micofenolato mofetile) | L04AA10, Sirolimus - L04AA10 | L04AA12, Infliximab | L04AA13, Leflunomide - L04AA13 | L04AA18, Everolimus | L04AX01, Azatioprina | M01AB, Amtolmetina guacile | M01AB01, Indometacina | M01AB02, Sulindac - M01AB02 | M01AB05, Diclofenac | M01AB08, Etodolac - M01AB08 | M01AB10, Fentiazac | M01AB11, Acemetacina - M01AB11 | M01AB14, Proglumetacina - M01AB14 | M01AB15, Ketorolac | M01AB16, Aceclofenac | M01AB55, Diclofenac/misoprostolo | M01AC, Cinnoxicam | M01AC01, Piroxicam | M01AC02, Tenoxicam - M01AC02 | M01AC05, Lornoxicam - M01AC05 | M01AC06, Meloxicam - M01AC06 | M01AC49, Cinnoxicam - M01AC49 | M01AE01, Ibuprofene | M01AE02, Naproxene | M01AE03, Ketoprofene | M01AE09, Flurbiprofene - M01AE09 | M01AE11, Acido tiaprofenico - M01AE11 | M01AE12, Oxaprozina - M01AE12 | M01AE14, Dexibuprofene | M01AE17, Dexkeprofene - M01AE17 | M01AG01, Acido mefenamico - M01AG01 | M01AG04, Acido meclofenamico - M01AG04 | M01AH01, Celecoxib | M01AH05, Etoricoxib | M01AX01, Nabumetone - M01AX01 | M01AX02, Acido niflumico - M01AX02 + Morniflumato M01AX22 | M01AX05, Glucosamina - M01AX05 | M01AX07, Benzidamina - M01AX07 | M01AX17, Nimesulide | M01AX21, Diacereina - M01AX21 | M01AX22, Morniflumato | M01AX49, Amtolmetina guacile - M01AX49 | M01CB02, Aurotiosolfato sodico | M01CB03, Auranofin - M01CB03 | M01CC, Penicillamina - M01CC | M01CC01, Penicillamina | M02AA10, Ketoprofene | M02AC, Escina + eparina + dietilamina salicilato | M03AB01, Suxametonio cloruro | M03AC01, Pancuronio   bromuro | M03AC04, Atracurio besilato | M03AC09, Rocuronio bromuro | M03AC11, Cisatracurio  besilato | M03BX01, Baclofene | M03BX02, Tizanidina - M03BX02 | M03BX03, Pridinolo - M03BX03 | M03BX05, Tiocolchicoside | M03BX08, Ciclobenzaprina - M03BX08 | M03CA01, Dantrolene | M04AA01, Allopurinolo | M04AB01, Probenecid | M04AC01, Colchicina | M04AX, Piperazina | M04AX49, Piperazina - M04AX49 | M05B, Acido alendronico/colecalciferolo | M05BA, Sodio neridronato | M05BA01, Acido etidronico - M05BA01 | M05BA02, Acido clodronico - M05BA02 | M05BA03, Acido pamidronico | M05BA04, Acido alendronico - M05BA04 | M05BA07, Acido risedronico - M05BA07 | M05BA08, Acido zoledronico | M05BX01, Ipriflavone - M05BX01 | M05BX03, Stronzio ranelato | M09AX01, Acido ialuronico | M09AX49, Galatturoglicano - M09AX49 | N01AB06, Isoflurano | N01AB07, Desflurano | N01AB08, Sevoflurano | N01AF03, Tiopentale sodico | N01AH01, Fentanile | N01AH02, Alfentanil | N01AH03, Sufentanil | N01AH06, Remifentanil | N01AH51, Fentanil + droperidolo | N01AX01, Droperidolo | N01AX03, Ketamina | N01AX10, Propofol | N01BB01, Bupivacaina | N01BB02, Lidocaina | N01BB03, Mepivacaina | N01BB09, Ropivacaina | N01BB20, Lidocaina + Prilocaina | N01BB51, Bupivacaina + adrenalina | N01BB53, Mepivacaina + Adrenalina | N02AA, Oxicodone/ paracetamolo | N02AA01, Morfina  solfato | N02AA05, Oxicodone | N02AA59, Paracetamolo/ codeina | N02AB02, Petidina | N02AB03, Fentanil - N02AB03 | N02AC02, Metadone  cloridrato 0,1% | N02AC04, Destropropoxifene - N02AC04 | N02AD01, Pentazocina | N02AE01, Buprenorfina cloridrato | N02AG01, Morfina cloridrato/atropina solfato | N02AX02, Tramadolo | N02BA01, Acido acetilsalicilico conf. non sup. a 20 cp. | N02BA11, Diflunisal - N02BA11 | N02BA14, Guacetisal - N02BA14 | N02BA16, Imidazolo - N02BA16 | N02BB02, Metamizolo sodico (noramidopirina metansulfonato sodico) | N02BE01, Paracetamolo | N02BE05, Propacetamolo | N02BE51, Paracetamolo + codeina | N02BG05, Viminolo - N02BG05 | N02BG06, Nefopam | N02CA01, Diidroergotamina - N02CA01 | N02CA02, Ergotamina - N02CA02 | N02CA52, Ergotamina/caffeina | N02CC01, Sumatriptan - N02CC01 | N02CC03, Zolmitriptan - N02CC03 | N02CC04, Rizatriptan - N02CC04 | N02CC05, Almotriptan idrogenomalato | N02CC06, Eletriptan bromidrato | N02CC07, Frovatriptan | N02CX01, Pizotifene - N02CX01 | N03AA, Fenobarbital/calcio lattato/manganese lattato | N03AA02, Fenobarbital | N03AA03, Primidone - N03AA03 | N03AA04, Barbexaclone - N03AA04 | N03AB02, Fenitoina (o  difenilidantoina) | N03AD01, Etosuccimide | N03AE01, Clonazepam | N03AF01, Carbamazepina | N03AF02, Oxcarbazepina | N03AG01, Sodio valproato/acido valproico | N03AG02, Valpromide | N03AG04, Vigabatrina - N03AG04 | N03AG06, Tiagabina | N03AG49, Buxamina - N03AG49 | N03AX09, Lamotrigina | N03AX10, Felbamato - N03AX10 | N03AX11, Topiramato | N03AX12, Gabapentina | N03AX14, Levetiracem - N03AX14 | N03AX16, Pregabalin | N03AX49, Magnesio solfato - 10% | N04AA01, Triesifenilide - N04AA01 | N04AA02, Biperidene | N04AA03, Metixene | N04AA11, Bornaprina | N04AB02, Orfenadrina | N04BA01, Levodopa - N04BA01 | N04BA02, Levodopa + benserazide | N04BA03, Levodopa/carbidopa/entacapone | N04BA04, Melevodopa | N04BA05, Melevodopa/Carbidopa | N04BB01, Amantadina - N04BB01 | N04BC, Lisuride | N04BC01, Bromocriptina | N04BC02, Pergolide - N04BC02 | N04BC03, Diidroergocriptina - N04BC03 | N04BC04, Ropinirolo - N04BC04 | N04BC05, Pramipexolo - N04BC05 | N04BC06, Cabergolina | N04BC07, Apomorfina | N04BC49, Lisuride - N04BC49 | N04BD01, Selegilina - N04BD01 | N04BX01, Tolcapone | N04BX02, Entacapone - N04BX02 | N05AA01, Clorpromazina | N05AA02, Levomepromazina | N05AA03, Promazina | N05AB01, Dixirazina - N05AB01 | N05AB02, Flufenazina  decanoas | N05AB03, Perfenazina (enantato) | N05AB06, Trifluoperazina | N05AC01, Periciazina - N05AC01 | N05AC02, Tioridazina | N05AD01, Aloperidolo | N05AD05, Pipamperone - N05AD05 | N05AD06, Bromperidolo - N05AD06 | N05AF05, Zuclopentixolo | N05AG02, Pimozide - N05AG02 | N05AH02, Clozapina | N05AH03, Olanzapina | N05AH04, Quetiapina | N05AL01, Sulpiride | N05AL03, Tiapride | N05AL05, Amisulpiride | N05AL06, Veralipride - N05AL06 | N05AL07, Levosulpiride | N05AL49, Levosulpiride | N05AN01, Litio carbonato conf. non sup. a 100 cp. | N05AX08, Risperidone | N05AX09, Clotiapina | N05AX12, Aripiprazolo | N05BA01, Diazepam | N05BA02, Clordiazepossido - N05BA02 | N05BA04, Oxazepam - N05BA04 | N05BA05, Clorazepato dipotassico - N05BA05 | N05BA06, Lorazepam | N05BA08, Bromazepam | N05BA09, Clobazam | N05BA10, Ketazolam - N05BA10 | N05BA11, Prazepam - N05BA11 | N05BA12, Alprazolam | N05BA14, Pinazepam - N05BA14 | N05BA19, Etizolam - N05BA19 | N05BA21, Clotiazepam - N05BA21 | N05BA49, Delorazepam | N05BB01, Idrossizina | N05BC01, Meprobamato - N05BC01 | N05BE01, Buspirone - N05BE01 | N05CD01, Flurazepam | N05CD02, Nitrazepam - N05CD02 | N05CD03, Flunitrazepam | N05CD04, Estazolam - N05CD04 | N05CD05, Triazolam | N05CD06, Lormetazepam - N05CD06 | N05CD07, Temazepam | N05CD08, Midazolam | N05CD09, Brotizolam | N05CD10, Quazepam - N05CD10 | N05CD49, No";NA
sp_drugs_4;NA;NA;NA;Non mappata;NA;NA;NA
drugs5;NA;NA;NA;Non mappata;NA;"9999999, Altro | C03AA03, Idroclorotiazide conf. non sup. a 30 cp. | C03BA04, Clortalidone | C03BA08, Metolazone - C03BA08 | C03BA11, Indapamide | C03BA13, Fenquizone - C03BA13 | C03CA01, Furosemide | C03CA03, Piretanide - C03CA03 | C03CA04, Torasemide | C03CC01, Acido etacrinico | C03DA01, Spironolattone | C03DA02, Potassio canreonato | C03DA03, Canrenone | C03DB02, Triamterene - C03DB02 + Furosemide | C03EA01, Idroclorotiazide + amiloride | C03EA14, Potassio canrenoato/butizide | C03EB01, Furosemide/spironolattone | C04AD02, Xantinolo Nicotinato - C04AD02 | C04AD03, Pentossifillina | C04AE02, Nicergolina - C04AE02 | C04AE04, Diidroergocristina - C04AE04 | C04AX07, Vincamina - C04AX07 | C04AX13, Piribedil - C04AX13 | C04AX20, Buflomedil - C04AX20 | C04AX21, Naftidrofurile - C04AX21 | C04AX49, Raubasina - C04AX49 | C05AA01, Idrocortisone + Lidocaina + Alluminio acetato basico + Zinco ossido | C05CA03, Diosmina - C05CA03 | C05CA04, Troxerutina - C05CA04 | C05CA49, Mirtillina - C05CA49 | C05CX, Escina | C07AA03, Pindololo - C07AA03 | C07AA05, Propranololo | C07AA06, Timololo - C07AA06 | C07AA07, Sotalolo | C07AA12, Nadololo - C07AA12 | C07AA49, Indenololo - C07AA49 | C07AB02, Metoprololo | C07AB03, Atenololo | C07AB04, Acebutololo - C07AB04 | C07AB05, Betaxololo - C07AB05 | C07AB07, Bisoprololo - C07AB07 | C07AB08, Celiprololo - C07AB08 | C07AB12, Nebivololo - C07AB12 | C07AG01, Labetalolo | C07AG02, Carvedilolo | C07BB07, Bisoprololo/Idroclorotiazide | C07CA02, Oxprenololo - C07CA02 + Clortalidone | C07CB02, Metoprololo/clortalidone | C07CB03, Atenololo/clortalidone | C08CA01, Amlodipina | C08CA02, Felodipina | C08CA03, Isradipina - C08CA03 | C08CA04, Nicardipina - C08CA04 | C08CA05, Nifedipina | C08CA06, Nimodipina | C08CA07, Nisoldipina - C08CA07 | C08CA08, Nitrendipina - C08CA08 | C08CA09, Lacidipina - C08CA09 | C08CA11, Manidipina - C08CA11 | C08CA12, Barnidipina | C08CA13, Lercanidipina - C08CA13 | C08DA01, Verapamil | C08DA02, Gallopamil - C08DA02 | C08DB01, Diltiazem | C09AA01, Captopril | C09AA02, Enalapril | C09AA03, Lisinopril | C09AA04, Perindopril | C09AA05, Ramipril | C09AA06, Quinapril - C09AA06 | C09AA07, Benazepril - C09AA07 | C09AA08, Cilazapril - C09AA08 | C09AA09, Fosinopril | C09AA10, Trandolapril - C09AA10 | C09AA11, Spirapril - C09AA11 | C09AA12, Delapril - C09AA12 | C09AA13, Moexipril - C09AA13 | C09AA15, Zofenopril - C09AA15 | C09BA01, Captopril/idroclorotiazide | C09BA02, Enalapril/idroclorotiazide | C09BA03, Lisinopril/idroclorotiazide | C09BA04, Perindopril erbumina/indapamide | C09BA05, Ramipril/idroclorotiazide | C09BA06, Quinapril/idroclorotiazide | C09BA07, Benazepril/idroclorotiazide | C09BA08, Cilazapril/Idroclorotiazide | C09BA09, Fosinopril/idroclorotiazide | C09BA12, Delapril/indapamide | C09BA13, Moexipril/idroclorotiazide | C09CA01, Losartan | C09CA02, Eprosartan - C09CA02 | C09CA03, Valsartan | C09CA04, Irbesartan - C09CA04 | C09CA06, Candesartan | C09CA07, Telmisartan - C09CA07 | C09CA08, Olmesartan medoxomil | C09DA01, Losartan potassico/idroclorotiazide | C09DA03, Valsartan/idroclorotiazide | C09DA04, Irbesartan/Idroclorotiazide | C09DA06, Candesartan cilexetil/idroclorotiazide | C09DA07, Telmisartan/idroclorotiazide | C10AA01, Simvastatina | C10AA02, Lovastatina | C10AA03, Pravastatina - C10AA03 | C10AA04, Fluvastatina - C10AA04 | C10AA05, Atorvastatina | C10AA07, Rosuvastatina | C10AB02, Bezafibrato - C10AB02 | C10AB04, Gemfibrozil - C10AB04 | C10AB05, Fenofibrato - C10AB05 | C10AC01, Colestiramina | C10AC03, Detastrano - C10AC03 | C10AD06, Acipimox - C10AD06 | C10AX04, Benfluorex - C10AX04 | C10AX05, Meglutolo - C10AX05 | B01AC11, Iloprost | B01AC13, Abciximab | B01AC16, Intrifiban o eptifibatide | B01AC17, Tirofiban | B01AC18, Triflusal - B01AC18 | B01AC49, Sulfinpirazone - B01AC49 | B01AD02, Alteplasi | B01AD04, Urochinasi | B01AX01, Defibrotide | B02AA01, Acido aminocaproico - B02AA01 | B02AA02, Acido tranexamico | B02AB03, C1-Inibitore (proteina del plasma umano antiangioedema) | B02AB49, Gabexato mesilato | B02BA01, Fitomenadione | B02BA49, Menadiolo - B02BA49 | B02BB01, Fibrinogeno umano liofilizzato | B02BC10, Fibrina colla - Fibrinogeno umano | B02BD, """"Complesso protrombinico umano"""": fattore II, fattore IX, fattore X di coagulazione in associazione | B02BD02, Fattore VIII di coagulazione - da biotecnologia | B02BD03, Complesso protrombinico antiemofilico umano attivato | B02BD04, Fattore IX di coagulazione - da sangue umano liofilizzato | B02BD05, Fattore VII di coagulazione - da sangue umano liofilizzato | B02BD08, Fattore VII di coagulazione da DNA ricombinante | B02BD09, Nonacog alfa (fattore IX di coagulazione, ricombinante) | B02BX01, Etamsilato - B02BX01 | B02BX02, Carbazocromo - B02BX02 | B03A, Ferro - B03A | B03AA03, Ferroso gluconato | B03AA07, Ferroso solfato | B03AB, Ferromaltoso | B03AB49, Ferrigluconato sodico | B03AC, Ferromaltoso | B03AC49, Ferrimaltoso | B03BA01, Cianocobalamina - B03BA01 | B03BA03, Idrossicobalamina | B03BB01, Acido folico | B03XA01, Epoetina a | B03XA02, Darbepoetina | B05AA01, Albumina umana soluzione 20% | B05AA02, Plasma fresco congelato virus inattivato | B05AA06, Poligelina | B05AA07, Etamido o poli ( 0-2-idrossietil ) amido | B05BA01, Aminoacidi | B05BA02, Olio di soia/lecitina d'uovo | B05BA03, Glucosio (destrosio) | B05BA04, Proteina idrolisata | B05BA10, Miscele binarie per NPT:                                                                                                                         Aminoacidi + glucosio  (+ elettroliti) | B05BB01, Sodio cloruro | B05BB02, Glucosio (destrosio)/sodio cloruro/potassio acetato/magnesio acetato | B05BB03, Trometamolo | B05BC01, Mannitolo | B05CB10, Macrogol 4.000 + sali minerali | B05XA06, Magnesio solfato - 10% | B05XA07, Calcio cloruro | B05XA30, Oligoelementi multipli: Cromo cloruro + rame cloruro + ferrico cloruro + manganese cloruro + potassio ioduro + sodio molibdato + sodio selenito + zinco cloruro | B05XB02, Alaglumina o alanilglutamina - 20% | B05XC, Complesso di vitamine idrosolubili | B06AA11, Bromelaina - B06AA11 | B06AA49, Serrapepatsi | C01AA05, Digossina | C01AA08, Metildigossina | C01AC49, Strofantina K | C01BA, Diidrochinidina | C01BA01, Chinidina | C01BA03, Disopiramide | C01BA49, Diidrochinidina - C01BA49 | C01BB02, Mexiletina | C01BC03, Propafenone | C01BC04, Flecainide | C01BD01, Amiodarone | C01CA01, Etilefrina - C01CA01 | C01CA02, Isoproterenolo | C01CA03, Noradrenalina   bitartrato conf. non sup. a 10 fiale | C01CA04, Dopamina | C01CA07, Dobutamina | C01CA08, Sinefrina (o oxedrina tartrato) | C01CA16, Ibopamina | C01CA17, Midodrina | C01CA24, Adrenalina (epinefrina) | C01CX08, Levosimendan | C01DA02, Nitroglicerina | C01DA05, Pentaeritritile tetranitrato - C01DA05 | C01DA08, Isosorbide dinitrato | C01DA14, Isosorbide mononitrato | C01DA38, Tenitramina | C01DX08, Eptaminolo - C01DX08 | C01DX11, Trapidil - C01DX11 | C01EA01, Alprostadil | C01EB07, Levulosio 1,6 difosfato | C01EB09, Ubidecarenone - C01EB09 | C01EB10, Adenosina | C01EB15, Trimetazidina - C01EB15 | C02AB01, Metildopa | C02AC01, Clonidina | C02AC05, Moxonidina | C02CA, Terazosina | C02CA04, Doxazosina | C02CA06, Urapidil | C02CA49, Terazosina | C02DA01, Diazossido | C02DB04, Cadralazina - C02DB04 | C02DC01, Minoxidil - C02DC01 | C02DD01, Nitroprussiato di sodio o nitroprussido | C02KA49, Diidroergotossina - C02KA49 | C02KD01, Ketanserina - C02KD01 | C02LA01, Reserpina - C02LA01 + clortalidone | A01AB09, Miconazolo | A01AD02, Benzidamina | A02AA04, Magnesio Idrossido - A02AA04 | A02AB02, Algedrato | A02AB03, Alluminio fosfato colloidale - A02AB03 | A02AD01, Magnesio idrossido + alluminio idrossido | A02AD02, Magaldrato anidro - A02AD02 | A02BA01, Cimetidina - A02BA01 | A02BA02, Ranitidina | A02BA03, Famotidina - A02BA03 | A02BA04, Nizatidina | A02BA06, Roxatidina - A02BA06 | A02BB01, Misoprostolo - A02BB01 | A02BC01, Omeprazolo | A02BC02, Pantoprazolo | A02BC03, Lansoprazolo - A02BC03 | A02BC04, Rabeprazolo - A02BC04 | A02BC05, Esomeprazolo | A02BCO3, Lansoprazolo | A02BX02, Sucralfato | A02BX03, Pirenzepina - A02BX03 | A02BX05, Biskalammonio | A02BX06, Proglumide - A02BX06 | A02BX08, Sulglicotide - A02BX08 | A02BX13, Acido alginico - A02BX13 + Algedrato A02AB02 | A02DA01, Dimeticone | A03AA, Pipetanato etobromuro | A03AA04, Mebeverina - A03AA04 | A03AA05, Trimebutina | A03AA06, Rociverina | A03AA49, Pipetanato etobromuro- A03AA49 | A03AB06, Otilonio bromuro - A03AB06 | A03AB18, Prifinio bromuro - A03AB18 | A03AC05, Tiropramide - A03AC05 | A03AD01, Papaverina | A03AX04, Pinaverio - A03AX04 | A03AX07, Proxazolo - A03AX07 | A03AX12, Floroglucinolo - A03AX12 | A03AX13, Simeticone- A03AX13 | A03AX49, Fluoroglucinolo | A03BA01, Atropina solfato | A03BB01, Butilscopolamina bromuro | A03BB05, Cimetropio bromuro | A03CA02, Clidinio bromuro - A03CA02 + clordiazepossido | A03CA34, Propantelina bromuro - A03CA34 + Bromazepam | A03CB49, Octatropina metilbromuro - A03CB49 + Diazepam | A03FA, Levosulpiride | A03FA01, Metoclopramide | A03FA03, Domperidone | A03FA04, Bromopride - A03FA04 | A03FA05, Alizapride | A03FA06, Clebopride - A03FA06 | A03FA49, Levosulpiride | A04AA01, Ondansetron | A04AA02, Granisetron | A04AA03, Tropisetron | A04AA04, Dolasetron | A04AD01, Scopolamina - A04AD01 | A04AD49, Dimenidrinato - A04AD49 | A05AA, Acido chenoursodesossicolico | A05AA02, Acido ursodesossicolico | A05AA49, Acido chenursodesossicolico - A05AA49 | A05AX02, Imecromone - A05AX02 | A05BA03, Silimarina - A05BA03 | A05BA06, Ornitina ossoglurato - A05BA06 | A05BA49, Cogalattoisomerasi - A05BA49 | A05BA99, Arginina - A05BA99 | A06AB02, Bisacodil - A06AB02 | A06AB06, Glicosidi della Senna | A06AB07, Cascara - A06AB07 | A06AC08, Policarbofil - A06AC08 | A06AD11, Lattulosio | A06AD12, Lattitolo - A06AD12 | A07AA02, Nistatina | A07AA06, Paronomicina | A07AA07, Amfotericina B | A07AA09, Vancomicina - A07AA09 | A07AA10, Colistina - A07AA10 | A07AA11, Rifaximina | A07AA51, Bacitracina + neomicina | A07AC01, Miconazolo - A07AC01 -J02AB01 | A07AX03, Nifuroxazide - A07AX03 | A07BA01, Carbone - A07BA01 | A07BC05, Diosmectide - A07BC05 | A07BC54, Attapulgite - A07BC54 + Algedrato A02AB02 | A07DA03, Loperamide | A07EA02, Idrocortisone | A07EA06, Budesonide | A07EA07, Beclometasone | A07EB01, Acido cromoglicico - A07EB01 | A07EC, Paraminosalicilato | A07EC01, Sulfasalazina - A07EC01 | A07EC02, Mesalazina | A07EC03, Olsalazina - A07EC03 | A07EC04, Balsalazide - A07EC04 | A07FA01, Fermenti lattici | A07FA49, Vaccino subtilico o bacillus subtilis | A08AA10, Sibutramina - A08AA10 | A08AB01, Orlistat - A08AB01 | A09AA02, Pancrelipasi | A09AA04, Tilattasi - A09AA04 | A09AA49, Lisozima - A09AA49 | A09AB02, Betaina - A09AB02 | A10A, Insulina A553- A10A | A10AB01, Insulina umana | A10AB04, Insulina lispro | A10AB05, Insulina aspart | A10AB06, Insulina glulisina | A10AC01, Insulina umana isofano | A10AD01, Insulina umana + insulina umana isofano | A10AD04, Insulina lispro da DNA ricombinante | A10AD05, Insulina aspart | A10AE01, Insulina-zinco umana HM  sospensione cristallina | A10AE04, Insulina glargine | A10BA02, Metformina | A10BB, Gliciclamide | A10BB01, Glibenclamide | A10BB02, Clorpropamide - A10BB02 | A10BB07, Glipizide - A10BB07 | A10BB08, Gliquidone - A10BB08 | A10BB09, Gliclazide | A10BB12, Glimepiride - A10BB12 | A10BB49, Glisolamide - A10BB49 | A10BD01, Fenformina +  Glibenclamide | A10BD02, Metformina + Clorpropamide | A10BD03, Rosiglitazone/metformina | A10BF01, Acarbosio - A10BF01 | A10BG02, Rosiglitazone maleato | A10BG03, Pioglitazone | A10BX02, Repaglinide - A10BX02 | A11BA, Complesso polivitaminico, contenente almeno: tiamina - riboflavina - piridossina - ac. ascorbico - retinolo - alfatocoferolo - nicotinamide. | A11C, Alfacalcidolo - A11C | A11CA01, Retinolo - A11CA01 | A11CB, Retinolo + colecalciferolo | A11CC01, Ergocalciferolo | A11CC02, Diidrotachisterolo | A11CC03, Alfacalcidolo | A11CC04, Calcitriolo | A11CC05, Colecalciferolo - A11CC05 | A11CC06, Calcifediolo | A11DA, Tiamina - A11DA | A11DB, Vitamina B1 + vitamina B6  + vitamina B12 | A11EB, Complesso vitaminico B+ vitam.C senza vitamina D | A11GA01, Acido ascorbico  (vitamina C) | A11HA02, Piridossina (vit. B6) | A11HA03, Tocoferolo acetato, alfa | A11HA30, Dexpantenolo | A12AA03, Calcio gluconato - 10% | A12AA04, Calcio Carbonato | A12AA07, Calcio cloruro - 10% | A12AA20, Calcio lattogluconato + calcio carbonato | A12AX, Calcio carbonato/colecalciferolo | A12BA01, Potassio cloruro | A13A, Arginina | A14AB01, Nandrolone - A14AB01 | A16AA01, L- Propionil carnitina | A16AB02, Imuglucerasi | A16AX03, Sodiofenilbutirrato | B01AA03, Warfarin | B01AA07, Acenocumarolo | B01AB01, Eparina calcica | B01AB02, Antitrombina III | B01AB04, Dalteperina - B01AB04 | B01AB05, Enoxaparina sodica | B01AB06, Nadroparina calcica | B01AB07, Parnaparina sodica | B01AB08, Reviparina sodica | B01AB11, Sulodexide - B01AB11 | B01AB12, Bemiparina | B01AB49, Eparan solfato - B01AB49 | B01AC02, Cloricromene - B01AC02 | B01AC03, Picotamide - B01AC03 | B01AC04, Clopidogrel | B01AC05, Ticlopidina | B01AC06, Acido acetilsalicilico | B01AC07, Dipiridamolo - B01AC07 | B01AC09, Epoprostenolo | B01AC10, Indobufene | C10AX06, Omega polienoici (esteri etilici di acidi grassi polinsaturi) | C10AX49, Fosfatidilcolina | C10BA02, Simvastatina/Ezetimibe | D01AC01, Clotrimazolo | D01AC02, Miconazolo | D01AC03, Econazolo | D01AC08, Ketoconazolo | D01BA01, Griseofulvina - D01BA01 | D01BA02, Terbinafina - D01BA02 | D03AX05, Acido ialuronico (sale sodico) | D03AX49, Triticum volgare estratto acquoso +  fenossetolo | D03BA52, Collagenasi + cloramfenicolo | D04AA49, Desclorfeniramina | D04AB04, Benzocaina + alcol benzilico + cloroxilenolo | D05AX02, Calcipotriolo | D05AX03, Calcitriolo | D05AX04, Tacalcitolo | D05AX05, Tazarotene | D05BA02, Metoxsalene - D05BA02 | D05BB02, Acitretina - D05BB02 | D06AA02, Clortetraciclina cloridrato | D06AX02, Cloramfenicolo | D06AX07, Gentamicina | D06BA01, Sulfadiazina argentica | D06BA51, Sulfadiazina argentica + acido ialuronico(sale sodico) | D06BB03, Aciclovyr | D06BB10, Imiquimod | D07AB01, Clobetasone | D07AB02, Idrocortisone butirrato | D07AB04, Fluocortin | D07AB09, Triamcinolone | D07AB10, Alclometasone | D07AB19, Desametasone | D07AC01, Betametasone | D07AC03, Desossimetasone | D07AC04, Fluocinolone acetonide | D07AC05, Fluocortolone pivalato/fluocortolone caproato | D07AC06, Diflucortolone | D07AC08, Fluocinonide | D07AC09, Budesonide | D07AC13, Mometasone | D07AC14, Metilprednisolone aceponato | D07AC15, Beclometasone | D07AC17, Fluticasone | D07AC18, Prednicarbato | D07AD01, Clobetasolo | D07AD02, Alcinonide | D07XC01, Betametasone + Acido salicilico | D08AE03, Fenolo/glicerolo | D10AD01, Tretinoina - D10AD01 - L01XX14 | D10BA01, Isotretinoina - D10BA01 | G01AA09, Mepartricina - G01AA09 | G01AA49, Meclociclina | G01AA99, Tirotricina  + nitrofural | G01AF01, Metronidazolo | G01AF02, Clotrimazolo - G01AF02 | G01AF05, Econazolo | G01AF06, Econazolo - G01AF06 | G01AF07, Econazolo - G01AF07 | G01AF08, Econazolo - G01AF08 | G01AF09, Econazolo - G01AF09 | G01AF10, Econazolo - G01AF10 | G01AF11, Econazolo - G01AF11 | G01AF12, Econazolo - G01AF12 | G01AF13, Econazolo - G01AF13 | G01AF14, Econazolo - G01AF14 | G01AF49, Sertaconazolo - G01AF49 | G01AX03, Policresulene - G01AX03 | G01AX05, Nifuratel  - G01AX05 | G01AX11, Povidone-iodio - G01AX11 | G01AX12, Ciclopirox - G01AX12 | G02AB01, Metilergometrina | G02AD02, Dinoprostone | G02AD03, Gemeprost | G02AD05, Sulprostone | G02CA01, Ritodrina | G02CA49, Isoxuprina | G02CB01, Bromocriptina - G02CB01 | G02CB03, Cabergolina | G02CB05, Metergolina | G02CX01, Atosiban | G03AA07, Etinilestradiolo/levonorgestrel | G03AA09, Desogestrel + etinilestradiolo | G03AA10, Gestodene + etinilestradiolo | G03AB03, Etinilestradiolo/levonorgestrel | G03AB06, Gestodene + etinilestradiolo | G03AC03, Levonorgestrel - (dispositivo intrauterino) | G03AC09, Desogestrel - G03AC09 | G03BA03, Testosterone - G03BA03 | G03BB01, Mesterolone - G03BB01 | G03CA01, Etinilestradiolo | G03CA03, Estradiolo - G03CA03 | G03CA04, Estriolo - G03CA04 | G03CA09, Promestriene | G03CA57, Estrogeni coniugati | G03DA02, Medrossiprogesterone - G03DA02 | G03DA03, Idrossiprogesterone - G03DA03 | G03DA04, Progesterone | G03DB01, Didrogesterone - G03DB01 | G03DB03, Medrogestone - G03DB03 | G03DB04, Nomegestrolo - G03DB04 | G03DC02, Noretisterone - G03DC02 | G03DC05, Tibolone - G03DC05 | G03FA01, Estradiolo emiidrato/noretisterone | G03FB, Estradiolo/nomegestrolo | G03FB05, Estradiolo/noretisterone | G03FB08, Estradiolo/didrogesterone | G03FB09, Estradiolo emiidrato/levonorgestrel | G03FB11, Estradiolo emiidrato/trimegestone | G03GA01, Gonadotropina corionica - G03GA01 | G03GA02, Menotropina  (hFSH + hLH) | G03GA04, Urofollitropina  (hFSH + hLH) | G03GA05, Follitropina a- ricombinante | G03GA06, Follitropina b- ricombinante | G03GA07, Lutropina alfa - G03GA07 | G03GB01, Ciclofenil - G03GB01 | G03GB02, Clomifene citrato - G03GB02 | G03HA01, Ciproterone acetato - G03HA01 | G03HB01, Ciproterone/etinilestradiolo | G03XA01, Danazolo - G03XA01 | G03XA02, Gestrinone - G03XA02 | G03XC01, Raloxifene | G04AB03, Acido pipemidico | G04AG49, Fosfomicina | G04BD02, Flavoxato - G04BD02 | G04BD04, Oxibutinina - G04BD04 | G04BD07, Tolterodina - G04BD07 | G04BE01, Alprostadil | G04BX49, Lidocaina cloridrato | G04CA, Doxazosin | G04CA01, Alfuzosina | G04CA02, Tamsulosin | G04CA03, Terazosina | G04CB01, Finasteride | G04CB02, Dutasteride | H01AA02, Tetracosactide | H01AC01, Somatropina - DNA ricomb. da cellule di mammifero   - liofilizzato | H01BA02, Desmopressina | H01BA04, Terlipressina acetato idrato | H01BB01, Demoxitocina | H01BB02, Ossitocina | H01CA01, Gonadorelina - H01CA01 | H01CB01, Somatostatina | H01CB02, Octreotide | H01CB03, Lanreotide - H01CB03 | H01CC01, Ganirelix - H01CC01 | H01CC02, Cetrorelix - H01CC02 | H02AA03, Desossicortone - H02AA03 | H02AB01, Betametasone | H02AB02, Desametasone | H02AB03, Fluocortolone - H02AB03 | H02AB04, Metilprednisolone / lidocaina | H02AB06, Prednisolone - H02AB06 | H02AB07, Prednisone | H02AB08, Triamcinolone - H02AB08 | H02AB09, Idrocortisone | H02AB10, Cortisone | H02AB13, Deflazacort | H03AA01, Levotiroxina sodica | H03AA02, Liotironina sodica - H03AA02 | H03BB02, Tiamazolo | H03BC01, Potassio perclorato - H03BC01 | H04AA01, Glucagone | H05AA02, Teriparatide | H05B01, Calcitonina - H05B01 | H05B04, Elcatonina - H05B04 | H05BA01, Calcitonina (sintetica di salmone) | J01AA02, Doxiciclina | J01AA03, Clortetraciclina  - J01AA03 | J01AA04, Limeciclina - J01AA04 | J01AA05, Metaciclina - J01AA05 | J01AA07, Tetraciclina conf. non sup. a 20 cp. | J01AA08, Minociclina | J01BA01, Cloramfenicolo | J01BA02, Tiamfenicolo | J01CA01, Ampicillina | J01CA04, Amoxicillina | J01CA06, Bacampicillina - J01CA06 | J01CA10, Mezlocillina - J01CA10 | J01CA12, Piperacillina | J01CE01, Benzilpenicillina potassica | J01CE08, Benzilpenicillina benzatinica | J01CF04, Oxacillina - J01CF04 | J01CF05, Flucloxacillina | J01CR, Acido clavulanico - J01CR | J01CR01, Ampicillina + sulbactam | J01CR02, Amoxicillina + acido clavulanico | J01CR03, Ticarcillina - J01CR03 + acido clavulanico | J01CR04, Acido clavulanico - J01CR + Amoxicillina J01CA04 | J01CR05, Piperacillina + Tazobactam | J01DA01, Cefalexina - J01DA01 | J01DA03, Cefalotina - J01DA03 | J01DA04, Cefazolina | J01DA05, Cefoxitina - J01DA05 | J01DA06, Cefuroxima - J01DA06 | J01DA07, Cefamandolo - J01DA07 | J01DA08, Cefaclor | J01DA09, Cefadroxill - J01DA09 | J01DA10, Cefotaxima | J01DA11, Ceftazidima | J01DA13, Ceftriaxone | J01DA14, Cefotetan | J01DA17, Cefonicid | J01DA21, Cefatrizina - J01DA21 | J01DA22, Ceftizoxima | J01DA23, Cefixima | J01DA24, Cefepime | J01DA25, Cefodizima - J01DA25 | J01DA31, Cefradina - J01DA31 | J01DA32, Cefoperazone | J01DA33, Cefpodoxima - J01DA33 | J01DA36, Ceftexolo - J01DA36 | J01DA39, Ceftibuten - J01DA39 | J01DA40, Cefmetazolo - J01DA40 | J01DA41, Cefprozil - J01DA41 | J01DB01, Cefalexina | J01DB03, Cefalotina | J01DB04, Cefazolina | J01DB05, Cefadroxil | J01DB07, Cefatrizina | J01DB09, Cefradina | J01DB12, Ceftezolo | J01DC01, Cefoxitina | J01DC02, Cefuroxima | J01DC03, Cefamandolo | J01DC04, Cefacloro | J01DC06, Cefonicid | J01DC09, Cefmetazolo | J01DC10, Cefprozil | J01DD01, Cefotaxima | J01DD02, Ceftazidima | J01DD04, Ceftriaxone | J01DD07, Ceftizoxima | J01DD08, Cefixima | J01DD09, Cefodizima | J01DD12, Cefoperazone | J01DD13, Cefpodoxima | J01DD14, Ceftibuten | J01DE01, Cefepime | J01DF01, Aztreonam | J01DH02, Meropenem | J01DH51, Imipenem + cilastatina | J01EC02, Sulfadiazina conf. non sup. a 20 cp. | J01EE01, Sulfametossazolo + trimetoprim | J01FA01, Eritromicina | J01FA02, Spiramicina | J01FA03, Midecamicina - J01FA03 | J01FA06, Roxitromicina - J01FA06 | J01FA07, Josamicina - J01FA07 | J01FA08, Troleandromicina - J01FA08 | J01FA09, Claritromicina | J01FA10, Azitromicina | J01FA11, Miocamicina - J01FA11 | J01FA12, Rokitamicina - J01FA12 | J01FA14, Fluritromicina - J01FA14 | J01FA15, Telitromicina | J01FF01, Clindamicina | J01FF02, Lincomicina | J01FG02, Quinupristin 150 mg + Dalfopristin  350 mg | J01GA01, Streptomicina solfato | J01GB01, Tobramicina | J01GB03, Gentamicina | J01GB06, Amikacina | J01GB07, Netilmicina | J01MA01, Ofloxacina - J01MA01 | J01MA02, Ciprofloxacina | J01MA03, Pefloxacina | J01MA04, Enoxacina - J01MA04 | J01MA06, Norfloxacina | J01MA07, Lomefloxacina - J01MA07 | J01MA10, Rufloxacina - J01MA10 | J01MA12, Levofloxacina | J01MA14, Moxifloxacina | J01MA17, Prulifloxacina | J01MB02, Acido nalidixico - J01MB02 | J01MB03, Acido piromidico - J01MB03 | J01MB04, Acido pipemidico - J01MB04 | J01MB06, Cinoxacina - J01MB06 | J01XA01, Vancomicina | J01XA02, Teicoplanina | J01XB01, Colistina  o colistimetato sodico | J01XD01, Metronidazolo | J01XE01, Nitrofurantoina - J01XE01 | J01XX01, Fosfomicina - J01XX01 | J01XX03, Clofoctolo - J01XX03 | J01XX04, Spectinomicina - J01XX04 | J01XX08, Linezolid | J02AA01, Amfotericina B | J02AB02, Ketoconazolo | J02AC, Voriconazolo | J02AC01, Fluconazolo | J02AC02, Itraconazolo | J02AX, Caspofungin  acetato | J02AX01, Flucitosina | J04AB02, Rifampicina | J04AB03, Rifamicina | J04AB04, Rifabutina | J04AC01, Isoniazide | J04AK01, Pirazinamide | J04AK02, Etambutolo | J04AM, Etambutolo/isoniazide/piridossina | J04AM02, Rifampicina/isoniazide | J04AM05, Isoniazide/pirazinamide/rifampicina | J05AB01, Aciclovir | J05AB04, Ribavirina | J05AB06, Ganciclovir | J05AB09, Famciclovir - J05AB09 | J05AB11, Valaciclovir - J05AB11 | J05AB12, Cidofovir | J05AB14, Valganciclovir | J05AB15, Brivudina | J05AD01, Foscarnet - J05AD01 | J05AF01, Zidovudina - J05AF01 | J05AF03, Zalcitabina - J05AF03 | J05AF05, Lamivudina | J05AH01, Zanamivir - J05AH01 | J05AX05, Inosina pranobex - J05AX05 | J06AA03, Siero contro il veleno di vipera | J06AA04, Antitossina botulinica | J06AA05, Siero contro la gangrena gassosa | J06BA02, Immunoglobuline umane ad alto titolo di IgM | J06BB01, Ig umana anti-D (Rh) | J06BB02, Ig umana tetanica | J06BB03, Ig umana antivaricella/Zoster | J06BB04, Ig umana dell' epatite B | J06BB05, Ig umana rabica | J06BB06, Ig umana rubeolica ( o antirosolia) | J06BB09, Ig umana citomegalovirica | J06BB13, Ig umana pertossica | J06BB14, Ig umana morbillica | J06BB15, Ig umana parotitica | J06BB16, Palivizumab | J07AH04, Vaccino meningococcico - J07AH04 | J07AM01, Vaccino tetanico - J07AM01 | J07AM51, Vaccino difterico + tetanico - J07AM51 | J07AN01, Vaccino tubercolosi - J07AN01 | J07AP01, Vaccino tifoideo - J07AP01 | J07AP03, Vaccino tifoideo polisaccaridico - J07AP03 | J07AX, Klebsprotina - J07AX | J07BB02, Vaccino influenza - J07BB02 | J07BC01, Vaccino epatite B - J07BC01 | J07BD5, Vaccino morbilloso-parotitico-antirosolia - J07BD5 | J07BF02, Vaccino poliomielitico os - J07BF02 | J07BF03, Vaccino poliomielitico im - J07BF03 | J07BG01, Vaccino rabico - J07BG01 | J07BJ01, Vaccino antirosolia - J07BJ01 | J07BK01, Vaccino varicelloso - J07BK01 | J4AA02, Sodio aminosalicilato - J4AA02 | L01AA01, Ciclofosfamide | L01AA02, Clorambucil - L01AA02 | L01AA03, Melfalan - L01AA03 | L01AB01, Busulfano - L01AB01 | L01AX02, Pipobromano | L01BA01, Metotrexato | L01BB02, Mercaptopurina - L01BB02 | L01BB03, Tioguanina | L01BB04, Cladribina - L01BB04 | L01BB05, Fludarabina Fosfato | L01BC02, Fluorouracile | L01BC03, Tegafur Uracile- L01BC03 | L01BC05, Gemcitabina | L01CA02, Vincristina | L01CA03, Vindesina | L01CA04, Vinorelbina | L01CB01, Etoposide | L01DB01, Doxorubicina | L01DB02, Daunorubicina - liposomiale | L01DB03, Epirubicina | L01DB06, Idarubicina - L01DB06 | L01DB07, Mitoxantrone - L01DB07 | L01DC01, Bleomicina | L01DC03, Mitomicina | L01XA01, Cisplatino soluz. Pronta | L01XA02, Carboplatino soluz. Pronta | L01XB01, Procarbazina - L01XB01 | L01XD02, Verteporfina | L01XX028, Imatinib mesilato | L01XX05, Idroxicarbamide ( o Idrossiurea) | L01XX07, Lonidamina - L01XX07 | L01XX09, Miltefosina | L01XX11, Estramustina | L01XX14, Tretinoina | L01XX19, Irinotecan | L02AA03, Etinilestradiolo | L02AB01, Megestrolo | L02AB02, Medrossiprogesterone | L02AE01, Buserelina | L02AE02, Leuprorelina | L02AE03, Goserelina | L02AE04, Triptorelina | L02BA01, Tamoxifene - L02BA01 | L02BA02, Toremifene | L02BB01, Flutamide | L02BB03, Bicalutamide | L02BG01, Aminoglutetimide - L02BG01 | L02BG03, Anastrozolo | L02BG04, Letrozolo | L02BG06, Exemestane | L03AA02, Filgrastim (G-CSF) | L03AA03, Molgramostim (Gm-CSF) | L03AA10, Lenogastrim  (RhuG-CSF) | L03AA13, Pegfilgrastim | L03AB01, Interferone alfa-naturale - (n 3 leucocitario) | L03AB02, Interferone beta naturale - L03AB02 | L03AB03, Interferone gamma 1b | L03AB04, Interferone alfa 2a - L03AB04 | L03AB05, Interferone alfa-2b - ricombinante | L03AB06, Interferone alfa n1 - L03AB06 | L03AB07, Interferone beta 1a - L03AB07 | L03AB08, Interferone beta 1b - L03AB08 | L03AB09, Interferone alfacon 1 - L03AB09 | L03AB10, Interferone alfa 2b - pegilato | L03AB11, Peginterferone alfa-2A | L03AX03, Bacillo di Calmette e Guerin  (BCG) | L03AX05, Pidotimod - L03AX05 | L03AX09, Timopentina - L03AX09 | L03AX13, Glatiramer | L04AA01, Ciclosporina - L04AA01 | L04AA05, Tacrolimus | L04AA06, Acido micofenolico - (micofenolato mofetile) | L04AA10, Sirolimus - L04AA10 | L04AA12, Infliximab | L04AA13, Leflunomide - L04AA13 | L04AA18, Everolimus | L04AX01, Azatioprina | M01AB, Amtolmetina guacile | M01AB01, Indometacina | M01AB02, Sulindac - M01AB02 | M01AB05, Diclofenac | M01AB08, Etodolac - M01AB08 | M01AB10, Fentiazac | M01AB11, Acemetacina - M01AB11 | M01AB14, Proglumetacina - M01AB14 | M01AB15, Ketorolac | M01AB16, Aceclofenac | M01AB55, Diclofenac/misoprostolo | M01AC, Cinnoxicam | M01AC01, Piroxicam | M01AC02, Tenoxicam - M01AC02 | M01AC05, Lornoxicam - M01AC05 | M01AC06, Meloxicam - M01AC06 | M01AC49, Cinnoxicam - M01AC49 | M01AE01, Ibuprofene | M01AE02, Naproxene | M01AE03, Ketoprofene | M01AE09, Flurbiprofene - M01AE09 | M01AE11, Acido tiaprofenico - M01AE11 | M01AE12, Oxaprozina - M01AE12 | M01AE14, Dexibuprofene | M01AE17, Dexkeprofene - M01AE17 | M01AG01, Acido mefenamico - M01AG01 | M01AG04, Acido meclofenamico - M01AG04 | M01AH01, Celecoxib | M01AH05, Etoricoxib | M01AX01, Nabumetone - M01AX01 | M01AX02, Acido niflumico - M01AX02 + Morniflumato M01AX22 | M01AX05, Glucosamina - M01AX05 | M01AX07, Benzidamina - M01AX07 | M01AX17, Nimesulide | M01AX21, Diacereina - M01AX21 | M01AX22, Morniflumato | M01AX49, Amtolmetina guacile - M01AX49 | M01CB02, Aurotiosolfato sodico | M01CB03, Auranofin - M01CB03 | M01CC, Penicillamina - M01CC | M01CC01, Penicillamina | M02AA10, Ketoprofene | M02AC, Escina + eparina + dietilamina salicilato | M03AB01, Suxametonio cloruro | M03AC01, Pancuronio   bromuro | M03AC04, Atracurio besilato | M03AC09, Rocuronio bromuro | M03AC11, Cisatracurio  besilato | M03BX01, Baclofene | M03BX02, Tizanidina - M03BX02 | M03BX03, Pridinolo - M03BX03 | M03BX05, Tiocolchicoside | M03BX08, Ciclobenzaprina - M03BX08 | M03CA01, Dantrolene | M04AA01, Allopurinolo | M04AB01, Probenecid | M04AC01, Colchicina | M04AX, Piperazina | M04AX49, Piperazina - M04AX49 | M05B, Acido alendronico/colecalciferolo | M05BA, Sodio neridronato | M05BA01, Acido etidronico - M05BA01 | M05BA02, Acido clodronico - M05BA02 | M05BA03, Acido pamidronico | M05BA04, Acido alendronico - M05BA04 | M05BA07, Acido risedronico - M05BA07 | M05BA08, Acido zoledronico | M05BX01, Ipriflavone - M05BX01 | M05BX03, Stronzio ranelato | M09AX01, Acido ialuronico | M09AX49, Galatturoglicano - M09AX49 | N01AB06, Isoflurano | N01AB07, Desflurano | N01AB08, Sevoflurano | N01AF03, Tiopentale sodico | N01AH01, Fentanile | N01AH02, Alfentanil | N01AH03, Sufentanil | N01AH06, Remifentanil | N01AH51, Fentanil + droperidolo | N01AX01, Droperidolo | N01AX03, Ketamina | N01AX10, Propofol | N01BB01, Bupivacaina | N01BB02, Lidocaina | N01BB03, Mepivacaina | N01BB09, Ropivacaina | N01BB20, Lidocaina + Prilocaina | N01BB51, Bupivacaina + adrenalina | N01BB53, Mepivacaina + Adrenalina | N02AA, Oxicodone/ paracetamolo | N02AA01, Morfina  solfato | N02AA05, Oxicodone | N02AA59, Paracetamolo/ codeina | N02AB02, Petidina | N02AB03, Fentanil - N02AB03 | N02AC02, Metadone  cloridrato 0,1% | N02AC04, Destropropoxifene - N02AC04 | N02AD01, Pentazocina | N02AE01, Buprenorfina cloridrato | N02AG01, Morfina cloridrato/atropina solfato | N02AX02, Tramadolo | N02BA01, Acido acetilsalicilico conf. non sup. a 20 cp. | N02BA11, Diflunisal - N02BA11 | N02BA14, Guacetisal - N02BA14 | N02BA16, Imidazolo - N02BA16 | N02BB02, Metamizolo sodico (noramidopirina metansulfonato sodico) | N02BE01, Paracetamolo | N02BE05, Propacetamolo | N02BE51, Paracetamolo + codeina | N02BG05, Viminolo - N02BG05 | N02BG06, Nefopam | N02CA01, Diidroergotamina - N02CA01 | N02CA02, Ergotamina - N02CA02 | N02CA52, Ergotamina/caffeina | N02CC01, Sumatriptan - N02CC01 | N02CC03, Zolmitriptan - N02CC03 | N02CC04, Rizatriptan - N02CC04 | N02CC05, Almotriptan idrogenomalato | N02CC06, Eletriptan bromidrato | N02CC07, Frovatriptan | N02CX01, Pizotifene - N02CX01 | N03AA, Fenobarbital/calcio lattato/manganese lattato | N03AA02, Fenobarbital | N03AA03, Primidone - N03AA03 | N03AA04, Barbexaclone - N03AA04 | N03AB02, Fenitoina (o  difenilidantoina) | N03AD01, Etosuccimide | N03AE01, Clonazepam | N03AF01, Carbamazepina | N03AF02, Oxcarbazepina | N03AG01, Sodio valproato/acido valproico | N03AG02, Valpromide | N03AG04, Vigabatrina - N03AG04 | N03AG06, Tiagabina | N03AG49, Buxamina - N03AG49 | N03AX09, Lamotrigina | N03AX10, Felbamato - N03AX10 | N03AX11, Topiramato | N03AX12, Gabapentina | N03AX14, Levetiracem - N03AX14 | N03AX16, Pregabalin | N03AX49, Magnesio solfato - 10% | N04AA01, Triesifenilide - N04AA01 | N04AA02, Biperidene | N04AA03, Metixene | N04AA11, Bornaprina | N04AB02, Orfenadrina | N04BA01, Levodopa - N04BA01 | N04BA02, Levodopa + benserazide | N04BA03, Levodopa/carbidopa/entacapone | N04BA04, Melevodopa | N04BA05, Melevodopa/Carbidopa | N04BB01, Amantadina - N04BB01 | N04BC, Lisuride | N04BC01, Bromocriptina | N04BC02, Pergolide - N04BC02 | N04BC03, Diidroergocriptina - N04BC03 | N04BC04, Ropinirolo - N04BC04 | N04BC05, Pramipexolo - N04BC05 | N04BC06, Cabergolina | N04BC07, Apomorfina | N04BC49, Lisuride - N04BC49 | N04BD01, Selegilina - N04BD01 | N04BX01, Tolcapone | N04BX02, Entacapone - N04BX02 | N05AA01, Clorpromazina | N05AA02, Levomepromazina | N05AA03, Promazina | N05AB01, Dixirazina - N05AB01 | N05AB02, Flufenazina  decanoas | N05AB03, Perfenazina (enantato) | N05AB06, Trifluoperazina | N05AC01, Periciazina - N05AC01 | N05AC02, Tioridazina | N05AD01, Aloperidolo | N05AD05, Pipamperone - N05AD05 | N05AD06, Bromperidolo - N05AD06 | N05AF05, Zuclopentixolo | N05AG02, Pimozide - N05AG02 | N05AH02, Clozapina | N05AH03, Olanzapina | N05AH04, Quetiapina | N05AL01, Sulpiride | N05AL03, Tiapride | N05AL05, Amisulpiride | N05AL06, Veralipride - N05AL06 | N05AL07, Levosulpiride | N05AL49, Levosulpiride | N05AN01, Litio carbonato conf. non sup. a 100 cp. | N05AX08, Risperidone | N05AX09, Clotiapina | N05AX12, Aripiprazolo | N05BA01, Diazepam | N05BA02, Clordiazepossido - N05BA02 | N05BA04, Oxazepam - N05BA04 | N05BA05, Clorazepato dipotassico - N05BA05 | N05BA06, Lorazepam | N05BA08, Bromazepam | N05BA09, Clobazam | N05BA10, Ketazolam - N05BA10 | N05BA11, Prazepam - N05BA11 | N05BA12, Alprazolam | N05BA14, Pinazepam - N05BA14 | N05BA19, Etizolam - N05BA19 | N05BA21, Clotiazepam - N05BA21 | N05BA49, Delorazepam | N05BB01, Idrossizina | N05BC01, Meprobamato - N05BC01 | N05BE01, Buspirone - N05BE01 | N05CD01, Flurazepam | N05CD02, Nitrazepam - N05CD02 | N05CD03, Flunitrazepam | N05CD04, Estazolam - N05CD04 | N05CD05, Triazolam | N05CD06, Lormetazepam - N05CD06 | N05CD07, Temazepam | N05CD08, Midazolam | N05CD09, Brotizolam | N05CD10, Quazepam - N05CD10 | N05CD49, No";NA
sp_drugs_5;NA;NA;NA;Non mappata;NA;NA;NA
inf_cov_test;NA;NA;NA;Non mappata;NA;0, No test | 1, Test positive 1st trimester | 2, Test positive 2nd trimester | 3, Test positive 3rd trimester | 4, Test negative | 9, Not known if tested or test result not known;NA
imm_cov_test;NA;NA;NA;Non mappata;NA;0, No test | 1, Test positive 1st trimester | 2, Test positive 2nd trimester | 3, Test positive 3rd trimester | 4, Test negative | 9, Not known if tested or test result not known;NA
oth_cov_test;NA;NA;NA;Non mappata;NA;0, No test | 1, Test positive 1st trimester | 2, Test positive 2nd trimester | 3, Test positive 3rd trimester | 4, Test negative | 9, Not known if tested or test result not known;NA
sp_oth_cov_test;NA;NA;NA;Non mappata;NA;NA;NA
start_cov;NA;NA;NA;Non mappata;NA;NA;NA
cov_severity;NA;NA;NA;Non mappata;NA;0, Asymptomatic | 1, Treated at home | 2, Hospitalised no ICU | 3, Hospitalised in ICU | 9, Not known;NA
sp_consang;NA;NA;NA;Non mappata;NA;NA;NA
sp_sibanom;NA;NA;NA;Non mappata;NA;NA;NA
prevsib;NA;NA;NA;Non mappata;NA;1, Yes | 2, No | 9, Not known;NA
sib1;NA;NA;NA;Non mappata;NA;NA;NA
sib2;NA;NA;NA;Non mappata;NA;NA;NA
sib3;NA;NA;NA;Non mappata;NA;NA;NA
sp_moanom;NA;NA;NA;Non mappata;NA;NA;NA
sp_faanom;NA;NA;NA;Non mappata;NA;NA;NA
migrant;NA;NA;NA;Non mappata;NA;1, Mother migrated from outside EU during pregnancy | 2, Mother migrated from outside EU during adult life (from age 18) | 3, Mother not a migrant as defined in 1 or 2 | 4, Other (specify in text) | 9, Not known;NA
genrem;NA;NA;NA;Non mappata;NA;NA;NA
lung_neo;NA;NA;NA;Non mappata;NA;NA;NA
pre_sa;NA;NA;NA;Non mappata;NA;NA;NA
pre_topfa;NA;NA;NA;Non mappata;NA;NA;NA
pre_live;NA;NA;NA;Non mappata;NA;NA;NA
pre_still;NA;NA;NA;Non mappata;NA;NA;NA
mo_alcohol;NA;NA;NA;Non mappata;NA;NA;NA
cedap_linked;cedap_linked;NA;NA;Non mappata;SDO;NA;NA
NA;COD_STAB;NA;NA;Non mappata;CedAP;NA;NA
NA;COD_RG;NA;NA;Non mappata;SDO;NA;NA
NA;AA_SDO;NA;NA;Non mappata;SDO;NA;NA
NA;PROG_SDO;NA;NA;Non mappata;SDO;NA;NA
NA;SDO_MADRE;NA;NA;Non mappata;CedAP;NA;NA
NA;AA_DIM;NA;NA;Non mappata;SDO;NA;NA
NA;COD_AZI;NA;NA;Non mappata;SDO;NA;NA
NA;dt_amm;NA;NA;Non mappata;SDO;NA;NA
NA;dt_dim;NA;NA;Non mappata;SDO;NA;NA
NA;COD_DISD;NA;NA;Non mappata;SDO;NA;NA
NA;DRG_RG;NA;NA;Non mappata;SDO;NA;NA
NA;TIPO_DRG;NA;NA;Non mappata;SDO;NA;NA
NA;ETA;NA;NA;Non mappata;SDO;NA;NA
NA;ETA_GG;NA;NA;Non mappata;SDO;NA;NA
NA;GG_DEG;NA;NA;Non mappata;SDO;NA;NA
NA;GG_DEGOP;NA;NA;Non mappata;SDO;NA;NA
NA;MOD_DIM;NA;NA;Non mappata;SDO;NA;NA
NA;MPR;NA;NA;Non mappata;SDO;NA;NA
NA;FLAG_PAT;NA;NA;Non mappata;SDO;NA;NA
NA;PROV_RES;NA;NA;Non mappata;SDO;NA;NA
NA;REGIME_R;NA;NA;Non mappata;SDO;NA;NA
NA;SUB_COD;NA;NA;Non mappata;SDO;NA;NA
NA;prog_paz_m;NA;NA;Non mappata;CedAP;NA;NA
NA;interv1;NA;NA;Non mappata;SDO;NA;NA
NA;interv2;NA;NA;Non mappata;SDO;NA;NA
NA;interv3;NA;NA;Non mappata;SDO;NA;NA
NA;interv4;NA;NA;Non mappata;SDO;NA;NA
NA;interv5;NA;NA;Non mappata;SDO;NA;NA
NA;interv6;NA;NA;Non mappata;SDO;NA;NA
NA;interv7;NA;NA;Non mappata;SDO;NA;NA
NA;interv8;NA;NA;Non mappata;SDO;NA;NA
NA;interv9;NA;NA;Non mappata;SDO;NA;NA
NA;interv10;NA;NA;Non mappata;SDO;NA;NA
NA;interv11;NA;NA;Non mappata;SDO;NA;NA
NA;ospedale;NA;NA;Non mappata;SDO;NA;NA
NA;cohort;NA;NA;Non mappata;SDO;NA;NA
NA;daysAfterDelivery;NA;NA;Non mappata;SDO;NA;NA
NA;validated;NA;NA;Non mappata;SDO;NA;NA
NA;validation_type;NA;NA;Non mappata;SDO;NA;NA
NA;violazione_filtro;NA;NA;Non mappata;SDO;NA;NA
NA;malformazione_tipo;NA;NA;Non mappata;SDO;NA;NA
NA;score;NA;NA;Non mappata;SDO;NA;NA
NA;Genere_del_parto;NA;NA;Non mappata;CedAP;NA;NA
NA;data_nascita_padre;NA;NA;Non mappata;CedAP;NA;NA
NA;STATO_CIVILE_MADRE;NA;NA;Non mappata;CedAP;NA;NA
NA;ECOGRAFIA_OLTRE22SETTIMANE;NA;NA;Non mappata;CedAP;NA;NA
NA;FETOSCOPIA;NA;NA;Non mappata;CedAP;NA;NA
NA;VILLOCENTESI;NA;NA;Non mappata;CedAP;NA;NA
NA;AMNIOCENTESI;NA;NA;Non mappata;CedAP;NA;NA
NA;TEST_COMBINATO;NA;NA;Non mappata;CedAP;NA;NA
NA;NUMERO_ECOGRAFIE;NA;NA;Non mappata;CedAP;NA;NA
NA;PESO_MADRE_AL_PARTO;NA;NA;Non mappata;CedAP;NA;NA
NA;PESO_MADRE_PREGRAVIDICO;NA;NA;Non mappata;CedAP;NA;NA
NA;ALTEZZA_MADRE;NA;NA;Non mappata;CedAP;NA;NA
NA;MALFORMAZIONI_MADRE;NA;NA;Non mappata;CedAP;NA;NA
NA;MALFORMAZIONI_PADRE;NA;NA;Non mappata;CedAP;NA;NA
NA;MALFORMAZIONI_GENITORI_MADRE;NA;NA;Non mappata;CedAP;NA;NA
NA;MALFORMAZIONI_GENITORI_PADRE;NA;NA;Non mappata;CedAP;NA;NA
NA;TITOLO_DI_STUDIO_PADRE;NA;NA;Non mappata;CedAP;NA;NA
NA;datemo;NA;NA;Non mappata;NA;NA;NA
