Icd;lab_pat;DescrIntervento;CodInterv;Filler
7529;ANOMALIE NON SPECIFICATE DEGLI ORGANI GENITALI;ORCHIECTOMIA MONOLATERALE;623;
74923;PALATOSCHISI CON LABIOSCHISI BILATERALE, COMPLETA;TRASFERIMENTO DI INNESTO PEDUNCOLATO A LEMBO IN ALTRE SEDI;8674;
22801;EMANGIOMA DELLA CUTE E DEL TESSUTO SOTTOCUTANEO;ALTRA ASPORTAZIONE DI TESSUTI MOLLI;8349;
22801;EMANGIOMA DELLA CUTE E DEL TESSUTO SOTTOCUTANEO;ASPORTAZIONE RADICALE DI LESIONE DELLA CUTE;864;
2281;LINFANGIOMA, OGNI SEDE;ASPORTAZIONE SEMPLICE DI ALTRE STRUTTURE LINFATICHE;4029;
3314;IDROCEFALO OSTRUTTIVO;ALTRA ASPORTAZIONE O DEMOLIZIONE DI LESIONE O TESSUTO CEREBRALE;0159;
3314;IDROCEFALO OSTRUTTIVO;ALTRA CRANIECTOMIA;0125;
3314;IDROCEFALO OSTRUTTIVO;ALTRA CRANIOTOMIA;0124;
3314;IDROCEFALO OSTRUTTIVO;ALTRA OCCLUSIONE CHIRURGICA DI ALTRI VASI TORACICI;3885;
3314;IDROCEFALO OSTRUTTIVO;ALTRI INTERVENTI PER IL DRENAGGIO VENTRICOLARE;0239;
3314;IDROCEFALO OSTRUTTIVO;ANASTOMOSI FRA VENTRICOLO E STRUTTURE DELLA TESTA E DEL COLLO;0231;
3314;IDROCEFALO OSTRUTTIVO;ANASTOMOSI FRA VENTRICOLO, CAVITA' ADDOMINALE E SUOI ORGANI;0234;
3314;IDROCEFALO OSTRUTTIVO;ANASTOMOSI SPINALE SUBARACNOIDEO-PERITONEALE;0371;
3314;IDROCEFALO OSTRUTTIVO;INCISIONE DELLE MENINGI CEREBRALI;0131;
3314;IDROCEFALO OSTRUTTIVO;RIMOZIONE DI ANASTOMOSI VENTRICOLARE;0243;
3314;IDROCEFALO OSTRUTTIVO;SOSTITUZIONE DI ANASTOMOSI VENTRICOLARE;0242;
3314;IDROCEFALO OSTRUTTIVO;VENTRICOLOSTOMIA;022;
3480;CISTI CEREBRALI;VENTRICOLOSTOMIA;022;
37103;OPACITA CENTRALE DELLA CORNEA;RICOSTRUZIONE DELLA PALPEBRA INTERESSANTE IL MARGINE PALPEBRALE, A TUTTO SPESSORE;0873;
37743;IPOPLASIA DEL NERVO OTTICO;ESAME DELL'OCCHIO SOTTO ANESTESIA;9504;
38912;SORDITÀ NEURALE BILATERALE;IMPIANTO O SOSTITUZIONE DI APPARECCHIO PROTESICO COCLEARE, CANALE MULTIPLO;2098;
3892;SORDITA MISTA DI CONDUZIONE E NEUROSENSORIALE;IMPIANTO O SOSTITUZIONE DI APPARECCHIO PROTESICO COCLEARE, CANALE MULTIPLO;2098;
4481;NEVO, NON NEOPLASTICO;ASPORTAZIONE RADICALE DI LESIONE DELLA CUTE;864;
53084;FISTOLA TRACHEO-ESOFAGEA;ALTRI INTERVENTI PER LA CREAZIONE DI SFINTERE ESOFAGOGASTRICO;3173;
53084;FISTOLA TRACHEO-ESOFAGEA;ALTRI INTERVENTI PER LA CREAZIONE DI SFINTERE ESOFAGOGASTRICO;4466;
5370;STENOSI IPERTROFICA ACQUISITA DEL PILORO;PILOROMIOTOMIA;433;
5651;FISTOLA ANALE;CHIUSURA DI FISTOLA ANALE;4973;
5651;FISTOLA ANALE;FISTULECTOMIA ANALE;4912;
5651;FISTOLA ANALE;FISTULOTOMIA ANALE;4911;
5651;FISTOLA ANALE;RIPARAZIONE DI FISTOLA PERIRETTALE;4893;
591;IDRONEFROSI;NEFROSTOMIA CHIRURGICA;5502;
591;IDRONEFROSI;PIELOPLASTICHE;5587;
591;IDRONEFROSI;PIELOSTOMIA CHIRURGICA E PIELOSTOMIA PERCUTANEA;5512;
59371;REFLUSSO VESCICOURETERALE,CON NEFROPATIA DA REFLUSSO, MONOLATERALE;ALTRA RIPARAZIONE DELL'URETERE;5689;
59371;REFLUSSO VESCICOURETERALE,CON NEFROPATIA DA REFLUSSO, MONOLATERALE;ALTRI INTERVENTI SULL'URETERE;5699;
59372;REFLUSSO VESCICOURETERALE,CON NEFROPATIA DA REFLUSSO, BILATERALE;ALTRA RIPARAZIONE DELL'URETERE;5689;
59372;REFLUSSO VESCICOURETERALE,CON NEFROPATIA DA REFLUSSO, BILATERALE;ALTRI INTERVENTI SULL'URETERE;5699;
59373;REFLUSSO VESCICOURETERALE,CON NEFROPATIA DA REFLUSSO, SAI;ALTRA RIPARAZIONE DELL'URETERE;5689;
6202;ALTRA CISTE OVARICA NON SPECIFICATA;ALTRA ASPORTAZIONE LOCALE O DISTRUZIONE DELL'OVAIO;6525;
6202;ALTRA CISTE OVARICA NON SPECIFICATA;ALTRA ASPORTAZIONE O DEMOLIZIONE LOCALE DELL'OVAIO;6529;
6202;ALTRA CISTE OVARICA NON SPECIFICATA;ALTRA BIOPSIA DELL'OVAIO;6512;
6202;ALTRA CISTE OVARICA NON SPECIFICATA;ALTRA OVARIOTOMIA;6509;
6202;ALTRA CISTE OVARICA NON SPECIFICATA;ALTRA OVARIOTOMIA MONOLATERALE;6539;
6202;ALTRA CISTE OVARICA NON SPECIFICATA;ALTRA SALPINGO-OVARIECTOMIA MONOLATERALE;6549;
6202;ALTRA CISTE OVARICA NON SPECIFICATA;ALTRI INTERVENTI SULL'OVAIO;6599;
6202;ALTRA CISTE OVARICA NON SPECIFICATA;MARSUPIALIZZAZIONE DI CISTI OVARICA;6521;
6202;ALTRA CISTE OVARICA NON SPECIFICATA;MARSUPIALIZZAZIONE LAPAROSCOPICA DI CISTI OVARICA;6523;
7098;ALTRE ALTERAZIONI SPECIFICATE DELLA CUTE;ASPORTAZIONE RADICALE DI LESIONE DELLA CUTE;864;
74100;SPINA BIFIDA CON IDROCEFALO, REGIONE NON SPECIFICATA;RIPARAZIONE DI MIELOMENINGOCELE SPINALE;0352;
74101;SPINA BIFIDA CON IDROCEFALO;ALTRA CRANIECTOMIA;0125;
74102;SPINA BIFIDA CON IDROCEFALO, REGIONE DORSALE (TORACICA);RIPARAZIONE DI MIELOMENINGOCELE SPINALE;0352;
74103;SPINA BIFIDA CON IDROCEFALO, REGIONE LOMBARE;ANASTOMOSI FRA VENTRICOLO, CAVITA' ADDOMINALE E SUOI ORGANI;0234;
74103;SPINA BIFIDA CON IDROCEFALO, REGIONE LOMBARE;RIPARAZIONE DI MENINGOCELE SPINALE;0351;
74191;SPINA BIFIDA SENZA MENZIONE DI IDROCEFALO, REGIONE CERVICALE;ALTRA CRANIECTOMIA;0125;
74192;SPINA BIFIDA SENZA MENZIONE DI IDROCEFALO, REGIONE DORSALE (TORACICA);RIPARAZIONE DI MIELOMENINGOCELE SPINALE;0352;
74193;SPINA BIFIDA SENZA MENZIONE DI IDROCEFALO, REGIONE LOMBARE;ALTRA ESPLORAZIONE E DECOMPRESSIONE DEL CANALE VERTEBRALE;0309;
74193;SPINA BIFIDA SENZA MENZIONE DI IDROCEFALO, REGIONE LOMBARE;ANASTOMOSI FRA VENTRICOLO, CAVITA' ADDOMINALE E SUOI ORGANI;0234;
74193;SPINA BIFIDA SENZA MENZIONE DI IDROCEFALO, REGIONE LOMBARE;ASPORTAZIONE O DEMOLIZIONE DI LESIONE DEL MIDOLLO O DELLE MENINGI SPINALI;034;
74193;SPINA BIFIDA SENZA MENZIONE DI IDROCEFALO, REGIONE LOMBARE;RIPARAZIONE DI MENINGOCELE SPINALE;0351;
74193;SPINA BIFIDA SENZA MENZIONE DI IDROCEFALO, REGIONE LOMBARE;RIPARAZIONE DI MIELOMENINGOCELE SPINALE;0352;
7420;ENCEFALOCELE;ALTRA ASPORTAZIONE O DEMOLIZIONE DI LESIONE O TESSUTO CEREBRALE;0159;
7420;ENCEFALOCELE;ALTRA RIPARAZIONE DELLE MENINGI CEREBRALI;0212;
7420;ENCEFALOCELE;ANASTOMOSI FRA VENTRICOLO, CAVITA' ADDOMINALE E SUOI ORGANI;0234;
7420;ENCEFALOCELE;ASPORTAZIONE DI CISTI O VESTIGIA DELLA FESSURA BRANCHIALE;292;
7420;ENCEFALOCELE;RIPARAZIONE DI MENINGOCELE SPINALE;0351;
7421;MICROCEFALIA;ALTRA CRANIOTOMIA;0124;
7421;MICROCEFALIA;APERTURA DI SUTURE DEL CRANIO;0201;
7421;MICROCEFALIA;RACHICENTESI;0331;
7422;DEFORMITA  CONGENITE CON RIDUZIONE DEL CERVELLO;ALTRA TRACHEOSTOMIA PERMANENTE;3129;
7422;DEFORMITA  CONGENITE CON RIDUZIONE DEL CERVELLO;ALTRI INTERVENTI DI RIPARAZIONE E DI PLASTICA SUL MIDOLLO SPINALE;0359;
7422;DEFORMITA  CONGENITE CON RIDUZIONE DEL CERVELLO;APERTURA DI SUTURE DEL CRANIO;0201;
7422;DEFORMITA  CONGENITE CON RIDUZIONE DEL CERVELLO;RACHICENTESI;0331;
7422;DEFORMITA  CONGENITE CON RIDUZIONE DEL CERVELLO;SOSTITUZIONE DI ANASTOMOSI VENTRICOLARE;0242;
7423;IDROCEFALO CONGENITO;ALTRA CRANIOTOMIA;0124;
7423;IDROCEFALO CONGENITO;ALTRA TRACHEOSTOMIA PERMANENTE;3129;
7423;IDROCEFALO CONGENITO;ANASTOMOSI FRA VENTRICOLO, CAVITA' ADDOMINALE E SUOI ORGANI;0234;
7423;IDROCEFALO CONGENITO;APERTURA DI SUTURE DEL CRANIO;0201;
7423;IDROCEFALO CONGENITO;CARDIOTOMIA;3711;
7423;IDROCEFALO CONGENITO;SOSTITUZIONE DI ANASTOMOSI VENTRICOLARE;0242;
7423;IDROCEFALO CONGENITO;VENTRICOLOSTOMIA;022;
7424;ALTRE ANOMALIE CEREBRALI SPECIFICATE;ALTRA CRANIECTOMIA;0125;
7424;ALTRE ANOMALIE CEREBRALI SPECIFICATE;ALTRA CRANIOTOMIA;0124;
7424;ALTRE ANOMALIE CEREBRALI SPECIFICATE;ALTRI INTERVENTI DI RIPARAZIONE E DI PLASTICA SUL MIDOLLO SPINALE;0359;
7424;ALTRE ANOMALIE CEREBRALI SPECIFICATE;ALTRI INTERVENTI PER IL DRENAGGIO VENTRICOLARE;0239;
7424;ALTRE ANOMALIE CEREBRALI SPECIFICATE;APERTURA DI SUTURE DEL CRANIO;0201;
7424;ALTRE ANOMALIE CEREBRALI SPECIFICATE;ASPORTAZIONE DI LESIONI DEL CRANIO;016;
7424;ALTRE ANOMALIE CEREBRALI SPECIFICATE;INSERZIONE DI CATETERE NEL CANALE VERTEBRALE PER INFUSIONE DI SOSTANZE TERAPEUTICHE O PALLIATIVE;0390;
7424;ALTRE ANOMALIE CEREBRALI SPECIFICATE;SOSTITUZIONE DI ANASTOMOSI VENTRICOLARE;0242;
74251;DIASTEMATOMIELIA;RIPARAZIONE DI MIELOMENINGOCELE SPINALE;0352;
7428;ALTRE ANOMALIE SPECIFICATE DEL SISTEMA NERVOSO;ALTRA CRANIECTOMIA;0125;
7429;ANOMALIE NON SPECIFICATE DEL CERVELLO, DEL MIDOLLO SPINALE E DEL SISTEMA NERVOSO;ALTRA CRANIECTOMIA;0125;
7429;ANOMALIE NON SPECIFICATE DEL CERVELLO, DEL MIDOLLO SPINALE E DEL SISTEMA NERVOSO;ALTRA CRANIOTOMIA;0124;
7429;ANOMALIE NON SPECIFICATE DEL CERVELLO, DEL MIDOLLO SPINALE E DEL SISTEMA NERVOSO;ALTRA ESPLORAZIONE E DECOMPRESSIONE DEL CANALE VERTEBRALE;0309;
7429;ANOMALIE NON SPECIFICATE DEL CERVELLO, DEL MIDOLLO SPINALE E DEL SISTEMA NERVOSO;ALTRA OCCLUSIONE CHIRURGICA DI VASI INTRACRANICI;3881;
7429;ANOMALIE NON SPECIFICATE DEL CERVELLO, DEL MIDOLLO SPINALE E DEL SISTEMA NERVOSO;OSTEOTOMIA TOTALE DI ALTRE OSSA FACCIALI CON CONTEMPORANEA RICOSTRUZIONE;7644;
7429;ANOMALIE NON SPECIFICATE DEL CERVELLO, DEL MIDOLLO SPINALE E DEL SISTEMA NERVOSO;SOSTITUZIONE DI ANASTOMOSI VENTRICOLARE;0242;
74300;ANOFTALMIA CLINICA, NON SPECIFICATA;ALTRI INTERVENTI SULL'ORBITA;1698;
74300;ANOFTALMIA CLINICA, NON SPECIFICATA;INSERZIONE SECONDARIA DI IMPIANTO OCULARE;1661;
74300;ANOFTALMIA CLINICA, NON SPECIFICATA;RICOSTRUZIONE DELLA PALPEBRA CON INNESTO O LEMBO DI MUCOSA;0862;
74310;MICROFTALMIA, NON SPECIFICATA;VITRECTOMIA PER VIA ANTERIORE (LIMBARE);1471;
74312;MICROFTALMIA ASSOCIATA CON ALTRE ANOMALIE DELL'OCCHIO E ANNESSI;ALTRA IRIDECTOMIA;1214;
74312;MICROFTALMIA ASSOCIATA CON ALTRE ANOMALIE DELL'OCCHIO E ANNESSI;ALTRA RIMOZIONE DEL CORPO VITREO;1472;
74312;MICROFTALMIA ASSOCIATA CON ALTRE ANOMALIE DELL'OCCHIO E ANNESSI;DACOFRAMMENTAZIONE MECCANICA ED ASPIRAZIONE DELLA CATARATTA;1343;
74312;MICROFTALMIA ASSOCIATA CON ALTRE ANOMALIE DELL'OCCHIO E ANNESSI;ESTRAZIONE EXTRACAPSULARE DEL CRISTALLINO CON TECNICA DI ASPIRAZIONE SEMPLICE (E DI IRRIGAZIONE);133;
74312;MICROFTALMIA ASSOCIATA CON ALTRE ANOMALIE DELL'OCCHIO E ANNESSI;ESTRAZIONE EXTRACAPSULARE DELLA CATARATTA CON TECNICA DI ESTRAZIONE LINEARE;132;
74312;MICROFTALMIA ASSOCIATA CON ALTRE ANOMALIE DELL'OCCHIO E ANNESSI;FACOEMULSIFICAZIONE ED ASPIRAZIONE DI CATARATTA;1341;
74312;MICROFTALMIA ASSOCIATA CON ALTRE ANOMALIE DELL'OCCHIO E ANNESSI;INSERZIONE DI CRISTALLINO ARTIFICIALE INTRAOCULARE AL MOMENTO DELLA ESTRAZIONE DI CATARATTA, ESEGUITI IN CONTEMPORANEA;1371;
74312;MICROFTALMIA ASSOCIATA CON ALTRE ANOMALIE DELL'OCCHIO E ANNESSI;RIMOZIONE DI PROTESI OCULARE;1671;
74312;MICROFTALMIA ASSOCIATA CON ALTRE ANOMALIE DELL'OCCHIO E ANNESSI;VITRECTOMIA MECCANICA PER VIA ANTERIORE;1473;
74320;BUFTALMO, NON SPECIFICATO;ALTRA IRIDECTOMIA;1214;
74320;BUFTALMO, NON SPECIFICATO;ALTRA PROCEDURA DIAGNOSTICA SULL'IRIDE, SUL CORPO CILIARE, SULLA SCLERA E SULLA CAMERA ANTERIORE;1229;
74320;BUFTALMO, NON SPECIFICATO;ALTRE PROCEDURE DIAGNOSTICHE SULL'ORBITA E SUL BULBO OCULARE;1629;
74320;BUFTALMO, NON SPECIFICATO;ALTRI INTERVENTI DI FISTOLIZZAZIONE DELLA SCLERA;1269;
74320;BUFTALMO, NON SPECIFICATO;ALTRI INTERVENTI SULL'ORBITA;1698;
74320;BUFTALMO, NON SPECIFICATO;ASPORTAZIONE O DEMOLIZIONE DI LESIONE DELLA SCLERA;1284;
74320;BUFTALMO, NON SPECIFICATO;COREOPLASTICA;1235;
74320;BUFTALMO, NON SPECIFICATO;GONIOTOMIA CON GONIOPUNTURA;1253;
74320;BUFTALMO, NON SPECIFICATO;LISI DI ALTRE SINECHIE ANTERIORI;1232;
74320;BUFTALMO, NON SPECIFICATO;LISI DI SINECHIE POSTERIORI;1233;
74320;BUFTALMO, NON SPECIFICATO;PARACENTESI DELLA CAMERA ANTERIORE;1291;
74320;BUFTALMO, NON SPECIFICATO;SPECILLAZIONE DEL DOTTO NASO-LACRIMALE;0943;
74320;BUFTALMO, NON SPECIFICATO;TERMOCAUTERIZZAZIONE DELLA SCLERA CON IRIDECTOMIA;1262;
5523;ERNIA DIAFRAMMATICA, CON OSTRUZIONE;RIPARAZIONE DI ERNIA DIAFRAMMATICA, PER VIA ADDOMINALE;537;
4240;DISTURBI DELLA VALVOLA MITRALE;VALVULOPLASTICA A CUORE APERTO DELLA VALVOLA MITRALE SENZA SOSTITUZIONE;3512;
4242;DISTURBI DELLA VALVOLA TRICUSPIDE, SPECIFICATI COME NON REUMATICI;VALVULOPLASTICA A CUORE APERTO DELLA VALVOLA MITRALE SENZA SOSTITUZIONE;3512;
74193;SPINA BIFIDA SENZA MENZIONE DI IDROCEFALO, REGIONE LOMBARE;ALTRA RIPARAZIONE DELLE MENINGI CEREBRALI;0212;
73671;PIEDE TORTO, ACQUISITO;CORREZIONE DI PIEDE TORTO, NON CLASSIFICATO ALTROVE;8384;
74193;SPINA BIFIDA SENZA MENZIONE DI IDROCEFALO, REGIONE LOMBARE;ALTRA CRANIECTOMIA;0125;
7422;DEFORMITA  CONGENITE CON RIDUZIONE DEL CERVELLO;ANASTOMOSI FRA VENTRICOLO, CAVITA' ADDOMINALE E SUOI ORGANI;0234;
7424;ALTRE ANOMALIE CEREBRALI SPECIFICATE;ANASTOMOSI FRA VENTRICOLO, CAVITA' ADDOMINALE E SUOI ORGANI;0234;
74259;ALTRE ANOMALIE DEL MIDOLLO SPINALE NON SPECIFICATE;RIPARAZIONE DI MENINGOCELE SPINALE;0351;
74259;ALTRE ANOMALIE DEL MIDOLLO SPINALE NON SPECIFICATE;RIPARAZIONE DI DIFETTO DEL SETTO INTERATRIALE CON PROTESI, TECNICA APERTA;3551;
74344;ANOMALIE SPECIFICATE DELLA CAMERA ANTERIORE, DELL'ANGOLO DELLA CAMERA E DELLE RELATIVE STRUTTURE;ALTRI INTERVENTI SULLA CAMERA ANTERIORE;1299;
74351;ANOMALIE DEL CORPO VITREO;ALTRI INTERVENTI SULLA CAMERA ANTERIORE;1299;
7461;ATRESIA E STENOSI DELLA TRICUSPIDE, CONGENITA;VALVULOPLASTICA A CUORE APERTO DELLA VALVOLA TRICUSPIDE SENZA SOSTITUZIONE;3514;
7461;ATRESIA E STENOSI DELLA TRICUSPIDE, CONGENITA;VALVULOPLASTICA PERCUTANEA;3596;
74689;ALTRE ANOMALIE NON SPECIFICATE DEL CUORE;ANASTOMOSI ARTERIOSO SISTEMICO POLMONARE;390;
74902;PALATOSCHISI UNILATERALE, INCOMPLETA;TRASFERIMENTO DI INNESTO PEDUNCOLATO A LEMBO IN ALTRE SEDI;8674;
74920;PALATOSCHISI CON LABIOSCHISI, NON SPECIFICATA;ALTRA RIPARAZIONE PLASTICA DELLA BOCCA;2759;
74320;BUFTALMO, NON SPECIFICATO;TRABECULECTOMIA AB EXTERNO;1264;
74320;BUFTALMO, NON SPECIFICATO;TRABECULOTOMIA AB EXTERNO;1254;
74321;BUFTALMO SEMPLICE;FACOEMULSIFICAZIONE ED ASPIRAZIONE DI CATARATTA;1341;
74321;BUFTALMO SEMPLICE;TRABECULECTOMIA AB EXTERNO;1264;
74321;BUFTALMO SEMPLICE;TRABECULOTOMIA AB EXTERNO;1254;
74322;BUFTALMO ASSOCIATO AD ALTRE ANOMALIE OCULARI;ALTRA FISTOLIZZAZIONE SCLERALE CON IRIDECTOMIA;1265;
74322;BUFTALMO ASSOCIATO AD ALTRE ANOMALIE OCULARI;CICLOFOTOCOAGULAZIONE;1273;
74322;BUFTALMO ASSOCIATO AD ALTRE ANOMALIE OCULARI;TRABECULECTOMIA AB EXTERNO;1264;
74322;BUFTALMO ASSOCIATO AD ALTRE ANOMALIE OCULARI;TRABECULOTOMIA AB EXTERNO;1254;
74330;CATARATTA CONGENITA, NON SPECIFICATA;ALTRA ESTRAZIONE DI CATARATTA SECONDARIA;1369;
74330;CATARATTA CONGENITA, NON SPECIFICATA;ALTRA ESTRAZIONE EXTRACAPSULARE DEL CRISTALLINO;1359;
74330;CATARATTA CONGENITA, NON SPECIFICATA;ALTRA ESTRAZIONE INTRACAPSULARE DEL CRISTALLINO;1319;
74330;CATARATTA CONGENITA, NON SPECIFICATA;ALTRA IRIDECTOMIA;1214;
74330;CATARATTA CONGENITA, NON SPECIFICATA;ALTRA IRIDOTOMIA;1212;
74330;CATARATTA CONGENITA, NON SPECIFICATA;ALTRA RIMOZIONE DEL CORPO VITREO;1472;
74330;CATARATTA CONGENITA, NON SPECIFICATA;ALTRA VITRECTOMIA MECCANICA;1474;
74330;CATARATTA CONGENITA, NON SPECIFICATA;ALTRI INTERVENTI SUL CORPO VITREO;1479;
74330;CATARATTA CONGENITA, NON SPECIFICATA;ALTRI INTERVENTI SUL CRISTALLINO;139;
74330;CATARATTA CONGENITA, NON SPECIFICATA;ALTRI INTERVENTI SULLA CORNEA;1199;
74330;CATARATTA CONGENITA, NON SPECIFICATA;ALTRI INTERVENTI SULLA RETINA, SULLA COROIDE E SULLA CAMERA POSTERIORE;149;
74330;CATARATTA CONGENITA, NON SPECIFICATA;ASPORTAZIONE CHIRURGICA DI CATARATTA SECONDARIA;1365;
74330;CATARATTA CONGENITA, NON SPECIFICATA;CAPSULOTOMIA CHIRURGICA DOPO ESTRAZIONE DI CATARATTA;1366;
74330;CATARATTA CONGENITA, NON SPECIFICATA;DACOFRAMMENTAZIONE MECCANICA ED ASPIRAZIONE DELLA CATARATTA;1343;
74330;CATARATTA CONGENITA, NON SPECIFICATA;ESTRAZIONE EXTRACAPSULARE DEL CRISTALLINO CON TECNICA DI ASPIRAZIONE SEMPLICE (E DI IRRIGAZIONE);133;
74330;CATARATTA CONGENITA, NON SPECIFICATA;ESTRAZIONE EXTRACAPSULARE DELLA CATARATTA CON TECNICA DI ESTRAZIONE LINEARE;132;
74330;CATARATTA CONGENITA, NON SPECIFICATA;FACOEMULSIFICAZIONE ED ASPIRAZIONE DI CATARATTA;1341;
74330;CATARATTA CONGENITA, NON SPECIFICATA;FACOFRAMMENTAZIONE ED ASPIRAZIONE DI CATARATTA PER VIA PARS PLANA;1342;
74330;CATARATTA CONGENITA, NON SPECIFICATA;IMPIANTO SECONDARIO DI CRISTALLINO ARTIFICIALE;1372;
74330;CATARATTA CONGENITA, NON SPECIFICATA;INIEZIONE DI SOSTITUTI VITREALI;1475;
74330;CATARATTA CONGENITA, NON SPECIFICATA;INSERZIONE DI CRISTALLINO ARTIFICIALE INTRAOCULARE AL MOMENTO DELLA ESTRAZIONE DI CATARATTA, ESEGUITI IN CONTEMPORANEA;1371;
74330;CATARATTA CONGENITA, NON SPECIFICATA;LISI DI ALTRE SINECHIE ANTERIORI;1232;
74330;CATARATTA CONGENITA, NON SPECIFICATA;LISI DI SINECHIE POSTERIORI;1233;
74330;CATARATTA CONGENITA, NON SPECIFICATA;OFTALMOSCOPIA;1621;
74330;CATARATTA CONGENITA, NON SPECIFICATA;PIOMBAGGIO SCLERALE CON IMPIANTO;1441;
74330;CATARATTA CONGENITA, NON SPECIFICATA;REVISIONE DI FERITA OPERATORIA DEL SEGMENTO ANTERIORE DELL'OCCHIO NON CLASSIFICATA ALTROVE;1283;
74330;CATARATTA CONGENITA, NON SPECIFICATA;RIMOZIONE DI CRISTALLINO IMPIANTATO;138;
74330;CATARATTA CONGENITA, NON SPECIFICATA;TRABECULOTOMIA AB EXTERNO;1254;
74330;CATARATTA CONGENITA, NON SPECIFICATA;TRATTAMENTO DIATERMICO DI LESIONE CORIORETINICA;1421;
74330;CATARATTA CONGENITA, NON SPECIFICATA;VITRECTOMIA MECCANICA PER VIA ANTERIORE;1473;
74330;CATARATTA CONGENITA, NON SPECIFICATA;VITRECTOMIA PER VIA ANTERIORE (LIMBARE);1471;
74331;CATARATTA CAPSULARE E SOTTOCAPSULARE;CAPSULOTOMIA CHIRURGICA DOPO ESTRAZIONE DI CATARATTA;1366;
74331;CATARATTA CAPSULARE E SOTTOCAPSULARE;FACOEMULSIFICAZIONE ED ASPIRAZIONE DI CATARATTA;1341;
74331;CATARATTA CAPSULARE E SOTTOCAPSULARE;INSERZIONE DI CRISTALLINO ARTIFICIALE INTRAOCULARE AL MOMENTO DELLA ESTRAZIONE DI CATARATTA, ESEGUITI IN CONTEMPORANEA;1371;
74331;CATARATTA CAPSULARE E SOTTOCAPSULARE;VITRECTOMIA PER VIA ANTERIORE (LIMBARE);1471;
74332;CATARATTA CORTICALE E ZONULARE;ALTRA ESTRAZIONE DI CATARATTA SECONDARIA;1369;
74332;CATARATTA CORTICALE E ZONULARE;FACOEMULSIFICAZIONE ED ASPIRAZIONE DI CATARATTA;1341;
74332;CATARATTA CORTICALE E ZONULARE;VITRECTOMIA PER VIA ANTERIORE (LIMBARE);1471;
74333;CATARATTA NUCLEARE;ALTRA ESTRAZIONE DI CATARATTA SECONDARIA;1369;
74333;CATARATTA NUCLEARE;ALTRA ESTRAZIONE EXTRACAPSULARE DEL CRISTALLINO;1359;
74333;CATARATTA NUCLEARE;ALTRI INTERVENTI SULLA CORNEA;1199;
74333;CATARATTA NUCLEARE;ASPORTAZIONE CHIRURGICA DI CATARATTA SECONDARIA;1365;
74333;CATARATTA NUCLEARE;CAPSULOTOMIA CHIRURGICA DOPO ESTRAZIONE DI CATARATTA;1366;
74333;CATARATTA NUCLEARE;CAPSULOTOMIA CON YAG-LASER DOPO ESTRAZIONE DI CATARATTA;1364;
74333;CATARATTA NUCLEARE;ESTRAZIONE EXTRACAPSULARE DEL CRISTALLINO CON TECNICA DI ASPIRAZIONE SEMPLICE (E DI IRRIGAZIONE);133;
74333;CATARATTA NUCLEARE;FACOEMULSIFICAZIONE ED ASPIRAZIONE DI CATARATTA;1341;
74333;CATARATTA NUCLEARE;INSERZIONE DI CRISTALLINO ARTIFICIALE INTRAOCULARE AL MOMENTO DELLA ESTRAZIONE DI CATARATTA, ESEGUITI IN CONTEMPORANEA;1371;
74333;CATARATTA NUCLEARE;PARACENTESI DELLA CAMERA ANTERIORE;1291;
74333;CATARATTA NUCLEARE;VITRECTOMIA PER VIA ANTERIORE (LIMBARE);1471;
74334;CATARATTA CONGENITA TOTALE E SUBTOTALE;ALTRA ESTRAZIONE EXTRACAPSULARE DEL CRISTALLINO;1359;
74334;CATARATTA CONGENITA TOTALE E SUBTOTALE;ALTRA IRIDECTOMIA;1214;
74334;CATARATTA CONGENITA TOTALE E SUBTOTALE;ALTRA PROCEDURA DIAGNOSTICA SULL'IRIDE, SUL CORPO CILIARE, SULLA SCLERA E SULLA CAMERA ANTERIORE;1229;
74334;CATARATTA CONGENITA TOTALE E SUBTOTALE;ALTRA RIMOZIONE DEL CORPO VITREO;1472;
74334;CATARATTA CONGENITA TOTALE E SUBTOTALE;ALTRI INTERVENTI SUL CRISTALLINO;139;
74334;CATARATTA CONGENITA TOTALE E SUBTOTALE;ASPORTAZIONE CHIRURGICA DI CATARATTA SECONDARIA;1365;
74334;CATARATTA CONGENITA TOTALE E SUBTOTALE;CAPSULOTOMIA CHIRURGICA DOPO ESTRAZIONE DI CATARATTA;1366;
74334;CATARATTA CONGENITA TOTALE E SUBTOTALE;DACOFRAMMENTAZIONE MECCANICA ED ASPIRAZIONE DELLA CATARATTA;1343;
74334;CATARATTA CONGENITA TOTALE E SUBTOTALE;ESTRAZIONE EXTRACAPSULARE DEL CRISTALLINO CON TECNICA DI ASPIRAZIONE SEMPLICE (E DI IRRIGAZIONE);133;
74334;CATARATTA CONGENITA TOTALE E SUBTOTALE;ESTRAZIONE EXTRACAPSULARE DELLA CATARATTA CON TECNICA DI ESTRAZIONE LINEARE;132;
74334;CATARATTA CONGENITA TOTALE E SUBTOTALE;ESTRAZIONE INTRACAPSULARE DEL CRISTALLINO PER VIA TEMPORALE;1311;
74334;CATARATTA CONGENITA TOTALE E SUBTOTALE;FACOEMULSIFICAZIONE ED ASPIRAZIONE DI CATARATTA;1341;
74334;CATARATTA CONGENITA TOTALE E SUBTOTALE;INCISIONE DELLA CORNEA;111;
74334;CATARATTA CONGENITA TOTALE E SUBTOTALE;INSERZIONE DI CRISTALLINO ARTIFICIALE INTRAOCULARE AL MOMENTO DELLA ESTRAZIONE DI CATARATTA, ESEGUITI IN CONTEMPORANEA;1371;
74334;CATARATTA CONGENITA TOTALE E SUBTOTALE;LISI DI ALTRE SINECHIE ANTERIORI;1232;
74334;CATARATTA CONGENITA TOTALE E SUBTOTALE;OFTALMOSCOPIA;1621;
74334;CATARATTA CONGENITA TOTALE E SUBTOTALE;TRABECULOTOMIA AB EXTERNO;1254;
74334;CATARATTA CONGENITA TOTALE E SUBTOTALE;TRATTAMENTO DIATERMICO DI LESIONE CORIORETINICA;1421;
74334;CATARATTA CONGENITA TOTALE E SUBTOTALE;VITRECTOMIA MECCANICA PER VIA ANTERIORE;1473;
74334;CATARATTA CONGENITA TOTALE E SUBTOTALE;VITRECTOMIA PER VIA ANTERIORE (LIMBARE);1471;
74335;AFACHIA CONGENITA;FACOEMULSIFICAZIONE ED ASPIRAZIONE DI CATARATTA;1341;
74339;ALTRA CATARATTA CONGENITA O ANOMALIA DEL CRISTALLINO;ALTRA PROCEDURA DIAGNOSTICA SULLA CORNEA;1129;
74339;ALTRA CATARATTA CONGENITA O ANOMALIA DEL CRISTALLINO;ALTRE PROCEDURE DIAGNOSTICHE SULLA RETINA, SULLA COROIDE, SUL CORPO VITREO E SULLA CAMERA POSTERIORE;1419;
74339;ALTRA CATARATTA CONGENITA O ANOMALIA DEL CRISTALLINO;ESTRAZIONE EXTRACAPSULARE DELLA CATARATTA CON TECNICA DI ESTRAZIONE LINEARE;132;
74339;ALTRA CATARATTA CONGENITA O ANOMALIA DEL CRISTALLINO;FACOEMULSIFICAZIONE ED ASPIRAZIONE DI CATARATTA;1341;
74339;ALTRA CATARATTA CONGENITA O ANOMALIA DEL CRISTALLINO;TRABECULOTOMIA AB EXTERNO;1254;
74341;ANOMALIE DELLA DIMENSIONE E DELLA FORMA DELLA CORNEA;ALTRA PROCEDURA DIAGNOSTICA SULLA CORNEA;1129;
74341;ANOMALIE DELLA DIMENSIONE E DELLA FORMA DELLA CORNEA;ALTRA PROCEDURA DIAGNOSTICA SULL'IRIDE, SUL CORPO CILIARE, SULLA SCLERA E SULLA CAMERA ANTERIORE;1229;
74341;ANOMALIE DELLA DIMENSIONE E DELLA FORMA DELLA CORNEA;ALTRI INTERVENTI SULLA CORNEA;1199;
74341;ANOMALIE DELLA DIMENSIONE E DELLA FORMA DELLA CORNEA;FACOEMULSIFICAZIONE ED ASPIRAZIONE DI CATARATTA;1341;
74341;ANOMALIE DELLA DIMENSIONE E DELLA FORMA DELLA CORNEA;RIMOZIONE DI PROTESI OCULARE;1671;
74343;ALTRE OPACITA CORNEALI, CONGENITE;ALTRA PROCEDURA DIAGNOSTICA SULL'IRIDE, SUL CORPO CILIARE, SULLA SCLERA E SULLA CAMERA ANTERIORE;1229;
74343;ALTRE OPACITA CORNEALI, CONGENITE;ALTRE PROCEDURE DIAGNOSTICHE SULL'ORBITA E SUL BULBO OCULARE;1629;
74343;ALTRE OPACITA CORNEALI, CONGENITE;FACOEMULSIFICAZIONE ED ASPIRAZIONE DI CATARATTA;1341;
74345;ANIRIDIA;FACOEMULSIFICAZIONE ED ASPIRAZIONE DI CATARATTA;1341;
74345;ANIRIDIA;INSERZIONE DI CRISTALLINO ARTIFICIALE INTRAOCULARE AL MOMENTO DELLA ESTRAZIONE DI CATARATTA, ESEGUITI IN CONTEMPORANEA;1371;
74345;ANIRIDIA;TRABECULECTOMIA AB EXTERNO;1264;
74345;ANIRIDIA;TRABECULOTOMIA AB EXTERNO;1254;
74349;ALTRO COLOBOMA O ALTRE ANOMALIE DELLA SEGMENTO ANTERIORE;ASPORTAZIONE O DEMOLIZIONE DI LESIONE DELL'IRIDE E DEL CORPO CILIARE;124;
74349;ALTRO COLOBOMA O ALTRE ANOMALIE DELLA SEGMENTO ANTERIORE;GONIOTOMIA CON GONIOPUNTURA;1253;
74349;ALTRO COLOBOMA O ALTRE ANOMALIE DELLA SEGMENTO ANTERIORE;MASTOIDECTOMIA;204;
74349;ALTRO COLOBOMA O ALTRE ANOMALIE DELLA SEGMENTO ANTERIORE;PARACENTESI DELLA CAMERA ANTERIORE;1291;
74349;ALTRO COLOBOMA O ALTRE ANOMALIE DELLA SEGMENTO ANTERIORE;PROCEDURE DIAGNOSTICHE SULLA CUTE E SUL TESSUTO SOTTOCUTANEO;861;
74351;ANOMALIE DEL CORPO VITREO;ALTRA ESTRAZIONE INTRACAPSULARE DEL CRISTALLINO;1319;
74351;ANOMALIE DEL CORPO VITREO;ALTRA IRIDECTOMIA;1214;
74351;ANOMALIE DEL CORPO VITREO;ALTRA RIMOZIONE DEL CORPO VITREO;1472;
74351;ANOMALIE DEL CORPO VITREO;CAPSULOTOMIA CHIRURGICA DOPO ESTRAZIONE DI CATARATTA;1366;
74351;ANOMALIE DEL CORPO VITREO;FACOEMULSIFICAZIONE ED ASPIRAZIONE DI CATARATTA;1341;
74351;ANOMALIE DEL CORPO VITREO;OFTALMOSCOPIA;1621;
74351;ANOMALIE DEL CORPO VITREO;TRATTAMENTO DIATERMICO DI LESIONE CORIORETINICA;1421;
74351;ANOMALIE DEL CORPO VITREO;VITRECTOMIA PER VIA ANTERIORE (LIMBARE);1471;
74352;COLOBOMA DEL FONDO;OFTALMOSCOPIA;1621;
74353;DEGENERAZIONE CORIORETINICA, CONGENITA;ALTRE PROCEDURE DIAGNOSTICHE SULLA RETINA, SULLA COROIDE, SUL CORPO VITREO E SULLA CAMERA POSTERIORE;1419;
74353;DEGENERAZIONE CORIORETINICA, CONGENITA;OFTALMOSCOPIA;1621;
74356;ALTRE ALTERAZIONI CONGENITE DELLA RETINA;OFTALMOSCOPIA;1621;
74356;ALTRE ALTERAZIONI CONGENITE DELLA RETINA;REVISIONE E REINSERZIONE DI IMPIANTO OCULARE;1662;
74357;ANOMALIE SPECIFICATE DEL DISCO OTTICO;TRABECULOTOMIA AB EXTERNO;1254;
74358;ANOMALIE VASCOLARI;ALTRA VITRECTOMIA MECCANICA;1474;
74358;ANOMALIE VASCOLARI;ALTRI INTERVENTI SUL CORPO VITREO;1479;
74358;ANOMALIE VASCOLARI;ALTRI INTERVENTI SUL CRISTALLINO;139;
74358;ANOMALIE VASCOLARI;ALTRI INTERVENTI SULLA RETINA, SULLA COROIDE E SULLA CAMERA POSTERIORE;149;
74358;ANOMALIE VASCOLARI;DACOFRAMMENTAZIONE MECCANICA ED ASPIRAZIONE DELLA CATARATTA;1343;
74358;ANOMALIE VASCOLARI;INSERZIONE DI CRISTALLINO ARTIFICIALE INTRAOCULARE AL MOMENTO DELLA ESTRAZIONE DI CATARATTA, ESEGUITI IN CONTEMPORANEA;1371;
74362;DEFORMITA CONGENITE DELLE PALPEBRE;CORREZIONE DI BLEFAROPTOSI CON ALTRE TECNICHE;0836;
74369;ALTRE ANOMALIE CONGENITE DELLE PALPEBRE, DEL SISTEMA LACRIMALE E DELL'ORBITA;LISI DI ADERENZE DELLA CONGIUNTIVA E DELLA PALPEBRA;105;
7441;PADIGLIONI AURICOLARI  ACCESSORI;ALTRO INNESTO DI CUTE SU ALTRE SEDI;8669;
7441;PADIGLIONI AURICOLARI  ACCESSORI;Chiusura di cute e tessuto sottocutaneo di altre sedi;8659;
7441;PADIGLIONI AURICOLARI  ACCESSORI;LEGATURA DI APPENDICE DERMICA;8626;
7441;PADIGLIONI AURICOLARI  ACCESSORI;RIPARAZIONE DI DIFETTI DEL VISO;8681;
7443;ANOMALIE NON SPECIFICATE DELL'ORECCHIO;ASPORTAZIONE O DEMOLIZIONE DI ALTRA LESIONE DELL'ORECCHIO ESTERNO;1829;
7443;ANOMALIE NON SPECIFICATE DELL'ORECCHIO;RIMOZIONE DI TUBO TIMPANOSTOMICO;201;
74441;CISTI O FISTOLA BRANCHIALE;ALTRA ASPORTAZIONE O DEMOLIZIONE LOCALE DI LESIONE O TESSUTO CUTANEO E SOTTOCUTANEO;863;
74447;CISTI PREAURICOLARE;ASPORTAZIONE DEL SENO PREAURICOLARE;1821;
74447;CISTI PREAURICOLARE;ASPORTAZIONE RADICALE DI LESIONE DELLA CUTE;864;
7449;ANOMALIE NON SPECIFICATE DELLA FACCIA E DEL COLLO;ALTRA TRACHEOSTOMIA PERMANENTE;3129;S
7449;ANOMALIE NON SPECIFICATE DELLA FACCIA E DEL COLLO;ALTRI INTERVENTI SUL FARINGE;2999;S
7449;ANOMALIE NON SPECIFICATE DELLA FACCIA E DEL COLLO;INTERVENTO DI PLASTICA SUL FARINGE;294;S
7449;ANOMALIE NON SPECIFICATE DELLA FACCIA E DEL COLLO;RIPARAZIONE DI SCHISI DEL LABBRO;2754;
7450;TRONCO COMUNE;ALTRA OCCLUSIONE CHIRURGICA DI ALTRI VASI TORACICI;3885;
7450;TRONCO COMUNE;ALTRA RIPARAZIONE DI VASI;3959;
7450;TRONCO COMUNE;ANGIOPLASTICA O ATERECTOMIA DI VASO NON CORONARICO;3950;
7450;TRONCO COMUNE;CIRCOLAZIONE EXTRACORPOREA AUSILIARIA PER CHIRURGIA A CUORE APERTO;3961;
7450;TRONCO COMUNE;CORREZIONE TOTALE DEL TRONCO ARTERIOSO;3583;
7450;TRONCO COMUNE;CORREZIONE TOTALE DI TETRALOGIA DI FALLOT;3581;
7450;TRONCO COMUNE;CORREZIONE TOTALE DI TRASPOSIZIONE DI GRANDE VASO NON CLASSIFICATO ALTROVE;3584;
7450;TRONCO COMUNE;CREAZIONE DI CONDOTTO FRA VENTRICOLO DESTRO E ARTERIA POLMONARE;3592;
7450;TRONCO COMUNE;INTERVENTI SU ALTRE STRUTTURE ADIACENTI ALLE VALVOLE DEL CUORE;3539;
7450;TRONCO COMUNE;RESEZIONE DELL'AORTA CON ANASTOMOSI;3834;
7450;TRONCO COMUNE;RESEZIONE DI ALTRI VASI TORACICI CON ANASTOMOSI;3835;
7450;TRONCO COMUNE;RESEZIONE DI ALTRI VASI TORACICI CON SOSTITUZIONE;3845;
7450;TRONCO COMUNE;RIPARAZIONE CON PROTESI DI DIFETTO DEL SETTO INTERVENTRICOLARE;3553;
7450;TRONCO COMUNE;RIPARAZIONE DI DIFETTO DEL SETTO INTERATRIALE CON PROTESI, TECNICA APERTA;3551;
7450;TRONCO COMUNE;RIPARAZIONE DI DIFETTO DEL SETTO INTERATRIALE CON SUTURA DIRETTA;3552;
7450;TRONCO COMUNE;SOSTITUZIONE DI VALVOLA POLMONARE CON BIOPROTESI;3525;
7450;TRONCO COMUNE;VALVULOPLASTICA A CUORE APERTO DELLA VALVOLA AORTICA SENZA SOSTITUZIONE;3511;
7450;TRONCO COMUNE;VALVULOPLASTICA A CUORE APERTO DELLA VALVOLA TRICUSPIDE SENZA SOSTITUZIONE;3514;
74510;TRASPOSIZIONE COMPLETA DEI GROSSI VASI;ALTRA ANASTOMOSI O BYPASS VASCOLARE INTRATORACICO;3923;
74510;TRASPOSIZIONE COMPLETA DEI GROSSI VASI;ALTRA ASPORTAZIONE DELL'AORTA, ADDOMINALE;3864;
74510;TRASPOSIZIONE COMPLETA DEI GROSSI VASI;ALTRA OCCLUSIONE CHIRURGICA DI ALTRI VASI TORACICI;3885;
74510;TRASPOSIZIONE COMPLETA DEI GROSSI VASI;Altra riparazione endovascolare di aneurisma con graft;3979;
74510;TRASPOSIZIONE COMPLETA DEI GROSSI VASI;ALTRA SOSTITUZIONE DI VALVOLA MITRALE CON PROTESI;3524;
74510;TRASPOSIZIONE COMPLETA DEI GROSSI VASI;ALTRA SOSTITUZIONE DI VALVOLA TRICUSPIDE CON PROTESI;3528;
74510;TRASPOSIZIONE COMPLETA DEI GROSSI VASI;ANASTOMOSI ARTERIA CAVA E POLMONARE;3921;
74510;TRASPOSIZIONE COMPLETA DEI GROSSI VASI;ANASTOMOSI ARTERIOSO SISTEMICO POLMONARE;390;
74510;TRASPOSIZIONE COMPLETA DEI GROSSI VASI;ANGIOPLASTICA O ATERECTOMIA DI VASO NON CORONARICO;3950;
74510;TRASPOSIZIONE COMPLETA DEI GROSSI VASI;BYPASS CARDIOPOLMONARE PERCUTANEO;3966;
74510;TRASPOSIZIONE COMPLETA DEI GROSSI VASI;CARDIOPLEGIA;3963;
74510;TRASPOSIZIONE COMPLETA DEI GROSSI VASI;CARDIOTOMIA;3711;
74510;TRASPOSIZIONE COMPLETA DEI GROSSI VASI;CIRCOLAZIONE EXTRACORPOREA AUSILIARIA PER CHIRURGIA A CUORE APERTO;3961;
74510;TRASPOSIZIONE COMPLETA DEI GROSSI VASI;CORREZIONE TOTALE DEL TRONCO ARTERIOSO;3583;
74510;TRASPOSIZIONE COMPLETA DEI GROSSI VASI;CORREZIONE TOTALE DI COMPLETA ANOMALIA DELLA CONNESSIONE VENOSA POLMONARE;3582;
74510;TRASPOSIZIONE COMPLETA DEI GROSSI VASI;CORREZIONE TOTALE DI TETRALOGIA DI FALLOT;3581;
74510;TRASPOSIZIONE COMPLETA DEI GROSSI VASI;CORREZIONE TOTALE DI TRASPOSIZIONE DI GRANDE VASO NON CLASSIFICATO ALTROVE;3584;
74510;TRASPOSIZIONE COMPLETA DEI GROSSI VASI;CREAZIONE DI CONDOTTO FRA ATRIO E ARTERIA POLMONARE;3594;
74510;TRASPOSIZIONE COMPLETA DEI GROSSI VASI;CREAZIONE DI CONDOTTO FRA IL VENTRICOLO SINISTRO E L'AORTA;3593;
74510;TRASPOSIZIONE COMPLETA DEI GROSSI VASI;CREAZIONE DI CONDOTTO FRA VENTRICOLO DESTRO E ARTERIA POLMONARE;3592;
74510;TRASPOSIZIONE COMPLETA DEI GROSSI VASI;CREAZIONE DI DIFETTO SETTALE NEL CUORE;3542;
74510;TRASPOSIZIONE COMPLETA DEI GROSSI VASI;INFUNDIBULECTOMIA;3534;
74510;TRASPOSIZIONE COMPLETA DEI GROSSI VASI;INSERZIONE DI PACE-MAKER PERMANENTE, INIZIALE O SOSTITUZIONE, TIPO DI STRUMENTO NON SPECIFICATO;3780;
74510;TRASPOSIZIONE COMPLETA DEI GROSSI VASI;INSERZIONE DI STENT SU ARTERIA NON CORONARIA;3990;
74510;TRASPOSIZIONE COMPLETA DEI GROSSI VASI;INSERZIONE INIZIALE DI ELETTRODI TRANSVENOSI NELL'ATRIO E NEL VENTRICOLO;3772;
74510;TRASPOSIZIONE COMPLETA DEI GROSSI VASI;INTERVENTI SU ALTRE STRUTTURE ADIACENTI ALLE VALVOLE DEL CUORE;3539;
74510;TRASPOSIZIONE COMPLETA DEI GROSSI VASI;INTERVENTI SULLE TRABECOLE CARNOSE DEL CUORE;3535;
74510;TRASPOSIZIONE COMPLETA DEI GROSSI VASI;IPOTERMIA (SISTEMICA) INCIDENTALE PER CHIRURGIA A CUORE APERTO;3962;
74510;TRASPOSIZIONE COMPLETA DEI GROSSI VASI;RESEZIONE DELL'AORTA CON ANASTOMOSI;3834;
74510;TRASPOSIZIONE COMPLETA DEI GROSSI VASI;RESEZIONE DI ALTRI VASI TORACICI CON ANASTOMOSI;3835;
74510;TRASPOSIZIONE COMPLETA DEI GROSSI VASI;RESEZIONE DI ALTRI VASI TORACICI CON SOSTITUZIONE;3845;
74510;TRASPOSIZIONE COMPLETA DEI GROSSI VASI;REVISIONE DI PROCEDURE CORRETTIVE DEL CUORE;3595;
74510;TRASPOSIZIONE COMPLETA DEI GROSSI VASI;RIPARAZIONE CON PROTESI DI DIFETTO DEL SETTO INTERVENTRICOLARE;3553;
74510;TRASPOSIZIONE COMPLETA DEI GROSSI VASI;RIPARAZIONE DI DIFETTO DEL SETTO INTERATRIALE CON INNESTO TISSUTALE;3561;
74510;TRASPOSIZIONE COMPLETA DEI GROSSI VASI;RIPARAZIONE DI DIFETTO DEL SETTO INTERATRIALE CON PROTESI, TECNICA APERTA;3551;
74510;TRASPOSIZIONE COMPLETA DEI GROSSI VASI;RIPARAZIONE DI VASO SANGUIGNO CON PATCH AUTOLOGO;3956;
74510;TRASPOSIZIONE COMPLETA DEI GROSSI VASI;RIPARAZIONE DI VASO SANGUIGNO CON PATCH DI TIPO NON SPECIFICATO;3958;
74510;TRASPOSIZIONE COMPLETA DEI GROSSI VASI;TRASPOSIZIONE INTERATRIALE DEL RITORNO VENOSO;3591;
74510;TRASPOSIZIONE COMPLETA DEI GROSSI VASI;VALVULOPLASTICA A CUORE APERTO DELLA VALVOLA MITRALE SENZA SOSTITUZIONE;3512;
74510;TRASPOSIZIONE COMPLETA DEI GROSSI VASI;VALVULOPLASTICA A CUORE APERTO DELLA VALVOLA POLMONARE SENZA SOSTITUZIONE;3513;
74510;TRASPOSIZIONE COMPLETA DEI GROSSI VASI;VALVULOPLASTICA A CUORE APERTO DELLA VALVOLA TRICUSPIDE SENZA SOSTITUZIONE;3514;
74510;TRASPOSIZIONE COMPLETA DEI GROSSI VASI;VALVULOPLASTICA PERCUTANEA;3596;
74511;DOPPIO SBOCCO DEL VENTRICOLO DESTRO;ALLARGAMENTO DI DIFETTO ESISTENTE DEL SETTO ATRIALE;3541;
74511;DOPPIO SBOCCO DEL VENTRICOLO DESTRO;ALTRA ANASTOMOSI O BYPASS VASCOLARE INTRATORACICO;3923;
74511;DOPPIO SBOCCO DEL VENTRICOLO DESTRO;ALTRA ASPORTAZIONE DI ALTRI VASI TORACICI;3865;
74511;DOPPIO SBOCCO DEL VENTRICOLO DESTRO;ALTRA E NON SPECIFICATA RIPARAZIONE DI DIFETTO DEI CUSCINETTI ENDOCARDICI;3573;
74511;DOPPIO SBOCCO DEL VENTRICOLO DESTRO;ALTRA E NON SPECIFICATA RIPARAZIONE DI DIFETTO DEL SETTO INTERATRIALE;3571;
74511;DOPPIO SBOCCO DEL VENTRICOLO DESTRO;ALTRA OCCLUSIONE CHIRURGICA DI ALTRI VASI TORACICI;3885;
74511;DOPPIO SBOCCO DEL VENTRICOLO DESTRO;ALTRI INTERVENTI SUI VASI DEL CUORE;3699;
74511;DOPPIO SBOCCO DEL VENTRICOLO DESTRO;ANASTOMOSI ARTERIA CAVA E POLMONARE;3921;
74511;DOPPIO SBOCCO DEL VENTRICOLO DESTRO;ANGIOPLASTICA O ATERECTOMIA DI VASO NON CORONARICO;3950;
74511;DOPPIO SBOCCO DEL VENTRICOLO DESTRO;CARDIOPLEGIA;3963;
74511;DOPPIO SBOCCO DEL VENTRICOLO DESTRO;CARDIOTOMIA;3711;
74511;DOPPIO SBOCCO DEL VENTRICOLO DESTRO;CIRCOLAZIONE EXTRACORPOREA AUSILIARIA PER CHIRURGIA A CUORE APERTO;3961;
74511;DOPPIO SBOCCO DEL VENTRICOLO DESTRO;CORREZIONE TOTALE DI TRASPOSIZIONE DI GRANDE VASO NON CLASSIFICATO ALTROVE;3584;
74511;DOPPIO SBOCCO DEL VENTRICOLO DESTRO;CREAZIONE DI CONDOTTO FRA IL VENTRICOLO SINISTRO E L'AORTA;3593;
74511;DOPPIO SBOCCO DEL VENTRICOLO DESTRO;CREAZIONE DI CONDOTTO FRA VENTRICOLO DESTRO E ARTERIA POLMONARE;3592;
74511;DOPPIO SBOCCO DEL VENTRICOLO DESTRO;CREAZIONE DI DIFETTO SETTALE NEL CUORE;3542;
74511;DOPPIO SBOCCO DEL VENTRICOLO DESTRO;INFUNDIBULECTOMIA;3534;
74511;DOPPIO SBOCCO DEL VENTRICOLO DESTRO;INSERZIONE DI UNO STENT VASCOLARE;0045;
74511;DOPPIO SBOCCO DEL VENTRICOLO DESTRO;INTERVENTI SU ALTRE STRUTTURE ADIACENTI ALLE VALVOLE DEL CUORE;3539;
74511;DOPPIO SBOCCO DEL VENTRICOLO DESTRO;INTERVENTI SULLE TRABECOLE CARNOSE DEL CUORE;3535;
74511;DOPPIO SBOCCO DEL VENTRICOLO DESTRO;IPOTERMIA (SISTEMICA) INCIDENTALE PER CHIRURGIA A CUORE APERTO;3962;
74511;DOPPIO SBOCCO DEL VENTRICOLO DESTRO;RESEZIONE DELL'AORTA CON ANASTOMOSI;3834;
74511;DOPPIO SBOCCO DEL VENTRICOLO DESTRO;RESEZIONE DI ALTRI VASI TORACICI CON ANASTOMOSI;3835;
74511;DOPPIO SBOCCO DEL VENTRICOLO DESTRO;RIPARAZIONE CON PROTESI DI DIFETTO DEL SETTO INTERVENTRICOLARE;3553;
74511;DOPPIO SBOCCO DEL VENTRICOLO DESTRO;RIPARAZIONE DI DIFETTO DEI CUSCINETTI ENDOCARDICI CON INNESTO TISSUTALE;3563;
74511;DOPPIO SBOCCO DEL VENTRICOLO DESTRO;RIPARAZIONE DI DIFETTO DEL SETTO INTERATRIALE CON SUTURA DIRETTA;3552;
74511;DOPPIO SBOCCO DEL VENTRICOLO DESTRO;RIPARAZIONE DI DIFETTO DEL SETTO INTERVENTRICOLARE CON INNESTO TISSUTALE;3562;
74511;DOPPIO SBOCCO DEL VENTRICOLO DESTRO;TRASPOSIZIONE INTERATRIALE DEL RITORNO VENOSO;3591;
74511;DOPPIO SBOCCO DEL VENTRICOLO DESTRO;VALVULOPLASTICA A CUORE APERTO DELLA VALVOLA POLMONARE SENZA SOSTITUZIONE;3513;
74511;DOPPIO SBOCCO DEL VENTRICOLO DESTRO;VALVULOPLASTICA A CUORE APERTO DELLA VALVOLA TRICUSPIDE SENZA SOSTITUZIONE;3514;
74511;DOPPIO SBOCCO DEL VENTRICOLO DESTRO;VALVULOPLASTICA PERCUTANEA;3596;
74512;TRASPOSIZIONE CORRETTA DEI GROSSI VASI;ALLARGAMENTO DI DIFETTO ESISTENTE DEL SETTO ATRIALE;3541;
74512;TRASPOSIZIONE CORRETTA DEI GROSSI VASI;ALTRA ASPORTAZIONE DI ALTRI VASI TORACICI;3865;
74512;TRASPOSIZIONE CORRETTA DEI GROSSI VASI;ALTRA OCCLUSIONE CHIRURGICA DI ALTRI VASI TORACICI;3885;
74512;TRASPOSIZIONE CORRETTA DEI GROSSI VASI;ANASTOMOSI ARTERIA CAVA E POLMONARE;3921;
74512;TRASPOSIZIONE CORRETTA DEI GROSSI VASI;ANASTOMOSI ARTERIOSO SISTEMICO POLMONARE;390;
74512;TRASPOSIZIONE CORRETTA DEI GROSSI VASI;CARDIOPLEGIA;3963;
74512;TRASPOSIZIONE CORRETTA DEI GROSSI VASI;CARDIOTOMIA;3711;
74512;TRASPOSIZIONE CORRETTA DEI GROSSI VASI;CIRCOLAZIONE EXTRACORPOREA AUSILIARIA PER CHIRURGIA A CUORE APERTO;3961;
74512;TRASPOSIZIONE CORRETTA DEI GROSSI VASI;CREAZIONE DI DIFETTO SETTALE NEL CUORE;3542;
74512;TRASPOSIZIONE CORRETTA DEI GROSSI VASI;INSERZIONE DI STENT SU ARTERIA NON CORONARIA;3990;
74512;TRASPOSIZIONE CORRETTA DEI GROSSI VASI;RESEZIONE DI ALTRI VASI TORACICI CON ANASTOMOSI;3835;
74512;TRASPOSIZIONE CORRETTA DEI GROSSI VASI;VALVULOPLASTICA A CUORE APERTO DELLA VALVOLA TRICUSPIDE SENZA SOSTITUZIONE;3514;
74512;TRASPOSIZIONE CORRETTA DEI GROSSI VASI;VALVULOPLASTICA PERCUTANEA;3596;
7452;TETRALOGIA DI FALLOT;ALTRA OCCLUSIONE CHIRURGICA DI ALTRI VASI TORACICI;3885;
7452;TETRALOGIA DI FALLOT;ALTRA REVISIONE DI INTERVENTI VASCOLARI;3949;
7452;TETRALOGIA DI FALLOT;ALTRA SOSTITUZIONE DI VALVOLA POLMONARE CON PROTESI;3526;
7452;TETRALOGIA DI FALLOT;ANASTOMOSI ARTERIOSO SISTEMICO POLMONARE;390;
7452;TETRALOGIA DI FALLOT;ANGIOPLASTICA O ATERECTOMIA DI VASO NON CORONARICO;3950;
7452;TETRALOGIA DI FALLOT;BYPASS CARDIOPOLMONARE PERCUTANEO;3966;
7452;TETRALOGIA DI FALLOT;CARDIOPLEGIA;3963;
7452;TETRALOGIA DI FALLOT;CARDIOTOMIA;3711;
7452;TETRALOGIA DI FALLOT;CIRCOLAZIONE EXTRACORPOREA AUSILIARIA PER CHIRURGIA A CUORE APERTO;3961;
7452;TETRALOGIA DI FALLOT;CORREZIONE TOTALE DI TETRALOGIA DI FALLOT;3581;
7452;TETRALOGIA DI FALLOT;CREAZIONE DI CONDOTTO FRA VENTRICOLO DESTRO E ARTERIA POLMONARE;3592;
7452;TETRALOGIA DI FALLOT;IMPIANTO DI PACE-MAKER INTRAOPERATORIO;3964;
7452;TETRALOGIA DI FALLOT;INCISIONE CARDIACA SAI;3710;
7452;TETRALOGIA DI FALLOT;INFUNDIBULECTOMIA;3534;
7452;TETRALOGIA DI FALLOT;INTERVENTI SU ALTRE STRUTTURE ADIACENTI ALLE VALVOLE DEL CUORE;3539;
7452;TETRALOGIA DI FALLOT;INTERVENTI SULLE TRABECOLE CARNOSE DEL CUORE;3535;
7452;TETRALOGIA DI FALLOT;IPOTERMIA (SISTEMICA) INCIDENTALE PER CHIRURGIA A CUORE APERTO;3962;
7452;TETRALOGIA DI FALLOT;PERICARDIOTOMIA;3712;
7452;TETRALOGIA DI FALLOT;RESEZIONE DI ALTRI VASI TORACICI CON ANASTOMOSI;3835;
7452;TETRALOGIA DI FALLOT;REVISIONE DI PROCEDURE CORRETTIVE DEL CUORE;3595;
7452;TETRALOGIA DI FALLOT;RIPARAZIONE CON PROTESI DI DIFETTO DEI CUSCINETTI ENDOCARDICI;3554;
7452;TETRALOGIA DI FALLOT;RIPARAZIONE CON PROTESI DI DIFETTO DEL SETTO INTERVENTRICOLARE;3553;
7452;TETRALOGIA DI FALLOT;RIPARAZIONE DI DIFETTO DEL SETTO INTERATRIALE CON PROTESI, TECNICA APERTA;3551;
7452;TETRALOGIA DI FALLOT;RIPARAZIONE DI DIFETTO DEL SETTO INTERATRIALE CON SUTURA DIRETTA;3552;
7452;TETRALOGIA DI FALLOT;SOSTITUZIONE DI VALVOLA POLMONARE CON BIOPROTESI;3525;
7452;TETRALOGIA DI FALLOT;VALVULOPLASTICA A CUORE APERTO DELLA VALVOLA MITRALE SENZA SOSTITUZIONE;3512;
7452;TETRALOGIA DI FALLOT;VALVULOPLASTICA A CUORE APERTO DELLA VALVOLA POLMONARE SENZA SOSTITUZIONE;3513;
7452;TETRALOGIA DI FALLOT;VALVULOPLASTICA A CUORE APERTO DELLA VALVOLA TRICUSPIDE SENZA SOSTITUZIONE;3514;
7452;TETRALOGIA DI FALLOT;VALVULOPLASTICA PERCUTANEA;3596;
7453;VENTRICOLO UNICO;ALLARGAMENTO DI DIFETTO ESISTENTE DEL SETTO ATRIALE;3541;
7453;VENTRICOLO UNICO;ALTRA ASPORTAZIONE DI ALTRI VASI TORACICI;3865;
7453;VENTRICOLO UNICO;ALTRA OCCLUSIONE CHIRURGICA DI ALTRI VASI TORACICI;3885;
7453;VENTRICOLO UNICO;ANASTOMOSI ARTERIA CAVA E POLMONARE;3921;
7453;VENTRICOLO UNICO;ANASTOMOSI ARTERIOSO SISTEMICO POLMONARE;390;
7453;VENTRICOLO UNICO;ANGIOPLASTICA O ATERECTOMIA DI VASO NON CORONARICO;3950;
7453;VENTRICOLO UNICO;CARDIOPLEGIA;3963;
7453;VENTRICOLO UNICO;CARDIOTOMIA;3711;
7453;VENTRICOLO UNICO;CIRCOLAZIONE EXTRACORPOREA AUSILIARIA PER CHIRURGIA A CUORE APERTO;3961;
7453;VENTRICOLO UNICO;CORREZIONE TOTALE DI COMPLETA ANOMALIA DELLA CONNESSIONE VENOSA POLMONARE;3582;
7453;VENTRICOLO UNICO;CORREZIONE TOTALE DI TETRALOGIA DI FALLOT;3581;
7453;VENTRICOLO UNICO;CREAZIONE DI CONDOTTO FRA ATRIO E ARTERIA POLMONARE;3594;
7453;VENTRICOLO UNICO;CREAZIONE DI CONDOTTO FRA IL VENTRICOLO SINISTRO E L'AORTA;3593;
7453;VENTRICOLO UNICO;CREAZIONE DI CONDOTTO FRA VENTRICOLO DESTRO E ARTERIA POLMONARE;3592;
7453;VENTRICOLO UNICO;CREAZIONE DI DIFETTO SETTALE NEL CUORE;3542;
7453;VENTRICOLO UNICO;INCISIONE CARDIACA SAI;3710;
7453;VENTRICOLO UNICO;INSERZIONE DI DUE STENT VASCOLARI;0046;
7453;VENTRICOLO UNICO;INSERZIONE DI STENT SU ARTERIA NON CORONARIA;3990;
7453;VENTRICOLO UNICO;PERICARDIOCENTESI;370;
7453;VENTRICOLO UNICO;RESEZIONE DELL'AORTA CON ANASTOMOSI;3834;
7453;VENTRICOLO UNICO;RESEZIONE DI ALTRI VASI TORACICI CON ANASTOMOSI;3835;
7453;VENTRICOLO UNICO;VALVULOPLASTICA A CUORE APERTO DELLA VALVOLA TRICUSPIDE SENZA SOSTITUZIONE;3514;
7453;VENTRICOLO UNICO;VALVULOPLASTICA PERCUTANEA;3596;
7454;DIFETTO DEL SETTO INTERVENTRICOLARE;ALLARGAMENTO DI DIFETTO ESISTENTE DEL SETTO ATRIALE;3541;
7454;DIFETTO DEL SETTO INTERVENTRICOLARE;ALTRA ASPORTAZIONE DI ALTRI VASI TORACICI;3865;
7454;DIFETTO DEL SETTO INTERVENTRICOLARE;ALTRA E NON SPECIFICATA RIPARAZIONE DI DIFETTO DEL SETTO INTERATRIALE;3571;
7454;DIFETTO DEL SETTO INTERVENTRICOLARE;ALTRA E NON SPECIFICATA RIPARAZIONE DI DIFETTO DEL SETTO INTERVENTRICOLARE;3572;
7454;DIFETTO DEL SETTO INTERVENTRICOLARE;ALTRA OCCLUSIONE CHIRURGICA DI ALTRI VASI TORACICI;3885;
7454;DIFETTO DEL SETTO INTERVENTRICOLARE;ALTRI INTERVENTI SUI SETTI DEL CUORE;3598;
7454;DIFETTO DEL SETTO INTERVENTRICOLARE;ALTRI INTERVENTI SUI VASI;3999;
7454;DIFETTO DEL SETTO INTERVENTRICOLARE;ALTRI INTERVENTI SUI VASI DEL CUORE;3699;
7454;DIFETTO DEL SETTO INTERVENTRICOLARE;ANASTOMOSI ARTERIOSO SISTEMICO POLMONARE;390;
7454;DIFETTO DEL SETTO INTERVENTRICOLARE;ANASTOMOSI FRA VENTRICOLO, CAVITA' ADDOMINALE E SUOI ORGANI;0234;
7454;DIFETTO DEL SETTO INTERVENTRICOLARE;ANGIOPLASTICA O ATERECTOMIA DI VASO NON CORONARICO;3950;
7454;DIFETTO DEL SETTO INTERVENTRICOLARE;ASPORTAZIONE MEDIANTE CATETERE DI LESIONE O TESSUTO DEL CUORE;3734;
7454;DIFETTO DEL SETTO INTERVENTRICOLARE;AUTOPSIA;898;
7454;DIFETTO DEL SETTO INTERVENTRICOLARE;BYPASS CARDIOPOLMONARE PERCUTANEO;3966;
7454;DIFETTO DEL SETTO INTERVENTRICOLARE;CARDIOTOMIA;3711;
7454;DIFETTO DEL SETTO INTERVENTRICOLARE;CIRCOLAZIONE EXTRACORPOREA AUSILIARIA PER CHIRURGIA A CUORE APERTO;3961;
7454;DIFETTO DEL SETTO INTERVENTRICOLARE;CORREZIONE TOTALE DEL TRONCO ARTERIOSO;3583;
7454;DIFETTO DEL SETTO INTERVENTRICOLARE;CORREZIONE TOTALE DI COMPLETA ANOMALIA DELLA CONNESSIONE VENOSA POLMONARE;3582;
7454;DIFETTO DEL SETTO INTERVENTRICOLARE;CORREZIONE TOTALE DI TETRALOGIA DI FALLOT;3581;
7454;DIFETTO DEL SETTO INTERVENTRICOLARE;CORREZIONE TOTALE DI TRASPOSIZIONE DI GRANDE VASO NON CLASSIFICATO ALTROVE;3584;
7454;DIFETTO DEL SETTO INTERVENTRICOLARE;CREAZIONE DI CONDOTTO FRA ATRIO E ARTERIA POLMONARE;3594;
7454;DIFETTO DEL SETTO INTERVENTRICOLARE;CREAZIONE DI CONDOTTO FRA IL VENTRICOLO SINISTRO E L'AORTA;3593;
7454;DIFETTO DEL SETTO INTERVENTRICOLARE;CREAZIONE DI CONDOTTO FRA VENTRICOLO DESTRO E ARTERIA POLMONARE;3592;
7454;DIFETTO DEL SETTO INTERVENTRICOLARE;CREAZIONE DI DIFETTO SETTALE NEL CUORE;3542;
7454;DIFETTO DEL SETTO INTERVENTRICOLARE;INCISIONE CARDIACA SAI;3710;
7454;DIFETTO DEL SETTO INTERVENTRICOLARE;INFUNDIBULECTOMIA;3534;
7454;DIFETTO DEL SETTO INTERVENTRICOLARE;INSERZIONE DI PACE-MAKER PERMANENTE, INIZIALE O SOSTITUZIONE, TIPO DI STRUMENTO NON SPECIFICATO;3780;
7454;DIFETTO DEL SETTO INTERVENTRICOLARE;INSERZIONE DI STENT NON MEDICATO NELL'ARTERIA CORONARICA;3606;
7454;DIFETTO DEL SETTO INTERVENTRICOLARE;INSERZIONE DI UNO STENT VASCOLARE;0045;
7454;DIFETTO DEL SETTO INTERVENTRICOLARE;INSERZIONE INIZIALE DI ELETTRODI TRANSVENOSI NELL'ATRIO E NEL VENTRICOLO;3772;
7454;DIFETTO DEL SETTO INTERVENTRICOLARE;INTERVENTI SU ALTRE STRUTTURE ADIACENTI ALLE VALVOLE DEL CUORE;3539;
7454;DIFETTO DEL SETTO INTERVENTRICOLARE;INTERVENTI SULLE TRABECOLE CARNOSE DEL CUORE;3535;
7454;DIFETTO DEL SETTO INTERVENTRICOLARE;PERICARDIOCENTESI;370;
7454;DIFETTO DEL SETTO INTERVENTRICOLARE;RESEZIONE DELL'AORTA CON ANASTOMOSI;3834;
7454;DIFETTO DEL SETTO INTERVENTRICOLARE;REVISIONE DI PROCEDURE CORRETTIVE DEL CUORE;3595;
7454;DIFETTO DEL SETTO INTERVENTRICOLARE;RIPARAZIONE CON PROTESI DI DIFETTO DEI CUSCINETTI ENDOCARDICI;3554;
7454;DIFETTO DEL SETTO INTERVENTRICOLARE;RIPARAZIONE CON PROTESI DI DIFETTO DEL SETTO INTERVENTRICOLARE;3553;
7454;DIFETTO DEL SETTO INTERVENTRICOLARE;RIPARAZIONE DI DIFETTO DEI CUSCINETTI ENDOCARDICI CON INNESTO TISSUTALE;3563;
7454;DIFETTO DEL SETTO INTERVENTRICOLARE;RIPARAZIONE DI DIFETTO DEL SETTO INTERATRIALE CON INNESTO TISSUTALE;3561;
7454;DIFETTO DEL SETTO INTERVENTRICOLARE;RIPARAZIONE DI DIFETTO DEL SETTO INTERATRIALE CON PROTESI, TECNICA APERTA;3551;
7454;DIFETTO DEL SETTO INTERVENTRICOLARE;RIPARAZIONE DI DIFETTO DEL SETTO INTERATRIALE CON SUTURA DIRETTA;3552;
7454;DIFETTO DEL SETTO INTERVENTRICOLARE;RIPARAZIONE DI DIFETTO DEL SETTO INTERVENTRICOLARE CON INNESTO TISSUTALE;3562;
7454;DIFETTO DEL SETTO INTERVENTRICOLARE;RIPARAZIONE DI FISTOLA ARTERIOVENOSA;3953;
7454;DIFETTO DEL SETTO INTERVENTRICOLARE;SOSTITUZIONE DI VALVOLA POLMONARE CON BIOPROTESI;3525;
7454;DIFETTO DEL SETTO INTERVENTRICOLARE;VALVULOPLASTICA A CUORE APERTO DELLA VALVOLA AORTICA SENZA SOSTITUZIONE;3511;
7454;DIFETTO DEL SETTO INTERVENTRICOLARE;VALVULOPLASTICA A CUORE APERTO DELLA VALVOLA MITRALE SENZA SOSTITUZIONE;3512;
7454;DIFETTO DEL SETTO INTERVENTRICOLARE;VALVULOPLASTICA A CUORE APERTO DELLA VALVOLA POLMONARE SENZA SOSTITUZIONE;3513;
7454;DIFETTO DEL SETTO INTERVENTRICOLARE;VALVULOPLASTICA A CUORE APERTO DELLA VALVOLA TRICUSPIDE SENZA SOSTITUZIONE;3514;
7454;DIFETTO DEL SETTO INTERVENTRICOLARE;VALVULOPLASTICA A CUORE APERTO SENZA SOSTITUZIONE;351;
7454;DIFETTO DEL SETTO INTERVENTRICOLARE;VALVULOPLASTICA A CUORE APERTO SENZA SOSTITUZIONE, VALVOLA NON SPECIFICATA;3510;
7454;DIFETTO DEL SETTO INTERVENTRICOLARE;VALVULOPLASTICA PERCUTANEA;3596;
7454;DIFETTO DEL SETTO INTERVENTRICOLARE;VALVULOTOMIA A CUORE CHIUSO, VALVOLA POLMONARE;3503;
7455;DIFETTO DEL SETTO ATRIALE TIPO OSTIUM SECUNDUM;ALLARGAMENTO DI DIFETTO ESISTENTE DEL SETTO ATRIALE;3541;
7455;DIFETTO DEL SETTO ATRIALE TIPO OSTIUM SECUNDUM;ALTRA ASPORTAZIONE DI ALTRI VASI TORACICI;3865;
7455;DIFETTO DEL SETTO ATRIALE TIPO OSTIUM SECUNDUM;ALTRA E NON SPECIFICATA RIPARAZIONE DI DIFETTO DEI CUSCINETTI ENDOCARDICI;3573;
7455;DIFETTO DEL SETTO ATRIALE TIPO OSTIUM SECUNDUM;ALTRA E NON SPECIFICATA RIPARAZIONE DI DIFETTO DEL SETTO INTERATRIALE;3571;
7455;DIFETTO DEL SETTO ATRIALE TIPO OSTIUM SECUNDUM;ALTRA REVISIONE DI INTERVENTI VASCOLARI;3949;
7455;DIFETTO DEL SETTO ATRIALE TIPO OSTIUM SECUNDUM;Altra riparazione endovascolare di aneurisma con graft;3979;
7455;DIFETTO DEL SETTO ATRIALE TIPO OSTIUM SECUNDUM;ALTRA SOSTITUZIONE DI VALVOLA POLMONARE CON PROTESI;3526;
7455;DIFETTO DEL SETTO ATRIALE TIPO OSTIUM SECUNDUM;ALTRI INTERVENTI SUI VASI;3999;
7455;DIFETTO DEL SETTO ATRIALE TIPO OSTIUM SECUNDUM;ALTRI INTERVENTI SUI VASI DEL CUORE;3699;
7455;DIFETTO DEL SETTO ATRIALE TIPO OSTIUM SECUNDUM;ANASTOMOSI FRA VENTRICOLO, CAVITA' ADDOMINALE E SUOI ORGANI;0234;
7455;DIFETTO DEL SETTO ATRIALE TIPO OSTIUM SECUNDUM;ASPORTAZIONE MEDIANTE CATETERE DI LESIONE O TESSUTO DEL CUORE;3734;
7455;DIFETTO DEL SETTO ATRIALE TIPO OSTIUM SECUNDUM;CARDIOTOMIA;3711;
7455;DIFETTO DEL SETTO ATRIALE TIPO OSTIUM SECUNDUM;CIRCOLAZIONE EXTRACORPOREA AUSILIARIA PER CHIRURGIA A CUORE APERTO;3961;
7455;DIFETTO DEL SETTO ATRIALE TIPO OSTIUM SECUNDUM;CREAZIONE DI CONDOTTO FRA IL VENTRICOLO SINISTRO E L'AORTA;3593;
7455;DIFETTO DEL SETTO ATRIALE TIPO OSTIUM SECUNDUM;CREAZIONE DI CONDOTTO FRA VENTRICOLO DESTRO E ARTERIA POLMONARE;3592;
7455;DIFETTO DEL SETTO ATRIALE TIPO OSTIUM SECUNDUM;INSERZIONE DI UNO STENT VASCOLARE;0045;
7455;DIFETTO DEL SETTO ATRIALE TIPO OSTIUM SECUNDUM;INTERVENTI SU ALTRE STRUTTURE ADIACENTI ALLE VALVOLE DEL CUORE;3539;
7455;DIFETTO DEL SETTO ATRIALE TIPO OSTIUM SECUNDUM;INTERVENTI SULLE TRABECOLE CARNOSE DEL CUORE;3535;
7455;DIFETTO DEL SETTO ATRIALE TIPO OSTIUM SECUNDUM;PERICARDIOCENTESI;370;
7455;DIFETTO DEL SETTO ATRIALE TIPO OSTIUM SECUNDUM;RIPARAZIONE DI DIFETTO DEI CUSCINETTI ENDOCARDICI CON INNESTO TISSUTALE;3563;
7455;DIFETTO DEL SETTO ATRIALE TIPO OSTIUM SECUNDUM;RIPARAZIONE DI DIFETTO DEL SETTO INTERATRIALE CON INNESTO TISSUTALE;3561;
7455;DIFETTO DEL SETTO ATRIALE TIPO OSTIUM SECUNDUM;RIPARAZIONE DI DIFETTO DEL SETTO INTERATRIALE CON PROTESI, TECNICA APERTA;3551;
7455;DIFETTO DEL SETTO ATRIALE TIPO OSTIUM SECUNDUM;RIPARAZIONE DI DIFETTO DEL SETTO INTERATRIALE CON SUTURA DIRETTA;3552;
7455;DIFETTO DEL SETTO ATRIALE TIPO OSTIUM SECUNDUM;RIPARAZIONE DI DIFETTO DEL SETTO INTERVENTRICOLARE CON INNESTO TISSUTALE;3562;
7455;DIFETTO DEL SETTO ATRIALE TIPO OSTIUM SECUNDUM;RIPARAZIONE DI FISTOLA ARTERIOVENOSA;3953;
7455;DIFETTO DEL SETTO ATRIALE TIPO OSTIUM SECUNDUM;SOSTITUZIONE DI VALVOLA CARDIACA;352;
7455;DIFETTO DEL SETTO ATRIALE TIPO OSTIUM SECUNDUM;TRASPOSIZIONE INTERATRIALE DEL RITORNO VENOSO;3591;
7455;DIFETTO DEL SETTO ATRIALE TIPO OSTIUM SECUNDUM;VALVULOPLASTICA A CUORE APERTO DELLA VALVOLA POLMONARE SENZA SOSTITUZIONE;3513;
7455;DIFETTO DEL SETTO ATRIALE TIPO OSTIUM SECUNDUM;VALVULOPLASTICA PERCUTANEA;3596;
74560;DIFETTO DEI CUSCINETTI ENDOCARDICI, DI TIPO NON SPECIFICATO;ALLARGAMENTO DI DIFETTO ESISTENTE DEL SETTO ATRIALE;3541;
74560;DIFETTO DEI CUSCINETTI ENDOCARDICI, DI TIPO NON SPECIFICATO;ALTRA OCCLUSIONE CHIRURGICA DI ALTRI VASI TORACICI;3885;
74560;DIFETTO DEI CUSCINETTI ENDOCARDICI, DI TIPO NON SPECIFICATO;Altra riparazione endovascolare di aneurisma con graft;3979;
74560;DIFETTO DEI CUSCINETTI ENDOCARDICI, DI TIPO NON SPECIFICATO;ALTRI INTERVENTI SULLE VALVOLE DEL CUORE;3599;
74560;DIFETTO DEI CUSCINETTI ENDOCARDICI, DI TIPO NON SPECIFICATO;ANGIOPLASTICA O ATERECTOMIA DI VASO NON CORONARICO;3950;
74560;DIFETTO DEI CUSCINETTI ENDOCARDICI, DI TIPO NON SPECIFICATO;CARDIOPLEGIA;3963;
74560;DIFETTO DEI CUSCINETTI ENDOCARDICI, DI TIPO NON SPECIFICATO;CARDIOTOMIA;3711;
74560;DIFETTO DEI CUSCINETTI ENDOCARDICI, DI TIPO NON SPECIFICATO;CIRCOLAZIONE EXTRACORPOREA AUSILIARIA PER CHIRURGIA A CUORE APERTO;3961;
74560;DIFETTO DEI CUSCINETTI ENDOCARDICI, DI TIPO NON SPECIFICATO;CORREZIONE TOTALE DI COMPLETA ANOMALIA DELLA CONNESSIONE VENOSA POLMONARE;3582;
74560;DIFETTO DEI CUSCINETTI ENDOCARDICI, DI TIPO NON SPECIFICATO;CORREZIONE TOTALE DI TETRALOGIA DI FALLOT;3581;
74560;DIFETTO DEI CUSCINETTI ENDOCARDICI, DI TIPO NON SPECIFICATO;CREAZIONE DI CONDOTTO FRA IL VENTRICOLO SINISTRO E L'AORTA;3593;
74560;DIFETTO DEI CUSCINETTI ENDOCARDICI, DI TIPO NON SPECIFICATO;INCISIONE CARDIACA SAI;3710;
74560;DIFETTO DEI CUSCINETTI ENDOCARDICI, DI TIPO NON SPECIFICATO;INTERVENTI SULLE TRABECOLE CARNOSE DEL CUORE;3535;
74560;DIFETTO DEI CUSCINETTI ENDOCARDICI, DI TIPO NON SPECIFICATO;IPOTERMIA (SISTEMICA) INCIDENTALE PER CHIRURGIA A CUORE APERTO;3962;
74560;DIFETTO DEI CUSCINETTI ENDOCARDICI, DI TIPO NON SPECIFICATO;RESEZIONE DELL'AORTA CON ANASTOMOSI;3834;
74560;DIFETTO DEI CUSCINETTI ENDOCARDICI, DI TIPO NON SPECIFICATO;RESEZIONE DI ALTRI VASI TORACICI CON ANASTOMOSI;3835;
74560;DIFETTO DEI CUSCINETTI ENDOCARDICI, DI TIPO NON SPECIFICATO;RIPARAZIONE CON PROTESI DI DIFETTO DEI CUSCINETTI ENDOCARDICI;3554;
74560;DIFETTO DEI CUSCINETTI ENDOCARDICI, DI TIPO NON SPECIFICATO;RIPARAZIONE CON PROTESI DI DIFETTO DEL SETTO INTERVENTRICOLARE;3553;
74560;DIFETTO DEI CUSCINETTI ENDOCARDICI, DI TIPO NON SPECIFICATO;RIPARAZIONE DI DIFETTO DEI CUSCINETTI ENDOCARDICI CON INNESTO TISSUTALE;3563;
74560;DIFETTO DEI CUSCINETTI ENDOCARDICI, DI TIPO NON SPECIFICATO;RIPARAZIONE DI DIFETTO DEL SETTO INTERATRIALE CON PROTESI, TECNICA APERTA;3551;
74560;DIFETTO DEI CUSCINETTI ENDOCARDICI, DI TIPO NON SPECIFICATO;RIPARAZIONE DI DIFETTO DEL SETTO INTERATRIALE CON SUTURA DIRETTA;3552;
74560;DIFETTO DEI CUSCINETTI ENDOCARDICI, DI TIPO NON SPECIFICATO;VALVULOPLASTICA A CUORE APERTO DELLA VALVOLA MITRALE SENZA SOSTITUZIONE;3512;
74560;DIFETTO DEI CUSCINETTI ENDOCARDICI, DI TIPO NON SPECIFICATO;VALVULOPLASTICA A CUORE APERTO DELLA VALVOLA POLMONARE SENZA SOSTITUZIONE;3513;
74560;DIFETTO DEI CUSCINETTI ENDOCARDICI, DI TIPO NON SPECIFICATO;VALVULOPLASTICA A CUORE APERTO DELLA VALVOLA TRICUSPIDE SENZA SOSTITUZIONE;3514;
74561;DIFETTO DELL'OSTIUM PRIMUM;ALTRA E NON SPECIFICATA RIPARAZIONE DI DIFETTO DEI CUSCINETTI ENDOCARDICI;3573;
74561;DIFETTO DELL'OSTIUM PRIMUM;ALTRA OCCLUSIONE CHIRURGICA DI ALTRI VASI TORACICI;3885;
74561;DIFETTO DELL'OSTIUM PRIMUM;ANGIOPLASTICA O ATERECTOMIA DI VASO NON CORONARICO;3950;
74561;DIFETTO DELL'OSTIUM PRIMUM;CARDIOPLEGIA;3963;
74561;DIFETTO DELL'OSTIUM PRIMUM;CARDIOTOMIA;3711;
74561;DIFETTO DELL'OSTIUM PRIMUM;CIRCOLAZIONE EXTRACORPOREA AUSILIARIA PER CHIRURGIA A CUORE APERTO;3961;
74561;DIFETTO DELL'OSTIUM PRIMUM;INCISIONE DEL POLMONE;331;
74561;DIFETTO DELL'OSTIUM PRIMUM;RESEZIONE DI ALTRI VASI TORACICI CON ANASTOMOSI;3835;
74561;DIFETTO DELL'OSTIUM PRIMUM;RESEZIONE DI ALTRI VASI TORACICI CON SOSTITUZIONE;3845;
74561;DIFETTO DELL'OSTIUM PRIMUM;RIPARAZIONE CON PROTESI DI DIFETTO DEI CUSCINETTI ENDOCARDICI;3554;
74561;DIFETTO DELL'OSTIUM PRIMUM;RIPARAZIONE CON PROTESI DI DIFETTO DEL SETTO INTERVENTRICOLARE;3553;
74561;DIFETTO DELL'OSTIUM PRIMUM;RIPARAZIONE DI DIFETTO DEI CUSCINETTI ENDOCARDICI CON INNESTO TISSUTALE;3563;
74561;DIFETTO DELL'OSTIUM PRIMUM;RIPARAZIONE DI DIFETTO DEL SETTO INTERATRIALE CON PROTESI, TECNICA APERTA;3551;
74561;DIFETTO DELL'OSTIUM PRIMUM;RIPARAZIONE DI DIFETTO DEL SETTO INTERATRIALE CON SUTURA DIRETTA;3552;
74561;DIFETTO DELL'OSTIUM PRIMUM;VALVULOPLASTICA A CUORE APERTO DELLA VALVOLA AORTICA SENZA SOSTITUZIONE;3511;
74561;DIFETTO DELL'OSTIUM PRIMUM;VALVULOPLASTICA A CUORE APERTO DELLA VALVOLA MITRALE SENZA SOSTITUZIONE;3512;
74561;DIFETTO DELL'OSTIUM PRIMUM;VALVULOPLASTICA A CUORE APERTO DELLA VALVOLA POLMONARE SENZA SOSTITUZIONE;3513;
74561;DIFETTO DELL'OSTIUM PRIMUM;VALVULOPLASTICA A CUORE APERTO DELLA VALVOLA TRICUSPIDE SENZA SOSTITUZIONE;3514;
74561;DIFETTO DELL'OSTIUM PRIMUM;VALVULOPLASTICA PERCUTANEA;3596;
74569;ALTRI DIFETTI DEI CUSCINETTI ENDOCARDICI;ALLARGAMENTO DI DIFETTO ESISTENTE DEL SETTO ATRIALE;3541;
74569;ALTRI DIFETTI DEI CUSCINETTI ENDOCARDICI;ALTRA E NON SPECIFICATA RIPARAZIONE DI DIFETTO DEI CUSCINETTI ENDOCARDICI;3573;
74569;ALTRI DIFETTI DEI CUSCINETTI ENDOCARDICI;ALTRI INTERVENTI SUI SETTI DEL CUORE;3598;
74569;ALTRI DIFETTI DEI CUSCINETTI ENDOCARDICI;ALTRI INTERVENTI SUI VASI DEL CUORE;3699;
74569;ALTRI DIFETTI DEI CUSCINETTI ENDOCARDICI;CARDIOTOMIA;3711;
74569;ALTRI DIFETTI DEI CUSCINETTI ENDOCARDICI;CIRCOLAZIONE EXTRACORPOREA AUSILIARIA PER CHIRURGIA A CUORE APERTO;3961;
74569;ALTRI DIFETTI DEI CUSCINETTI ENDOCARDICI;CORREZIONE TOTALE DEL TRONCO ARTERIOSO;3583;
74569;ALTRI DIFETTI DEI CUSCINETTI ENDOCARDICI;CORREZIONE TOTALE DI TETRALOGIA DI FALLOT;3581;
74569;ALTRI DIFETTI DEI CUSCINETTI ENDOCARDICI;INTERVENTI SU ALTRE STRUTTURE ADIACENTI ALLE VALVOLE DEL CUORE;3539;
74569;ALTRI DIFETTI DEI CUSCINETTI ENDOCARDICI;IPOTERMIA (SISTEMICA) INCIDENTALE PER CHIRURGIA A CUORE APERTO;3962;
74569;ALTRI DIFETTI DEI CUSCINETTI ENDOCARDICI;RESEZIONE DELL'AORTA CON ANASTOMOSI;3834;
74569;ALTRI DIFETTI DEI CUSCINETTI ENDOCARDICI;RIPARAZIONE CON PROTESI DI DIFETTO DEI CUSCINETTI ENDOCARDICI;3554;
74569;ALTRI DIFETTI DEI CUSCINETTI ENDOCARDICI;RIPARAZIONE CON PROTESI DI DIFETTO DEL SETTO INTERVENTRICOLARE;3553;
74569;ALTRI DIFETTI DEI CUSCINETTI ENDOCARDICI;RIPARAZIONE DI DIFETTO DEI CUSCINETTI ENDOCARDICI CON INNESTO TISSUTALE;3563;
74569;ALTRI DIFETTI DEI CUSCINETTI ENDOCARDICI;RIPARAZIONE DI DIFETTO DEL SETTO INTERATRIALE CON PROTESI, TECNICA APERTA;3551;
74569;ALTRI DIFETTI DEI CUSCINETTI ENDOCARDICI;RIPARAZIONE DI DIFETTO DEL SETTO INTERATRIALE CON SUTURA DIRETTA;3552;
74569;ALTRI DIFETTI DEI CUSCINETTI ENDOCARDICI;VALVULOPLASTICA A CUORE APERTO DELLA VALVOLA MITRALE SENZA SOSTITUZIONE;3512;
74569;ALTRI DIFETTI DEI CUSCINETTI ENDOCARDICI;VALVULOPLASTICA A CUORE APERTO DELLA VALVOLA TRICUSPIDE SENZA SOSTITUZIONE;3514;
74569;ALTRI DIFETTI DEI CUSCINETTI ENDOCARDICI;VALVULOPLASTICA PERCUTANEA;3596;
7457;CUORE BILOCULARE;CIRCOLAZIONE EXTRACORPOREA AUSILIARIA PER CHIRURGIA A CUORE APERTO;3961;
7457;CUORE BILOCULARE;INCISIONE DEL POLMONE;331;
7458;ALTRO DIFETTO DI CHIUSURA DEL SETTO;ALTRA E NON SPECIFICATA RIPARAZIONE DI DIFETTO DEL SETTO INTERATRIALE;3571;
7458;ALTRO DIFETTO DI CHIUSURA DEL SETTO;ALTRA OCCLUSIONE CHIRURGICA DI ALTRI VASI TORACICI;3885;
7458;ALTRO DIFETTO DI CHIUSURA DEL SETTO;ANASTOMOSI ARTERIOSO SISTEMICO POLMONARE;390;
7458;ALTRO DIFETTO DI CHIUSURA DEL SETTO;CIRCOLAZIONE EXTRACORPOREA AUSILIARIA PER CHIRURGIA A CUORE APERTO;3961;
7458;ALTRO DIFETTO DI CHIUSURA DEL SETTO;CORREZIONE TOTALE DI COMPLETA ANOMALIA DELLA CONNESSIONE VENOSA POLMONARE;3582;
7458;ALTRO DIFETTO DI CHIUSURA DEL SETTO;RESEZIONE DELL'AORTA CON ANASTOMOSI;3834;
7458;ALTRO DIFETTO DI CHIUSURA DEL SETTO;REVISIONE DI PROCEDURE CORRETTIVE DEL CUORE;3595;
7458;ALTRO DIFETTO DI CHIUSURA DEL SETTO;RIPARAZIONE CON PROTESI DI DIFETTO DEL SETTO INTERVENTRICOLARE;3553;
7458;ALTRO DIFETTO DI CHIUSURA DEL SETTO;RIPARAZIONE DI DIFETTO DEL SETTO INTERATRIALE CON PROTESI, TECNICA APERTA;3551;
7458;ALTRO DIFETTO DI CHIUSURA DEL SETTO;RIPARAZIONE DI DIFETTO DEL SETTO INTERATRIALE CON SUTURA DIRETTA;3552;
7458;ALTRO DIFETTO DI CHIUSURA DEL SETTO;RIPARAZIONE DI DIFETTO DEL SETTO INTERVENTRICOLARE CON INNESTO TISSUTALE;3562;
7458;ALTRO DIFETTO DI CHIUSURA DEL SETTO;VALVULOPLASTICA A CUORE APERTO DELLA VALVOLA POLMONARE SENZA SOSTITUZIONE;3513;
7459;DIFETTO NON SPECIFICATO DI CHIUSURA DEL SETTO;INSERZIONE DI STENT SU ARTERIA NON CORONARIA;3990;
7459;DIFETTO NON SPECIFICATO DI CHIUSURA DEL SETTO;RIPARAZIONE CON PROTESI DI DIFETTO DEL SETTO INTERVENTRICOLARE;3553;
7459;DIFETTO NON SPECIFICATO DI CHIUSURA DEL SETTO;RIPARAZIONE DI DIFETTO DEL SETTO INTERATRIALE CON INNESTO TISSUTALE;3561;
7459;DIFETTO NON SPECIFICATO DI CHIUSURA DEL SETTO;RIPARAZIONE DI DIFETTO DEL SETTO INTERATRIALE CON SUTURA DIRETTA;3552;
7459;DIFETTO NON SPECIFICATO DI CHIUSURA DEL SETTO;VALVULOPLASTICA A CUORE APERTO DELLA VALVOLA POLMONARE SENZA SOSTITUZIONE;3513;
746;ALTRE ANOMALIE CONGENITE DEL CUORE;CIRCOLAZIONE EXTRACORPOREA AUSILIARIA PER CHIRURGIA A CUORE APERTO;3961;
746;ALTRE ANOMALIE CONGENITE DEL CUORE;INCISIONE CARDIACA SAI;3710;
74600;ANOMALIA DELLA VALVOLA POLMONARE, NON SPECIFICATA;ALLARGAMENTO DI DIFETTO ESISTENTE DEL SETTO ATRIALE;3541;
74600;ANOMALIA DELLA VALVOLA POLMONARE, NON SPECIFICATA;ALTRA ASPORTAZIONE O DEMOLIZIONE LOCALE DI LESIONE O TESSUTO DEL POLMONE;3229;
74600;ANOMALIA DELLA VALVOLA POLMONARE, NON SPECIFICATA;ALTRA OCCLUSIONE CHIRURGICA DI ALTRI VASI TORACICI;3885;
74600;ANOMALIA DELLA VALVOLA POLMONARE, NON SPECIFICATA;ANASTOMOSI ARTERIA CAVA E POLMONARE;3921;
74600;ANOMALIA DELLA VALVOLA POLMONARE, NON SPECIFICATA;ANASTOMOSI ARTERIOSO SISTEMICO POLMONARE;390;
74600;ANOMALIA DELLA VALVOLA POLMONARE, NON SPECIFICATA;CARDIOPLEGIA;3963;
74600;ANOMALIA DELLA VALVOLA POLMONARE, NON SPECIFICATA;CARDIOTOMIA;3711;
74600;ANOMALIA DELLA VALVOLA POLMONARE, NON SPECIFICATA;CIRCOLAZIONE EXTRACORPOREA AUSILIARIA PER CHIRURGIA A CUORE APERTO;3961;
74600;ANOMALIA DELLA VALVOLA POLMONARE, NON SPECIFICATA;CORREZIONE TOTALE DI TETRALOGIA DI FALLOT;3581;
74600;ANOMALIA DELLA VALVOLA POLMONARE, NON SPECIFICATA;INFUNDIBULECTOMIA;3534;
74600;ANOMALIA DELLA VALVOLA POLMONARE, NON SPECIFICATA;RESEZIONE DI ALTRI VASI TORACICI CON ANASTOMOSI;3835;
74600;ANOMALIA DELLA VALVOLA POLMONARE, NON SPECIFICATA;SOSTITUZIONE DI VALVOLA POLMONARE CON BIOPROTESI;3525;
74600;ANOMALIA DELLA VALVOLA POLMONARE, NON SPECIFICATA;VALVULOPLASTICA A CUORE APERTO DELLA VALVOLA MITRALE SENZA SOSTITUZIONE;3512;
74600;ANOMALIA DELLA VALVOLA POLMONARE, NON SPECIFICATA;VALVULOPLASTICA A CUORE APERTO DELLA VALVOLA POLMONARE SENZA SOSTITUZIONE;3513;
74600;ANOMALIA DELLA VALVOLA POLMONARE, NON SPECIFICATA;VALVULOPLASTICA A CUORE APERTO DELLA VALVOLA TRICUSPIDE SENZA SOSTITUZIONE;3514;
74600;ANOMALIA DELLA VALVOLA POLMONARE, NON SPECIFICATA;VALVULOPLASTICA PERCUTANEA;3596;
74601;ATRESIA, CONGENITA;ALLARGAMENTO DI DIFETTO ESISTENTE DEL SETTO ATRIALE;3541;
74601;ATRESIA, CONGENITA;ALTRA ASPORTAZIONE DI ALTRI VASI TORACICI;3865;
74601;ATRESIA, CONGENITA;ALTRA OCCLUSIONE CHIRURGICA DI ALTRI VASI TORACICI;3885;
74601;ATRESIA, CONGENITA;ALTRA REVISIONE DI INTERVENTI VASCOLARI;3949;
74601;ATRESIA, CONGENITA;Altra riparazione endovascolare di aneurisma con graft;3979;
74601;ATRESIA, CONGENITA;ALTRA SOSTITUZIONE DI VALVOLA AORTICA CON PROTESI;3522;
74601;ATRESIA, CONGENITA;ALTRA SOSTITUZIONE DI VALVOLA POLMONARE CON PROTESI;3526;
74601;ATRESIA, CONGENITA;ANASTOMOSI ARTERIA CAVA E POLMONARE;3921;
74601;ATRESIA, CONGENITA;ANASTOMOSI ARTERIOSO SISTEMICO POLMONARE;390;
74601;ATRESIA, CONGENITA;ANGIOPLASTICA O ATERECTOMIA DI VASO NON CORONARICO;3950;
74601;ATRESIA, CONGENITA;CARDIOPLEGIA;3963;
74601;ATRESIA, CONGENITA;CARDIOTOMIA;3711;
74601;ATRESIA, CONGENITA;CIRCOLAZIONE EXTRACORPOREA AUSILIARIA PER CHIRURGIA A CUORE APERTO;3961;
74601;ATRESIA, CONGENITA;CORREZIONE TOTALE DI COMPLETA ANOMALIA DELLA CONNESSIONE VENOSA POLMONARE;3582;
74601;ATRESIA, CONGENITA;CORREZIONE TOTALE DI TETRALOGIA DI FALLOT;3581;
74601;ATRESIA, CONGENITA;CREAZIONE DI CONDOTTO FRA ATRIO E ARTERIA POLMONARE;3594;
74601;ATRESIA, CONGENITA;CREAZIONE DI CONDOTTO FRA VENTRICOLO DESTRO E ARTERIA POLMONARE;3592;
74601;ATRESIA, CONGENITA;CREAZIONE DI DIFETTO SETTALE NEL CUORE;3542;
74601;ATRESIA, CONGENITA;INFUNDIBULECTOMIA;3534;
74601;ATRESIA, CONGENITA;IPOTERMIA (SISTEMICA) INCIDENTALE PER CHIRURGIA A CUORE APERTO;3962;
74601;ATRESIA, CONGENITA;PERICARDIOCENTESI;370;
74601;ATRESIA, CONGENITA;RESEZIONE DELL'AORTA CON ANASTOMOSI;3834;
74601;ATRESIA, CONGENITA;RESEZIONE DI ALTRI VASI TORACICI CON ANASTOMOSI;3835;
74601;ATRESIA, CONGENITA;RIPARAZIONE CON PROTESI DI DIFETTO DEL SETTO INTERVENTRICOLARE;3553;
74601;ATRESIA, CONGENITA;RIPARAZIONE DI DIFETTO DEL SETTO INTERATRIALE CON SUTURA DIRETTA;3552;
74601;ATRESIA, CONGENITA;SOSTITUZIONE DI VALVOLA POLMONARE CON BIOPROTESI;3525;
74601;ATRESIA, CONGENITA;VALVULOPLASTICA A CUORE APERTO DELLA VALVOLA POLMONARE SENZA SOSTITUZIONE;3513;
74601;ATRESIA, CONGENITA;VALVULOPLASTICA A CUORE APERTO DELLA VALVOLA TRICUSPIDE SENZA SOSTITUZIONE;3514;
74601;ATRESIA, CONGENITA;VALVULOPLASTICA PERCUTANEA;3596;
74601;ATRESIA, CONGENITA;VALVULOTOMIA A CUORE CHIUSO, VALVOLA POLMONARE;3503;
74602;STENOSI, CONGENITA;ALLARGAMENTO DI DIFETTO ESISTENTE DEL SETTO ATRIALE;3541;
74602;STENOSI, CONGENITA;ALTRA ANASTOMOSI O BYPASS VASCOLARE INTRATORACICO;3923;
74602;STENOSI, CONGENITA;ALTRA E NON SPECIFICATA RIPARAZIONE DI DIFETTO DEL SETTO INTERATRIALE;3571;
74602;STENOSI, CONGENITA;ALTRA OCCLUSIONE CHIRURGICA DI ALTRI VASI TORACICI;3885;
74602;STENOSI, CONGENITA;ALTRA OCCLUSIONE CHIRURGICA DI VASI, SEDE NON SPECIFICATA;3880;
74602;STENOSI, CONGENITA;ALTRA TRACHEOSTOMIA PERMANENTE;3129;
74602;STENOSI, CONGENITA;ANASTOMOSI ARTERIA CAVA E POLMONARE;3921;
74602;STENOSI, CONGENITA;ANGIOPLASTICA CORONARICA PERCUTANEA TRANSLUMINALE DI VASO SINGOLO (PTCA) O ARTERECTOMIA CORONARICA CON MENZIONE DI AGENT;3602;
74602;STENOSI, CONGENITA;ANGIOPLASTICA O ATERECTOMIA DI VASO NON CORONARICO;3950;
74602;STENOSI, CONGENITA;ASPORTAZIONE MEDIANTE CATETERE DI LESIONE O TESSUTO DEL CUORE;3734;
74602;STENOSI, CONGENITA;CARDIOTOMIA;3711;
74602;STENOSI, CONGENITA;CIRCOLAZIONE EXTRACORPOREA AUSILIARIA PER CHIRURGIA A CUORE APERTO;3961;
74602;STENOSI, CONGENITA;CORREZIONE TOTALE DI COMPLETA ANOMALIA DELLA CONNESSIONE VENOSA POLMONARE;3582;
74602;STENOSI, CONGENITA;CORREZIONE TOTALE DI TETRALOGIA DI FALLOT;3581;
74602;STENOSI, CONGENITA;CORREZIONE TOTALE DI TRASPOSIZIONE DI GRANDE VASO NON CLASSIFICATO ALTROVE;3584;
74602;STENOSI, CONGENITA;CREAZIONE DI CONDOTTO FRA IL VENTRICOLO SINISTRO E L'AORTA;3593;
74602;STENOSI, CONGENITA;CREAZIONE DI DIFETTO SETTALE NEL CUORE;3542;
74602;STENOSI, CONGENITA;INFUNDIBULECTOMIA;3534;
74602;STENOSI, CONGENITA;INTERVENTI SU ALTRE STRUTTURE ADIACENTI ALLE VALVOLE DEL CUORE;3539;
74602;STENOSI, CONGENITA;INTERVENTI SULLE TRABECOLE CARNOSE DEL CUORE;3535;
74602;STENOSI, CONGENITA;MASSAGGIO CARDIACO A TORACE APERTO;3791;
74602;STENOSI, CONGENITA;RESEZIONE DI ALTRI VASI TORACICI CON ANASTOMOSI;3835;
74602;STENOSI, CONGENITA;RIPARAZIONE CON PROTESI DI DIFETTO DEI CUSCINETTI ENDOCARDICI;3554;
74602;STENOSI, CONGENITA;RIPARAZIONE CON PROTESI DI DIFETTO DEL SETTO INTERVENTRICOLARE;3553;
74602;STENOSI, CONGENITA;RIPARAZIONE DI DIFETTO DEL SETTO INTERATRIALE CON PROTESI, TECNICA APERTA;3551;
74602;STENOSI, CONGENITA;RIPARAZIONE DI DIFETTO DEL SETTO INTERATRIALE CON SUTURA DIRETTA;3552;
74602;STENOSI, CONGENITA;SOSTITUZIONE DI VALVOLA POLMONARE CON BIOPROTESI;3525;
74602;STENOSI, CONGENITA;TORACENTESI;3491;
74602;STENOSI, CONGENITA;VALVULOPLASTICA A CUORE APERTO DELLA VALVOLA MITRALE SENZA SOSTITUZIONE;3512;
74602;STENOSI, CONGENITA;VALVULOPLASTICA A CUORE APERTO DELLA VALVOLA POLMONARE SENZA SOSTITUZIONE;3513;
74602;STENOSI, CONGENITA;VALVULOPLASTICA A CUORE APERTO DELLA VALVOLA TRICUSPIDE SENZA SOSTITUZIONE;3514;
74602;STENOSI, CONGENITA;VALVULOPLASTICA PERCUTANEA;3596;
74602;STENOSI, CONGENITA;VALVULOTOMIA A CUORE CHIUSO, VALVOLA POLMONARE;3503;
74609;ALTRE ANOMALIE CONGENITE DEL CUORE NON SPECIFICATE;ANASTOMOSI ARTERIA CAVA E POLMONARE;3921;
74609;ALTRE ANOMALIE CONGENITE DEL CUORE NON SPECIFICATE;CARDIOPLEGIA;3963;
74609;ALTRE ANOMALIE CONGENITE DEL CUORE NON SPECIFICATE;CIRCOLAZIONE EXTRACORPOREA AUSILIARIA PER CHIRURGIA A CUORE APERTO;3961;
74609;ALTRE ANOMALIE CONGENITE DEL CUORE NON SPECIFICATE;CORREZIONE TOTALE DI TETRALOGIA DI FALLOT;3581;
74609;ALTRE ANOMALIE CONGENITE DEL CUORE NON SPECIFICATE;RESEZIONE DI ALTRI VASI TORACICI CON ANASTOMOSI;3835;
74609;ALTRE ANOMALIE CONGENITE DEL CUORE NON SPECIFICATE;RIPARAZIONE CON PROTESI DI DIFETTO DEL SETTO INTERVENTRICOLARE;3553;
74609;ALTRE ANOMALIE CONGENITE DEL CUORE NON SPECIFICATE;RIPARAZIONE DI DIFETTO DEL SETTO INTERATRIALE CON SUTURA DIRETTA;3552;
74609;ALTRE ANOMALIE CONGENITE DEL CUORE NON SPECIFICATE;SOSTITUZIONE DI VALVOLA POLMONARE CON BIOPROTESI;3525;
74609;ALTRE ANOMALIE CONGENITE DEL CUORE NON SPECIFICATE;VALVULOPLASTICA A CUORE APERTO DELLA VALVOLA POLMONARE SENZA SOSTITUZIONE;3513;
74609;ALTRE ANOMALIE CONGENITE DEL CUORE NON SPECIFICATE;VALVULOPLASTICA A CUORE APERTO DELLA VALVOLA TRICUSPIDE SENZA SOSTITUZIONE;3514;
74609;ALTRE ANOMALIE CONGENITE DEL CUORE NON SPECIFICATE;VALVULOPLASTICA PERCUTANEA;3596;
7461;ATRESIA E STENOSI DELLA TRICUSPIDE, CONGENITA;ALLARGAMENTO DI DIFETTO ESISTENTE DEL SETTO ATRIALE;3541;
7461;ATRESIA E STENOSI DELLA TRICUSPIDE, CONGENITA;ALTRA OCCLUSIONE CHIRURGICA DI ALTRI VASI TORACICI;3885;
7461;ATRESIA E STENOSI DELLA TRICUSPIDE, CONGENITA;ANASTOMOSI ARTERIA CAVA E POLMONARE;3921;
7461;ATRESIA E STENOSI DELLA TRICUSPIDE, CONGENITA;ANASTOMOSI ARTERIOSO SISTEMICO POLMONARE;390;
7461;ATRESIA E STENOSI DELLA TRICUSPIDE, CONGENITA;ANGIOPLASTICA O ATERECTOMIA DI VASO NON CORONARICO;3950;
7461;ATRESIA E STENOSI DELLA TRICUSPIDE, CONGENITA;CARDIOTOMIA;3711;
7461;ATRESIA E STENOSI DELLA TRICUSPIDE, CONGENITA;CIRCOLAZIONE EXTRACORPOREA AUSILIARIA PER CHIRURGIA A CUORE APERTO;3961;
7461;ATRESIA E STENOSI DELLA TRICUSPIDE, CONGENITA;CORREZIONE TOTALE DI TRASPOSIZIONE DI GRANDE VASO NON CLASSIFICATO ALTROVE;3584;
7461;ATRESIA E STENOSI DELLA TRICUSPIDE, CONGENITA;CREAZIONE DI CONDOTTO FRA IL VENTRICOLO SINISTRO E L'AORTA;3593;
7461;ATRESIA E STENOSI DELLA TRICUSPIDE, CONGENITA;CREAZIONE DI DIFETTO SETTALE NEL CUORE;3542;
7461;ATRESIA E STENOSI DELLA TRICUSPIDE, CONGENITA;INFUNDIBULECTOMIA;3534;
7461;ATRESIA E STENOSI DELLA TRICUSPIDE, CONGENITA;PERICARDIOCENTESI;370;
7461;ATRESIA E STENOSI DELLA TRICUSPIDE, CONGENITA;RESEZIONE DELL'AORTA CON ANASTOMOSI;3834;
7461;ATRESIA E STENOSI DELLA TRICUSPIDE, CONGENITA;RESEZIONE DI ALTRI VASI TORACICI CON ANASTOMOSI;3835;
7461;ATRESIA E STENOSI DELLA TRICUSPIDE, CONGENITA;RIPARAZIONE DI DIFETTO DEL SETTO INTERATRIALE CON SUTURA DIRETTA;3552;
7461;ATRESIA E STENOSI DELLA TRICUSPIDE, CONGENITA;VALVULOPLASTICA A CUORE APERTO DELLA VALVOLA MITRALE SENZA SOSTITUZIONE;3512;
7461;ATRESIA E STENOSI DELLA TRICUSPIDE, CONGENITA;VALVULOPLASTICA A CUORE APERTO DELLA VALVOLA POLMONARE SENZA SOSTITUZIONE;3513;
7461;ATRESIA E STENOSI DELLA TRICUSPIDE, CONGENITA;VALVULOTOMIA A CUORE CHIUSO, VALVOLA POLMONARE;3503;
7462;ANOMALIA DI EBSTEIN;ALLARGAMENTO DI DIFETTO ESISTENTE DEL SETTO ATRIALE;3541;
7462;ANOMALIA DI EBSTEIN;ALTRA INCISIONE DELLA PLEURA;3409;
7462;ANOMALIA DI EBSTEIN;ALTRA OCCLUSIONE CHIRURGICA DI ALTRI VASI TORACICI;3885;
7462;ANOMALIA DI EBSTEIN;ANASTOMOSI ARTERIOSO SISTEMICO POLMONARE;390;
7462;ANOMALIA DI EBSTEIN;CIRCOLAZIONE EXTRACORPOREA AUSILIARIA PER CHIRURGIA A CUORE APERTO;3961;
7462;ANOMALIA DI EBSTEIN;INSERZIONE DI PACE-MAKER PERMANENTE, INIZIALE O SOSTITUZIONE, TIPO DI STRUMENTO NON SPECIFICATO;3780;
7462;ANOMALIA DI EBSTEIN;INSERZIONE DI STENT NON MEDICATO NELL'ARTERIA CORONARICA;3606;
7462;ANOMALIA DI EBSTEIN;RESEZIONE DELL'AORTA CON ANASTOMOSI;3834;
7462;ANOMALIA DI EBSTEIN;RESEZIONE DI ALTRI VASI TORACICI CON ANASTOMOSI;3835;
7462;ANOMALIA DI EBSTEIN;RESEZIONE DI ALTRI VASI TORACICI CON SOSTITUZIONE;3845;
7462;ANOMALIA DI EBSTEIN;RIPARAZIONE CON PROTESI DI DIFETTO DEL SETTO INTERVENTRICOLARE;3553;
7462;ANOMALIA DI EBSTEIN;RIPARAZIONE DI DIFETTO DEL SETTO INTERATRIALE CON PROTESI, TECNICA APERTA;3551;
7462;ANOMALIA DI EBSTEIN;VALVULOPLASTICA A CUORE APERTO DELLA VALVOLA POLMONARE SENZA SOSTITUZIONE;3513;
7462;ANOMALIA DI EBSTEIN;VALVULOPLASTICA A CUORE APERTO DELLA VALVOLA TRICUSPIDE SENZA SOSTITUZIONE;3514;
7462;ANOMALIA DI EBSTEIN;VALVULOPLASTICA PERCUTANEA;3596;
7463;STENOSI CONGENITA DELLA VALVOLA AORTICA;ALTRA OCCLUSIONE CHIRURGICA DI ALTRI VASI TORACICI;3885;
7463;STENOSI CONGENITA DELLA VALVOLA AORTICA;CIRCOLAZIONE EXTRACORPOREA AUSILIARIA PER CHIRURGIA A CUORE APERTO;3961;
7463;STENOSI CONGENITA DELLA VALVOLA AORTICA;CREAZIONE DI CONDOTTO FRA IL VENTRICOLO SINISTRO E L'AORTA;3593;
7463;STENOSI CONGENITA DELLA VALVOLA AORTICA;CREAZIONE DI CONDOTTO FRA VENTRICOLO DESTRO E ARTERIA POLMONARE;3592;
7463;STENOSI CONGENITA DELLA VALVOLA AORTICA;INSERZIONE DI STENT SU ARTERIA NON CORONARIA;3990;
7463;STENOSI CONGENITA DELLA VALVOLA AORTICA;INSERZIONE DI UNO STENT VASCOLARE;0045;
7463;STENOSI CONGENITA DELLA VALVOLA AORTICA;INTERVENTI SULLE TRABECOLE CARNOSE DEL CUORE;3535;
7463;STENOSI CONGENITA DELLA VALVOLA AORTICA;IPOTERMIA (SISTEMICA) INCIDENTALE PER CHIRURGIA A CUORE APERTO;3962;
7463;STENOSI CONGENITA DELLA VALVOLA AORTICA;RESEZIONE DELL'AORTA CON ANASTOMOSI;3834;
7463;STENOSI CONGENITA DELLA VALVOLA AORTICA;RESEZIONE DI ALTRI VASI TORACICI CON ANASTOMOSI;3835;
7463;STENOSI CONGENITA DELLA VALVOLA AORTICA;RIPARAZIONE CON PROTESI DI DIFETTO DEL SETTO INTERVENTRICOLARE;3553;
7463;STENOSI CONGENITA DELLA VALVOLA AORTICA;RIPARAZIONE DI DIFETTO DEL SETTO INTERATRIALE CON PROTESI, TECNICA APERTA;3551;
7463;STENOSI CONGENITA DELLA VALVOLA AORTICA;RIPARAZIONE DI DIFETTO DEL SETTO INTERATRIALE CON SUTURA DIRETTA;3552;
7463;STENOSI CONGENITA DELLA VALVOLA AORTICA;RIPARAZIONE DI VASO SANGUIGNO CON PATCH DI TIPO NON SPECIFICATO;3958;
7463;STENOSI CONGENITA DELLA VALVOLA AORTICA;SOSTITUZIONE DELLA VALVOLA AORTICA CON BIOPROTESI;3521;
7463;STENOSI CONGENITA DELLA VALVOLA AORTICA;VALVULOPLASTICA A CUORE APERTO DELLA VALVOLA AORTICA SENZA SOSTITUZIONE;3511;
7463;STENOSI CONGENITA DELLA VALVOLA AORTICA;VALVULOPLASTICA A CUORE APERTO DELLA VALVOLA TRICUSPIDE SENZA SOSTITUZIONE;3514;
7463;STENOSI CONGENITA DELLA VALVOLA AORTICA;VALVULOPLASTICA PERCUTANEA;3596;
7464;INSUFFICIENZA CONGENITA DELLA VALVOLA AORTICA;ALTRA OCCLUSIONE CHIRURGICA DI ALTRI VASI TORACICI;3885;
7464;INSUFFICIENZA CONGENITA DELLA VALVOLA AORTICA;ANGIOPLASTICA O ATERECTOMIA DI VASO NON CORONARICO;3950;
7464;INSUFFICIENZA CONGENITA DELLA VALVOLA AORTICA;CIRCOLAZIONE EXTRACORPOREA AUSILIARIA PER CHIRURGIA A CUORE APERTO;3961;
7464;INSUFFICIENZA CONGENITA DELLA VALVOLA AORTICA;CORREZIONE TOTALE DEL TRONCO ARTERIOSO;3583;
7464;INSUFFICIENZA CONGENITA DELLA VALVOLA AORTICA;CREAZIONE DI CONDOTTO FRA VENTRICOLO DESTRO E ARTERIA POLMONARE;3592;
7464;INSUFFICIENZA CONGENITA DELLA VALVOLA AORTICA;ENDOARTERIECTOMIA DELL'AORTA;3814;
7464;INSUFFICIENZA CONGENITA DELLA VALVOLA AORTICA;RESEZIONE DELL'AORTA CON ANASTOMOSI;3834;
7464;INSUFFICIENZA CONGENITA DELLA VALVOLA AORTICA;RESEZIONE DI ALTRI VASI TORACICI CON ANASTOMOSI;3835;
7464;INSUFFICIENZA CONGENITA DELLA VALVOLA AORTICA;RESEZIONE DI ALTRI VASI TORACICI CON SOSTITUZIONE;3845;
7464;INSUFFICIENZA CONGENITA DELLA VALVOLA AORTICA;RIPARAZIONE CON PROTESI DI DIFETTO DEL SETTO INTERVENTRICOLARE;3553;
7464;INSUFFICIENZA CONGENITA DELLA VALVOLA AORTICA;RIPARAZIONE DI DIFETTO DEL SETTO INTERATRIALE CON SUTURA DIRETTA;3552;
7464;INSUFFICIENZA CONGENITA DELLA VALVOLA AORTICA;SOSTITUZIONE DELLA VALVOLA AORTICA CON BIOPROTESI;3521;
7464;INSUFFICIENZA CONGENITA DELLA VALVOLA AORTICA;VALVULOPLASTICA A CUORE APERTO DELLA VALVOLA AORTICA SENZA SOSTITUZIONE;3511;
7464;INSUFFICIENZA CONGENITA DELLA VALVOLA AORTICA;VALVULOPLASTICA A CUORE APERTO DELLA VALVOLA TRICUSPIDE SENZA SOSTITUZIONE;3514;
7464;INSUFFICIENZA CONGENITA DELLA VALVOLA AORTICA;VALVULOPLASTICA PERCUTANEA;3596;
7464;INSUFFICIENZA CONGENITA DELLA VALVOLA AORTICA;VALVULOTOMIA A CUORE CHIUSO, VALVOLA TRICUSPIDE;3504;
7465;STENOSI MITRALICA CONGENITA;ALLARGAMENTO DI DIFETTO ESISTENTE DEL SETTO ATRIALE;3541;
7465;STENOSI MITRALICA CONGENITA;ALTRA OCCLUSIONE CHIRURGICA DI ALTRI VASI TORACICI;3885;
7465;STENOSI MITRALICA CONGENITA;ANASTOMOSI ARTERIA CAVA E POLMONARE;3921;
7465;STENOSI MITRALICA CONGENITA;ANASTOMOSI ARTERIOSO SISTEMICO POLMONARE;390;
7465;STENOSI MITRALICA CONGENITA;CARDIOTOMIA;3711;
7465;STENOSI MITRALICA CONGENITA;CIRCOLAZIONE EXTRACORPOREA AUSILIARIA PER CHIRURGIA A CUORE APERTO;3961;
7465;STENOSI MITRALICA CONGENITA;CREAZIONE DI CONDOTTO FRA IL VENTRICOLO SINISTRO E L'AORTA;3593;
7465;STENOSI MITRALICA CONGENITA;CREAZIONE DI CONDOTTO FRA VENTRICOLO DESTRO E ARTERIA POLMONARE;3592;
7465;STENOSI MITRALICA CONGENITA;INSERZIONE DI UNO STENT VASCOLARE;0045;
7465;STENOSI MITRALICA CONGENITA;RESEZIONE DI ALTRI VASI TORACICI CON SOSTITUZIONE;3845;
7465;STENOSI MITRALICA CONGENITA;REVISIONE DI PROCEDURE CORRETTIVE DEL CUORE;3595;
7465;STENOSI MITRALICA CONGENITA;RIPARAZIONE CON PROTESI DI DIFETTO DEL SETTO INTERVENTRICOLARE;3553;
7465;STENOSI MITRALICA CONGENITA;RIPARAZIONE DI DIFETTO DEL SETTO INTERATRIALE CON SUTURA DIRETTA;3552;
7465;STENOSI MITRALICA CONGENITA;SOSTITUZIONE DELLA VALVOLA AORTICA CON BIOPROTESI;3521;
7465;STENOSI MITRALICA CONGENITA;VALVULOPLASTICA A CUORE APERTO DELLA VALVOLA MITRALE SENZA SOSTITUZIONE;3512;
7465;STENOSI MITRALICA CONGENITA;VALVULOPLASTICA PERCUTANEA;3596;
7466;INSUFFICIENZA MITRALICA CONGENITA;ALLARGAMENTO DI DIFETTO ESISTENTE DEL SETTO ATRIALE;3541;
7466;INSUFFICIENZA MITRALICA CONGENITA;ALTRA OCCLUSIONE CHIRURGICA DI ALTRI VASI TORACICI;3885;
7466;INSUFFICIENZA MITRALICA CONGENITA;ALTRA SOSTITUZIONE DI VALVOLA MITRALE CON PROTESI;3524;
7466;INSUFFICIENZA MITRALICA CONGENITA;ALTRI INTERVENTI SUI VASI DEL CUORE;3699;
7466;INSUFFICIENZA MITRALICA CONGENITA;CARDIOTOMIA;3711;
7466;INSUFFICIENZA MITRALICA CONGENITA;CIRCOLAZIONE EXTRACORPOREA AUSILIARIA PER CHIRURGIA A CUORE APERTO;3961;
7466;INSUFFICIENZA MITRALICA CONGENITA;CORREZIONE TOTALE DI TRASPOSIZIONE DI GRANDE VASO NON CLASSIFICATO ALTROVE;3584;
7466;INSUFFICIENZA MITRALICA CONGENITA;CREAZIONE DI DIFETTO SETTALE NEL CUORE;3542;
7466;INSUFFICIENZA MITRALICA CONGENITA;INTERVENTI SULLE TRABECOLE CARNOSE DEL CUORE;3535;
7466;INSUFFICIENZA MITRALICA CONGENITA;RESEZIONE DELL'AORTA CON ANASTOMOSI;3834;
7466;INSUFFICIENZA MITRALICA CONGENITA;RIPARAZIONE CON PROTESI DI DIFETTO DEI CUSCINETTI ENDOCARDICI;3554;
7466;INSUFFICIENZA MITRALICA CONGENITA;RIPARAZIONE CON PROTESI DI DIFETTO DEL SETTO INTERVENTRICOLARE;3553;
7466;INSUFFICIENZA MITRALICA CONGENITA;RIPARAZIONE DI DIFETTO DEL SETTO INTERATRIALE CON PROTESI, TECNICA APERTA;3551;
7466;INSUFFICIENZA MITRALICA CONGENITA;RIPARAZIONE DI DIFETTO DEL SETTO INTERATRIALE CON SUTURA DIRETTA;3552;
7466;INSUFFICIENZA MITRALICA CONGENITA;VALVULOPLASTICA A CUORE APERTO DELLA VALVOLA AORTICA SENZA SOSTITUZIONE;3511;
7466;INSUFFICIENZA MITRALICA CONGENITA;VALVULOPLASTICA A CUORE APERTO DELLA VALVOLA MITRALE SENZA SOSTITUZIONE;3512;
7466;INSUFFICIENZA MITRALICA CONGENITA;VALVULOPLASTICA A CUORE APERTO DELLA VALVOLA TRICUSPIDE SENZA SOSTITUZIONE;3514;
7466;INSUFFICIENZA MITRALICA CONGENITA;VALVULOPLASTICA PERCUTANEA;3596;
7467;SINDROME DEL CUORE SINISTRO IPOPLASICO;ALLARGAMENTO DI DIFETTO ESISTENTE DEL SETTO ATRIALE;3541;
7467;SINDROME DEL CUORE SINISTRO IPOPLASICO;ALTRA OCCLUSIONE CHIRURGICA DI ALTRI VASI TORACICI;3885;
7467;SINDROME DEL CUORE SINISTRO IPOPLASICO;ALTRA RIPARAZIONE DI ANEURISMI;3952;
7467;SINDROME DEL CUORE SINISTRO IPOPLASICO;ALTRA SOSTITUZIONE DI VALVOLA POLMONARE CON PROTESI;3526;
7467;SINDROME DEL CUORE SINISTRO IPOPLASICO;ALTRI INTERVENTI SUI SETTI DEL CUORE;3598;
7467;SINDROME DEL CUORE SINISTRO IPOPLASICO;ANASTOMOSI ARTERIA CAVA E POLMONARE;3921;
7467;SINDROME DEL CUORE SINISTRO IPOPLASICO;ANASTOMOSI ARTERIOSO SISTEMICO POLMONARE;390;
7467;SINDROME DEL CUORE SINISTRO IPOPLASICO;ANGIOPLASTICA O ATERECTOMIA DI VASO NON CORONARICO;3950;
7467;SINDROME DEL CUORE SINISTRO IPOPLASICO;CARDIOTOMIA;3711;
7467;SINDROME DEL CUORE SINISTRO IPOPLASICO;CIRCOLAZIONE EXTRACORPOREA AUSILIARIA PER CHIRURGIA A CUORE APERTO;3961;
7467;SINDROME DEL CUORE SINISTRO IPOPLASICO;CREAZIONE DI CONDOTTO FRA ATRIO E ARTERIA POLMONARE;3594;
7467;SINDROME DEL CUORE SINISTRO IPOPLASICO;CREAZIONE DI CONDOTTO FRA IL VENTRICOLO SINISTRO E L'AORTA;3593;
7467;SINDROME DEL CUORE SINISTRO IPOPLASICO;CREAZIONE DI CONDOTTO FRA VENTRICOLO DESTRO E ARTERIA POLMONARE;3592;
7467;SINDROME DEL CUORE SINISTRO IPOPLASICO;CREAZIONE DI DIFETTO SETTALE NEL CUORE;3542;
7467;SINDROME DEL CUORE SINISTRO IPOPLASICO;INCISIONE CARDIACA SAI;3710;
7467;SINDROME DEL CUORE SINISTRO IPOPLASICO;INSERZIONE DI UNO STENT VASCOLARE;0045;
7467;SINDROME DEL CUORE SINISTRO IPOPLASICO;IPOTERMIA (SISTEMICA) INCIDENTALE PER CHIRURGIA A CUORE APERTO;3962;
7467;SINDROME DEL CUORE SINISTRO IPOPLASICO;OSSIGENAZIONE EXTRACORPOREA DELLE MEMBRANE (ECMO);3965;
7467;SINDROME DEL CUORE SINISTRO IPOPLASICO;RESEZIONE DELL'AORTA CON ANASTOMOSI;3834;
7467;SINDROME DEL CUORE SINISTRO IPOPLASICO;RESEZIONE DI ALTRI VASI TORACICI CON ANASTOMOSI;3835;
7467;SINDROME DEL CUORE SINISTRO IPOPLASICO;RESEZIONE DI ALTRI VASI TORACICI CON SOSTITUZIONE;3845;
7467;SINDROME DEL CUORE SINISTRO IPOPLASICO;RIPARAZIONE DI DIFETTO SETTALE NON SPECIFICATO DEL CUORE CON PROTESI;3550;
7467;SINDROME DEL CUORE SINISTRO IPOPLASICO;SOSTITUZIONE DI VALVOLA POLMONARE CON BIOPROTESI;3525;
7467;SINDROME DEL CUORE SINISTRO IPOPLASICO;VALVULOPLASTICA PERCUTANEA;3596;
74681;STENOSI SUBAORTICA;ALTRA OCCLUSIONE CHIRURGICA DI ALTRI VASI TORACICI;3885;
74681;STENOSI SUBAORTICA;ALTRI INTERVENTI SUI SETTI DEL CUORE;3598;
74681;STENOSI SUBAORTICA;ALTRI INTERVENTI SUI VASI DEL CUORE;3699;
74681;STENOSI SUBAORTICA;ANASTOMOSI ARTERIOSO SISTEMICO POLMONARE;390;
74681;STENOSI SUBAORTICA;ANGIOPLASTICA O ATERECTOMIA DI VASO NON CORONARICO;3950;
74681;STENOSI SUBAORTICA;CIRCOLAZIONE EXTRACORPOREA AUSILIARIA PER CHIRURGIA A CUORE APERTO;3961;
74681;STENOSI SUBAORTICA;CREAZIONE DI DIFETTO SETTALE NEL CUORE;3542;
74681;STENOSI SUBAORTICA;INFUNDIBULECTOMIA;3534;
74681;STENOSI SUBAORTICA;INTERVENTI SU ALTRE STRUTTURE ADIACENTI ALLE VALVOLE DEL CUORE;3539;
74681;STENOSI SUBAORTICA;INTERVENTI SULLE CORDE TENDINEE;3532;
74681;STENOSI SUBAORTICA;INTERVENTI SULLE TRABECOLE CARNOSE DEL CUORE;3535;
74681;STENOSI SUBAORTICA;RESEZIONE DI ALTRI VASI TORACICI CON ANASTOMOSI;3835;
74681;STENOSI SUBAORTICA;RIPARAZIONE CON PROTESI DI DIFETTO DEI CUSCINETTI ENDOCARDICI;3554;
74681;STENOSI SUBAORTICA;RIPARAZIONE CON PROTESI DI DIFETTO DEL SETTO INTERVENTRICOLARE;3553;
74681;STENOSI SUBAORTICA;RIPARAZIONE DI DIFETTO DEL SETTO INTERATRIALE CON PROTESI, TECNICA APERTA;3551;
74681;STENOSI SUBAORTICA;RIPARAZIONE DI DIFETTO DEL SETTO INTERATRIALE CON SUTURA DIRETTA;3552;
74681;STENOSI SUBAORTICA;SOSTITUZIONE DELLA VALVOLA AORTICA CON BIOPROTESI;3521;
74681;STENOSI SUBAORTICA;VALVULOPLASTICA A CUORE APERTO DELLA VALVOLA AORTICA SENZA SOSTITUZIONE;3511;
74681;STENOSI SUBAORTICA;VALVULOPLASTICA A CUORE APERTO DELLA VALVOLA TRICUSPIDE SENZA SOSTITUZIONE;3514;
74681;STENOSI SUBAORTICA;VALVULOPLASTICA PERCUTANEA;3596;
74682;CUORE TRIATRIATO;ALTRI INTERVENTI SUI SETTI DEL CUORE;3598;
74682;CUORE TRIATRIATO;CIRCOLAZIONE EXTRACORPOREA AUSILIARIA PER CHIRURGIA A CUORE APERTO;3961;
74682;CUORE TRIATRIATO;CORREZIONE TOTALE DI COMPLETA ANOMALIA DELLA CONNESSIONE VENOSA POLMONARE;3582;
74682;CUORE TRIATRIATO;INTERVENTI SU ALTRE STRUTTURE ADIACENTI ALLE VALVOLE DEL CUORE;3539;
74682;CUORE TRIATRIATO;INTERVENTI SULLE TRABECOLE CARNOSE DEL CUORE;3535;
74682;CUORE TRIATRIATO;RIPARAZIONE DI DIFETTO DEL SETTO INTERATRIALE CON PROTESI, TECNICA APERTA;3551;
74682;CUORE TRIATRIATO;RIPARAZIONE DI DIFETTO DEL SETTO INTERATRIALE CON SUTURA DIRETTA;3552;
74682;CUORE TRIATRIATO;VALVULOPLASTICA A CUORE APERTO DELLA VALVOLA TRICUSPIDE SENZA SOSTITUZIONE;3514;
74683;STENOSI POLMONARE INFUNDIBOLARE;ALLARGAMENTO DI DIFETTO ESISTENTE DEL SETTO ATRIALE;3541;
74683;STENOSI POLMONARE INFUNDIBOLARE;ALTRA OCCLUSIONE CHIRURGICA DI ALTRI VASI TORACICI;3885;
74683;STENOSI POLMONARE INFUNDIBOLARE;ALTRA TRACHEOSTOMIA PERMANENTE;3129;
74683;STENOSI POLMONARE INFUNDIBOLARE;ANASTOMOSI ARTERIA CAVA E POLMONARE;3921;
74683;STENOSI POLMONARE INFUNDIBOLARE;ANASTOMOSI ARTERIOSO SISTEMICO POLMONARE;390;
74683;STENOSI POLMONARE INFUNDIBOLARE;BYPASS CARDIOPOLMONARE PERCUTANEO;3966;
74683;STENOSI POLMONARE INFUNDIBOLARE;CIRCOLAZIONE EXTRACORPOREA AUSILIARIA PER CHIRURGIA A CUORE APERTO;3961;
74683;STENOSI POLMONARE INFUNDIBOLARE;CORREZIONE TOTALE DI TETRALOGIA DI FALLOT;3581;
74683;STENOSI POLMONARE INFUNDIBOLARE;CREAZIONE DI CONDOTTO FRA IL VENTRICOLO SINISTRO E L'AORTA;3593;
74683;STENOSI POLMONARE INFUNDIBOLARE;INFUNDIBULECTOMIA;3534;
74683;STENOSI POLMONARE INFUNDIBOLARE;INTERVENTI SU ALTRE STRUTTURE ADIACENTI ALLE VALVOLE DEL CUORE;3539;
74683;STENOSI POLMONARE INFUNDIBOLARE;INTERVENTI SULLE TRABECOLE CARNOSE DEL CUORE;3535;
74683;STENOSI POLMONARE INFUNDIBOLARE;RESEZIONE DI ALTRI VASI TORACICI CON ANASTOMOSI;3835;
74683;STENOSI POLMONARE INFUNDIBOLARE;RIPARAZIONE CON PROTESI DI DIFETTO DEL SETTO INTERVENTRICOLARE;3553;
74683;STENOSI POLMONARE INFUNDIBOLARE;RIPARAZIONE DI DIFETTO DEL SETTO INTERATRIALE CON INNESTO TISSUTALE;3561;
74683;STENOSI POLMONARE INFUNDIBOLARE;RIPARAZIONE DI DIFETTO DEL SETTO INTERATRIALE CON SUTURA DIRETTA;3552;
74683;STENOSI POLMONARE INFUNDIBOLARE;VALVULOPLASTICA A CUORE APERTO DELLA VALVOLA POLMONARE SENZA SOSTITUZIONE;3513;
74683;STENOSI POLMONARE INFUNDIBOLARE;VALVULOPLASTICA A CUORE APERTO DELLA VALVOLA TRICUSPIDE SENZA SOSTITUZIONE;3514;
74683;STENOSI POLMONARE INFUNDIBOLARE;VALVULOPLASTICA PERCUTANEA;3596;
74684;ANOMALIE OSTRUTTIVE DEL CUORE, NON CLASSIFICATE ALTROVE;ALTRA OCCLUSIONE CHIRURGICA DI ALTRI VASI TORACICI;3885;
74684;ANOMALIE OSTRUTTIVE DEL CUORE, NON CLASSIFICATE ALTROVE;CIRCOLAZIONE EXTRACORPOREA AUSILIARIA PER CHIRURGIA A CUORE APERTO;3961;
74684;ANOMALIE OSTRUTTIVE DEL CUORE, NON CLASSIFICATE ALTROVE;INSERZIONE DI STENT SU ARTERIA NON CORONARIA;3990;
74684;ANOMALIE OSTRUTTIVE DEL CUORE, NON CLASSIFICATE ALTROVE;INTERVENTI SU ALTRE STRUTTURE ADIACENTI ALLE VALVOLE DEL CUORE;3539;
74684;ANOMALIE OSTRUTTIVE DEL CUORE, NON CLASSIFICATE ALTROVE;RIPARAZIONE CON PROTESI DI DIFETTO DEL SETTO INTERVENTRICOLARE;3553;
74684;ANOMALIE OSTRUTTIVE DEL CUORE, NON CLASSIFICATE ALTROVE;VALVULOPLASTICA A CUORE APERTO DELLA VALVOLA TRICUSPIDE SENZA SOSTITUZIONE;3514;
74685;ANOMALIE DELL'ARTERIA CORONARIA;ALLARGAMENTO DI DIFETTO ESISTENTE DEL SETTO ATRIALE;3541;
74685;ANOMALIE DELL'ARTERIA CORONARIA;ALTRA OCCLUSIONE CHIRURGICA DI ALTRI VASI TORACICI;3885;
74685;ANOMALIE DELL'ARTERIA CORONARIA;ALTRA RIMOZIONE DI OSTRUZIONE DELL'ARTERIA CORONARICA;3609;
74685;ANOMALIE DELL'ARTERIA CORONARIA;ALTRI INTERVENTI SUI VASI DEL CUORE;3699;
74685;ANOMALIE DELL'ARTERIA CORONARIA;ANASTOMOSI ARTERIOSO SISTEMICO POLMONARE;390;
74685;ANOMALIE DELL'ARTERIA CORONARIA;CIRCOLAZIONE EXTRACORPOREA AUSILIARIA PER CHIRURGIA A CUORE APERTO;3961;
74685;ANOMALIE DELL'ARTERIA CORONARIA;CORREZIONE TOTALE DI TETRALOGIA DI FALLOT;3581;
74685;ANOMALIE DELL'ARTERIA CORONARIA;CORREZIONE TOTALE DI TRASPOSIZIONE DI GRANDE VASO NON CLASSIFICATO ALTROVE;3584;
74685;ANOMALIE DELL'ARTERIA CORONARIA;CREAZIONE DI CONDOTTO FRA VENTRICOLO DESTRO E ARTERIA POLMONARE;3592;
74685;ANOMALIE DELL'ARTERIA CORONARIA;OSSIGENAZIONE EXTRACORPOREA DELLE MEMBRANE (ECMO);3965;
74685;ANOMALIE DELL'ARTERIA CORONARIA;RESEZIONE DI ALTRI VASI TORACICI CON ANASTOMOSI;3835;
74685;ANOMALIE DELL'ARTERIA CORONARIA;RIPARAZIONE CON PROTESI DI DIFETTO DEL SETTO INTERVENTRICOLARE;3553;
74685;ANOMALIE DELL'ARTERIA CORONARIA;RIPARAZIONE DI DIFETTO DEL SETTO INTERATRIALE CON PROTESI, TECNICA APERTA;3551;
74685;ANOMALIE DELL'ARTERIA CORONARIA;RIPARAZIONE DI DIFETTO DEL SETTO INTERATRIALE CON SUTURA DIRETTA;3552;
74685;ANOMALIE DELL'ARTERIA CORONARIA;RIPARAZIONE DI VASO SANGUIGNO CON PATCH DI TIPO NON SPECIFICATO;3958;
74685;ANOMALIE DELL'ARTERIA CORONARIA;SOSTITUZIONE DI VALVOLA POLMONARE CON BIOPROTESI;3525;
74685;ANOMALIE DELL'ARTERIA CORONARIA;VALVULOPLASTICA A CUORE APERTO DELLA VALVOLA POLMONARE SENZA SOSTITUZIONE;3513;
74685;ANOMALIE DELL'ARTERIA CORONARIA;VALVULOPLASTICA PERCUTANEA;3596;
74686;BLOCCO CARDIACO CONGENITO;CIRCOLAZIONE EXTRACORPOREA AUSILIARIA PER CHIRURGIA A CUORE APERTO;3961;
74686;BLOCCO CARDIACO CONGENITO;RIPARAZIONE DI DIFETTO DEL SETTO INTERATRIALE CON PROTESI, TECNICA APERTA;3551;
74686;BLOCCO CARDIACO CONGENITO;RIPARAZIONE DI DIFETTO DEL SETTO INTERATRIALE CON SUTURA DIRETTA;3552;
74687;MALPOSIZIONE DEL CUORE E DELL'APICE CARDIACO;CIRCOLAZIONE EXTRACORPOREA AUSILIARIA PER CHIRURGIA A CUORE APERTO;3961;
74687;MALPOSIZIONE DEL CUORE E DELL'APICE CARDIACO;CREAZIONE DI CONDOTTO FRA ATRIO E ARTERIA POLMONARE;3594;
74689;ALTRE ANOMALIE NON SPECIFICATE DEL CUORE;ALLARGAMENTO DI DIFETTO ESISTENTE DEL SETTO ATRIALE;3541;
74689;ALTRE ANOMALIE NON SPECIFICATE DEL CUORE;ALTRA OCCLUSIONE CHIRURGICA DI ALTRI VASI TORACICI;3885;
74689;ALTRE ANOMALIE NON SPECIFICATE DEL CUORE;ALTRA SOSTITUZIONE DI VALVOLA TRICUSPIDE CON PROTESI;3528;
74689;ALTRE ANOMALIE NON SPECIFICATE DEL CUORE;ANGIOPLASTICA O ATERECTOMIA DI VASO NON CORONARICO;3950;
74689;ALTRE ANOMALIE NON SPECIFICATE DEL CUORE;CIRCOLAZIONE EXTRACORPOREA AUSILIARIA PER CHIRURGIA A CUORE APERTO;3961;
74689;ALTRE ANOMALIE NON SPECIFICATE DEL CUORE;CORREZIONE TOTALE DEL TRONCO ARTERIOSO;3583;
74689;ALTRE ANOMALIE NON SPECIFICATE DEL CUORE;CREAZIONE DI DIFETTO SETTALE NEL CUORE;3542;
74689;ALTRE ANOMALIE NON SPECIFICATE DEL CUORE;INTERVENTI SU ALTRE STRUTTURE ADIACENTI ALLE VALVOLE DEL CUORE;3539;
74689;ALTRE ANOMALIE NON SPECIFICATE DEL CUORE;RESEZIONE DELL'AORTA CON ANASTOMOSI;3834;
74689;ALTRE ANOMALIE NON SPECIFICATE DEL CUORE;REVISIONE DI PROCEDURE CORRETTIVE DEL CUORE;3595;
74689;ALTRE ANOMALIE NON SPECIFICATE DEL CUORE;RIPARAZIONE CON PROTESI DI DIFETTO DEI CUSCINETTI ENDOCARDICI;3554;
74689;ALTRE ANOMALIE NON SPECIFICATE DEL CUORE;RIPARAZIONE CON PROTESI DI DIFETTO DEL SETTO INTERVENTRICOLARE;3553;
74689;ALTRE ANOMALIE NON SPECIFICATE DEL CUORE;RIPARAZIONE DI DIFETTO DEL SETTO INTERATRIALE CON INNESTO TISSUTALE;3561;
74689;ALTRE ANOMALIE NON SPECIFICATE DEL CUORE;RIPARAZIONE DI DIFETTO DEL SETTO INTERATRIALE CON SUTURA DIRETTA;3552;
74689;ALTRE ANOMALIE NON SPECIFICATE DEL CUORE;RIPARAZIONE DI DIFETTO DEL SETTO INTERVENTRICOLARE CON INNESTO TISSUTALE;3562;
74689;ALTRE ANOMALIE NON SPECIFICATE DEL CUORE;TRASPOSIZIONE INTERATRIALE DEL RITORNO VENOSO;3591;
74689;ALTRE ANOMALIE NON SPECIFICATE DEL CUORE;VALVULOPLASTICA A CUORE APERTO DELLA VALVOLA TRICUSPIDE SENZA SOSTITUZIONE;3514;
74689;ALTRE ANOMALIE NON SPECIFICATE DEL CUORE;VALVULOPLASTICA PERCUTANEA;3596;
7469;ANOMALIA DEL CUORE NON SPECIFICATA;ALLARGAMENTO DI DIFETTO ESISTENTE DEL SETTO ATRIALE;3541;
7469;ANOMALIA DEL CUORE NON SPECIFICATA;ALTRA E NON SPECIFICATA RIPARAZIONE DI DIFETTO DEL SETTO INTERATRIALE;3571;
7469;ANOMALIA DEL CUORE NON SPECIFICATA;ALTRA OCCLUSIONE CHIRURGICA DI ALTRI VASI TORACICI;3885;
7469;ANOMALIA DEL CUORE NON SPECIFICATA;ALTRI INTERVENTI SUI VASI DEL CUORE;3699;
7469;ANOMALIA DEL CUORE NON SPECIFICATA;ANASTOMOSI FRA VENTRICOLO, CAVITA' ADDOMINALE E SUOI ORGANI;0234;
7469;ANOMALIA DEL CUORE NON SPECIFICATA;ANGIOPLASTICA O ATERECTOMIA DI VASO NON CORONARICO;3950;
7469;ANOMALIA DEL CUORE NON SPECIFICATA;CIRCOLAZIONE EXTRACORPOREA AUSILIARIA PER CHIRURGIA A CUORE APERTO;3961;
7469;ANOMALIA DEL CUORE NON SPECIFICATA;CORREZIONE TOTALE DEL TRONCO ARTERIOSO;3583;
7469;ANOMALIA DEL CUORE NON SPECIFICATA;CORREZIONE TOTALE DI TETRALOGIA DI FALLOT;3581;
7469;ANOMALIA DEL CUORE NON SPECIFICATA;CORREZIONE TOTALE DI TRASPOSIZIONE DI GRANDE VASO NON CLASSIFICATO ALTROVE;3584;
7469;ANOMALIA DEL CUORE NON SPECIFICATA;CREAZIONE DI DIFETTO SETTALE NEL CUORE;3542;
7469;ANOMALIA DEL CUORE NON SPECIFICATA;INSERZIONE DI DRENAGGIO INTERCOSTALE;3404;
7469;ANOMALIA DEL CUORE NON SPECIFICATA;INTERVENTI SU ALTRE STRUTTURE ADIACENTI ALLE VALVOLE DEL CUORE;3539;
7469;ANOMALIA DEL CUORE NON SPECIFICATA;RESEZIONE DELL'AORTA CON ANASTOMOSI;3834;
7469;ANOMALIA DEL CUORE NON SPECIFICATA;RESEZIONE DELL'AORTA, ADDOMINALE CON SOSTITUZIONE;3844;
7469;ANOMALIA DEL CUORE NON SPECIFICATA;RESEZIONE DI ALTRI VASI TORACICI CON ANASTOMOSI;3835;
7469;ANOMALIA DEL CUORE NON SPECIFICATA;RESEZIONE DI ALTRI VASI TORACICI CON SOSTITUZIONE;3845;
7469;ANOMALIA DEL CUORE NON SPECIFICATA;RIPARAZIONE CON PROTESI DI DIFETTO DEI CUSCINETTI ENDOCARDICI;3554;
7469;ANOMALIA DEL CUORE NON SPECIFICATA;RIPARAZIONE CON PROTESI DI DIFETTO DEL SETTO INTERVENTRICOLARE;3553;
7469;ANOMALIA DEL CUORE NON SPECIFICATA;RIPARAZIONE DI DIFETTO DEL SETTO INTERATRIALE CON SUTURA DIRETTA;3552;
7469;ANOMALIA DEL CUORE NON SPECIFICATA;VALVULOPLASTICA A CUORE APERTO DELLA VALVOLA AORTICA SENZA SOSTITUZIONE;3511;
7469;ANOMALIA DEL CUORE NON SPECIFICATA;VALVULOPLASTICA A CUORE APERTO DELLA VALVOLA MITRALE SENZA SOSTITUZIONE;3512;
7469;ANOMALIA DEL CUORE NON SPECIFICATA;VALVULOPLASTICA PERCUTANEA;3596;
747;ALTRE ANOMALIE CONGENITE DEL SISTEMA CIRCOLATORIO;CIRCOLAZIONE EXTRACORPOREA AUSILIARIA PER CHIRURGIA A CUORE APERTO;3961;
747;ALTRE ANOMALIE CONGENITE DEL SISTEMA CIRCOLATORIO;INCISIONE CARDIACA SAI;3710;
7470;DOTTO ARTERIOSO PERVIO;ALLARGAMENTO DI DIFETTO ESISTENTE DEL SETTO ATRIALE;3541;
7470;DOTTO ARTERIOSO PERVIO;ALTRA ASPORTAZIONE DI ALTRI VASI TORACICI;3865;
7470;DOTTO ARTERIOSO PERVIO;ALTRA E NON SPECIFICATA RIPARAZIONE DI DIFETTO DEI CUSCINETTI ENDOCARDICI;3573;
7470;DOTTO ARTERIOSO PERVIO;ALTRA E NON SPECIFICATA RIPARAZIONE DI DIFETTO DEL SETTO INTERATRIALE;3571;
7470;DOTTO ARTERIOSO PERVIO;ALTRA OCCLUSIONE CHIRURGICA DI ALTRI VASI TORACICI;3885;
7470;DOTTO ARTERIOSO PERVIO;Altra riparazione endovascolare di aneurisma con graft;3979;
7470;DOTTO ARTERIOSO PERVIO;ALTRI INTERVENTI SU VALVOLE E SETTI DEL CUORE;359;
7470;DOTTO ARTERIOSO PERVIO;ALTRI INTERVENTI SUI SETTI DEL CUORE;3598;
7470;DOTTO ARTERIOSO PERVIO;ALTRI INTERVENTI SUI VASI DEL CUORE;3699;
7470;DOTTO ARTERIOSO PERVIO;ANASTOMOSI ARTERIOSO SISTEMICO POLMONARE;390;
7470;DOTTO ARTERIOSO PERVIO;ANASTOMOSI FRA VENTRICOLO, CAVITA' ADDOMINALE E SUOI ORGANI;0234;
7470;DOTTO ARTERIOSO PERVIO;ANGIOPLASTICA O ATERECTOMIA DI VASO NON CORONARICO;3950;
7470;DOTTO ARTERIOSO PERVIO;AUTOPSIA;898;
7470;DOTTO ARTERIOSO PERVIO;CARDIOTOMIA;3711;
7470;DOTTO ARTERIOSO PERVIO;CIRCOLAZIONE EXTRACORPOREA AUSILIARIA PER CHIRURGIA A CUORE APERTO;3961;
7470;DOTTO ARTERIOSO PERVIO;CORREZIONE TOTALE DEL TRONCO ARTERIOSO;3583;
7470;DOTTO ARTERIOSO PERVIO;CORREZIONE TOTALE DI COMPLETA ANOMALIA DELLA CONNESSIONE VENOSA POLMONARE;3582;
7470;DOTTO ARTERIOSO PERVIO;CORREZIONE TOTALE DI TETRALOGIA DI FALLOT;3581;
7470;DOTTO ARTERIOSO PERVIO;CORREZIONE TOTALE DI TRASPOSIZIONE DI GRANDE VASO NON CLASSIFICATO ALTROVE;3584;
7470;DOTTO ARTERIOSO PERVIO;CREAZIONE DI CONDOTTO FRA IL VENTRICOLO SINISTRO E L'AORTA;3593;
7470;DOTTO ARTERIOSO PERVIO;CREAZIONE DI CONDOTTO FRA VENTRICOLO DESTRO E ARTERIA POLMONARE;3592;
7470;DOTTO ARTERIOSO PERVIO;CREAZIONE DI DIFETTO SETTALE NEL CUORE;3542;
7470;DOTTO ARTERIOSO PERVIO;INFUNDIBULECTOMIA;3534;
7470;DOTTO ARTERIOSO PERVIO;INSERZIONE DI DUE STENT VASCOLARI;0046;
7470;DOTTO ARTERIOSO PERVIO;INSERZIONE INIZIALE DI ELETTRODI TRANSVENOSI NELL'ATRIO E NEL VENTRICOLO;3772;
7470;DOTTO ARTERIOSO PERVIO;INTERVENTI SU ALTRE STRUTTURE ADIACENTI ALLE VALVOLE DEL CUORE;3539;
7470;DOTTO ARTERIOSO PERVIO;INTERVENTI SULLE TRABECOLE CARNOSE DEL CUORE;3535;
7470;DOTTO ARTERIOSO PERVIO;MASSAGGIO CARDIACO A TORACE APERTO;3791;
7470;DOTTO ARTERIOSO PERVIO;RESEZIONE DELL'AORTA CON ANASTOMOSI;3834;
7470;DOTTO ARTERIOSO PERVIO;RESEZIONE DI ALTRI VASI TORACICI CON ANASTOMOSI;3835;
7470;DOTTO ARTERIOSO PERVIO;RESEZIONE DI ALTRI VASI TORACICI CON SOSTITUZIONE;3845;
7470;DOTTO ARTERIOSO PERVIO;RIPARAZIONE CON PROTESI DI DIFETTO DEI CUSCINETTI ENDOCARDICI;3554;
7470;DOTTO ARTERIOSO PERVIO;RIPARAZIONE CON PROTESI DI DIFETTO DEL SETTO INTERVENTRICOLARE;3553;
7470;DOTTO ARTERIOSO PERVIO;RIPARAZIONE DI DIFETTO DEI CUSCINETTI ENDOCARDICI CON INNESTO TISSUTALE;3563;
7470;DOTTO ARTERIOSO PERVIO;RIPARAZIONE DI DIFETTO DEL SETTO INTERATRIALE CON INNESTO TISSUTALE;3561;
7470;DOTTO ARTERIOSO PERVIO;RIPARAZIONE DI DIFETTO DEL SETTO INTERATRIALE CON PROTESI, TECNICA APERTA;3551;
7470;DOTTO ARTERIOSO PERVIO;RIPARAZIONE DI DIFETTO DEL SETTO INTERATRIALE CON SUTURA DIRETTA;3552;
7470;DOTTO ARTERIOSO PERVIO;RIPARAZIONE DI DIFETTO DEL SETTO INTERVENTRICOLARE CON INNESTO TISSUTALE;3562;
7470;DOTTO ARTERIOSO PERVIO;RIPARAZIONE DI DIFETTO SETTALE NON SPECIFICATO DEL CUORE CON PROTESI;3550;
7470;DOTTO ARTERIOSO PERVIO;RIPARAZIONE DI FISTOLA ARTERIOVENOSA;3953;
7470;DOTTO ARTERIOSO PERVIO;SOSTITUZIONE DI EVENTUALE PACE-MAKER CON APPARECCHIO A CAMERA SINGOLA, FREQUENZA DI RISPOSTA;3786;
7470;DOTTO ARTERIOSO PERVIO;SOSTITUZIONE DI VALVOLA POLMONARE CON BIOPROTESI;3525;
7470;DOTTO ARTERIOSO PERVIO;TRASPOSIZIONE INTERATRIALE DEL RITORNO VENOSO;3591;
7470;DOTTO ARTERIOSO PERVIO;VALVULOPLASTICA A CUORE APERTO DELLA VALVOLA AORTICA SENZA SOSTITUZIONE;3511;
7470;DOTTO ARTERIOSO PERVIO;VALVULOPLASTICA A CUORE APERTO DELLA VALVOLA MITRALE SENZA SOSTITUZIONE;3512;
7470;DOTTO ARTERIOSO PERVIO;VALVULOPLASTICA A CUORE APERTO DELLA VALVOLA POLMONARE SENZA SOSTITUZIONE;3513;
7470;DOTTO ARTERIOSO PERVIO;VALVULOPLASTICA A CUORE APERTO DELLA VALVOLA TRICUSPIDE SENZA SOSTITUZIONE;3514;
7470;DOTTO ARTERIOSO PERVIO;VALVULOPLASTICA A CUORE APERTO SENZA SOSTITUZIONE;351;
7470;DOTTO ARTERIOSO PERVIO;VALVULOPLASTICA PERCUTANEA;3596;
74710;COARTAZIONE AORTICA (PREDUTTALE) (POSTDUTTALE);ALLARGAMENTO DI DIFETTO ESISTENTE DEL SETTO ATRIALE;3541;
74710;COARTAZIONE AORTICA (PREDUTTALE) (POSTDUTTALE);ALTRA ASPORTAZIONE DELL'AORTA, ADDOMINALE;3864;
74710;COARTAZIONE AORTICA (PREDUTTALE) (POSTDUTTALE);ALTRA ASPORTAZIONE DI ALTRI VASI TORACICI;3865;
74710;COARTAZIONE AORTICA (PREDUTTALE) (POSTDUTTALE);ALTRA ASPORTAZIONE O DEMOLIZIONE LOCALE DI LESIONE O TESSUTO DEL POLMONE;3229;
74710;COARTAZIONE AORTICA (PREDUTTALE) (POSTDUTTALE);ALTRA OCCLUSIONE CHIRURGICA DI ALTRI VASI TORACICI;3885;
74710;COARTAZIONE AORTICA (PREDUTTALE) (POSTDUTTALE);ALTRI INTERVENTI SUI SETTI DEL CUORE;3598;
74710;COARTAZIONE AORTICA (PREDUTTALE) (POSTDUTTALE);ALTRI INTERVENTI SUI VASI DEL CUORE;3699;
74710;COARTAZIONE AORTICA (PREDUTTALE) (POSTDUTTALE);ALTRI INTERVENTI SULLE VALVOLE DEL CUORE;3599;
74710;COARTAZIONE AORTICA (PREDUTTALE) (POSTDUTTALE);ANASTOMOSI FRA VENTRICOLO, CAVITA' ADDOMINALE E SUOI ORGANI;0234;
74710;COARTAZIONE AORTICA (PREDUTTALE) (POSTDUTTALE);ANGIOPLASTICA O ATERECTOMIA DI VASO NON CORONARICO;3950;
74710;COARTAZIONE AORTICA (PREDUTTALE) (POSTDUTTALE);CARDIOPLEGIA;3963;
74710;COARTAZIONE AORTICA (PREDUTTALE) (POSTDUTTALE);CARDIOTOMIA;3711;
74710;COARTAZIONE AORTICA (PREDUTTALE) (POSTDUTTALE);CIRCOLAZIONE EXTRACORPOREA AUSILIARIA PER CHIRURGIA A CUORE APERTO;3961;
74710;COARTAZIONE AORTICA (PREDUTTALE) (POSTDUTTALE);CORREZIONE TOTALE DI COMPLETA ANOMALIA DELLA CONNESSIONE VENOSA POLMONARE;3582;
74710;COARTAZIONE AORTICA (PREDUTTALE) (POSTDUTTALE);CORREZIONE TOTALE DI TETRALOGIA DI FALLOT;3581;
74710;COARTAZIONE AORTICA (PREDUTTALE) (POSTDUTTALE);CORREZIONE TOTALE DI TRASPOSIZIONE DI GRANDE VASO NON CLASSIFICATO ALTROVE;3584;
74710;COARTAZIONE AORTICA (PREDUTTALE) (POSTDUTTALE);CREAZIONE DI CONDOTTO FRA IL VENTRICOLO SINISTRO E L'AORTA;3593;
74710;COARTAZIONE AORTICA (PREDUTTALE) (POSTDUTTALE);CREAZIONE DI CONDOTTO FRA VENTRICOLO DESTRO E ARTERIA POLMONARE;3592;
74710;COARTAZIONE AORTICA (PREDUTTALE) (POSTDUTTALE);CREAZIONE DI DIFETTO SETTALE NEL CUORE;3542;
74710;COARTAZIONE AORTICA (PREDUTTALE) (POSTDUTTALE);ENDOARTERIECTOMIA DELL'AORTA;3814;
74710;COARTAZIONE AORTICA (PREDUTTALE) (POSTDUTTALE);INCISIONE CARDIACA SAI;3710;
74710;COARTAZIONE AORTICA (PREDUTTALE) (POSTDUTTALE);INCISIONE DEL POLMONE;331;
74710;COARTAZIONE AORTICA (PREDUTTALE) (POSTDUTTALE);INSERZIONE DI DUE STENT VASCOLARI;0046;
74710;COARTAZIONE AORTICA (PREDUTTALE) (POSTDUTTALE);INSERZIONE DI UNO STENT VASCOLARE;0045;
74710;COARTAZIONE AORTICA (PREDUTTALE) (POSTDUTTALE);INTERVENTI SU ALTRE STRUTTURE ADIACENTI ALLE VALVOLE DEL CUORE;3539;
74710;COARTAZIONE AORTICA (PREDUTTALE) (POSTDUTTALE);IPOTERMIA (SISTEMICA) INCIDENTALE PER CHIRURGIA A CUORE APERTO;3962;
74710;COARTAZIONE AORTICA (PREDUTTALE) (POSTDUTTALE);OSSIGENAZIONE EXTRACORPOREA DELLE MEMBRANE (ECMO);3965;
74710;COARTAZIONE AORTICA (PREDUTTALE) (POSTDUTTALE);RESEZIONE DELL'AORTA CON ANASTOMOSI;3834;
74710;COARTAZIONE AORTICA (PREDUTTALE) (POSTDUTTALE);RESEZIONE DI ALTRI VASI TORACICI CON SOSTITUZIONE;3845;
74710;COARTAZIONE AORTICA (PREDUTTALE) (POSTDUTTALE);RIPARAZIONE CON PROTESI DI DIFETTO DEI CUSCINETTI ENDOCARDICI;3554;
74710;COARTAZIONE AORTICA (PREDUTTALE) (POSTDUTTALE);RIPARAZIONE CON PROTESI DI DIFETTO DEL SETTO INTERVENTRICOLARE;3553;
74710;COARTAZIONE AORTICA (PREDUTTALE) (POSTDUTTALE);RIPARAZIONE DI DIFETTO DEL SETTO INTERATRIALE CON PROTESI, TECNICA APERTA;3551;
74710;COARTAZIONE AORTICA (PREDUTTALE) (POSTDUTTALE);RIPARAZIONE DI DIFETTO DEL SETTO INTERATRIALE CON SUTURA DIRETTA;3552;
74710;COARTAZIONE AORTICA (PREDUTTALE) (POSTDUTTALE);RIPARAZIONE DI DIFETTO DEL SETTO INTERVENTRICOLARE CON INNESTO TISSUTALE;3562;
74710;COARTAZIONE AORTICA (PREDUTTALE) (POSTDUTTALE);TORACENTESI;3491;
74710;COARTAZIONE AORTICA (PREDUTTALE) (POSTDUTTALE);VALVULOPLASTICA A CUORE APERTO DELLA VALVOLA AORTICA SENZA SOSTITUZIONE;3511;
74710;COARTAZIONE AORTICA (PREDUTTALE) (POSTDUTTALE);VALVULOPLASTICA A CUORE APERTO DELLA VALVOLA TRICUSPIDE SENZA SOSTITUZIONE;3514;
74710;COARTAZIONE AORTICA (PREDUTTALE) (POSTDUTTALE);VALVULOPLASTICA PERCUTANEA;3596;
74710;COARTAZIONE AORTICA (PREDUTTALE) (POSTDUTTALE);VALVULOTOMIA A CUORE CHIUSO, VALVOLA TRICUSPIDE;3504;
74711;INTERRUZIONE DELL'ARCO AORTICO;ALLARGAMENTO DI DIFETTO ESISTENTE DEL SETTO ATRIALE;3541;
74711;INTERRUZIONE DELL'ARCO AORTICO;ALTRA OCCLUSIONE CHIRURGICA DI ALTRI VASI TORACICI;3885;
74711;INTERRUZIONE DELL'ARCO AORTICO;ALTRA OCCLUSIONE CHIRURGICA DI VASI, SEDE NON SPECIFICATA;3880;
74711;INTERRUZIONE DELL'ARCO AORTICO;ALTRI INTERVENTI SUI VASI DEL CUORE;3699;
74711;INTERRUZIONE DELL'ARCO AORTICO;ANASTOMOSI ARTERIA CAVA E POLMONARE;3921;
74711;INTERRUZIONE DELL'ARCO AORTICO;ANASTOMOSI ARTERIOSO SISTEMICO POLMONARE;390;
74711;INTERRUZIONE DELL'ARCO AORTICO;ANGIOPLASTICA O ATERECTOMIA DI VASO NON CORONARICO;3950;
74711;INTERRUZIONE DELL'ARCO AORTICO;CIRCOLAZIONE EXTRACORPOREA AUSILIARIA PER CHIRURGIA A CUORE APERTO;3961;
74711;INTERRUZIONE DELL'ARCO AORTICO;CREAZIONE DI CONDOTTO FRA ATRIO E ARTERIA POLMONARE;3594;
74711;INTERRUZIONE DELL'ARCO AORTICO;CREAZIONE DI CONDOTTO FRA IL VENTRICOLO SINISTRO E L'AORTA;3593;
74711;INTERRUZIONE DELL'ARCO AORTICO;CREAZIONE DI CONDOTTO FRA VENTRICOLO DESTRO E ARTERIA POLMONARE;3592;
74711;INTERRUZIONE DELL'ARCO AORTICO;INCISIONE DEL POLMONE;331;
74711;INTERRUZIONE DELL'ARCO AORTICO;INSERZIONE DI UNO STENT VASCOLARE;0045;
74711;INTERRUZIONE DELL'ARCO AORTICO;RESEZIONE DELL'AORTA CON ANASTOMOSI;3834;
74711;INTERRUZIONE DELL'ARCO AORTICO;RESEZIONE DI ALTRI VASI TORACICI CON ANASTOMOSI;3835;
74711;INTERRUZIONE DELL'ARCO AORTICO;RESEZIONE DI ALTRI VASI TORACICI CON SOSTITUZIONE;3845;
74711;INTERRUZIONE DELL'ARCO AORTICO;RIPARAZIONE CON PROTESI DI DIFETTO DEL SETTO INTERVENTRICOLARE;3553;
74711;INTERRUZIONE DELL'ARCO AORTICO;RIPARAZIONE DI DIFETTO DEL SETTO INTERATRIALE CON SUTURA DIRETTA;3552;
74711;INTERRUZIONE DELL'ARCO AORTICO;RIPARAZIONE DI VASO SANGUIGNO CON PATCH DI TIPO NON SPECIFICATO;3958;
74711;INTERRUZIONE DELL'ARCO AORTICO;VALVULOPLASTICA A CUORE APERTO DELLA VALVOLA TRICUSPIDE SENZA SOSTITUZIONE;3514;
74711;INTERRUZIONE DELL'ARCO AORTICO;VALVULOPLASTICA PERCUTANEA;3596;
74720;ANOMALIE DELL'AORTA, NON SPECIFICATE;ALLARGAMENTO DI DIFETTO ESISTENTE DEL SETTO ATRIALE;3541;
74720;ANOMALIE DELL'AORTA, NON SPECIFICATE;ALTRA OCCLUSIONE CHIRURGICA DI ALTRI VASI TORACICI;3885;
74720;ANOMALIE DELL'AORTA, NON SPECIFICATE;ALTRE PROCEDURE DIAGNOSTICHE SU CUORE E PERICARDIO;3729;
74720;ANOMALIE DELL'AORTA, NON SPECIFICATE;CARDIOTOMIA;3711;
74720;ANOMALIE DELL'AORTA, NON SPECIFICATE;CIRCOLAZIONE EXTRACORPOREA AUSILIARIA PER CHIRURGIA A CUORE APERTO;3961;
74720;ANOMALIE DELL'AORTA, NON SPECIFICATE;CREAZIONE DI CONDOTTO FRA IL VENTRICOLO SINISTRO E L'AORTA;3593;
74720;ANOMALIE DELL'AORTA, NON SPECIFICATE;INSERZIONE DI STENT SU ARTERIA NON CORONARIA;3990;
74720;ANOMALIE DELL'AORTA, NON SPECIFICATE;RESEZIONE DELL'AORTA CON ANASTOMOSI;3834;
74720;ANOMALIE DELL'AORTA, NON SPECIFICATE;RESEZIONE DI ALTRI VASI TORACICI CON ANASTOMOSI;3835;
74720;ANOMALIE DELL'AORTA, NON SPECIFICATE;RESEZIONE DI ALTRI VASI TORACICI CON SOSTITUZIONE;3845;
74720;ANOMALIE DELL'AORTA, NON SPECIFICATE;RIPARAZIONE CON PROTESI DI DIFETTO DEI CUSCINETTI ENDOCARDICI;3554;
74720;ANOMALIE DELL'AORTA, NON SPECIFICATE;RIPARAZIONE CON PROTESI DI DIFETTO DEL SETTO INTERVENTRICOLARE;3553;
74720;ANOMALIE DELL'AORTA, NON SPECIFICATE;RIPARAZIONE DI DIFETTO DEL SETTO INTERATRIALE CON SUTURA DIRETTA;3552;
74720;ANOMALIE DELL'AORTA, NON SPECIFICATE;VALVULOPLASTICA A CUORE APERTO DELLA VALVOLA POLMONARE SENZA SOSTITUZIONE;3513;
74721;ANOMALIE DELL'ARCO AORTICO;ALLARGAMENTO DI DIFETTO ESISTENTE DEL SETTO ATRIALE;3541;
74721;ANOMALIE DELL'ARCO AORTICO;ALTRA ANASTOMOSI O BYPASS VASCOLARE INTRATORACICO;3923;
74721;ANOMALIE DELL'ARCO AORTICO;ALTRA ASPORTAZIONE O DEMOLIZIONE LOCALE DI LESIONE O TESSUTO DEL POLMONE;3229;
74721;ANOMALIE DELL'ARCO AORTICO;ALTRA OCCLUSIONE CHIRURGICA DELL'AORTA, ADDOMINALE;3884;
74721;ANOMALIE DELL'ARCO AORTICO;ALTRA OCCLUSIONE CHIRURGICA DI ALTRI VASI TORACICI;3885;
74721;ANOMALIE DELL'ARCO AORTICO;ANASTOMOSI ARTERIA CAVA E POLMONARE;3921;
74721;ANOMALIE DELL'ARCO AORTICO;ANGIOPLASTICA O ATERECTOMIA DI VASO NON CORONARICO;3950;
74721;ANOMALIE DELL'ARCO AORTICO;CARDIOPLEGIA;3963;
74721;ANOMALIE DELL'ARCO AORTICO;CARDIOTOMIA;3711;
74721;ANOMALIE DELL'ARCO AORTICO;CIRCOLAZIONE EXTRACORPOREA AUSILIARIA PER CHIRURGIA A CUORE APERTO;3961;
74721;ANOMALIE DELL'ARCO AORTICO;CORREZIONE TOTALE DI COMPLETA ANOMALIA DELLA CONNESSIONE VENOSA POLMONARE;3582;
74721;ANOMALIE DELL'ARCO AORTICO;CORREZIONE TOTALE DI TETRALOGIA DI FALLOT;3581;
74721;ANOMALIE DELL'ARCO AORTICO;CORREZIONE TOTALE DI TRASPOSIZIONE DI GRANDE VASO NON CLASSIFICATO ALTROVE;3584;
74721;ANOMALIE DELL'ARCO AORTICO;CREAZIONE DI CONDOTTO FRA IL VENTRICOLO SINISTRO E L'AORTA;3593;
74721;ANOMALIE DELL'ARCO AORTICO;CREAZIONE DI CONDOTTO FRA VENTRICOLO DESTRO E ARTERIA POLMONARE;3592;
74721;ANOMALIE DELL'ARCO AORTICO;CREAZIONE DI DIFETTO SETTALE NEL CUORE;3542;
74721;ANOMALIE DELL'ARCO AORTICO;INCISIONE DEL POLMONE;331;
74721;ANOMALIE DELL'ARCO AORTICO;INCISIONE DI ALTRI VASI TORACICI;3805;
74721;ANOMALIE DELL'ARCO AORTICO;INTERVENTI SULLE TRABECOLE CARNOSE DEL CUORE;3535;
74721;ANOMALIE DELL'ARCO AORTICO;RESEZIONE DELL'AORTA CON ANASTOMOSI;3834;
74721;ANOMALIE DELL'ARCO AORTICO;RESEZIONE DI ALTRI VASI DEL CAPO E COLLO CON ANASTOMOSI;3832;
74721;ANOMALIE DELL'ARCO AORTICO;RESEZIONE DI ALTRI VASI TORACICI CON ANASTOMOSI;3835;
74721;ANOMALIE DELL'ARCO AORTICO;RESEZIONE DI ALTRI VASI TORACICI CON SOSTITUZIONE;3845;
74721;ANOMALIE DELL'ARCO AORTICO;RIPARAZIONE CON PROTESI DI DIFETTO DEI CUSCINETTI ENDOCARDICI;3554;
74721;ANOMALIE DELL'ARCO AORTICO;RIPARAZIONE CON PROTESI DI DIFETTO DEL SETTO INTERVENTRICOLARE;3553;
74721;ANOMALIE DELL'ARCO AORTICO;RIPARAZIONE DI DIFETTO DEL SETTO INTERATRIALE CON PROTESI, TECNICA APERTA;3551;
74721;ANOMALIE DELL'ARCO AORTICO;RIPARAZIONE DI DIFETTO DEL SETTO INTERATRIALE CON SUTURA DIRETTA;3552;
74721;ANOMALIE DELL'ARCO AORTICO;RIPARAZIONE DI DIFETTO SETTALE NON SPECIFICATO DEL CUORE CON PROTESI;3550;
74721;ANOMALIE DELL'ARCO AORTICO;RIPARAZIONE DI VASO SANGUIGNO CON PATCH DI TIPO NON SPECIFICATO;3958;
74721;ANOMALIE DELL'ARCO AORTICO;SOSTITUZIONE DI VALVOLA POLMONARE CON BIOPROTESI;3525;
74721;ANOMALIE DELL'ARCO AORTICO;TORACENTESI;3491;
74721;ANOMALIE DELL'ARCO AORTICO;VALVULOPLASTICA A CUORE APERTO DELLA VALVOLA AORTICA SENZA SOSTITUZIONE;3511;
74721;ANOMALIE DELL'ARCO AORTICO;VALVULOPLASTICA A CUORE APERTO DELLA VALVOLA MITRALE SENZA SOSTITUZIONE;3512;
74721;ANOMALIE DELL'ARCO AORTICO;VALVULOPLASTICA A CUORE APERTO DELLA VALVOLA POLMONARE SENZA SOSTITUZIONE;3513;
74721;ANOMALIE DELL'ARCO AORTICO;VALVULOPLASTICA A CUORE APERTO DELLA VALVOLA TRICUSPIDE SENZA SOSTITUZIONE;3514;
74722;ATRESIA E STENOSI DELL'AORTA;ALLARGAMENTO DI DIFETTO ESISTENTE DEL SETTO ATRIALE;3541;
74722;ATRESIA E STENOSI DELL'AORTA;ALTRA OCCLUSIONE CHIRURGICA DI ALTRI VASI TORACICI;3885;
74722;ATRESIA E STENOSI DELL'AORTA;ALTRI INTERVENTI SUI VASI DEL CUORE;3699;
74722;ATRESIA E STENOSI DELL'AORTA;ALTRO BYPASS PER RIVASCOLARIZZAZIONE CARDIACA;3619;
74722;ATRESIA E STENOSI DELL'AORTA;CARDIOPLEGIA;3963;
74722;ATRESIA E STENOSI DELL'AORTA;CIRCOLAZIONE EXTRACORPOREA AUSILIARIA PER CHIRURGIA A CUORE APERTO;3961;
74722;ATRESIA E STENOSI DELL'AORTA;CREAZIONE DI CONDOTTO FRA IL VENTRICOLO SINISTRO E L'AORTA;3593;
74722;ATRESIA E STENOSI DELL'AORTA;CREAZIONE DI CONDOTTO FRA VENTRICOLO DESTRO E ARTERIA POLMONARE;3592;
74722;ATRESIA E STENOSI DELL'AORTA;CREAZIONE DI DIFETTO SETTALE NEL CUORE;3542;
74722;ATRESIA E STENOSI DELL'AORTA;INSERZIONE DI UNO STENT VASCOLARE;0045;
74722;ATRESIA E STENOSI DELL'AORTA;INTERVENTI SU ALTRE STRUTTURE ADIACENTI ALLE VALVOLE DEL CUORE;3539;
74722;ATRESIA E STENOSI DELL'AORTA;RESEZIONE DELL'AORTA CON ANASTOMOSI;3834;
74722;ATRESIA E STENOSI DELL'AORTA;RIPARAZIONE DI DIFETTO DEL SETTO INTERATRIALE CON SUTURA DIRETTA;3552;
74722;ATRESIA E STENOSI DELL'AORTA;RIPARAZIONE DI VASO SANGUIGNO CON PATCH DI TIPO NON SPECIFICATO;3958;
74722;ATRESIA E STENOSI DELL'AORTA;VALVULOPLASTICA A CUORE APERTO DELLA VALVOLA AORTICA SENZA SOSTITUZIONE;3511;
74722;ATRESIA E STENOSI DELL'AORTA;VALVULOPLASTICA A CUORE APERTO DELLA VALVOLA TRICUSPIDE SENZA SOSTITUZIONE;3514;
74722;ATRESIA E STENOSI DELL'AORTA;VALVULOPLASTICA PERCUTANEA;3596;
74729;ALTRE ANOMALIE CONGENITE DEL SISTEMA CIRCOLATORIO NON SPECIFICATE;ALLARGAMENTO DI DIFETTO ESISTENTE DEL SETTO ATRIALE;3541;
74729;ALTRE ANOMALIE CONGENITE DEL SISTEMA CIRCOLATORIO NON SPECIFICATE;ALTRA OCCLUSIONE CHIRURGICA DI ALTRI VASI TORACICI;3885;
74729;ALTRE ANOMALIE CONGENITE DEL SISTEMA CIRCOLATORIO NON SPECIFICATE;CARDIOPLEGIA;3963;
74729;ALTRE ANOMALIE CONGENITE DEL SISTEMA CIRCOLATORIO NON SPECIFICATE;CIRCOLAZIONE EXTRACORPOREA AUSILIARIA PER CHIRURGIA A CUORE APERTO;3961;
74729;ALTRE ANOMALIE CONGENITE DEL SISTEMA CIRCOLATORIO NON SPECIFICATE;CREAZIONE DI CONDOTTO FRA IL VENTRICOLO SINISTRO E L'AORTA;3593;
74729;ALTRE ANOMALIE CONGENITE DEL SISTEMA CIRCOLATORIO NON SPECIFICATE;CREAZIONE DI CONDOTTO FRA VENTRICOLO DESTRO E ARTERIA POLMONARE;3592;
74729;ALTRE ANOMALIE CONGENITE DEL SISTEMA CIRCOLATORIO NON SPECIFICATE;IPOTERMIA (SISTEMICA) INCIDENTALE PER CHIRURGIA A CUORE APERTO;3962;
74729;ALTRE ANOMALIE CONGENITE DEL SISTEMA CIRCOLATORIO NON SPECIFICATE;RESEZIONE DELL'AORTA CON ANASTOMOSI;3834;
74729;ALTRE ANOMALIE CONGENITE DEL SISTEMA CIRCOLATORIO NON SPECIFICATE;RESEZIONE DI ALTRI VASI TORACICI CON ANASTOMOSI;3835;
74729;ALTRE ANOMALIE CONGENITE DEL SISTEMA CIRCOLATORIO NON SPECIFICATE;RESEZIONE DI ALTRI VASI TORACICI CON SOSTITUZIONE;3845;
74729;ALTRE ANOMALIE CONGENITE DEL SISTEMA CIRCOLATORIO NON SPECIFICATE;VALVULOPLASTICA A CUORE APERTO DELLA VALVOLA AORTICA SENZA SOSTITUZIONE;3511;
74729;ALTRE ANOMALIE CONGENITE DEL SISTEMA CIRCOLATORIO NON SPECIFICATE;VALVULOPLASTICA A CUORE APERTO DELLA VALVOLA TRICUSPIDE SENZA SOSTITUZIONE;3514;
7473;ANOMALIE DELL'ARTERIA POLMONARE;ALLARGAMENTO DI DIFETTO ESISTENTE DEL SETTO ATRIALE;3541;
7473;ANOMALIE DELL'ARTERIA POLMONARE;ALTRA OCCLUSIONE CHIRURGICA DI ALTRI VASI TORACICI;3885;
7473;ANOMALIE DELL'ARTERIA POLMONARE;Altra riparazione endovascolare di aneurisma con graft;3979;
7473;ANOMALIE DELL'ARTERIA POLMONARE;ALTRI INTERVENTI SUI SETTI DEL CUORE;3598;
7473;ANOMALIE DELL'ARTERIA POLMONARE;ALTRI INTERVENTI SUI VASI DEL CUORE;3699;
7473;ANOMALIE DELL'ARTERIA POLMONARE;ALTRI INTERVENTI SULLE VALVOLE DEL CUORE;3599;
7473;ANOMALIE DELL'ARTERIA POLMONARE;ANASTOMOSI ARTERIA CAVA E POLMONARE;3921;
7473;ANOMALIE DELL'ARTERIA POLMONARE;ANASTOMOSI ARTERIOSO SISTEMICO POLMONARE;390;
7473;ANOMALIE DELL'ARTERIA POLMONARE;ANGIOPLASTICA O ATERECTOMIA DI VASO NON CORONARICO;3950;
7473;ANOMALIE DELL'ARTERIA POLMONARE;CARDIOPLEGIA;3963;
7473;ANOMALIE DELL'ARTERIA POLMONARE;CARDIOTOMIA;3711;
7473;ANOMALIE DELL'ARTERIA POLMONARE;CIRCOLAZIONE EXTRACORPOREA AUSILIARIA PER CHIRURGIA A CUORE APERTO;3961;
7473;ANOMALIE DELL'ARTERIA POLMONARE;CORREZIONE TOTALE DI TETRALOGIA DI FALLOT;3581;
7473;ANOMALIE DELL'ARTERIA POLMONARE;CORREZIONE TOTALE DI TRASPOSIZIONE DI GRANDE VASO NON CLASSIFICATO ALTROVE;3584;
7473;ANOMALIE DELL'ARTERIA POLMONARE;CREAZIONE DI CONDOTTO FRA VENTRICOLO DESTRO E ARTERIA POLMONARE;3592;
7473;ANOMALIE DELL'ARTERIA POLMONARE;INCISIONE DELL'AORTA;3804;
7473;ANOMALIE DELL'ARTERIA POLMONARE;INCISIONE DI ALTRI VASI TORACICI;3805;
7473;ANOMALIE DELL'ARTERIA POLMONARE;INFUNDIBULECTOMIA;3534;
7473;ANOMALIE DELL'ARTERIA POLMONARE;INSERZIONE DI UNO STENT VASCOLARE;0045;
7473;ANOMALIE DELL'ARTERIA POLMONARE;INTERVENTI SU ALTRE STRUTTURE ADIACENTI ALLE VALVOLE DEL CUORE;3539;
7473;ANOMALIE DELL'ARTERIA POLMONARE;INTERVENTI SULLE TRABECOLE CARNOSE DEL CUORE;3535;
7473;ANOMALIE DELL'ARTERIA POLMONARE;LOBECTOMIA DEL POLMONE;324;
7473;ANOMALIE DELL'ARTERIA POLMONARE;PERICARDIOTOMIA;3712;
7473;ANOMALIE DELL'ARTERIA POLMONARE;RESEZIONE DELL'AORTA CON ANASTOMOSI;3834;
7473;ANOMALIE DELL'ARTERIA POLMONARE;RESEZIONE DI ALTRI VASI TORACICI CON ANASTOMOSI;3835;
7473;ANOMALIE DELL'ARTERIA POLMONARE;RESEZIONE DI ALTRI VASI TORACICI CON SOSTITUZIONE;3845;
7473;ANOMALIE DELL'ARTERIA POLMONARE;REVISIONE DI PROCEDURE CORRETTIVE DEL CUORE;3595;
7473;ANOMALIE DELL'ARTERIA POLMONARE;RIPARAZIONE CON PROTESI DI DIFETTO DEI CUSCINETTI ENDOCARDICI;3554;
7473;ANOMALIE DELL'ARTERIA POLMONARE;RIPARAZIONE CON PROTESI DI DIFETTO DEL SETTO INTERVENTRICOLARE;3553;
7473;ANOMALIE DELL'ARTERIA POLMONARE;RIPARAZIONE DI DIFETTO DEI CUSCINETTI ENDOCARDICI CON INNESTO TISSUTALE;3563;
7473;ANOMALIE DELL'ARTERIA POLMONARE;RIPARAZIONE DI DIFETTO DEL SETTO INTERATRIALE CON PROTESI, TECNICA APERTA;3551;
7473;ANOMALIE DELL'ARTERIA POLMONARE;RIPARAZIONE DI DIFETTO DEL SETTO INTERATRIALE CON SUTURA DIRETTA;3552;
7473;ANOMALIE DELL'ARTERIA POLMONARE;RIPARAZIONE DI VASO SANGUIGNO CON PATCH DI TIPO NON SPECIFICATO;3958;
7473;ANOMALIE DELL'ARTERIA POLMONARE;SOSTITUZIONE DI VALVOLA POLMONARE CON BIOPROTESI;3525;
7473;ANOMALIE DELL'ARTERIA POLMONARE;VALVULOPLASTICA A CUORE APERTO DELLA VALVOLA AORTICA SENZA SOSTITUZIONE;3511;
7473;ANOMALIE DELL'ARTERIA POLMONARE;VALVULOPLASTICA A CUORE APERTO DELLA VALVOLA MITRALE SENZA SOSTITUZIONE;3512;
7473;ANOMALIE DELL'ARTERIA POLMONARE;VALVULOPLASTICA A CUORE APERTO DELLA VALVOLA POLMONARE SENZA SOSTITUZIONE;3513;
7473;ANOMALIE DELL'ARTERIA POLMONARE;VALVULOPLASTICA A CUORE APERTO DELLA VALVOLA TRICUSPIDE SENZA SOSTITUZIONE;3514;
7473;ANOMALIE DELL'ARTERIA POLMONARE;VALVULOPLASTICA PERCUTANEA;3596;
7473;ANOMALIE DELL'ARTERIA POLMONARE;VALVULOTOMIA A CUORE CHIUSO, VALVOLA POLMONARE;3503;
74740;ANOMALIE DEI GRANDI VASI VENOSI, NON SPECIFICATE;ALLARGAMENTO DI DIFETTO ESISTENTE DEL SETTO ATRIALE;3541;
74740;ANOMALIE DEI GRANDI VASI VENOSI, NON SPECIFICATE;ALTRA OCCLUSIONE CHIRURGICA DI ALTRI VASI TORACICI;3885;
74740;ANOMALIE DEI GRANDI VASI VENOSI, NON SPECIFICATE;ALTRA REVISIONE DI INTERVENTI VASCOLARI;3949;
74740;ANOMALIE DEI GRANDI VASI VENOSI, NON SPECIFICATE;ANASTOMOSI ARTERIA CAVA E POLMONARE;3921;
74740;ANOMALIE DEI GRANDI VASI VENOSI, NON SPECIFICATE;ANASTOMOSI ARTERIOSO SISTEMICO POLMONARE;390;
74740;ANOMALIE DEI GRANDI VASI VENOSI, NON SPECIFICATE;CARDIOTOMIA;3711;
74740;ANOMALIE DEI GRANDI VASI VENOSI, NON SPECIFICATE;CIRCOLAZIONE EXTRACORPOREA AUSILIARIA PER CHIRURGIA A CUORE APERTO;3961;
74740;ANOMALIE DEI GRANDI VASI VENOSI, NON SPECIFICATE;CORREZIONE TOTALE DI COMPLETA ANOMALIA DELLA CONNESSIONE VENOSA POLMONARE;3582;
74740;ANOMALIE DEI GRANDI VASI VENOSI, NON SPECIFICATE;CORREZIONE TOTALE DI TETRALOGIA DI FALLOT;3581;
74740;ANOMALIE DEI GRANDI VASI VENOSI, NON SPECIFICATE;CORREZIONE TOTALE DI TRASPOSIZIONE DI GRANDE VASO NON CLASSIFICATO ALTROVE;3584;
74740;ANOMALIE DEI GRANDI VASI VENOSI, NON SPECIFICATE;CREAZIONE DI CONDOTTO FRA IL VENTRICOLO SINISTRO E L'AORTA;3593;
74740;ANOMALIE DEI GRANDI VASI VENOSI, NON SPECIFICATE;CREAZIONE DI CONDOTTO FRA VENTRICOLO DESTRO E ARTERIA POLMONARE;3592;
74740;ANOMALIE DEI GRANDI VASI VENOSI, NON SPECIFICATE;INFUNDIBULECTOMIA;3534;
74740;ANOMALIE DEI GRANDI VASI VENOSI, NON SPECIFICATE;INTERVENTI SULLE TRABECOLE CARNOSE DEL CUORE;3535;
74740;ANOMALIE DEI GRANDI VASI VENOSI, NON SPECIFICATE;RESEZIONE DI ALTRI VASI TORACICI CON ANASTOMOSI;3835;
74740;ANOMALIE DEI GRANDI VASI VENOSI, NON SPECIFICATE;RESEZIONE DI ALTRI VASI TORACICI CON SOSTITUZIONE;3845;
74740;ANOMALIE DEI GRANDI VASI VENOSI, NON SPECIFICATE;REVISIONE DI PROCEDURE CORRETTIVE DEL CUORE;3595;
74740;ANOMALIE DEI GRANDI VASI VENOSI, NON SPECIFICATE;RIPARAZIONE CON PROTESI DI DIFETTO DEI CUSCINETTI ENDOCARDICI;3554;
74740;ANOMALIE DEI GRANDI VASI VENOSI, NON SPECIFICATE;RIPARAZIONE CON PROTESI DI DIFETTO DEL SETTO INTERVENTRICOLARE;3553;
74740;ANOMALIE DEI GRANDI VASI VENOSI, NON SPECIFICATE;RIPARAZIONE DI DIFETTO DEL SETTO INTERATRIALE CON PROTESI, TECNICA APERTA;3551;
74740;ANOMALIE DEI GRANDI VASI VENOSI, NON SPECIFICATE;RIPARAZIONE DI DIFETTO DEL SETTO INTERATRIALE CON SUTURA DIRETTA;3552;
74740;ANOMALIE DEI GRANDI VASI VENOSI, NON SPECIFICATE;RIPARAZIONE DI VASO SANGUIGNO CON PATCH AUTOLOGO;3956;
74740;ANOMALIE DEI GRANDI VASI VENOSI, NON SPECIFICATE;RIPARAZIONE DI VASO SANGUIGNO CON PATCH DI TIPO NON SPECIFICATO;3958;
74740;ANOMALIE DEI GRANDI VASI VENOSI, NON SPECIFICATE;SOSTITUZIONE DI VALVOLA POLMONARE CON BIOPROTESI;3525;
74740;ANOMALIE DEI GRANDI VASI VENOSI, NON SPECIFICATE;VALVULOPLASTICA A CUORE APERTO DELLA VALVOLA MITRALE SENZA SOSTITUZIONE;3512;
74740;ANOMALIE DEI GRANDI VASI VENOSI, NON SPECIFICATE;VALVULOPLASTICA A CUORE APERTO DELLA VALVOLA POLMONARE SENZA SOSTITUZIONE;3513;
74740;ANOMALIE DEI GRANDI VASI VENOSI, NON SPECIFICATE;VALVULOPLASTICA A CUORE APERTO DELLA VALVOLA TRICUSPIDE SENZA SOSTITUZIONE;3514;
74740;ANOMALIE DEI GRANDI VASI VENOSI, NON SPECIFICATE;VALVULOPLASTICA PERCUTANEA;3596;
74741;CONNESSIONE TOTALMENTE ANOMALA DELLE VENE POLMONARI;ALLARGAMENTO DI DIFETTO ESISTENTE DEL SETTO ATRIALE;3541;
74741;CONNESSIONE TOTALMENTE ANOMALA DELLE VENE POLMONARI;ALTRA OCCLUSIONE CHIRURGICA DI ALTRI VASI TORACICI;3885;
74741;CONNESSIONE TOTALMENTE ANOMALA DELLE VENE POLMONARI;ALTRA OCCLUSIONE CHIRURGICA DI VASI, SEDE NON SPECIFICATA;3880;
74741;CONNESSIONE TOTALMENTE ANOMALA DELLE VENE POLMONARI;ALTRI INTERVENTI SUI SETTI DEL CUORE;3598;
74741;CONNESSIONE TOTALMENTE ANOMALA DELLE VENE POLMONARI;ANASTOMOSI ARTERIA CAVA E POLMONARE;3921;
74741;CONNESSIONE TOTALMENTE ANOMALA DELLE VENE POLMONARI;ANASTOMOSI ARTERIOSO SISTEMICO POLMONARE;390;
74741;CONNESSIONE TOTALMENTE ANOMALA DELLE VENE POLMONARI;CARDIOPLEGIA;3963;
74741;CONNESSIONE TOTALMENTE ANOMALA DELLE VENE POLMONARI;CARDIOTOMIA;3711;
74741;CONNESSIONE TOTALMENTE ANOMALA DELLE VENE POLMONARI;CIRCOLAZIONE EXTRACORPOREA AUSILIARIA PER CHIRURGIA A CUORE APERTO;3961;
74741;CONNESSIONE TOTALMENTE ANOMALA DELLE VENE POLMONARI;CORREZIONE TOTALE DI COMPLETA ANOMALIA DELLA CONNESSIONE VENOSA POLMONARE;3582;
74741;CONNESSIONE TOTALMENTE ANOMALA DELLE VENE POLMONARI;IMPIANTO DI PACE-MAKER INTRAOPERATORIO;3964;
74741;CONNESSIONE TOTALMENTE ANOMALA DELLE VENE POLMONARI;RESEZIONE DI ALTRI VASI TORACICI CON ANASTOMOSI;3835;
74741;CONNESSIONE TOTALMENTE ANOMALA DELLE VENE POLMONARI;RESEZIONE SEGMENTALE DEL POLMONE;323;
74741;CONNESSIONE TOTALMENTE ANOMALA DELLE VENE POLMONARI;RIPARAZIONE DI DIFETTO DEL SETTO INTERATRIALE CON INNESTO TISSUTALE;3561;
74741;CONNESSIONE TOTALMENTE ANOMALA DELLE VENE POLMONARI;RIPARAZIONE DI DIFETTO DEL SETTO INTERATRIALE CON PROTESI, TECNICA APERTA;3551;
74741;CONNESSIONE TOTALMENTE ANOMALA DELLE VENE POLMONARI;RIPARAZIONE DI DIFETTO DEL SETTO INTERATRIALE CON SUTURA DIRETTA;3552;
74741;CONNESSIONE TOTALMENTE ANOMALA DELLE VENE POLMONARI;RIPARAZIONE DI VASO SANGUIGNO CON PATCH DI TIPO NON SPECIFICATO;3958;
74741;CONNESSIONE TOTALMENTE ANOMALA DELLE VENE POLMONARI;VALVULOPLASTICA A CUORE APERTO DELLA VALVOLA TRICUSPIDE SENZA SOSTITUZIONE;3514;
74741;CONNESSIONE TOTALMENTE ANOMALA DELLE VENE POLMONARI;VALVULOPLASTICA PERCUTANEA;3596;
74742;CONNESSIONE VENOSA POLMONARE PARZIALMENTE ANOMALA;ALLARGAMENTO DI DIFETTO ESISTENTE DEL SETTO ATRIALE;3541;
74742;CONNESSIONE VENOSA POLMONARE PARZIALMENTE ANOMALA;ALTRA E NON SPECIFICATA RIPARAZIONE DI DIFETTO DEL SETTO INTERATRIALE;3571;
74742;CONNESSIONE VENOSA POLMONARE PARZIALMENTE ANOMALA;ALTRA OCCLUSIONE CHIRURGICA DI ALTRI VASI TORACICI;3885;
74742;CONNESSIONE VENOSA POLMONARE PARZIALMENTE ANOMALA;ANASTOMOSI ARTERIA CAVA E POLMONARE;3921;
74742;CONNESSIONE VENOSA POLMONARE PARZIALMENTE ANOMALA;ANASTOMOSI ARTERIOSO SISTEMICO POLMONARE;390;
74742;CONNESSIONE VENOSA POLMONARE PARZIALMENTE ANOMALA;ANGIOPLASTICA O ATERECTOMIA DI VASO NON CORONARICO;3950;
74742;CONNESSIONE VENOSA POLMONARE PARZIALMENTE ANOMALA;CIRCOLAZIONE EXTRACORPOREA AUSILIARIA PER CHIRURGIA A CUORE APERTO;3961;
74742;CONNESSIONE VENOSA POLMONARE PARZIALMENTE ANOMALA;CORREZIONE TOTALE DI COMPLETA ANOMALIA DELLA CONNESSIONE VENOSA POLMONARE;3582;
74742;CONNESSIONE VENOSA POLMONARE PARZIALMENTE ANOMALA;CORREZIONE TOTALE DI TETRALOGIA DI FALLOT;3581;
74742;CONNESSIONE VENOSA POLMONARE PARZIALMENTE ANOMALA;CREAZIONE DI CONDOTTO FRA VENTRICOLO DESTRO E ARTERIA POLMONARE;3592;
74742;CONNESSIONE VENOSA POLMONARE PARZIALMENTE ANOMALA;INTERVENTI SU ALTRE STRUTTURE ADIACENTI ALLE VALVOLE DEL CUORE;3539;
74742;CONNESSIONE VENOSA POLMONARE PARZIALMENTE ANOMALA;OSSIGENAZIONE EXTRACORPOREA DELLE MEMBRANE (ECMO);3965;
74742;CONNESSIONE VENOSA POLMONARE PARZIALMENTE ANOMALA;RESEZIONE DI ALTRI VASI TORACICI CON ANASTOMOSI;3835;
74742;CONNESSIONE VENOSA POLMONARE PARZIALMENTE ANOMALA;RESEZIONE DI ALTRI VASI TORACICI CON SOSTITUZIONE;3845;
74742;CONNESSIONE VENOSA POLMONARE PARZIALMENTE ANOMALA;RIPARAZIONE CON PROTESI DI DIFETTO DEL SETTO INTERVENTRICOLARE;3553;
74742;CONNESSIONE VENOSA POLMONARE PARZIALMENTE ANOMALA;RIPARAZIONE DI DIFETTO DEL SETTO INTERATRIALE CON PROTESI, TECNICA APERTA;3551;
74742;CONNESSIONE VENOSA POLMONARE PARZIALMENTE ANOMALA;RIPARAZIONE DI DIFETTO DEL SETTO INTERATRIALE CON SUTURA DIRETTA;3552;
74742;CONNESSIONE VENOSA POLMONARE PARZIALMENTE ANOMALA;RIPARAZIONE DI VASO SANGUIGNO CON PATCH AUTOLOGO;3956;
74742;CONNESSIONE VENOSA POLMONARE PARZIALMENTE ANOMALA;VALVULOPLASTICA A CUORE APERTO DELLA VALVOLA POLMONARE SENZA SOSTITUZIONE;3513;
74742;CONNESSIONE VENOSA POLMONARE PARZIALMENTE ANOMALA;VALVULOPLASTICA A CUORE APERTO DELLA VALVOLA TRICUSPIDE SENZA SOSTITUZIONE;3514;
74742;CONNESSIONE VENOSA POLMONARE PARZIALMENTE ANOMALA;VALVULOPLASTICA PERCUTANEA;3596;
74749;ALTRE ANOMALIE DEI GROSSI VASI VENOSI;ALTRA OCCLUSIONE CHIRURGICA DI ALTRI VASI TORACICI;3885;
74749;ALTRE ANOMALIE DEI GROSSI VASI VENOSI;Altra riparazione endovascolare di aneurisma con graft;3979;
74749;ALTRE ANOMALIE DEI GROSSI VASI VENOSI;ALTRI INTERVENTI SUI VASI DEL CUORE;3699;
74749;ALTRE ANOMALIE DEI GROSSI VASI VENOSI;ANASTOMOSI ARTERIOSO SISTEMICO POLMONARE;390;
74749;ALTRE ANOMALIE DEI GROSSI VASI VENOSI;CARDIOTOMIA;3711;
74749;ALTRE ANOMALIE DEI GROSSI VASI VENOSI;CIRCOLAZIONE EXTRACORPOREA AUSILIARIA PER CHIRURGIA A CUORE APERTO;3961;
74749;ALTRE ANOMALIE DEI GROSSI VASI VENOSI;CREAZIONE DI CONDOTTO FRA IL VENTRICOLO SINISTRO E L'AORTA;3593;
74749;ALTRE ANOMALIE DEI GROSSI VASI VENOSI;RIPARAZIONE DI DIFETTO DEL SETTO INTERATRIALE CON INNESTO TISSUTALE;3561;
74749;ALTRE ANOMALIE DEI GROSSI VASI VENOSI;RIPARAZIONE DI FISTOLA ARTERIOVENOSA;3953;
74749;ALTRE ANOMALIE DEI GROSSI VASI VENOSI;VALVULOPLASTICA PERCUTANEA;3596;
7475;ASSENZA O IPOPLASIA DELL'ARTERIA OMBELICALE;PILOROMIOTOMIA;433;
74760;ANOMALIA DEL SISTEMA VASCOLARE PERIFERICO, DI SITO NON SPECIFICATO;ALTRA OCCLUSIONE CHIRURGICA DI VASI, SEDE NON SPECIFICATA;3880;
74769;ANOMALIE DI ALTRE SEDI SPECIFICATE DEL SISTEMA VASCOLARE PERIFERICO;ALTRA OCCLUSIONE CHIRURGICA DI ALTRI VASI TORACICI;3885;
74769;ANOMALIE DI ALTRE SEDI SPECIFICATE DEL SISTEMA VASCOLARE PERIFERICO;ANGIOPLASTICA O ATERECTOMIA DI VASO NON CORONARICO;3950;
74781;ANOMALIE DEL SISTEMA CEREBROVASCOLARE;ALTRA OCCLUSIONE CHIRURGICA DI VASI INTRACRANICI;3881;
74781;ANOMALIE DEL SISTEMA CEREBROVASCOLARE;ALTRA OCCLUSIONE CHIRURGICA DI VASI, SEDE NON SPECIFICATA;3880;
74781;ANOMALIE DEL SISTEMA CEREBROVASCOLARE;ALTRI INTERVENTI PER IL DRENAGGIO VENTRICOLARE;0239;
74783;CIRCOLAZIONE FETALE PERSISTENTE;ALTRA OCCLUSIONE CHIRURGICA DI ALTRI VASI TORACICI;3885;
74783;CIRCOLAZIONE FETALE PERSISTENTE;RESEZIONE SEGMENTALE DEL POLMONE;323;
74789;ALTRE ANOMALIE NON SPECIFICATE DEL SISTEMA CIRCOLATORIO;CORREZIONE TOTALE DI TRASPOSIZIONE DI GRANDE VASO NON CLASSIFICATO ALTROVE;3584;
7479;ANOMALIE NON SPECIFICATE DEL SISTEMA CIRCOLATORIO;ALTRA ASPORTAZIONE DI ALTRI VASI TORACICI;3865;
7479;ANOMALIE NON SPECIFICATE DEL SISTEMA CIRCOLATORIO;ANASTOMOSI ARTERIA CAVA E POLMONARE;3921;
7479;ANOMALIE NON SPECIFICATE DEL SISTEMA CIRCOLATORIO;CREAZIONE DI DIFETTO SETTALE NEL CUORE;3542;
7479;ANOMALIE NON SPECIFICATE DEL SISTEMA CIRCOLATORIO;RESEZIONE DI ALTRI VASI TORACICI CON ANASTOMOSI;3835;
7479;ANOMALIE NON SPECIFICATE DEL SISTEMA CIRCOLATORIO;RIPARAZIONE DI DIFETTO DEL SETTO INTERATRIALE CON SUTURA DIRETTA;3552;
7479;ANOMALIE NON SPECIFICATE DEL SISTEMA CIRCOLATORIO;VALVULOPLASTICA PERCUTANEA;3596;
7480;ATRESIA DELLE COANE;ALTRA TRACHEOSTOMIA PERMANENTE;3129;
7480;ATRESIA DELLE COANE;ALTRI INTERVENTI DI RIPARAZIONE E DI PLASTICA DEL NASO;2189;
7480;ATRESIA DELLE COANE;ALTRI INTERVENTI SUL NASO;2199;
7480;ATRESIA DELLE COANE;ASPORTAZIONE O DEMOLIZIONE DI LESIONE DEL NASO, SAI;2130;
7480;ATRESIA DELLE COANE;ASPORTAZIONE O DEMOLIZIONE LOCALE DI ALTRA LESIONE DEL NASO;2132;
7480;ATRESIA DELLE COANE;ASPORTAZIONE O DEMOLIZIONE LOCALE DI LESIONE O TESSUTO DEL PALATO OSSEO;2731;
7480;ATRESIA DELLE COANE;CHIUSURA DI ALTRA FISTOLA DELLA TRACHEA;3173;
7480;ATRESIA DELLE COANE;CORREZIONE DI PALATOSCHISI;2762;
7480;ATRESIA DELLE COANE;DILATAZIONE DEL FARINGE;2991;
7480;ATRESIA DELLE COANE;DILATAZIONE DELL'ESOFAGO;4292;
7480;ATRESIA DELLE COANE;FRATTURA DEI TURBINATI;2162;
7480;ATRESIA DELLE COANE;INTERVENTO DI PLASTICA SUL FARINGE;294;
7480;ATRESIA DELLE COANE;LISI DI ADERENZE DEL NASO;2191;
7480;ATRESIA DELLE COANE;RESEZIONE SOTTOMUCOSA DEL SETTO NASALE;215;
7480;ATRESIA DELLE COANE;REVISIONE DELLA TRACHEOSTOMIA;3174;
7480;ATRESIA DELLE COANE;SUTURA DI LACERAZIONE DEL PALATO;2761;
7481;ALTRE ANOMALIE DEL NASO;FRATTURA DEI TURBINATI;2162;
7481;ALTRE ANOMALIE DEL NASO;RIPARAZIONE DI SCHISI DEL LABBRO;2754;
7483;ALTRE ANOMALIE DELLA LARINGE, TRACHEA E BRONCHI;ALTRA ASPORTAZIONE O DEMOLIZIONE DI LESIONE O TESSUTO DELLA LARINGE;3009;
7483;ALTRE ANOMALIE DELLA LARINGE, TRACHEA E BRONCHI;ALTRA INCISIONE DI LARINGE O TRACHEA;313;
7483;ALTRE ANOMALIE DELLA LARINGE, TRACHEA E BRONCHI;ALTRA RIPARAZIONE DELLA LARINGE;3169;
7483;ALTRE ANOMALIE DELLA LARINGE, TRACHEA E BRONCHI;ALTRA TRACHEOSTOMIA PERMANENTE;3129;
7483;ALTRE ANOMALIE DELLA LARINGE, TRACHEA E BRONCHI;ALTRI INTERVENTI DI RIPARAZIONE E DI PLASTICA SULLA TRACHEA;3179;
7483;ALTRE ANOMALIE DELLA LARINGE, TRACHEA E BRONCHI;ALTRI INTERVENTI PER LA CREAZIONE DI SFINTERE ESOFAGOGASTRICO;4466;
7483;ALTRE ANOMALIE DELLA LARINGE, TRACHEA E BRONCHI;ALTRI INTERVENTI SULLA LARINGE;3198;
7483;ALTRE ANOMALIE DELLA LARINGE, TRACHEA E BRONCHI;ASPORTAZIONE LOCALE DI ALTRA LESIONE O TESSUTO DELL'ESOFAGO;4232;
7483;ALTRE ANOMALIE DELLA LARINGE, TRACHEA E BRONCHI;ASPORTAZIONE O DEMOLIZIONE DI LESIONE O TESSUTO DEL FARINGE;2939;
7483;ALTRE ANOMALIE DELLA LARINGE, TRACHEA E BRONCHI;ASPORTAZIONE O DEMOLIZIONE LOCALE DI LESIONE O TESSUTO DELLA TRACHEA;315;
7483;ALTRE ANOMALIE DELLA LARINGE, TRACHEA E BRONCHI;CHIUSURA DI ALTRA FISTOLA DELLA TRACHEA;3173;
7483;ALTRE ANOMALIE DELLA LARINGE, TRACHEA E BRONCHI;CHIUSURA DI FISTOLA DELLA FESSURA BRANCHIALE;2952;
7483;ALTRE ANOMALIE DELLA LARINGE, TRACHEA E BRONCHI;CHIUSURA DI FISTOLA ESTERNA DELLA TRACHEA;3172;
7483;ALTRE ANOMALIE DELLA LARINGE, TRACHEA E BRONCHI;ESOFAGO-ESOFAGOSTOMIA INTRATORACICA;4251;
7483;ALTRE ANOMALIE DELLA LARINGE, TRACHEA E BRONCHI;TRACHEOSTOMIA TEMPORANEA;311;
7484;CISTI CONGENITA POLMONARE;ALTRA ASPORTAZIONE O DEMOLIZIONE LOCALE DI LESIONE O TESSUTO DEL POLMONE;3229;
7484;CISTI CONGENITA POLMONARE;LOBECTOMIA DEL POLMONE;324;
7484;CISTI CONGENITA POLMONARE;RESEZIONE SEGMENTALE DEL POLMONE;323;
7484;CISTI CONGENITA POLMONARE;TORACOSCOPIA TRANSPLEURICA;3421;
7485;AGENESIA, IPOPLASIA E DISPLASIA DEL POLMONE;ABLAZIONE PER VIA TORACOSCOPICA DI LESIONE O TESSUTO POLMONARE;3225;
7485;AGENESIA, IPOPLASIA E DISPLASIA DEL POLMONE;ALTRA ASPORTAZIONE DEL POLMONE;329;
7485;AGENESIA, IPOPLASIA E DISPLASIA DEL POLMONE;ALTRA ASPORTAZIONE O DEMOLIZIONE LOCALE DI LESIONE O TESSUTO DEL POLMONE;3229;
7485;AGENESIA, IPOPLASIA E DISPLASIA DEL POLMONE;ALTRA OCCLUSIONE CHIRURGICA DI ALTRI VASI TORACICI;3885;
7485;AGENESIA, IPOPLASIA E DISPLASIA DEL POLMONE;ALTRI INTERVENTI SUL POLMONE;3399;
7485;AGENESIA, IPOPLASIA E DISPLASIA DEL POLMONE;ANASTOMOSI ARTERIOSO SISTEMICO POLMONARE;390;
7485;AGENESIA, IPOPLASIA E DISPLASIA DEL POLMONE;CORREZIONE TOTALE DI TRASPOSIZIONE DI GRANDE VASO NON CLASSIFICATO ALTROVE;3584;
7485;AGENESIA, IPOPLASIA E DISPLASIA DEL POLMONE;INTERVENTI SU ALTRE STRUTTURE ADIACENTI ALLE VALVOLE DEL CUORE;3539;
7485;AGENESIA, IPOPLASIA E DISPLASIA DEL POLMONE;RESEZIONE SEGMENTALE DEL POLMONE;323;
7485;AGENESIA, IPOPLASIA E DISPLASIA DEL POLMONE;TORACOSCOPIA TRANSPLEURICA;3421;
7485;AGENESIA, IPOPLASIA E DISPLASIA DEL POLMONE;VALVULOPLASTICA A CUORE APERTO DELLA VALVOLA POLMONARE SENZA SOSTITUZIONE;3513;
74860;ANOMALIE DEL POLMONE, NON SPECIFICATE;ALTRA ASPORTAZIONE O DEMOLIZIONE LOCALE DI LESIONE O TESSUTO DEL POLMONE;3229;
74860;ANOMALIE DEL POLMONE, NON SPECIFICATE;ANASTOMOSI ARTERIOSO SISTEMICO POLMONARE;390;
74860;ANOMALIE DEL POLMONE, NON SPECIFICATE;RESEZIONE SEGMENTALE DEL POLMONE;323;
74860;ANOMALIE DEL POLMONE, NON SPECIFICATE;TORACENTESI;3491;
74860;ANOMALIE DEL POLMONE, NON SPECIFICATE;TORACOSCOPIA TRANSPLEURICA;3421;
7489;ANOMALIE NON SPECIFICATE DELL'APPARATO RESPIRATORIO;ALTRA ASPORTAZIONE O DEMOLIZIONE LOCALE DI LESIONE O TESSUTO DEI BRONCHI;3209;
749;PALATOSCHISI/LABIOSCHISI;ALTRA CHIRURGIA ORTOGNATICA DELLA MANDIBOLA;7664;
749;PALATOSCHISI/LABIOSCHISI;ALTRA RIPARAZIONE PLASTICA DEL PALATO;2769;
749;PALATOSCHISI/LABIOSCHISI;ALTRA RIPARAZIONE PLASTICA DELLA BOCCA;2759;
749;PALATOSCHISI/LABIOSCHISI;ALTRA TRACHEOSTOMIA PERMANENTE;3129;
749;PALATOSCHISI/LABIOSCHISI;ALTRI INTERVENTI DI RIPARAZIONE E PLASTICA SULLA LINGUA;2559;
749;PALATOSCHISI/LABIOSCHISI;CORREZIONE DI PALATOSCHISI;2762;
749;PALATOSCHISI/LABIOSCHISI;GENGIVOPLASTICA;242;
749;PALATOSCHISI/LABIOSCHISI;OSTEOPLASTICA SEGMENTARIA (OSTEOTOMIA) DELLA MASCELLA;7665;
749;PALATOSCHISI/LABIOSCHISI;RIPARAZIONE DI SCHISI DEL LABBRO;2754;
74900;PALATOSCHISI, NON SPECIFICATA;ALTRA ASPORTAZIONE DI LESIONE O TESSUTO DEL LABBRO;2743;
74900;PALATOSCHISI, NON SPECIFICATA;ALTRA RINOPLASTICA;2187;
74900;PALATOSCHISI, NON SPECIFICATA;ALTRA RIPARAZIONE PLASTICA DEL PALATO;2769;
74900;PALATOSCHISI, NON SPECIFICATA;ALTRA TRACHEOSTOMIA PERMANENTE;3129;
74900;PALATOSCHISI, NON SPECIFICATA;ALTRI INTERVENTI SULLA LARINGE;3198;
74900;PALATOSCHISI, NON SPECIFICATA;ALTRI INTERVENTI SULLE OSSA E ARTICOLAZIONI FACCIALI;7699;
74900;PALATOSCHISI, NON SPECIFICATA;CORREZIONE DI PALATOSCHISI;2762;
74900;PALATOSCHISI, NON SPECIFICATA;INCISIONE DEL PALATO;271;
74900;PALATOSCHISI, NON SPECIFICATA;MIRINGOTOMIA CON INSERZIONE DI TUBO;2001;
74900;PALATOSCHISI, NON SPECIFICATA;REVISIONE DI CORREZIONE DI PALATOSCHISI;2763;
74900;PALATOSCHISI, NON SPECIFICATA;RIMOZIONE DI MEZZI DI FISSAZIONE INTERNA DALLE OSSA FACCIALI;7697;
74900;PALATOSCHISI, NON SPECIFICATA;RIPARAZIONE DI SCHISI DEL LABBRO;2754;
74900;PALATOSCHISI, NON SPECIFICATA;SUTURA DI LACERAZIONE DEL PALATO;2761;
74901;PALATOSCHISI UNILATERALE, COMPLETA;ALTRA RINOPLASTICA;2187;
74901;PALATOSCHISI UNILATERALE, COMPLETA;ALTRA RIPARAZIONE PLASTICA DEL PALATO;2769;
74901;PALATOSCHISI UNILATERALE, COMPLETA;ALTRI INTERVENTI SULLA CAVITA' ORALE;2799;
74901;PALATOSCHISI UNILATERALE, COMPLETA;CORREZIONE DI PALATOSCHISI;2762;
74901;PALATOSCHISI UNILATERALE, COMPLETA;REVISIONE DI CORREZIONE DI PALATOSCHISI;2763;
74901;PALATOSCHISI UNILATERALE, COMPLETA;RINOPLASTICA PARZIALE;2186;
74901;PALATOSCHISI UNILATERALE, COMPLETA;RIPARAZIONE DI SCHISI DEL LABBRO;2754;
74901;PALATOSCHISI UNILATERALE, COMPLETA;SUTURA DI LACERAZIONE DEL NASO;2181;
74901;PALATOSCHISI UNILATERALE, COMPLETA;SUTURA DI LACERAZIONE DEL PALATO;2761;
74902;PALATOSCHISI UNILATERALE, INCOMPLETA;CORREZIONE DI PALATOSCHISI;2762;
74902;PALATOSCHISI UNILATERALE, INCOMPLETA;RIPARAZIONE DI SCHISI DEL LABBRO;2754;
74903;PALATOSCHISI BILATERALE, COMPLETA;ALTRA RIPARAZIONE PLASTICA DEL PALATO;2769;
74903;PALATOSCHISI BILATERALE, COMPLETA;ALTRI INTERVENTI DI RIPARAZIONE E PLASTICA SULLA LINGUA;2559;
74903;PALATOSCHISI BILATERALE, COMPLETA;CORREZIONE DI PALATOSCHISI;2762;
74903;PALATOSCHISI BILATERALE, COMPLETA;RIPARAZIONE DI SCHISI DEL LABBRO;2754;
74904;PALATOSCHISI BILATERALE, INCOMPLETA;CORREZIONE DI PALATOSCHISI;2762;
74910;LABIOSCHISI, NON SPECIFICATA;ALTRA RINOPLASTICA;2187;
74910;LABIOSCHISI, NON SPECIFICATA;ALTRA RIPARAZIONE PLASTICA DEL PALATO;2769;
74910;LABIOSCHISI, NON SPECIFICATA;ALTRA RIPARAZIONE PLASTICA DELLA BOCCA;2759;
74910;LABIOSCHISI, NON SPECIFICATA;ALTRO INNESTO DI CUTE SU LABBRO E BOCCA;2756;
74910;LABIOSCHISI, NON SPECIFICATA;CORREZIONE DI PALATOSCHISI;2762;
74910;LABIOSCHISI, NON SPECIFICATA;GENGIVOPLASTICA;242;
74910;LABIOSCHISI, NON SPECIFICATA;OSTEOTOMIA TOTALE DI ALTRE OSSA FACCIALI CON CONTEMPORANEA RICOSTRUZIONE;7644;
74910;LABIOSCHISI, NON SPECIFICATA;RINOPLASTICA PARZIALE;2186;
74910;LABIOSCHISI, NON SPECIFICATA;RINOSCOPIA;2121;
74910;LABIOSCHISI, NON SPECIFICATA;RIPARAZIONE DI SCHISI DEL LABBRO;2754;
74911;LABIOSCHISI UNILATERALE, COMPLETA;ALTRA RIPARAZIONE PLASTICA DEL PALATO;2769;
74911;LABIOSCHISI UNILATERALE, COMPLETA;ALTRA RIPARAZIONE PLASTICA DELLA BOCCA;2759;
74911;LABIOSCHISI UNILATERALE, COMPLETA;ALTRI INTERVENTI SULLE OSSA E ARTICOLAZIONI FACCIALI;7699;
74911;LABIOSCHISI UNILATERALE, COMPLETA;ALTRO INNESTO DI CUTE SU LABBRO E BOCCA;2756;
74911;LABIOSCHISI UNILATERALE, COMPLETA;ALVEOLOPLASTICA;245;
74911;LABIOSCHISI UNILATERALE, COMPLETA;CORREZIONE DI PALATOSCHISI;2762;
74911;LABIOSCHISI UNILATERALE, COMPLETA;OSTEOPLASTICA SEGMENTARIA (OSTEOTOMIA) DELLA MASCELLA;7665;
74911;LABIOSCHISI UNILATERALE, COMPLETA;RINOPLASTICA PARZIALE;2186;
74911;LABIOSCHISI UNILATERALE, COMPLETA;RIPARAZIONE DI SCHISI DEL LABBRO;2754;
74911;LABIOSCHISI UNILATERALE, COMPLETA;TRASFERIMENTO DI INNESTO PEDUNCOLATO A LEMBO IN ALTRE SEDI;8674;
74912;LABIOSCHISI UNILATERALE, INCOMPLETA;ALTRA RINOPLASTICA;2187;
74912;LABIOSCHISI UNILATERALE, INCOMPLETA;ALTRI INTERVENTI SULLE OSSA E ARTICOLAZIONI FACCIALI;7699;
74912;LABIOSCHISI UNILATERALE, INCOMPLETA;CORREZIONE DI PALATOSCHISI;2762;
74912;LABIOSCHISI UNILATERALE, INCOMPLETA;OSTEOPLASTICA SEGMENTARIA (OSTEOTOMIA) DELLA MASCELLA;7665;
74912;LABIOSCHISI UNILATERALE, INCOMPLETA;RIPARAZIONE DI SCHISI DEL LABBRO;2754;
74912;LABIOSCHISI UNILATERALE, INCOMPLETA;TRASFERIMENTO DI INNESTO PEDUNCOLATO A LEMBO IN ALTRE SEDI;8674;
74913;LABIOSCHISI BILATERALE, COMPLETA;ALTRA RIPARAZIONE PLASTICA DEL PALATO;2769;
74913;LABIOSCHISI BILATERALE, COMPLETA;CORREZIONE DI PALATOSCHISI;2762;
74913;LABIOSCHISI BILATERALE, COMPLETA;RINOPLASTICA PARZIALE;2186;
74913;LABIOSCHISI BILATERALE, COMPLETA;RIPARAZIONE DI SCHISI DEL LABBRO;2754;
74914;LABIOSCHISI BILATERALE, INCOMPLETA;ALTRI INTERVENTI SULLE OSSA E ARTICOLAZIONI FACCIALI;7699;
74914;LABIOSCHISI BILATERALE, INCOMPLETA;CORREZIONE DI PALATOSCHISI;2762;
74914;LABIOSCHISI BILATERALE, INCOMPLETA;RIPARAZIONE DI SCHISI DEL LABBRO;2754;
74914;LABIOSCHISI BILATERALE, INCOMPLETA;TRASFERIMENTO DI INNESTO PEDUNCOLATO A LEMBO IN ALTRE SEDI;8674;
74920;PALATOSCHISI CON LABIOSCHISI, NON SPECIFICATA;ALTRA RINOPLASTICA;2187;
74920;PALATOSCHISI CON LABIOSCHISI, NON SPECIFICATA;ALTRA RIPARAZIONE PLASTICA DEL PALATO;2769;
74920;PALATOSCHISI CON LABIOSCHISI, NON SPECIFICATA;ASPORTAZIONE DI CISTI O VESTIGIA DELLA FESSURA BRANCHIALE;292;
74920;PALATOSCHISI CON LABIOSCHISI, NON SPECIFICATA;CORREZIONE DI PALATOSCHISI;2762;
74920;PALATOSCHISI CON LABIOSCHISI, NON SPECIFICATA;IMPIANTO DI INNESTO PEDUNCOLATO O A LEMBO SU LABBRO E BOCCA;2757;
74920;PALATOSCHISI CON LABIOSCHISI, NON SPECIFICATA;REVISIONE DI CORREZIONE DI PALATOSCHISI;2763;
74920;PALATOSCHISI CON LABIOSCHISI, NON SPECIFICATA;RIPARAZIONE DI SCHISI DEL LABBRO;2754;
74921;PALATOSCHISI CON LABIOSCHISI UNILATERALE, COMPLETA;ALTRA RINOPLASTICA;2187;
74921;PALATOSCHISI CON LABIOSCHISI UNILATERALE, COMPLETA;ALTRA RIPARAZIONE PLASTICA DEL PALATO;2769;
74921;PALATOSCHISI CON LABIOSCHISI UNILATERALE, COMPLETA;ALTRA RIPARAZIONE PLASTICA DELLA BOCCA;2759;
74921;PALATOSCHISI CON LABIOSCHISI UNILATERALE, COMPLETA;ALTRI INTERVENTI SULLE OSSA E ARTICOLAZIONI FACCIALI;7699;
74921;PALATOSCHISI CON LABIOSCHISI UNILATERALE, COMPLETA;CHIUSURA DI FISTOLA DELLA BOCCA;2753;
74921;PALATOSCHISI CON LABIOSCHISI UNILATERALE, COMPLETA;CORREZIONE DI PALATOSCHISI;2762;
74921;PALATOSCHISI CON LABIOSCHISI UNILATERALE, COMPLETA;GENGIVOPLASTICA;242;
74921;PALATOSCHISI CON LABIOSCHISI UNILATERALE, COMPLETA;REVISIONE DI CORREZIONE DI PALATOSCHISI;2763;
74921;PALATOSCHISI CON LABIOSCHISI UNILATERALE, COMPLETA;RINOPLASTICA DI INGRANDIMENTO;2185;
74921;PALATOSCHISI CON LABIOSCHISI UNILATERALE, COMPLETA;RINOPLASTICA PARZIALE;2186;
74921;PALATOSCHISI CON LABIOSCHISI UNILATERALE, COMPLETA;RIPARAZIONE DI SCHISI DEL LABBRO;2754;
74921;PALATOSCHISI CON LABIOSCHISI UNILATERALE, COMPLETA;SUTURA DI LACERAZIONE DEL PALATO;2761;
74921;PALATOSCHISI CON LABIOSCHISI UNILATERALE, COMPLETA;TRASFERIMENTO DI INNESTO PEDUNCOLATO A LEMBO IN ALTRE SEDI;8674;
74922;PALATOSCHISI CON LABIOSCHISI UNILATERALE, INCOMPLETA;ALTRA RINOPLASTICA;2187;
74922;PALATOSCHISI CON LABIOSCHISI UNILATERALE, INCOMPLETA;ALTRA RIPARAZIONE PLASTICA DEL PALATO;2769;
74922;PALATOSCHISI CON LABIOSCHISI UNILATERALE, INCOMPLETA;ALTRI INTERVENTI SULLE OSSA E ARTICOLAZIONI FACCIALI;7699;
74922;PALATOSCHISI CON LABIOSCHISI UNILATERALE, INCOMPLETA;CORREZIONE DI PALATOSCHISI;2762;
74922;PALATOSCHISI CON LABIOSCHISI UNILATERALE, INCOMPLETA;GENGIVOPLASTICA;242;
74922;PALATOSCHISI CON LABIOSCHISI UNILATERALE, INCOMPLETA;RINOPLASTICA PARZIALE;2186;
74922;PALATOSCHISI CON LABIOSCHISI UNILATERALE, INCOMPLETA;RIPARAZIONE DI SCHISI DEL LABBRO;2754;
74922;PALATOSCHISI CON LABIOSCHISI UNILATERALE, INCOMPLETA;SUTURA DI LACERAZIONE DEL PALATO;2761;
74922;PALATOSCHISI CON LABIOSCHISI UNILATERALE, INCOMPLETA;TRASFERIMENTO DI INNESTO PEDUNCOLATO A LEMBO IN ALTRE SEDI;8674;
74923;PALATOSCHISI CON LABIOSCHISI BILATERALE, COMPLETA;ALTRA RIPARAZIONE PLASTICA DEL PALATO;2769;
74923;PALATOSCHISI CON LABIOSCHISI BILATERALE, COMPLETA;ALTRA RIPARAZIONE PLASTICA DELLA BOCCA;2759;
74923;PALATOSCHISI CON LABIOSCHISI BILATERALE, COMPLETA;ALTRI INTERVENTI SULLE OSSA E ARTICOLAZIONI FACCIALI;7699;
74923;PALATOSCHISI CON LABIOSCHISI BILATERALE, COMPLETA;CORREZIONE DI PALATOSCHISI;2762;
74923;PALATOSCHISI CON LABIOSCHISI BILATERALE, COMPLETA;GENGIVOPLASTICA;242;
74923;PALATOSCHISI CON LABIOSCHISI BILATERALE, COMPLETA;OSTEOPLASTICA SEGMENTARIA (OSTEOTOMIA) DELLA MASCELLA;7665;
74923;PALATOSCHISI CON LABIOSCHISI BILATERALE, COMPLETA;RINOPLASTICA PARZIALE;2186;
74923;PALATOSCHISI CON LABIOSCHISI BILATERALE, COMPLETA;RINOSCOPIA;2121;
74923;PALATOSCHISI CON LABIOSCHISI BILATERALE, COMPLETA;RIPARAZIONE DI SCHISI DEL LABBRO;2754;
74924;PALATOSCHISI CON LABIOSCHISI BILATERALE, INCOMPLETA;ALTRA RIPARAZIONE PLASTICA DEL PALATO;2769;
74924;PALATOSCHISI CON LABIOSCHISI BILATERALE, INCOMPLETA;ALTRI INTERVENTI SULLE OSSA E ARTICOLAZIONI FACCIALI;7699;
74924;PALATOSCHISI CON LABIOSCHISI BILATERALE, INCOMPLETA;RIPARAZIONE DI SCHISI DEL LABBRO;2754;
74924;PALATOSCHISI CON LABIOSCHISI BILATERALE, INCOMPLETA;SUTURA DI LACERAZIONE DEL PALATO;2761;
74925;PALATOSCHISI CON LABIOSCHISI ALTRE COMBINAZIONI;ALTRA CHIRURGIA ORTOGNATICA DELLA MANDIBOLA;7664;
74925;PALATOSCHISI CON LABIOSCHISI ALTRE COMBINAZIONI;ALTRA RINOPLASTICA;2187;
74925;PALATOSCHISI CON LABIOSCHISI ALTRE COMBINAZIONI;ALTRA RIPARAZIONE PLASTICA DEL PALATO;2769;
74925;PALATOSCHISI CON LABIOSCHISI ALTRE COMBINAZIONI;ALTRI INTERVENTI SULLE OSSA E ARTICOLAZIONI FACCIALI;7699;
74925;PALATOSCHISI CON LABIOSCHISI ALTRE COMBINAZIONI;CORREZIONE DI PALATOSCHISI;2762;
74925;PALATOSCHISI CON LABIOSCHISI ALTRE COMBINAZIONI;RINOPLASTICA PARZIALE;2186;
74925;PALATOSCHISI CON LABIOSCHISI ALTRE COMBINAZIONI;RIPARAZIONE DI SCHISI DEL LABBRO;2754;
75015;MACROGLOSSIA;CORREZIONE DI PALATOSCHISI;2762;
75025;FISTOLA CONGENITA DEL LABBRO;ALTRA RIPARAZIONE PLASTICA DELLA BOCCA;2759;
75025;FISTOLA CONGENITA DEL LABBRO;CORREZIONE DI PALATOSCHISI;2762;
75025;FISTOLA CONGENITA DEL LABBRO;RIPARAZIONE DI SCHISI DEL LABBRO;2754;
75025;FISTOLA CONGENITA DEL LABBRO;TRASFERIMENTO DI INNESTO PEDUNCOLATO A LEMBO IN ALTRE SEDI;8674;
75026;ALTRE ANOMALIE SPECIFICATE DELLA BOCCA;ALTRI INTERVENTI SULLA CAVITA' ORALE;2799;
75026;ALTRE ANOMALIE SPECIFICATE DELLA BOCCA;ALTRI INTERVENTI SULLA LINGUA;2599;
75026;ALTRE ANOMALIE SPECIFICATE DELLA BOCCA;ASPORTAZIONE O DEMOLIZIONE DI LESIONE O TESSUTO DELLA LINGUA;251;
75026;ALTRE ANOMALIE SPECIFICATE DELLA BOCCA;Chiusura di cute e tessuto sottocutaneo di altre sedi;8659;
75026;ALTRE ANOMALIE SPECIFICATE DELLA BOCCA;RIPARAZIONE DI SCHISI DEL LABBRO;2754;
75029;ALTRE ANOMALIE SPECIFICATE DEL FARINGE;ALTRI INTERVENTI SULLA CAVITA' ORALE;2799;
7503;FISTOLA TRACHEOESOFAGEA, ATRESIA ESOFAGEA E STENOSI;ALTRA ANASTOMOSI ESOFAGEA INTRATORACICA;4259;
7503;FISTOLA TRACHEOESOFAGEA, ATRESIA ESOFAGEA E STENOSI;ALTRA DEMOLIZIONE DI LESIONE O TESSUTO DELL'ESOFAGO;4239;
7503;FISTOLA TRACHEOESOFAGEA, ATRESIA ESOFAGEA E STENOSI;ALTRA GASTRECTOMIA TOTALE;4399;
7503;FISTOLA TRACHEOESOFAGEA, ATRESIA ESOFAGEA E STENOSI;ALTRA GASTROSTOMIA;4319;
7503;FISTOLA TRACHEOESOFAGEA, ATRESIA ESOFAGEA E STENOSI;ALTRA INCISIONE DELLA PLEURA;3409;
7503;FISTOLA TRACHEOESOFAGEA, ATRESIA ESOFAGEA E STENOSI;ALTRA TRACHEOSTOMIA PERMANENTE;3129;
7503;FISTOLA TRACHEOESOFAGEA, ATRESIA ESOFAGEA E STENOSI;ALTRE PROCEDURE DIAGNOSTICHE SULL'ESOFAGO;4229;
7503;FISTOLA TRACHEOESOFAGEA, ATRESIA ESOFAGEA E STENOSI;ALTRI INTERVENTI DI RIPARAZIONE E DI PLASTICA SULLA TRACHEA;3179;
7503;FISTOLA TRACHEOESOFAGEA, ATRESIA ESOFAGEA E STENOSI;ALTRI INTERVENTI PER LA CREAZIONE DI SFINTERE ESOFAGOGASTRICO;4466;
7503;FISTOLA TRACHEOESOFAGEA, ATRESIA ESOFAGEA E STENOSI;ALTRI INTERVENTI SULLA TRACHEA;3199;
7503;FISTOLA TRACHEOESOFAGEA, ATRESIA ESOFAGEA E STENOSI;ALTRI INTERVENTI SULL'ESOFAGO;4299;
7503;FISTOLA TRACHEOESOFAGEA, ATRESIA ESOFAGEA E STENOSI;ANASTOMOSI ESOFAGEA INTRATORACICA CON INTERPOSIZIONE DI INTESTINO TENUE;4253;
7503;FISTOLA TRACHEOESOFAGEA, ATRESIA ESOFAGEA E STENOSI;ASPORTAZIONE LOCALE DI ALTRA LESIONE O TESSUTO DELL'ESOFAGO;4232;
7503;FISTOLA TRACHEOESOFAGEA, ATRESIA ESOFAGEA E STENOSI;CHIUSURA DI ALTRA FISTOLA DELLA TRACHEA;3173;
7503;FISTOLA TRACHEOESOFAGEA, ATRESIA ESOFAGEA E STENOSI;CHIUSURA DI FISTOLA BRONCHIALE;3342;
7503;FISTOLA TRACHEOESOFAGEA, ATRESIA ESOFAGEA E STENOSI;CHIUSURA DI FISTOLA ESTERNA DELLA TRACHEA;3172;
7503;FISTOLA TRACHEOESOFAGEA, ATRESIA ESOFAGEA E STENOSI;CHIUSURA DI GASTROSTOMIA;4462;
7503;FISTOLA TRACHEOESOFAGEA, ATRESIA ESOFAGEA E STENOSI;DILATAZIONE DELL'ESOFAGO;4292;
7503;FISTOLA TRACHEOESOFAGEA, ATRESIA ESOFAGEA E STENOSI;ESOFAGECTOMIA PARZIALE;4241;
7503;FISTOLA TRACHEOESOFAGEA, ATRESIA ESOFAGEA E STENOSI;ESOFAGO-ESOFAGOSTOMIA INTRATORACICA;4251;
7503;FISTOLA TRACHEOESOFAGEA, ATRESIA ESOFAGEA E STENOSI;ESOFAGOGASTRODUODENOSCOPIA (EGD) CON BIOPSIA;4516;
7503;FISTOLA TRACHEOESOFAGEA, ATRESIA ESOFAGEA E STENOSI;ESOFAGO-GASTROSTOMIA INTRATORACICA;4252;
7503;FISTOLA TRACHEOESOFAGEA, ATRESIA ESOFAGEA E STENOSI;ESOFAGOSTOMIA CERVICALE;4211;
7503;FISTOLA TRACHEOESOFAGEA, ATRESIA ESOFAGEA E STENOSI;ESTERIORIZZAZIONE DI TASCA ESOFAGEA;4212;
7503;FISTOLA TRACHEOESOFAGEA, ATRESIA ESOFAGEA E STENOSI;GASTROSCOPIA ATTRAVERSO STOMA ARTIFICIALE;4412;
7503;FISTOLA TRACHEOESOFAGEA, ATRESIA ESOFAGEA E STENOSI;GASTROTOMIA;430;
7503;FISTOLA TRACHEOESOFAGEA, ATRESIA ESOFAGEA E STENOSI;INCISIONE DELLA PARETE TORACICA;3401;
7503;FISTOLA TRACHEOESOFAGEA, ATRESIA ESOFAGEA E STENOSI;INSERZIONE DI DRENAGGIO INTERCOSTALE;3404;
7503;FISTOLA TRACHEOESOFAGEA, ATRESIA ESOFAGEA E STENOSI;INSERZIONE SOTTOCUTANEA DI STIMOLATORE ANALE ELETTRICO;4992;
7503;FISTOLA TRACHEOESOFAGEA, ATRESIA ESOFAGEA E STENOSI;INTERVENTO DI PLASTICA SUL FARINGE;294;
7503;FISTOLA TRACHEOESOFAGEA, ATRESIA ESOFAGEA E STENOSI;LARINGOSCOPIA E ALTRA TRACHEOSCOPIA;3142;
7503;FISTOLA TRACHEOESOFAGEA, ATRESIA ESOFAGEA E STENOSI;PILOROMIOTOMIA;433;
7503;FISTOLA TRACHEOESOFAGEA, ATRESIA ESOFAGEA E STENOSI;PRODUZIONE DI TUNNEL SOTTOCUTANEO SENZA ANASTOMOSI ESOFAGEA;4286;
7503;FISTOLA TRACHEOESOFAGEA, ATRESIA ESOFAGEA E STENOSI;PUNTURA DEL POLMONE;3393;
7503;FISTOLA TRACHEOESOFAGEA, ATRESIA ESOFAGEA E STENOSI;RIPARAZIONE DI FISTOLA ESOFAGEA, NON CLASSIFICATA ALTROVE;4284;
7503;FISTOLA TRACHEOESOFAGEA, ATRESIA ESOFAGEA E STENOSI;RIPARAZIONE DI STENOSI ESOFAGEA;4285;
7503;FISTOLA TRACHEOESOFAGEA, ATRESIA ESOFAGEA E STENOSI;SUTURA DI LACERAZIONE DELL'ESOFAGO;4282;
7503;FISTOLA TRACHEOESOFAGEA, ATRESIA ESOFAGEA E STENOSI;TORACENTESI;3491;
7503;FISTOLA TRACHEOESOFAGEA, ATRESIA ESOFAGEA E STENOSI;TORACOSCOPIA TRANSPLEURICA;3421;
7503;FISTOLA TRACHEOESOFAGEA, ATRESIA ESOFAGEA E STENOSI;TORACOTOMIA ESPLORATIVA;3402;
7503;FISTOLA TRACHEOESOFAGEA, ATRESIA ESOFAGEA E STENOSI;TRACHEOSTOMIA TEMPORANEA;311;
7504;ALTRE ANOMALIE SPECIFICATE DELL'ESOFAGO;ALTRA ASPORTAZIONE O DEMOLIZIONE LOCALE DI LESIONE O TESSUTO DEI BRONCHI;3209;
7504;ALTRE ANOMALIE SPECIFICATE DELL'ESOFAGO;ASPORTAZIONE LOCALE DI DIVERTICOLO ESOFAGEO;4231;
7504;ALTRE ANOMALIE SPECIFICATE DELL'ESOFAGO;ESOFAGO-ESOFAGOSTOMIA INTRATORACICA;4251;
7505;STENOSI IPERTROFICA CONGENITA DEL PILORO;ALTRA PILOROPLASTICA;4429;
7505;STENOSI IPERTROFICA CONGENITA DEL PILORO;ALTRA RESEZIONE DEL RETTO;4869;
7505;STENOSI IPERTROFICA CONGENITA DEL PILORO;DILATAZIONE MEDIANTE INCISIONE DEL PILORO;4421;
7505;STENOSI IPERTROFICA CONGENITA DEL PILORO;PILOROMIOTOMIA;433;
7506;ERNIA IATALE CONGENITA;ALTRA GASTROSTOMIA;4319;
7506;ERNIA IATALE CONGENITA;ALTRI INTERVENTI PER LA CREAZIONE DI SFINTERE ESOFAGOGASTRICO;4466;
7506;ERNIA IATALE CONGENITA;GASTROPESSI;4464;
7506;ERNIA IATALE CONGENITA;PROCEDURE LAPAROSCOPICHE PER LA CREAZIONE DELLO SFINTERE ESOFAGOGASTRICO;4467;
7506;ERNIA IATALE CONGENITA;RIPARAZIONE MONOLATERALE DI ERNIA INGUINALE INDIRETTA;5302;
7507;ALTRE ANOMALIE SPECIFICATE DELLO STOMACO;RIPARAZIONE DI GASTROSCHISI;5471;
7509;ANOMALIE NON SPECIFICATE DEL TRATTO ALIMENTARE SUPERIORE;ESOFAGO-ESOFAGOSTOMIA INTRATORACICA;4251;
7510;DIVERTICOLO DI MECKEL;ALTRA RIPARAZIONE DELLA PARETE ADDOMINALE;5472;
7510;DIVERTICOLO DI MECKEL;ANASTOMOSI INTESTINALE TENUE-TENUE;4591;
7510;DIVERTICOLO DI MECKEL;ANASTOMOSI INTESTINALE, SAI;4590;
7510;DIVERTICOLO DI MECKEL;APPENDECTOMIA LAPAROSCOPICA;4701;
7510;DIVERTICOLO DI MECKEL;ASPORTAZIONE LOCALE DI LESIONE O TESSUTO DELL'INTESTINO TENUE ECCETTO IL DUODENO;4533;
7510;DIVERTICOLO DI MECKEL;ISOLAMENTO DI SEGMENTO DELL'INTESTINO TENUE;4551;
7510;DIVERTICOLO DI MECKEL;PILOROMIOTOMIA;433;
7510;DIVERTICOLO DI MECKEL;RESEZIONE DI SEGMENTO ESTERIORIZZATO DELL'INTESTINO TENUE;4602;
7510;DIVERTICOLO DI MECKEL;RESEZIONE SEGMENTARIA MULTIPLA DELL'INTESTINO TENUE;4561;
7510;DIVERTICOLO DI MECKEL;RIPARAZIONE MONOLATERALE DI ERNIA INGUINALE, SAI;5300;
7511;ATRESIA E STENOSI DELL'INTESTINO TENUE;ALTRA ANASTOMOSI INTESTINALE TENUE-CRASSO;4593;
7511;ATRESIA E STENOSI DELL'INTESTINO TENUE;ALTRA ASPORTAZIONE DI LESIONE DEL DUODENO;4532;
7511;ATRESIA E STENOSI DELL'INTESTINO TENUE;ALTRA ASPORTAZIONE PARZIALE DELL'INTESTINO CRASSO;4579;
7511;ATRESIA E STENOSI DELL'INTESTINO TENUE;ALTRA DEMOLIZIONE DI LESIONE DELL'INTESTINO TENUE ECCETTO IL DUODENO;4534;
7511;ATRESIA E STENOSI DELL'INTESTINO TENUE;ALTRA ENTEROSTOMIA;4639;
7511;ATRESIA E STENOSI DELL'INTESTINO TENUE;ALTRA GASTRECTOMIA TOTALE;4399;
7511;ATRESIA E STENOSI DELL'INTESTINO TENUE;ALTRA GASTROENTEROSTOMIA SENZA GASTRECTOMIA;4439;
7511;ATRESIA E STENOSI DELL'INTESTINO TENUE;ALTRA GASTROSTOMIA;4319;
7511;ATRESIA E STENOSI DELL'INTESTINO TENUE;ALTRA INCISIONE DELL'INTESTINO TENUE;4502;
7511;ATRESIA E STENOSI DELL'INTESTINO TENUE;ALTRA OCCLUSIONE CHIRURGICA DI ALTRI VASI TORACICI;3885;
7511;ATRESIA E STENOSI DELL'INTESTINO TENUE;ALTRA RESEZIONE DEL RETTO CON PULL-THROUGH;4849;
7511;ATRESIA E STENOSI DELL'INTESTINO TENUE;ALTRA RESEZIONE PARZIALE DELL'INTESTINO TENUE;4562;
7511;ATRESIA E STENOSI DELL'INTESTINO TENUE;ALTRA RIPARAZIONE DELLO SFINTERE ANALE;4979;
7511;ATRESIA E STENOSI DELL'INTESTINO TENUE;ALTRE LISI DI ADESIONI PERITONEALI;5459;
7511;ATRESIA E STENOSI DELL'INTESTINO TENUE;ANASTOMOSI ALL'ANO;4595;
7511;ATRESIA E STENOSI DELL'INTESTINO TENUE;ANASTOMOSI ESOFAGEA INTRATORACICA CON INTERPOSIZIONE DI INTESTINO TENUE;4253;
7511;ATRESIA E STENOSI DELL'INTESTINO TENUE;ANASTOMOSI INTESTINALE TENUE-TENUE;4591;
7511;ATRESIA E STENOSI DELL'INTESTINO TENUE;ANASTOMOSI INTESTINALE, SAI;4590;
7511;ATRESIA E STENOSI DELL'INTESTINO TENUE;ASPORTAZIONE LOCALE DI LESIONE DEL DUODENO;4531;
7511;ATRESIA E STENOSI DELL'INTESTINO TENUE;ASPORTAZIONE LOCALE DI LESIONE O TESSUTO DELL'INTESTINO TENUE ECCETTO IL DUODENO;4533;
7511;ATRESIA E STENOSI DELL'INTESTINO TENUE;CHIUSURA DI ORIFIZIO ARTIFICIALE DELL'INTESTINO TENUE;4651;
7511;ATRESIA E STENOSI DELL'INTESTINO TENUE;COLECTOMIA TOTALE INTRAADDOMINALE;458;
7511;ATRESIA E STENOSI DELL'INTESTINO TENUE;COLOSTOMIA PERMANENTE;4613;
7511;ATRESIA E STENOSI DELL'INTESTINO TENUE;COLOSTOMIA TEMPORANEA;4611;
7511;ATRESIA E STENOSI DELL'INTESTINO TENUE;COLOSTOMIA, SAI;4610;
7511;ATRESIA E STENOSI DELL'INTESTINO TENUE;DILATAZIONE DELL'INTESTINO;4685;
7511;ATRESIA E STENOSI DELL'INTESTINO TENUE;ESTERIORIZZAZIONE DELL'INTESTINO TENUE;4601;
7511;ATRESIA E STENOSI DELL'INTESTINO TENUE;GASTRECTOMIA TOTALE CON INTERPOSIZIONE INTESTINALE;4391;
7511;ATRESIA E STENOSI DELL'INTESTINO TENUE;ILEOSTOMIA TEMPORANEA;4621;
7511;ATRESIA E STENOSI DELL'INTESTINO TENUE;ILEOSTOMIA, SAI;4620;
7511;ATRESIA E STENOSI DELL'INTESTINO TENUE;INCISIONE DEL DUODENO;4501;
7511;ATRESIA E STENOSI DELL'INTESTINO TENUE;MANIPOLAZIONE INTRAADDOMINALE DELL'INTESTINO TENUE;4681;
7511;ATRESIA E STENOSI DELL'INTESTINO TENUE;MANIPOLAZIONE INTRAADDOMINALE DELL'INTESTINO, NON ALTRIMENTI SPECIFICATO;4680;
7511;ATRESIA E STENOSI DELL'INTESTINO TENUE;RESEZIONE DEL CIECO;4572;
7511;ATRESIA E STENOSI DELL'INTESTINO TENUE;RESEZIONE DEL RETTO SECONDO DUHAMEL;4865;
7511;ATRESIA E STENOSI DELL'INTESTINO TENUE;RESEZIONE DELLA SOTTOMUCOSA DEL RETTO (SECONDO SOAVE);4841;
7511;ATRESIA E STENOSI DELL'INTESTINO TENUE;RESEZIONE DI SEGMENTO ESTERIORIZZATO DELL'INTESTINO TENUE;4602;
7511;ATRESIA E STENOSI DELL'INTESTINO TENUE;RESEZIONE SEGMENTARIA MULTIPLA DELL'INTESTINO CRASSO;4571;
7511;ATRESIA E STENOSI DELL'INTESTINO TENUE;RESEZIONE SEGMENTARIA MULTIPLA DELL'INTESTINO TENUE;4561;
7511;ATRESIA E STENOSI DELL'INTESTINO TENUE;REVISIONE DI ORIFIZIO ARTIFICIALE DELL'INTESTINO TENUE;4641;
7511;ATRESIA E STENOSI DELL'INTESTINO TENUE;RIMOZIONE TOTALE DELL'INTESTINO TENUE;4563;
7512;ATRESIA E STENOSI DELL'INTESTINO CRASSO, DEL RETTO E DEL CANALE ANALE;ALTRA ANASTOMOSI INTESTINALE TENUE-CRASSO;4593;
7512;ATRESIA E STENOSI DELL'INTESTINO CRASSO, DEL RETTO E DEL CANALE ANALE;ALTRA ASPORTAZIONE DI LESIONE DEL DUODENO;4532;
7512;ATRESIA E STENOSI DELL'INTESTINO CRASSO, DEL RETTO E DEL CANALE ANALE;ALTRA ASPORTAZIONE DI LESIONE DELL'INTESTINO CRASSO;4549;
7512;ATRESIA E STENOSI DELL'INTESTINO CRASSO, DEL RETTO E DEL CANALE ANALE;ALTRA ASPORTAZIONE PARZIALE DELL'INTESTINO CRASSO;4579;
7512;ATRESIA E STENOSI DELL'INTESTINO CRASSO, DEL RETTO E DEL CANALE ANALE;ALTRA BIOPSIA DELL'INTESTINO CRASSO;4526;
7512;ATRESIA E STENOSI DELL'INTESTINO CRASSO, DEL RETTO E DEL CANALE ANALE;ALTRA DEMOLIZIONE DI LESIONE DELL'INTESTINO TENUE ECCETTO IL DUODENO;4534;
7512;ATRESIA E STENOSI DELL'INTESTINO CRASSO, DEL RETTO E DEL CANALE ANALE;ALTRA RESEZIONE DEL RETTO;4869;
7512;ATRESIA E STENOSI DELL'INTESTINO CRASSO, DEL RETTO E DEL CANALE ANALE;ALTRA RESEZIONE DEL RETTO CON PULL-THROUGH;4849;
7512;ATRESIA E STENOSI DELL'INTESTINO CRASSO, DEL RETTO E DEL CANALE ANALE;ALTRA RESEZIONE PARZIALE DELL'INTESTINO TENUE;4562;
7512;ATRESIA E STENOSI DELL'INTESTINO CRASSO, DEL RETTO E DEL CANALE ANALE;ALTRA REVISIONE DI ORIFIZIO ARTIFICIALE DELL'INTESTINO CRASSO;4643;
7512;ATRESIA E STENOSI DELL'INTESTINO CRASSO, DEL RETTO E DEL CANALE ANALE;ALTRA RIPARAZIONE DEL RETTO;4879;
7512;ATRESIA E STENOSI DELL'INTESTINO CRASSO, DEL RETTO E DEL CANALE ANALE;ALTRA RIPARAZIONE DELLO SFINTERE ANALE;4979;
7512;ATRESIA E STENOSI DELL'INTESTINO CRASSO, DEL RETTO E DEL CANALE ANALE;ALTRA TRACHEOSTOMIA PERMANENTE;3129;
7512;ATRESIA E STENOSI DELL'INTESTINO CRASSO, DEL RETTO E DEL CANALE ANALE;ALTRE PROCEDURE DIAGNOSTICHE SULL'ANO E SUI TESSUTI PERIANALI;4929;
7512;ATRESIA E STENOSI DELL'INTESTINO CRASSO, DEL RETTO E DEL CANALE ANALE;ALTRI INTERVENTI SUL RETTO E SUI TESSUTI PERIRETTALI;4899;
7512;ATRESIA E STENOSI DELL'INTESTINO CRASSO, DEL RETTO E DEL CANALE ANALE;ALTRI INTERVENTI SULL'ANO;4999;
7512;ATRESIA E STENOSI DELL'INTESTINO CRASSO, DEL RETTO E DEL CANALE ANALE;ALTRI INTERVENTI SULL'INTESTINO;4699;
7512;ATRESIA E STENOSI DELL'INTESTINO CRASSO, DEL RETTO E DEL CANALE ANALE;ANASTOMOSI ALL'ANO;4595;
7512;ATRESIA E STENOSI DELL'INTESTINO CRASSO, DEL RETTO E DEL CANALE ANALE;ANASTOMOSI INTESTINALE CRASSO-CRASSO;4594;
7512;ATRESIA E STENOSI DELL'INTESTINO CRASSO, DEL RETTO E DEL CANALE ANALE;ANASTOMOSI INTESTINALE TENUE-TENUE;4591;
7512;ATRESIA E STENOSI DELL'INTESTINO CRASSO, DEL RETTO E DEL CANALE ANALE;ANASTOMOSI INTESTINALE, SAI;4590;
7512;ATRESIA E STENOSI DELL'INTESTINO CRASSO, DEL RETTO E DEL CANALE ANALE;ASPORTAZIONE LOCALE DI LESIONE O TESSUTO DELL'INTESTINO CRASSO;4541;
7512;ATRESIA E STENOSI DELL'INTESTINO CRASSO, DEL RETTO E DEL CANALE ANALE;BIOPSIA A CELO APERTO DEL RETTO;4825;
7512;ATRESIA E STENOSI DELL'INTESTINO CRASSO, DEL RETTO E DEL CANALE ANALE;CERCHIAGGIO ANALE;4972;
7512;ATRESIA E STENOSI DELL'INTESTINO CRASSO, DEL RETTO E DEL CANALE ANALE;CHIUSURA DI FISTOLA VESCICO-INTESTINALE;5783;
7512;ATRESIA E STENOSI DELL'INTESTINO CRASSO, DEL RETTO E DEL CANALE ANALE;CHIUSURA DI ORIFIZIO ARTIFICIALE DELL'INTESTINO CRASSO;4652;
7512;ATRESIA E STENOSI DELL'INTESTINO CRASSO, DEL RETTO E DEL CANALE ANALE;CHIUSURA DI ORIFIZIO ARTIFICIALE DELL'INTESTINO TENUE;4651;
7512;ATRESIA E STENOSI DELL'INTESTINO CRASSO, DEL RETTO E DEL CANALE ANALE;COLECTOMIA TOTALE INTRAADDOMINALE;458;
7512;ATRESIA E STENOSI DELL'INTESTINO CRASSO, DEL RETTO E DEL CANALE ANALE;COLOSTOMIA PERMANENTE;4613;
7512;ATRESIA E STENOSI DELL'INTESTINO CRASSO, DEL RETTO E DEL CANALE ANALE;COLOSTOMIA TEMPORANEA;4611;
7512;ATRESIA E STENOSI DELL'INTESTINO CRASSO, DEL RETTO E DEL CANALE ANALE;COLOSTOMIA, SAI;4610;
7512;ATRESIA E STENOSI DELL'INTESTINO CRASSO, DEL RETTO E DEL CANALE ANALE;ESTERIORIZZAZIONE DELL'INTESTINO CRASSO;4603;
7512;ATRESIA E STENOSI DELL'INTESTINO CRASSO, DEL RETTO E DEL CANALE ANALE;ILEOSTOMIA TEMPORANEA;4621;
7512;ATRESIA E STENOSI DELL'INTESTINO CRASSO, DEL RETTO E DEL CANALE ANALE;ILEOSTOMIA, SAI;4620;
7512;ATRESIA E STENOSI DELL'INTESTINO CRASSO, DEL RETTO E DEL CANALE ANALE;INCISIONE DI SETTO ANALE;4991;
7512;ATRESIA E STENOSI DELL'INTESTINO CRASSO, DEL RETTO E DEL CANALE ANALE;MANIPOLAZIONE INTRAADDOMINALE DELL'INTESTINO, NON ALTRIMENTI SPECIFICATO;4680;
7512;ATRESIA E STENOSI DELL'INTESTINO CRASSO, DEL RETTO E DEL CANALE ANALE;PILOROMIOTOMIA;433;
7512;ATRESIA E STENOSI DELL'INTESTINO CRASSO, DEL RETTO E DEL CANALE ANALE;RESEZIONE DEL COLON TRASVERSO;4574;
7512;ATRESIA E STENOSI DELL'INTESTINO CRASSO, DEL RETTO E DEL CANALE ANALE;RESEZIONE DELLA SOTTOMUCOSA DEL RETTO (SECONDO SOAVE);4841;
7512;ATRESIA E STENOSI DELL'INTESTINO CRASSO, DEL RETTO E DEL CANALE ANALE;RESEZIONE DI SEGMENTO ESTERIORIZZATO DELL'INTESTINO TENUE;4602;
7512;ATRESIA E STENOSI DELL'INTESTINO CRASSO, DEL RETTO E DEL CANALE ANALE;RESEZIONE POSTERIORE DEL RETTO;4864;
7512;ATRESIA E STENOSI DELL'INTESTINO CRASSO, DEL RETTO E DEL CANALE ANALE;RESEZIONE SEGMENTARIA MULTIPLA DELL'INTESTINO CRASSO;4571;
7512;ATRESIA E STENOSI DELL'INTESTINO CRASSO, DEL RETTO E DEL CANALE ANALE;RESEZIONE SEGMENTARIA MULTIPLA DELL'INTESTINO CRASSO;4751;
7512;ATRESIA E STENOSI DELL'INTESTINO CRASSO, DEL RETTO E DEL CANALE ANALE;RESEZIONE SEGMENTARIA MULTIPLA DELL'INTESTINO TENUE;4561;
7512;ATRESIA E STENOSI DELL'INTESTINO CRASSO, DEL RETTO E DEL CANALE ANALE;RETTO-RETTOSTOMIA;4874;
7512;ATRESIA E STENOSI DELL'INTESTINO CRASSO, DEL RETTO E DEL CANALE ANALE;REVISIONE DI ORIFIZIO INTESTINALE ARTIFICIALE, SAI;4640;
7512;ATRESIA E STENOSI DELL'INTESTINO CRASSO, DEL RETTO E DEL CANALE ANALE;RIDUZIONE DI PROLASSO ANALE;4994;
7512;ATRESIA E STENOSI DELL'INTESTINO CRASSO, DEL RETTO E DEL CANALE ANALE;SFINTEROTOMIA ANALE POSTERIORE;4952;
7512;ATRESIA E STENOSI DELL'INTESTINO CRASSO, DEL RETTO E DEL CANALE ANALE;SUTURA DI LACERAZIONE DELL'INTESTINO CRASSO;4675;
7513;MALATTIA DI HIRSCHSPRUNG ED ALTRI DISTURBI FUNZIONALI CONGENITI DEL COLON;ALTRA ANASTOMOSI INTESTINALE TENUE-CRASSO;4593;
7513;MALATTIA DI HIRSCHSPRUNG ED ALTRI DISTURBI FUNZIONALI CONGENITI DEL COLON;ALTRA ASPORTAZIONE PARZIALE DELL'INTESTINO CRASSO;4579;
7513;MALATTIA DI HIRSCHSPRUNG ED ALTRI DISTURBI FUNZIONALI CONGENITI DEL COLON;ALTRA BIOPSIA DELL'INTESTINO CRASSO;4526;
7513;MALATTIA DI HIRSCHSPRUNG ED ALTRI DISTURBI FUNZIONALI CONGENITI DEL COLON;ALTRA RESEZIONE DEL RETTO;4869;
7513;MALATTIA DI HIRSCHSPRUNG ED ALTRI DISTURBI FUNZIONALI CONGENITI DEL COLON;ALTRA RESEZIONE DEL RETTO CON PULL-THROUGH;4849;
7513;MALATTIA DI HIRSCHSPRUNG ED ALTRI DISTURBI FUNZIONALI CONGENITI DEL COLON;ALTRA RESEZIONE PARZIALE DELL'INTESTINO TENUE;4562;
7513;MALATTIA DI HIRSCHSPRUNG ED ALTRI DISTURBI FUNZIONALI CONGENITI DEL COLON;ALTRI INTERVENTI SUL RETTO E SUI TESSUTI PERIRETTALI;4899;
7513;MALATTIA DI HIRSCHSPRUNG ED ALTRI DISTURBI FUNZIONALI CONGENITI DEL COLON;ANASTOMOSI ALL'ANO;4595;
7513;MALATTIA DI HIRSCHSPRUNG ED ALTRI DISTURBI FUNZIONALI CONGENITI DEL COLON;ANASTOMOSI DELL'INTESTINO TENUE AL MONCONE RETTALE;4592;
7513;MALATTIA DI HIRSCHSPRUNG ED ALTRI DISTURBI FUNZIONALI CONGENITI DEL COLON;ANASTOMOSI INTESTINALE CRASSO-CRASSO;4594;
7513;MALATTIA DI HIRSCHSPRUNG ED ALTRI DISTURBI FUNZIONALI CONGENITI DEL COLON;ANASTOMOSI INTESTINALE TENUE-TENUE;4591;
7513;MALATTIA DI HIRSCHSPRUNG ED ALTRI DISTURBI FUNZIONALI CONGENITI DEL COLON;ANASTOMOSI INTESTINALE, SAI;4590;
7513;MALATTIA DI HIRSCHSPRUNG ED ALTRI DISTURBI FUNZIONALI CONGENITI DEL COLON;ASPORTAZIONE LOCALE DI LESIONE O TESSUTO DEL RETTO;4835;
7513;MALATTIA DI HIRSCHSPRUNG ED ALTRI DISTURBI FUNZIONALI CONGENITI DEL COLON;BIOPSIA A CELO APERTO DEL RETTO;4825;
7513;MALATTIA DI HIRSCHSPRUNG ED ALTRI DISTURBI FUNZIONALI CONGENITI DEL COLON;CHIUSURA DI ORIFIZIO ARTIFICIALE DELL'INTESTINO CRASSO;4652;
7513;MALATTIA DI HIRSCHSPRUNG ED ALTRI DISTURBI FUNZIONALI CONGENITI DEL COLON;CHIUSURA DI ORIFIZIO ARTIFICIALE DELL'INTESTINO TENUE;4651;
7513;MALATTIA DI HIRSCHSPRUNG ED ALTRI DISTURBI FUNZIONALI CONGENITI DEL COLON;COLECTOMIA TOTALE INTRAADDOMINALE;458;
7513;MALATTIA DI HIRSCHSPRUNG ED ALTRI DISTURBI FUNZIONALI CONGENITI DEL COLON;COLOSTOMIA TEMPORANEA;4611;
7513;MALATTIA DI HIRSCHSPRUNG ED ALTRI DISTURBI FUNZIONALI CONGENITI DEL COLON;COLOSTOMIA, SAI;4610;
7513;MALATTIA DI HIRSCHSPRUNG ED ALTRI DISTURBI FUNZIONALI CONGENITI DEL COLON;EMICOLECTOMIA SINISTRA;4575;
7513;MALATTIA DI HIRSCHSPRUNG ED ALTRI DISTURBI FUNZIONALI CONGENITI DEL COLON;ESTERIORIZZAZIONE DELL'INTESTINO CRASSO;4603;
7513;MALATTIA DI HIRSCHSPRUNG ED ALTRI DISTURBI FUNZIONALI CONGENITI DEL COLON;ILEOSTOMIA TEMPORANEA;4621;
7513;MALATTIA DI HIRSCHSPRUNG ED ALTRI DISTURBI FUNZIONALI CONGENITI DEL COLON;ILEOSTOMIA, SAI;4620;
7513;MALATTIA DI HIRSCHSPRUNG ED ALTRI DISTURBI FUNZIONALI CONGENITI DEL COLON;RESEZIONE DEL RETTO PER VIA ADDOMINOPERINEALE;485;
7513;MALATTIA DI HIRSCHSPRUNG ED ALTRI DISTURBI FUNZIONALI CONGENITI DEL COLON;RESEZIONE DEL RETTO SECONDO DUHAMEL;4865;
7513;MALATTIA DI HIRSCHSPRUNG ED ALTRI DISTURBI FUNZIONALI CONGENITI DEL COLON;RESEZIONE DELLA SOTTOMUCOSA DEL RETTO (SECONDO SOAVE);4841;
7513;MALATTIA DI HIRSCHSPRUNG ED ALTRI DISTURBI FUNZIONALI CONGENITI DEL COLON;RESEZIONE DI SEGMENTO ESTERIORIZZATO DELL'INTESTINO TENUE;4602;
7513;MALATTIA DI HIRSCHSPRUNG ED ALTRI DISTURBI FUNZIONALI CONGENITI DEL COLON;RESEZIONE SEGMENTARIA MULTIPLA DELL'INTESTINO TENUE;4561;
7514;ANOMALIE DI FISSAZIONE INTESTINALE;ALTRA ANASTOMOSI INTESTINALE TENUE-CRASSO;4593;
7514;ANOMALIE DI FISSAZIONE INTESTINALE;ALTRA ASPORTAZIONE PARZIALE DELL'INTESTINO CRASSO;4579;
7514;ANOMALIE DI FISSAZIONE INTESTINALE;ALTRA DEMOLIZIONE DI LESIONE DELL'INTESTINO TENUE ECCETTO IL DUODENO;4534;
7514;ANOMALIE DI FISSAZIONE INTESTINALE;ALTRA GASTROSTOMIA;4319;
7514;ANOMALIE DI FISSAZIONE INTESTINALE;ALTRA INCISIONE DELL'INTESTINO TENUE;4502;
7514;ANOMALIE DI FISSAZIONE INTESTINALE;ALTRA PROCEDURA DIAGNOSTICA SULLO STOMACO;4419;
7514;ANOMALIE DI FISSAZIONE INTESTINALE;ALTRA RESEZIONE ANTERIORE DEL RETTO;4863;
7514;ANOMALIE DI FISSAZIONE INTESTINALE;ALTRA RESEZIONE DEL RETTO;4869;
7514;ANOMALIE DI FISSAZIONE INTESTINALE;ALTRA RESEZIONE PARZIALE DELL'INTESTINO TENUE;4562;
7514;ANOMALIE DI FISSAZIONE INTESTINALE;ALTRA RIPARAZIONE DEL DIAFRAMMA;3484;
7514;ANOMALIE DI FISSAZIONE INTESTINALE;ALTRA RIPARAZIONE DELLA PARETE ADDOMINALE;5472;
7514;ANOMALIE DI FISSAZIONE INTESTINALE;ALTRA SUTURA DELLA PARETE ADDOMINALE;5463;
7514;ANOMALIE DI FISSAZIONE INTESTINALE;ALTRE LISI DI ADESIONI PERITONEALI;5459;
7514;ANOMALIE DI FISSAZIONE INTESTINALE;ANASTOMOSI INTESTINALE TENUE-TENUE;4591;
7514;ANOMALIE DI FISSAZIONE INTESTINALE;ANASTOMOSI INTESTINALE, SAI;4590;
7514;ANOMALIE DI FISSAZIONE INTESTINALE;ASPORTAZIONE DI LESIONE O TESSUTO DEL DIAFRAMMA;3481;
7514;ANOMALIE DI FISSAZIONE INTESTINALE;ASPORTAZIONE LOCALE DI LESIONE DEL DUODENO;4531;
7514;ANOMALIE DI FISSAZIONE INTESTINALE;CHIUSURA DI ORIFIZIO ARTIFICIALE DELL'INTESTINO CRASSO;4652;
7514;ANOMALIE DI FISSAZIONE INTESTINALE;CHIUSURA DI ORIFIZIO ARTIFICIALE DELL'INTESTINO TENUE;4651;
7514;ANOMALIE DI FISSAZIONE INTESTINALE;COLOSTOMIA TEMPORANEA;4611;
7514;ANOMALIE DI FISSAZIONE INTESTINALE;ESOFAGO-ESOFAGOSTOMIA INTRATORACICA;4251;
7514;ANOMALIE DI FISSAZIONE INTESTINALE;FISSAZIONE DI INTESTINO, SAI;4660;
7514;ANOMALIE DI FISSAZIONE INTESTINALE;ILEOSTOMIA, SAI;4620;
7514;ANOMALIE DI FISSAZIONE INTESTINALE;INCISIONE DEL DUODENO;4501;
7514;ANOMALIE DI FISSAZIONE INTESTINALE;INCISIONE DEL PERITONEO;5495;
7514;ANOMALIE DI FISSAZIONE INTESTINALE;MANIPOLAZIONE INTRAADDOMINALE DELL'INTESTINO CRASSO;4682;
7514;ANOMALIE DI FISSAZIONE INTESTINALE;MANIPOLAZIONE INTRAADDOMINALE DELL'INTESTINO TENUE;4681;
7514;ANOMALIE DI FISSAZIONE INTESTINALE;MANIPOLAZIONE INTRAADDOMINALE DELL'INTESTINO, NON ALTRIMENTI SPECIFICATO;4680;
7514;ANOMALIE DI FISSAZIONE INTESTINALE;REVISIONE DI CISTOSTOMIA;5722;
7514;ANOMALIE DI FISSAZIONE INTESTINALE;RIPARAZIONE DI ERNIA DIAFRAMMATICA PER VIA TORACICA, SAI;5380;
7514;ANOMALIE DI FISSAZIONE INTESTINALE;RIPARAZIONE DI ERNIA DIAFRAMMATICA, PER VIA ADDOMINALE;537;
7514;ANOMALIE DI FISSAZIONE INTESTINALE;RIPARAZIONE DI ERNIA SU INCISIONE CON PROTESI;5361;
7514;ANOMALIE DI FISSAZIONE INTESTINALE;RIPARAZIONE DI GASTROSCHISI;5471;
7514;ANOMALIE DI FISSAZIONE INTESTINALE;RIPARAZIONE MONOLATERALE DI ERNIA INGUINALE INDIRETTA;5302;
7515;ALTRE ANOMALIE DELL'INTESTINO;ALTRA ASPORTAZIONE PARZIALE DELL'INTESTINO CRASSO;4579;
7515;ALTRE ANOMALIE DELL'INTESTINO;ALTRA DEMOLIZIONE DI LESIONE DELL'INTESTINO TENUE ECCETTO IL DUODENO;4534;
7515;ALTRE ANOMALIE DELL'INTESTINO;ALTRA ENTEROSTOMIA;4639;
7515;ALTRE ANOMALIE DELL'INTESTINO;ALTRA FISSAZIONE DELL'INTESTINO CRASSO;4664;
7515;ALTRE ANOMALIE DELL'INTESTINO;ALTRA RESEZIONE DEL RETTO;4869;
7515;ALTRE ANOMALIE DELL'INTESTINO;ALTRA RESEZIONE DEL RETTO CON PULL-THROUGH;4849;
7515;ALTRE ANOMALIE DELL'INTESTINO;ALTRA RESEZIONE PARZIALE DELL'INTESTINO TENUE;4562;
7515;ALTRE ANOMALIE DELL'INTESTINO;ALTRA RIPARAZIONE DELLO SFINTERE ANALE;4979;
7515;ALTRE ANOMALIE DELL'INTESTINO;ALTRA TRACHEOSTOMIA PERMANENTE;3129;
7515;ALTRE ANOMALIE DELL'INTESTINO;ALTRE LISI DI ADESIONI PERITONEALI;5459;
7515;ALTRE ANOMALIE DELL'INTESTINO;ALTRI INTERVENTI SUL RETTO E SUI TESSUTI PERIRETTALI;4899;
7515;ALTRE ANOMALIE DELL'INTESTINO;ALTRI INTERVENTI SULL'ANO;4999;
7515;ALTRE ANOMALIE DELL'INTESTINO;ALTRI INTERVENTI SULL'INTESTINO;4699;
7515;ALTRE ANOMALIE DELL'INTESTINO;AMPUTAZIONE, SAI;8491;
7515;ALTRE ANOMALIE DELL'INTESTINO;ANASTOMOSI INTESTINALE CRASSO-CRASSO;4594;
7515;ALTRE ANOMALIE DELL'INTESTINO;ANASTOMOSI INTESTINALE TENUE-TENUE;4591;
7515;ALTRE ANOMALIE DELL'INTESTINO;ANASTOMOSI INTESTINALE, SAI;4590;
7515;ALTRE ANOMALIE DELL'INTESTINO;ASPORTAZIONE LOCALE DI LESIONE DEL DUODENO;4531;
7515;ALTRE ANOMALIE DELL'INTESTINO;ASPORTAZIONE LOCALE DI LESIONE O TESSUTO DEL RETTO;4835;
7515;ALTRE ANOMALIE DELL'INTESTINO;ASPORTAZIONE LOCALE DI LESIONE O TESSUTO DELL'INTESTINO TENUE ECCETTO IL DUODENO;4533;
7515;ALTRE ANOMALIE DELL'INTESTINO;CHIUSURA DI FISTOLA ANALE;4973;
7515;ALTRE ANOMALIE DELL'INTESTINO;CHIUSURA DI ORIFIZIO ARTIFICIALE DELL'INTESTINO CRASSO;4652;
7515;ALTRE ANOMALIE DELL'INTESTINO;COLOSTOMIA TEMPORANEA;4611;
7515;ALTRE ANOMALIE DELL'INTESTINO;COLOSTOMIA, SAI;4610;
7515;ALTRE ANOMALIE DELL'INTESTINO;ESOFAGO-ESOFAGOSTOMIA INTRATORACICA;4251;
7515;ALTRE ANOMALIE DELL'INTESTINO;ILEOSTOMIA TEMPORANEA;4621;
7515;ALTRE ANOMALIE DELL'INTESTINO;ILEOSTOMIA, SAI;4620;
7515;ALTRE ANOMALIE DELL'INTESTINO;INCISIONE DEL DUODENO;4501;
7515;ALTRE ANOMALIE DELL'INTESTINO;MANIPOLAZIONE INTRAADDOMINALE DELL'INTESTINO TENUE;4681;
7515;ALTRE ANOMALIE DELL'INTESTINO;MANIPOLAZIONE INTRAADDOMINALE DELL'INTESTINO, NON ALTRIMENTI SPECIFICATO;4680;
7515;ALTRE ANOMALIE DELL'INTESTINO;MIOMECTOMIA ANORETTALE;4892;
7515;ALTRE ANOMALIE DELL'INTESTINO;RESEZIONE DEL CIECO;4572;
7515;ALTRE ANOMALIE DELL'INTESTINO;RESEZIONE DI SEGMENTO ESTERIORIZZATO DELL'INTESTINO TENUE;4602;
7515;ALTRE ANOMALIE DELL'INTESTINO;RESEZIONE SEGMENTARIA MULTIPLA DELL'INTESTINO TENUE;4561;
7515;ALTRE ANOMALIE DELL'INTESTINO;RIPARAZIONE DI GASTROSCHISI;5471;
7515;ALTRE ANOMALIE DELL'INTESTINO;RIPARAZIONE MONOLATERALE DI ERNIA INGUINALE INDIRETTA;5302;
7515;ALTRE ANOMALIE DELL'INTESTINO;SFINTEROTOMIA ANALE POSTERIORE;4952;
75160;ANOMALIE NON SPECIFICATE DELLA COLECISTI, DEI DOTTI BILIARI E DEL FEGATO;ALTRA ANASTOMOSI DEL DOTTO BILIARE;5139;
75160;ANOMALIE NON SPECIFICATE DELLA COLECISTI, DEI DOTTI BILIARI E DEL FEGATO;COLECISTECTOMIA LAPAROSCOPICA;5123;
75161;ATRESIA BILIARE;ALTRA ANASTOMOSI DEL DOTTO BILIARE;5139;
75161;ATRESIA BILIARE;ALTRA ANASTOMOSI DELLA COLECISTI;5135;
75161;ATRESIA BILIARE;ALTRA ASPORTAZIONE DEL DOTTO BILIARE COMUNE COLEDOCHECTOMIA;5163;
75161;ATRESIA BILIARE;ALTRE PROCEDURE DIAGNOSTICHE SUL FEGATO;5019;
75161;ATRESIA BILIARE;ALTRO TRAPIANTO DEL FEGATO;5059;
75161;ATRESIA BILIARE;ANASTOMOSI FRA DOTTO EPATICO E INTESTINO;5137;
75161;ATRESIA BILIARE;ASPORTAZIONE DEL DOTTO CISTICO RESIDUO;5161;
75161;ATRESIA BILIARE;ASPORTAZIONE DI ALTRO DOTTO BILIARE;5169;
75161;ATRESIA BILIARE;COLECISTECTOMIA;5122;
75161;ATRESIA BILIARE;EPATECTOMIA TOTALE;504;
75169;ALTRE ANOMALIE DELLA COLECISTI, DEI DOTTI BILIARI E DEL FEGATO;ALTRA ASPORTAZIONE DEL DOTTO BILIARE COMUNE COLEDOCHECTOMIA;5163;
75169;ALTRE ANOMALIE DELLA COLECISTI, DEI DOTTI BILIARI E DEL FEGATO;ANASTOMOSI FRA COLECISTI E INTESTINO;5132;
75169;ALTRE ANOMALIE DELLA COLECISTI, DEI DOTTI BILIARI E DEL FEGATO;ANASTOMOSI FRA DOTTO EPATICO E INTESTINO;5137;
75169;ALTRE ANOMALIE DELLA COLECISTI, DEI DOTTI BILIARI E DEL FEGATO;ASPORTAZIONE DI ALTRO DOTTO BILIARE;5169;
75169;ALTRE ANOMALIE DELLA COLECISTI, DEI DOTTI BILIARI E DEL FEGATO;COLECISTECTOMIA;5122;
75169;ALTRE ANOMALIE DELLA COLECISTI, DEI DOTTI BILIARI E DEL FEGATO;COLEDOCOENTEROSTOMIA;5136;
75169;ALTRE ANOMALIE DELLA COLECISTI, DEI DOTTI BILIARI E DEL FEGATO;EPATECTOMIA PARZIALE;5022;
7517;ANOMALIE DEL PANCREAS;ALTRA ESCISSIONE O DEMOLIZIONE DI LESIONE O TESSUTO DEL PANCREAS O DEL DOTTO PANCREATICO;5222;
7518;ALTRE ANOMALIE SPECIFICATE DEL SISTEMA DIGESTIVO;ALTRA RESEZIONE PARZIALE DELL'INTESTINO TENUE;4562;
7518;ALTRE ANOMALIE SPECIFICATE DEL SISTEMA DIGESTIVO;ALTRI INTERVENTI SULL'INTESTINO;4699;
7518;ALTRE ANOMALIE SPECIFICATE DEL SISTEMA DIGESTIVO;COLOSTOMIA, SAI;4610;
7518;ALTRE ANOMALIE SPECIFICATE DEL SISTEMA DIGESTIVO;ILEOSTOMIA, SAI;4620;
7518;ALTRE ANOMALIE SPECIFICATE DEL SISTEMA DIGESTIVO;MANIPOLAZIONE INTRAADDOMINALE DELL'INTESTINO, NON ALTRIMENTI SPECIFICATO;4680;
7518;ALTRE ANOMALIE SPECIFICATE DEL SISTEMA DIGESTIVO;RETTO-RETTOSTOMIA;4874;
7518;ALTRE ANOMALIE SPECIFICATE DEL SISTEMA DIGESTIVO;RIPARAZIONE BILATERALE DI ERNIA INGUINALE INDIRETTA;5312;
7518;ALTRE ANOMALIE SPECIFICATE DEL SISTEMA DIGESTIVO;RIPARAZIONE BILATERALE DI ERNIA INGUINALE, SAI;5310;
7519;ANOMALIE NON SPECIFICATE DEL SISTEMA DIGESTIVO;ALTRA GASTRECTOMIA PARZIALE;4389;
7519;ANOMALIE NON SPECIFICATE DEL SISTEMA DIGESTIVO;ALTRA INCISIONE DI TESSUTI PERIANALI;4902;
7519;ANOMALIE NON SPECIFICATE DEL SISTEMA DIGESTIVO;ALTRA RESEZIONE DEL RETTO;4869;
7519;ANOMALIE NON SPECIFICATE DEL SISTEMA DIGESTIVO;ALTRI INTERVENTI SULL'ANO;4999;
7519;ANOMALIE NON SPECIFICATE DEL SISTEMA DIGESTIVO;ANASTOMOSI FRA COLECISTI E INTESTINO;5132;
7519;ANOMALIE NON SPECIFICATE DEL SISTEMA DIGESTIVO;COLOSTOMIA TEMPORANEA;4611;
7519;ANOMALIE NON SPECIFICATE DEL SISTEMA DIGESTIVO;COLOSTOMIA, SAI;4610;
7519;ANOMALIE NON SPECIFICATE DEL SISTEMA DIGESTIVO;PILOROMIOTOMIA;433;
7519;ANOMALIE NON SPECIFICATE DEL SISTEMA DIGESTIVO;RESEZIONE DELLA SOTTOMUCOSA DEL RETTO (SECONDO SOAVE);4841;
7520;ANOMALIE OVARICHE;ALTRA ASPORTAZIONE LOCALE O DISTRUZIONE DELL'OVAIO;6525;
7520;ANOMALIE OVARICHE;ALTRA ASPORTAZIONE O DEMOLIZIONE LOCALE DELL'OVAIO;6529;
7520;ANOMALIE OVARICHE;ALTRA OVARIOTOMIA LAPAROSCOPICA MONOLATERALE;6539;
7520;ANOMALIE OVARICHE;ALTRA RIMOZIONE DI ENTRAMBE LE OVAIE E DELLE TUBE NELLO STESSO INTERVENTO;6561;
7520;ANOMALIE OVARICHE;ALTRA RIPARAZIONE DELL'OVAIO;6579;
7520;ANOMALIE OVARICHE;ALTRI INTERVENTI SULL'APPARATO GENITALE FEMMINILE;719;
7520;ANOMALIE OVARICHE;ALTRI INTERVENTI SULL'OVAIO;6599;
7520;ANOMALIE OVARICHE;ORCHIOPESSI;625;
7520;ANOMALIE OVARICHE;OVARIOTOMIA LAPAROSCOPICA MONOLATERALE;6531;
7520;ANOMALIE OVARICHE;RESEZIONE CUNEIFORME DELL'OVAIO;6522;
75211;CISTI EMBRIONALE DELLE TUBE DI FALLOPPIO E DEI LEGAMENTI LARGHI;ASPORTAZIONE O DEMOLIZIONE DI LESIONE DELLE TUBE;6661;
75240;ANOMALIE NON SPECIFICATE DELLA CERVICE, DELLA VAGINA E DEI GENITALI ESTERNI FEMMINILI;ALTRE PROCEDURE DIAGNOSTICHE SULLA VULVA;7119;
75240;ANOMALIE NON SPECIFICATE DELLA CERVICE, DELLA VAGINA E DEI GENITALI ESTERNI FEMMINILI;ALTRI INTERVENTI SULLA VULVA;718;
75240;ANOMALIE NON SPECIFICATE DELLA CERVICE, DELLA VAGINA E DEI GENITALI ESTERNI FEMMINILI;ASPORTAZIONE O DEMOLIZIONE DI LESIONE DELLA VAGINA;7033;
75240;ANOMALIE NON SPECIFICATE DELLA CERVICE, DELLA VAGINA E DEI GENITALI ESTERNI FEMMINILI;ORCHIOPESSI;625;
75240;ANOMALIE NON SPECIFICATE DELLA CERVICE, DELLA VAGINA E DEI GENITALI ESTERNI FEMMINILI;RICOSTRUZIONE DELLA VAGINA;7062;
75240;ANOMALIE NON SPECIFICATE DELLA CERVICE, DELLA VAGINA E DEI GENITALI ESTERNI FEMMINILI;RIPARAZIONE DI FISTOLA COLON-VAGINALE;7072;
75241;CISTI EMBRIONALE DELLA CERVICE, DELLA VAGINA E DEI GENITALI ESTERNI FEMMINILI;ALTRA ASPORTAZIONE O DEMOLIZIONE DELL'UTERO E DELLE STRUTTURE DI SOSTEGNO;6919;
75249;ALTRE ANOMALIE DELLA CERVICE, DELLA VAGINA E DEI GENITALI ESTERNI FEMMINILI;ALTRA ASPORTAZIONE O DEMOLIZIONE LOCALE DELLA VULVA E DEL PERINEO;713;
75249;ALTRE ANOMALIE DELLA CERVICE, DELLA VAGINA E DEI GENITALI ESTERNI FEMMINILI;ALTRA RIPARAZIONE DELLA VULVA E DEL PERINEO;7179;
75249;ALTRE ANOMALIE DELLA CERVICE, DELLA VAGINA E DEI GENITALI ESTERNI FEMMINILI;INTERVENTI SUL CLITORIDE;714;
75249;ALTRE ANOMALIE DELLA CERVICE, DELLA VAGINA E DEI GENITALI ESTERNI FEMMINILI;LISI DI ADERENZE INTRALUMINALI DELLA VAGINA;7013;
75249;ALTRE ANOMALIE DELLA CERVICE, DELLA VAGINA E DEI GENITALI ESTERNI FEMMINILI;LISI DI ADERENZE VULVARI;7101;
75249;ALTRE ANOMALIE DELLA CERVICE, DELLA VAGINA E DEI GENITALI ESTERNI FEMMINILI;RIPARAZIONE DI ALTRA FISTOLA DELLA VAGINA;7075;
75249;ALTRE ANOMALIE DELLA CERVICE, DELLA VAGINA E DEI GENITALI ESTERNI FEMMINILI;RIPARAZIONE DI FISTOLA RETTOVAGINALE;7073;
75261;IPOSPADIA;ALTRA RIPARAZIONE DEL PENE;6449;
75261;IPOSPADIA;ALTRA RIPARAZIONE URETRALE;5849;
75261;IPOSPADIA;ALTRI INTERVENTI SUL PENE;6498;
75261;IPOSPADIA;ALTRI INTERVENTI SULL'APPARATO GENITALE MASCHILE;6499;
75261;IPOSPADIA;CIRCONCISIONE;640;
75261;IPOSPADIA;LIBERAZIONE DI SINECHIE PENIENE;6493;
75261;IPOSPADIA;MEATOPLASTICA URETRALE;5847;
75261;IPOSPADIA;PLASTICHE DI SLITTAMENTO DEL PREPUZIO;6491;
75261;IPOSPADIA;RICOSTRUZIONE DEL PENE;6444;
75261;IPOSPADIA;RILASCIAMENTO DELLA CORDA PENIS;6442;
75261;IPOSPADIA;RIPARAZIONE DI IPOSPADIA O EPISPADIA;5845;
75262;EPISPADIA;ALTRA RIPARAZIONE URETRALE;5849;
75262;EPISPADIA;ALTRI INTERVENTI SULL'APPARATO GENITALE MASCHILE;6499;
75262;EPISPADIA;MEATOPLASTICA URETRALE;5847;
75262;EPISPADIA;PLASTICHE DI SLITTAMENTO DEL PREPUZIO;6491;
75262;EPISPADIA;RICOSTRUZIONE DI VESCICA ESTROFICA;5786;
75262;EPISPADIA;RIPARAZIONE DI IPOSPADIA O EPISPADIA;5845;
75263;CURVATURA ANOMALE, CONGENITA DEL PENE;ALTRA RIPARAZIONE DEL PENE;6449;
75263;CURVATURA ANOMALE, CONGENITA DEL PENE;ALTRE RIPARAZIONI DELLO SCROTO E DELLA TUNICA VAGINALE;6149;
75263;CURVATURA ANOMALE, CONGENITA DEL PENE;ALTRI INTERVENTI SUL PENE;6498;
75263;CURVATURA ANOMALE, CONGENITA DEL PENE;ALTRI INTERVENTI SULL'APPARATO GENITALE MASCHILE;6499;
75263;CURVATURA ANOMALE, CONGENITA DEL PENE;CIRCONCISIONE;640;
75263;CURVATURA ANOMALE, CONGENITA DEL PENE;LIBERAZIONE DI SINECHIE PENIENE;6493;
75263;CURVATURA ANOMALE, CONGENITA DEL PENE;MEATOPLASTICA URETRALE;5847;
75263;CURVATURA ANOMALE, CONGENITA DEL PENE;PLASTICHE DI SLITTAMENTO DEL PREPUZIO;6491;
75263;CURVATURA ANOMALE, CONGENITA DEL PENE;RILASCIAMENTO DELLA CORDA PENIS;6442;
75263;CURVATURA ANOMALE, CONGENITA DEL PENE;RIPARAZIONE DI IPOSPADIA O EPISPADIA;5845;
75265;PENE NASCOSTO;ALTRI INTERVENTI SUL PENE;6498;
75265;PENE NASCOSTO;RICOSTRUZIONE DEL PENE;6444;
75265;PENE NASCOSTO;RILASCIAMENTO DELLA CORDA PENIS;6442;
75269;ALTRE ANOMALIE DEL PENE;ALTRA RIPARAZIONE DEL PENE;6449;S
75269;ALTRE ANOMALIE DEL PENE;ALTRA RIPARAZIONE URETRALE;5849;S
75269;ALTRE ANOMALIE DEL PENE;ALTRE PROCEDURE DIAGNOSTICHE SUL PENE;6419;S
75269;ALTRE ANOMALIE DEL PENE;ALTRE RICOSTRUZIONI URETRALI;5846;S
75269;ALTRE ANOMALIE DEL PENE;ALTRI INTERVENTI SULL'APPARATO GENITALE MASCHILE;6499;S
75269;ALTRE ANOMALIE DEL PENE;COSTRUZIONE DEL PENE;6443;S
75269;ALTRE ANOMALIE DEL PENE;DILATAZIONE URETRALE;586;S
75269;ALTRE ANOMALIE DEL PENE;LIBERAZIONE DI SINECHIE PENIENE;6493;S
75269;ALTRE ANOMALIE DEL PENE;RILASCIAMENTO DELLA CORDA PENIS;6442;S
75269;ALTRE ANOMALIE DEL PENE;RIPARAZIONE DI IPOSPADIA O EPISPADIA;5845;S
75269;ALTRE ANOMALIE DEL PENE;URETEROSCOPIA;5631;S
7527;SESSO INDETERMINATO E PSEUDOERMAFRODITISMO;ALTRA RIMOZIONE DI ENTRAMBE LE OVAIE E DELLE TUBE NELLO STESSO INTERVENTO;6561;
7527;SESSO INDETERMINATO E PSEUDOERMAFRODITISMO;INTERVENTI SUL CLITORIDE;714;
7527;SESSO INDETERMINATO E PSEUDOERMAFRODITISMO;ORCHIOPESSI;625;
7527;SESSO INDETERMINATO E PSEUDOERMAFRODITISMO;RICOSTRUZIONE DELLA VAGINA;7062;
7527;SESSO INDETERMINATO E PSEUDOERMAFRODITISMO;RIMOZIONE DI ENTRAMBE LE OVAIE NELLO STESSO INTERVENTO;6551;
7527;SESSO INDETERMINATO E PSEUDOERMAFRODITISMO;RIPARAZIONE DI IPOSPADIA O EPISPADIA;5845;
7528;ALTRE ANOMALIE SPECIFICATE DEGLI ORGANI GENITALI;ALTRA RIPARAZIONE DEL PENE;6449;
7528;ALTRE ANOMALIE SPECIFICATE DEGLI ORGANI GENITALI;ALTRI INTERVENTI SULL'APPARATO GENITALE FEMMINILE;719;
7528;ALTRE ANOMALIE SPECIFICATE DEGLI ORGANI GENITALI;ALTRI INTERVENTI SULLO SCROTO E SULLA TUNICA VAGINALE;6199;
7528;ALTRE ANOMALIE SPECIFICATE DEGLI ORGANI GENITALI;ASPORTAZIONE DI IDROCELE (DELLA TUNICA VAGINALE);612;
7528;ALTRE ANOMALIE SPECIFICATE DEGLI ORGANI GENITALI;ASPORTAZIONE O DEMOLIZIONE DI LESIONE TESTICOLARE;622;
7528;ALTRE ANOMALIE SPECIFICATE DEGLI ORGANI GENITALI;LIBERAZIONE DI SINECHIE PENIENE;6493;
7528;ALTRE ANOMALIE SPECIFICATE DEGLI ORGANI GENITALI;ORCHIECTOMIA MONOLATERALE;623;
7528;ALTRE ANOMALIE SPECIFICATE DEGLI ORGANI GENITALI;ORCHIOPESSI;625;
75281;TRASPOSIZIONE DELLO SCROTO;ALTRA RIPARAZIONE DEL PENE;6449;
75281;TRASPOSIZIONE DELLO SCROTO;ORCHIOPESSI;625;
75289;ALTRE ANOMALIE SPECIFICATE DEGLI ORGANI GENITALI;ALTRA RIPARAZIONE DEL PENE;6449;
75289;ALTRE ANOMALIE SPECIFICATE DEGLI ORGANI GENITALI;ALTRE RIPARAZIONI DELLO SCROTO E DELLA TUNICA VAGINALE;6149;
75289;ALTRE ANOMALIE SPECIFICATE DEGLI ORGANI GENITALI;ALTRI INTERVENTI SULL'APPARATO GENITALE MASCHILE;6499;
75289;ALTRE ANOMALIE SPECIFICATE DEGLI ORGANI GENITALI;INCISIONE E DRENAGGIO DELLO SCROTO E DELLA TUNICA VAGINALE;610;
75289;ALTRE ANOMALIE SPECIFICATE DEGLI ORGANI GENITALI;ORCHIECTOMIA MONOLATERALE;623;
75289;ALTRE ANOMALIE SPECIFICATE DEGLI ORGANI GENITALI;ORCHIOPESSI;625;
7529;ANOMALIE NON SPECIFICATE DEGLI ORGANI GENITALI;ALTRI INTERVENTI SULLA VULVA;718;
7529;ANOMALIE NON SPECIFICATE DEGLI ORGANI GENITALI;ALTRI INTERVENTI SULL'APPARATO GENITALE MASCHILE;6499;
7529;ANOMALIE NON SPECIFICATE DEGLI ORGANI GENITALI;INTERVENTI SUL CLITORIDE;714;
7529;ANOMALIE NON SPECIFICATE DEGLI ORGANI GENITALI;OVARIOTOMIA LAPAROSCOPICA;6501;
7529;ANOMALIE NON SPECIFICATE DEGLI ORGANI GENITALI;RICOSTRUZIONE DELLA VAGINA;7062;
7529;ANOMALIE NON SPECIFICATE DEGLI ORGANI GENITALI;RIPARAZIONE DI IPOSPADIA O EPISPADIA;5845;
7530;AGENESIA E DISGENESIA DEL RENE;ALTRA ASPORTAZIONE O DEMOLIZIONE LOCALE DI LESIONE O TESSUTO DELL'URETRA;5839;
7530;AGENESIA E DISGENESIA DEL RENE;ALTRA RESEZIONE DEL RETTO;4869;
7530;AGENESIA E DISGENESIA DEL RENE;ALTRA RIPARAZIONE DELL'URETERE;5689;
7530;AGENESIA E DISGENESIA DEL RENE;ALTRE RICOSTRUZIONI VESCICALI;5788;
7530;AGENESIA E DISGENESIA DEL RENE;CISTOSCOPIA ATTRAVERSO STOMA ARTIFICIALE;5731;
7530;AGENESIA E DISGENESIA DEL RENE;CREAZIONE DI CISTOSTOMIA SOVRAPUBICA PERMANENTE;5721;
7530;AGENESIA E DISGENESIA DEL RENE;ESTRAZIONE ENDOSCOPICA DALL'URETERE E PELVI RENALE DI: COAGULO DI SANGUE, CALCOLO, CORPO ESTRANEO;560;
7530;AGENESIA E DISGENESIA DEL RENE;IMPIANTO PER INIEZIONE NELL'URETRA E/O NEL COLLO VESCICALE;5972;
7530;AGENESIA E DISGENESIA DEL RENE;NEFROSTOMIA CHIRURGICA;5502;
7530;AGENESIA E DISGENESIA DEL RENE;NEFROSTOMIA PERCUTANEA SENZA FRAMMENTAZIONE;5503;
7530;AGENESIA E DISGENESIA DEL RENE;NEFROURETERECTOMIA;5551;
7530;AGENESIA E DISGENESIA DEL RENE;NEOVESCICA CONTINENTE ED AMPLIAMENTO VESCICALE;5787;
7530;AGENESIA E DISGENESIA DEL RENE;PIELOPLASTICHE;5587;
7530;AGENESIA E DISGENESIA DEL RENE;RICOSTRUZIONE DI VESCICA ESTROFICA;5786;
7530;AGENESIA E DISGENESIA DEL RENE;URETERECTOMIA TOTALE;5642;
7530;AGENESIA E DISGENESIA DEL RENE;URETERECTOMIA, SAI;5640;
7530;AGENESIA E DISGENESIA DEL RENE;URETERO-NEOCISTOSTOMIA DIRETTA, CON PLASTICA ANTIREFLUSSO O CON FLAP VESCICALE;5674;
75310;MALATTIA CISTICA DEL RENE, NON SPECIFICATA;ASPIRAZIONE PERCUTANEA RENALE;5592;
75310;MALATTIA CISTICA DEL RENE, NON SPECIFICATA;ASPORTAZIONE O DEMOLIZIONE ENDOSCOPICA DI LESIONE O TESSUTO DELL'URETRA;5831;
75310;MALATTIA CISTICA DEL RENE, NON SPECIFICATA;NEFROURETERECTOMIA;5551;
75310;MALATTIA CISTICA DEL RENE, NON SPECIFICATA;PIELOPLASTICHE;5587;
75311;CISTI RENALE CONGENITA, SINGOLA;URETERO-NEOCISTOSTOMIA DIRETTA, CON PLASTICA ANTIREFLUSSO O CON FLAP VESCICALE;5674;
75312;RENE POLICISTICO, TIPO NON SPECIFICATO;NEFROURETERECTOMIA;5551;
75314;RENE POLICISTICO, AUTOSOMICO RECESSIVO;NEFRECTOMIA BILATERALE;5554;
75315;DISPLASIA RENALE;ALTRA ASPORTAZIONE O DEMOLIZIONE LOCALE DI LESIONE O TESSUTO DELL'URETRA;5839;
75315;DISPLASIA RENALE;ALTRA RESEZIONE TRANSURETRALE DI LESIONE VESCICALE O NEOPLASIA;5749;
75315;DISPLASIA RENALE;ALTRI INTERVENTI SULLA VESCICA;5799;
75315;DISPLASIA RENALE;ASPORTAZIONE O DEMOLIZIONE ENDOSCOPICA DI LESIONE O TESSUTO DELL'URETRA;5831;
75315;DISPLASIA RENALE;CISTOSTOMIA E CISTOLITOTOMIA SOVRAPUBICA;5718;
75315;DISPLASIA RENALE;CREAZIONE DI CISTOSTOMIA SOVRAPUBICA PERMANENTE;5721;
75315;DISPLASIA RENALE;IMPIANTO PER INIEZIONE NELL'URETRA E/O NEL COLLO VESCICALE;5972;
75315;DISPLASIA RENALE;NEFRECTOMIA PARZIALE (SENZA URETERECTOMIA);554;
75315;DISPLASIA RENALE;NEFROSTOMIA PERCUTANEA SENZA FRAMMENTAZIONE;5503;
75315;DISPLASIA RENALE;NEFROURETERECTOMIA;5551;
75315;DISPLASIA RENALE;PIELOPLASTICHE;5587;
75315;DISPLASIA RENALE;RIMOZIONE DI TAMPONE ED EMOSTASI VESCICALE POSTCHIRURGICA;5793;
75315;DISPLASIA RENALE;URETERECTOMIA PARZIALE O SEGMENTARIA;5641;
75315;DISPLASIA RENALE;URETERECTOMIA TOTALE;5642;
75315;DISPLASIA RENALE;URETERECTOMIA, SAI;5640;
75315;DISPLASIA RENALE;URETERO-NEOCISTOSTOMIA DIRETTA, CON PLASTICA ANTIREFLUSSO O CON FLAP VESCICALE;5674;
75315;DISPLASIA RENALE;URETROTOMIA ENDOSCOPICA;585;
75316;RENE MIDOLLARE CISTICO;NEFROURETERECTOMIA;5551;
75319;ALTRE MALATTIE CISTICHE DEL RENE SPECIFICATE;ANASTOMOSI RENO-PIELO-URETERALI;5586;
75319;ALTRE MALATTIE CISTICHE DEL RENE SPECIFICATE;ARTERIOVENOSTOMIA PER DIALISI RENALE;3927;
75319;ALTRE MALATTIE CISTICHE DEL RENE SPECIFICATE;EMODIALISI;3995;
75319;ALTRE MALATTIE CISTICHE DEL RENE SPECIFICATE;NEFRECTOMIA PARZIALE (SENZA URETERECTOMIA);554;
75319;ALTRE MALATTIE CISTICHE DEL RENE SPECIFICATE;NEFROURETERECTOMIA;5551;
75319;ALTRE MALATTIE CISTICHE DEL RENE SPECIFICATE;PIELOPLASTICHE;5587;
75319;ALTRE MALATTIE CISTICHE DEL RENE SPECIFICATE;URETERECTOMIA PARZIALE O SEGMENTARIA;5641;
75319;ALTRE MALATTIE CISTICHE DEL RENE SPECIFICATE;URETERO-NEOCISTOSTOMIA DIRETTA, CON PLASTICA ANTIREFLUSSO O CON FLAP VESCICALE;5674;
75320;DIFETTO OSTRUTTIVO NON SPECIFICATO DELLA PELVI DEL RENE E DELL'URETERE;ALTRA CISTOTOMIA;5719;
75320;DIFETTO OSTRUTTIVO NON SPECIFICATO DELLA PELVI DEL RENE E DELL'URETERE;ALTRA RESEZIONE TRANSURETRALE DI LESIONE VESCICALE O NEOPLASIA;5749;
75320;DIFETTO OSTRUTTIVO NON SPECIFICATO DELLA PELVI DEL RENE E DELL'URETERE;ALTRA RIPARAZIONE DELL'URETERE;5689;
75320;DIFETTO OSTRUTTIVO NON SPECIFICATO DELLA PELVI DEL RENE E DELL'URETERE;ALTRA RIPARAZIONE URETRALE;5849;
75320;DIFETTO OSTRUTTIVO NON SPECIFICATO DELLA PELVI DEL RENE E DELL'URETERE;ALTRE RICOSTRUZIONI URETRALI;5846;
75320;DIFETTO OSTRUTTIVO NON SPECIFICATO DELLA PELVI DEL RENE E DELL'URETERE;ALTRI INTERVENTI SUL RENE;5599;
75320;DIFETTO OSTRUTTIVO NON SPECIFICATO DELLA PELVI DEL RENE E DELL'URETERE;ALTRI INTERVENTI SULL'APPARATO URINARIO;5999;
75320;DIFETTO OSTRUTTIVO NON SPECIFICATO DELLA PELVI DEL RENE E DELL'URETERE;ALTRI INTERVENTI SULL'URETERE;5699;
75320;DIFETTO OSTRUTTIVO NON SPECIFICATO DELLA PELVI DEL RENE E DELL'URETERE;ANASTOMOSI RENO-PIELO-URETERALI;5586;
75320;DIFETTO OSTRUTTIVO NON SPECIFICATO DELLA PELVI DEL RENE E DELL'URETERE;ASPORTAZIONE DELL'URACO;5751;
75320;DIFETTO OSTRUTTIVO NON SPECIFICATO DELLA PELVI DEL RENE E DELL'URETERE;ASPORTAZIONE LOCALE DI LESIONE O TESSUTO DEL RETTO;4835;
75320;DIFETTO OSTRUTTIVO NON SPECIFICATO DELLA PELVI DEL RENE E DELL'URETERE;ASPORTAZIONE O DEMOLIZIONE ENDOSCOPICA DI LESIONE O TESSUTO DELL'URETRA;5831;
75320;DIFETTO OSTRUTTIVO NON SPECIFICATO DELLA PELVI DEL RENE E DELL'URETERE;CISTOSCOPIA (TRANSURETRALE) CON BIOPSIA;5733;
75320;DIFETTO OSTRUTTIVO NON SPECIFICATO DELLA PELVI DEL RENE E DELL'URETERE;CISTOURETROPLASTICA E CHIRURGIA PLASTICA DEL COLLO VESCICALE;5785;
75320;DIFETTO OSTRUTTIVO NON SPECIFICATO DELLA PELVI DEL RENE E DELL'URETERE;ESTRAZIONE ENDOSCOPICA DALL'URETERE E PELVI RENALE DI: COAGULO DI SANGUE, CALCOLO, CORPO ESTRANEO;560;
75320;DIFETTO OSTRUTTIVO NON SPECIFICATO DELLA PELVI DEL RENE E DELL'URETERE;INTERVENTI SUL CLITORIDE;714;
75320;DIFETTO OSTRUTTIVO NON SPECIFICATO DELLA PELVI DEL RENE E DELL'URETERE;MEATOTOMIA URETRALE;581;
75320;DIFETTO OSTRUTTIVO NON SPECIFICATO DELLA PELVI DEL RENE E DELL'URETERE;NEFROSTOMIA CHIRURGICA;5502;
75320;DIFETTO OSTRUTTIVO NON SPECIFICATO DELLA PELVI DEL RENE E DELL'URETERE;NEFROSTOMIA PERCUTANEA SENZA FRAMMENTAZIONE;5503;
75320;DIFETTO OSTRUTTIVO NON SPECIFICATO DELLA PELVI DEL RENE E DELL'URETERE;NEFROURETERECTOMIA;5551;
75320;DIFETTO OSTRUTTIVO NON SPECIFICATO DELLA PELVI DEL RENE E DELL'URETERE;PIELOPLASTICHE;5587;
75320;DIFETTO OSTRUTTIVO NON SPECIFICATO DELLA PELVI DEL RENE E DELL'URETERE;PRELIEVO PERCUTANEO DI URINA;5711;
75320;DIFETTO OSTRUTTIVO NON SPECIFICATO DELLA PELVI DEL RENE E DELL'URETERE;URETERECTOMIA PARZIALE O SEGMENTARIA;5641;
75320;DIFETTO OSTRUTTIVO NON SPECIFICATO DELLA PELVI DEL RENE E DELL'URETERE;URETEROCUTANEOSTOMIA;5661;
75320;DIFETTO OSTRUTTIVO NON SPECIFICATO DELLA PELVI DEL RENE E DELL'URETERE;URETERO-NEOCISTOSTOMIA DIRETTA, CON PLASTICA ANTIREFLUSSO O CON FLAP VESCICALE;5674;
75320;DIFETTO OSTRUTTIVO NON SPECIFICATO DELLA PELVI DEL RENE E DELL'URETERE;URETROTOMIA ENDOSCOPICA;585;
75321;OSTRUZIONE CONGENITA DELLA GIUNZIONE URETEROPELVICA;ALTRA RIPARAZIONE DELL'URETERE;5689;
75321;OSTRUZIONE CONGENITA DELLA GIUNZIONE URETEROPELVICA;ALTRE PROCEDURE DIAGNOSTICHE SULLA VESCICA;5739;
75321;OSTRUZIONE CONGENITA DELLA GIUNZIONE URETEROPELVICA;ALTRI INTERVENTI SULLA VESCICA;5799;
75321;OSTRUZIONE CONGENITA DELLA GIUNZIONE URETEROPELVICA;ALTRI INTERVENTI SULL'APPARATO URINARIO;5999;
75321;OSTRUZIONE CONGENITA DELLA GIUNZIONE URETEROPELVICA;ANASTOMOSI RENO-PIELO-URETERALI;5586;
75321;OSTRUZIONE CONGENITA DELLA GIUNZIONE URETEROPELVICA;ASPORTAZIONE O DEMOLIZIONE ENDOSCOPICA DI LESIONE O TESSUTO DELL'URETRA;5831;
75321;OSTRUZIONE CONGENITA DELLA GIUNZIONE URETEROPELVICA;CHIUSURA DI FISTOLA URETRALE;5843;
75321;OSTRUZIONE CONGENITA DELLA GIUNZIONE URETEROPELVICA;CISTOSCOPIA ATTRAVERSO STOMA ARTIFICIALE;5731;
75321;OSTRUZIONE CONGENITA DELLA GIUNZIONE URETEROPELVICA;CISTOSTOMIA E CISTOLITOTOMIA SOVRAPUBICA;5718;
75321;OSTRUZIONE CONGENITA DELLA GIUNZIONE URETEROPELVICA;DRENAGGIO TRANSURETRALE DELLA VESCICA;570;
75321;OSTRUZIONE CONGENITA DELLA GIUNZIONE URETEROPELVICA;ESTRAZIONE ENDOSCOPICA DALL'URETERE E PELVI RENALE DI: COAGULO DI SANGUE, CALCOLO, CORPO ESTRANEO;560;
75321;OSTRUZIONE CONGENITA DELLA GIUNZIONE URETEROPELVICA;IMPIANTO PER INIEZIONE NELL'URETRA E/O NEL COLLO VESCICALE;5972;
75321;OSTRUZIONE CONGENITA DELLA GIUNZIONE URETEROPELVICA;LISI LAPAROSCOPICA DI ADESIONI DI TESSUTO PERIRENALE O PERIURETRALE;5903;
75321;OSTRUZIONE CONGENITA DELLA GIUNZIONE URETEROPELVICA;MEATOPLASTICA URETRALE;5847;
75321;OSTRUZIONE CONGENITA DELLA GIUNZIONE URETEROPELVICA;NEFRECTOMIA PARZIALE (SENZA URETERECTOMIA);554;
75321;OSTRUZIONE CONGENITA DELLA GIUNZIONE URETEROPELVICA;NEFROSTOMIA CHIRURGICA;5502;
75321;OSTRUZIONE CONGENITA DELLA GIUNZIONE URETEROPELVICA;NEFROSTOMIA PERCUTANEA SENZA FRAMMENTAZIONE;5503;
75321;OSTRUZIONE CONGENITA DELLA GIUNZIONE URETEROPELVICA;NEFROURETERECTOMIA;5551;
75321;OSTRUZIONE CONGENITA DELLA GIUNZIONE URETEROPELVICA;PAPILLOTOMIA O MEATOTOMIA URETERALE (ENDOSCOPICA E NON);561;
75321;OSTRUZIONE CONGENITA DELLA GIUNZIONE URETEROPELVICA;PIELOPLASTICHE;5587;
75321;OSTRUZIONE CONGENITA DELLA GIUNZIONE URETEROPELVICA;PIELOSTOMIA CHIRURGICA E PIELOSTOMIA PERCUTANEA;5512;
75321;OSTRUZIONE CONGENITA DELLA GIUNZIONE URETEROPELVICA;URETERECTOMIA PARZIALE O SEGMENTARIA;5641;
75321;OSTRUZIONE CONGENITA DELLA GIUNZIONE URETEROPELVICA;URETEROTOMIA ENDOSCOPICA;5681;
75322;OSTRUZIONE CONGENITA DELLA GIUNZIONE URETERO-VESCICALE;ALTRA CHIRURGIA PLASTICA VESCICALE SOSPENSIONE VESCICALE NON CLASSIFICATA ALTROVE;5789;
75322;OSTRUZIONE CONGENITA DELLA GIUNZIONE URETERO-VESCICALE;ALTRA RESEZIONE TRANSURETRALE DI LESIONE VESCICALE O NEOPLASIA;5749;
75322;OSTRUZIONE CONGENITA DELLA GIUNZIONE URETERO-VESCICALE;ALTRA RIPARAZIONE DELL'URETERE;5689;
75322;OSTRUZIONE CONGENITA DELLA GIUNZIONE URETERO-VESCICALE;ALTRI INTERVENTI SULLA VESCICA;5799;
75322;OSTRUZIONE CONGENITA DELLA GIUNZIONE URETERO-VESCICALE;ALTRI INTERVENTI SULL'APPARATO URINARIO;5999;
75322;OSTRUZIONE CONGENITA DELLA GIUNZIONE URETERO-VESCICALE;ALTRI INTERVENTI SULL'URETERE;5699;
75322;OSTRUZIONE CONGENITA DELLA GIUNZIONE URETERO-VESCICALE;ASPORTAZIONE O DEMOLIZIONE ENDOSCOPICA DI LESIONE O TESSUTO DELL'URETRA;5831;
75322;OSTRUZIONE CONGENITA DELLA GIUNZIONE URETERO-VESCICALE;CISTOSCOPIA (TRANSURETRALE) CON BIOPSIA;5733;
75322;OSTRUZIONE CONGENITA DELLA GIUNZIONE URETERO-VESCICALE;CISTOSTOMIA E CISTOLITOTOMIA SOVRAPUBICA;5718;
75322;OSTRUZIONE CONGENITA DELLA GIUNZIONE URETERO-VESCICALE;COLPOSOSPENSIONE PARAURETRALE;596;
75322;OSTRUZIONE CONGENITA DELLA GIUNZIONE URETERO-VESCICALE;CREAZIONE DI CISTOSTOMIA SOVRAPUBICA PERMANENTE;5721;
75322;OSTRUZIONE CONGENITA DELLA GIUNZIONE URETERO-VESCICALE;DILATAZIONE DELLA PAPILLA URETERALE;5691;
75322;OSTRUZIONE CONGENITA DELLA GIUNZIONE URETERO-VESCICALE;DILATAZIONE URETRALE;586;
75322;OSTRUZIONE CONGENITA DELLA GIUNZIONE URETERO-VESCICALE;ESTRAZIONE ENDOSCOPICA DALL'URETERE E PELVI RENALE DI: COAGULO DI SANGUE, CALCOLO, CORPO ESTRANEO;560;
75322;OSTRUZIONE CONGENITA DELLA GIUNZIONE URETERO-VESCICALE;IMPIANTO PER INIEZIONE NELL'URETRA E/O NEL COLLO VESCICALE;5972;
75322;OSTRUZIONE CONGENITA DELLA GIUNZIONE URETERO-VESCICALE;MEATOPLASTICA URETRALE;5847;
75322;OSTRUZIONE CONGENITA DELLA GIUNZIONE URETERO-VESCICALE;MEATOTOMIA URETRALE;581;
75322;OSTRUZIONE CONGENITA DELLA GIUNZIONE URETERO-VESCICALE;NEFRECTOMIA PARZIALE (SENZA URETERECTOMIA);554;
75322;OSTRUZIONE CONGENITA DELLA GIUNZIONE URETERO-VESCICALE;NEFROSTOMIA CHIRURGICA;5502;
75322;OSTRUZIONE CONGENITA DELLA GIUNZIONE URETERO-VESCICALE;NEFROSTOMIA PERCUTANEA SENZA FRAMMENTAZIONE;5503;
75322;OSTRUZIONE CONGENITA DELLA GIUNZIONE URETERO-VESCICALE;NEFROURETERECTOMIA;5551;
75322;OSTRUZIONE CONGENITA DELLA GIUNZIONE URETERO-VESCICALE;PAPILLOTOMIA O MEATOTOMIA URETERALE (ENDOSCOPICA E NON);561;
75322;OSTRUZIONE CONGENITA DELLA GIUNZIONE URETERO-VESCICALE;PIELOPLASTICHE;5587;
75322;OSTRUZIONE CONGENITA DELLA GIUNZIONE URETERO-VESCICALE;REVISIONE DI URETEROCUTANEOSTOMIA;5662;
75322;OSTRUZIONE CONGENITA DELLA GIUNZIONE URETERO-VESCICALE;RICOSTRUZIONE DI VESCICA ESTROFICA;5786;
75322;OSTRUZIONE CONGENITA DELLA GIUNZIONE URETERO-VESCICALE;SUTURA DI URETEROSTOMIA;5683;
75322;OSTRUZIONE CONGENITA DELLA GIUNZIONE URETERO-VESCICALE;URETERECTOMIA PARZIALE O SEGMENTARIA;5641;
75322;OSTRUZIONE CONGENITA DELLA GIUNZIONE URETERO-VESCICALE;URETERECTOMIA TOTALE;5642;
75322;OSTRUZIONE CONGENITA DELLA GIUNZIONE URETERO-VESCICALE;URETEROCUTANEOSTOMIA;5661;
75322;OSTRUZIONE CONGENITA DELLA GIUNZIONE URETERO-VESCICALE;URETERO-NEOCISTOSTOMIA DIRETTA, CON PLASTICA ANTIREFLUSSO O CON FLAP VESCICALE;5674;
75322;OSTRUZIONE CONGENITA DELLA GIUNZIONE URETERO-VESCICALE;URETEROSCOPIA;5631;
75322;OSTRUZIONE CONGENITA DELLA GIUNZIONE URETERO-VESCICALE;URETEROTOMIA;562;
75322;OSTRUZIONE CONGENITA DELLA GIUNZIONE URETERO-VESCICALE;URETEROTOMIA ENDOSCOPICA;5681;
75322;OSTRUZIONE CONGENITA DELLA GIUNZIONE URETERO-VESCICALE;URETERO-TRANS-URETEROANASTOMOSI;5675;
75322;OSTRUZIONE CONGENITA DELLA GIUNZIONE URETERO-VESCICALE;URETROSCOPIA;5822;
75322;OSTRUZIONE CONGENITA DELLA GIUNZIONE URETERO-VESCICALE;URETROTOMIA;580;
75322;OSTRUZIONE CONGENITA DELLA GIUNZIONE URETERO-VESCICALE;URETROTOMIA ENDOSCOPICA;585;
75323;URETEROCELE CONGENITO;ALTRA RESEZIONE TRANSURETRALE DI LESIONE VESCICALE O NEOPLASIA;5749;
75323;URETEROCELE CONGENITO;ALTRA RIPARAZIONE DELL'URETERE;5689;
75323;URETEROCELE CONGENITO;ALTRE PROCEDURE DIAGNOSTICHE SULL'URETERE;5639;
75323;URETEROCELE CONGENITO;ALTRI INTERVENTI SUL TESSUTO PERIRENALE O PERIVESCICALE;5992;
75323;URETEROCELE CONGENITO;ALTRI INTERVENTI SULL'URETERE;5699;
75323;URETEROCELE CONGENITO;ANASTOMOSI RENO-PIELO-URETERALI;5586;
75323;URETEROCELE CONGENITO;ASPIRAZIONE PERCUTANEA RENALE;5592;
75323;URETEROCELE CONGENITO;ASPORTAZIONE O DEMOLIZIONE ENDOSCOPICA DI LESIONE O TESSUTO DELL'URETRA;5831;
75323;URETEROCELE CONGENITO;CISTOURETROPLASTICA E CHIRURGIA PLASTICA DEL COLLO VESCICALE;5785;
75323;URETEROCELE CONGENITO;DILATAZIONE DELLA PAPILLA URETERALE;5691;
75323;URETEROCELE CONGENITO;LISI TRANSURETRALE DI ADERENZE INTRALUMINALI;5741;
75323;URETEROCELE CONGENITO;NEFRECTOMIA PARZIALE (SENZA URETERECTOMIA);554;
75323;URETEROCELE CONGENITO;NEFROSTOMIA PERCUTANEA SENZA FRAMMENTAZIONE;5503;
75323;URETEROCELE CONGENITO;NEFROURETERECTOMIA;5551;
75323;URETEROCELE CONGENITO;NEOVESCICA CONTINENTE ED AMPLIAMENTO VESCICALE;5787;
75323;URETEROCELE CONGENITO;PAPILLOTOMIA O MEATOTOMIA URETERALE (ENDOSCOPICA E NON);561;
75323;URETEROCELE CONGENITO;REVISIONE DI URETEROCUTANEOSTOMIA;5662;
75323;URETEROCELE CONGENITO;URETERECTOMIA PARZIALE O SEGMENTARIA;5641;
75323;URETEROCELE CONGENITO;URETERECTOMIA TOTALE;5642;
75323;URETEROCELE CONGENITO;URETERECTOMIA, SAI;5640;
75323;URETEROCELE CONGENITO;URETERO-NEOCISTOSTOMIA DIRETTA, CON PLASTICA ANTIREFLUSSO O CON FLAP VESCICALE;5674;
75323;URETEROCELE CONGENITO;URETEROTOMIA;562;
75323;URETEROCELE CONGENITO;URETEROTOMIA ENDOSCOPICA;5681;
75323;URETEROCELE CONGENITO;URETROSCOPIA;5822;
75329;ALTRI DIFETTI OSTRUTTIVI DELLA PELVI RENALE E DELL'URETERE;ALTRA LISI DI ADESIONI PERIRENALI O PERIURETRALI;5902;
75329;ALTRI DIFETTI OSTRUTTIVI DELLA PELVI RENALE E DELL'URETERE;ALTRA RIPARAZIONE DELL'URETERE;5689;
75329;ALTRI DIFETTI OSTRUTTIVI DELLA PELVI RENALE E DELL'URETERE;ALTRI INTERVENTI SULL'URETERE;5699;
75329;ALTRI DIFETTI OSTRUTTIVI DELLA PELVI RENALE E DELL'URETERE;ANASTOMOSI RENO-PIELO-URETERALI;5586;
75329;ALTRI DIFETTI OSTRUTTIVI DELLA PELVI RENALE E DELL'URETERE;CISTOSCOPIA ATTRAVERSO STOMA ARTIFICIALE;5731;
75329;ALTRI DIFETTI OSTRUTTIVI DELLA PELVI RENALE E DELL'URETERE;CISTOSTOMIA E CISTOLITOTOMIA SOVRAPUBICA;5718;
75329;ALTRI DIFETTI OSTRUTTIVI DELLA PELVI RENALE E DELL'URETERE;CISTOSTOMIA PERCUTANEA;5717;
75329;ALTRI DIFETTI OSTRUTTIVI DELLA PELVI RENALE E DELL'URETERE;DILATAZIONE DELLA PAPILLA URETERALE;5691;
75329;ALTRI DIFETTI OSTRUTTIVI DELLA PELVI RENALE E DELL'URETERE;ESTRAZIONE ENDOSCOPICA DALL'URETERE E PELVI RENALE DI: COAGULO DI SANGUE, CALCOLO, CORPO ESTRANEO;560;
75329;ALTRI DIFETTI OSTRUTTIVI DELLA PELVI RENALE E DELL'URETERE;IMPIANTO PER INIEZIONE NELL'URETRA E/O NEL COLLO VESCICALE;5972;
75329;ALTRI DIFETTI OSTRUTTIVI DELLA PELVI RENALE E DELL'URETERE;MEATOPLASTICA URETRALE;5847;
75329;ALTRI DIFETTI OSTRUTTIVI DELLA PELVI RENALE E DELL'URETERE;MEATOTOMIA URETRALE;581;
75329;ALTRI DIFETTI OSTRUTTIVI DELLA PELVI RENALE E DELL'URETERE;NEFROSTOMIA CHIRURGICA;5502;
75329;ALTRI DIFETTI OSTRUTTIVI DELLA PELVI RENALE E DELL'URETERE;NEFROSTOMIA PERCUTANEA SENZA FRAMMENTAZIONE;5503;
75329;ALTRI DIFETTI OSTRUTTIVI DELLA PELVI RENALE E DELL'URETERE;NEFROURETERECTOMIA;5551;
75329;ALTRI DIFETTI OSTRUTTIVI DELLA PELVI RENALE E DELL'URETERE;NEOVESCICA CONTINENTE ED AMPLIAMENTO VESCICALE;5787;
75329;ALTRI DIFETTI OSTRUTTIVI DELLA PELVI RENALE E DELL'URETERE;PAPILLOTOMIA O MEATOTOMIA URETERALE (ENDOSCOPICA E NON);561;
75329;ALTRI DIFETTI OSTRUTTIVI DELLA PELVI RENALE E DELL'URETERE;PIELECTOMIA O PIELOLITOTOMIA;5511;
75329;ALTRI DIFETTI OSTRUTTIVI DELLA PELVI RENALE E DELL'URETERE;PIELOPLASTICHE;5587;
75329;ALTRI DIFETTI OSTRUTTIVI DELLA PELVI RENALE E DELL'URETERE;RIPARAZIONE DI PEDUNCOLO RENALE;5584;
75329;ALTRI DIFETTI OSTRUTTIVI DELLA PELVI RENALE E DELL'URETERE;URETERECTOMIA PARZIALE O SEGMENTARIA;5641;
75329;ALTRI DIFETTI OSTRUTTIVI DELLA PELVI RENALE E DELL'URETERE;URETEROCUTANEOSTOMIA;5661;
75329;ALTRI DIFETTI OSTRUTTIVI DELLA PELVI RENALE E DELL'URETERE;URETERO-NEOCISTOSTOMIA DIRETTA, CON PLASTICA ANTIREFLUSSO O CON FLAP VESCICALE;5674;
75329;ALTRI DIFETTI OSTRUTTIVI DELLA PELVI RENALE E DELL'URETERE;URETEROTOMIA;562;
7533;ALTRE ANOMALIE SPECIFICATE DEL RENE;ALTRA ANASTOMOSI O BYPASS DELL'URETERE;5679;
7533;ALTRE ANOMALIE SPECIFICATE DEL RENE;ALTRA CHIRURGIA VESCICALE A CIELO APERTO;5759;
7533;ALTRE ANOMALIE SPECIFICATE DEL RENE;ALTRA RESEZIONE TRANSURETRALE DI LESIONE VESCICALE O NEOPLASIA;5749;
7533;ALTRE ANOMALIE SPECIFICATE DEL RENE;ALTRA RIPARAZIONE DELL'URETERE;5689;
7533;ALTRE ANOMALIE SPECIFICATE DEL RENE;ALTRI INTERVENTI SULL'URETERE;5699;
7533;ALTRE ANOMALIE SPECIFICATE DEL RENE;ANASTOMOSI RENO-PIELO-URETERALI;5586;
7533;ALTRE ANOMALIE SPECIFICATE DEL RENE;ASPORTAZIONE O DEMOLIZIONE ENDOSCOPICA DI LESIONE O TESSUTO DELL'URETRA;5831;
7533;ALTRE ANOMALIE SPECIFICATE DEL RENE;CISTOSCOPIA (TRANSURETRALE) CON BIOPSIA;5733;
7533;ALTRE ANOMALIE SPECIFICATE DEL RENE;CISTOSCOPIA ATTRAVERSO STOMA ARTIFICIALE;5731;
7533;ALTRE ANOMALIE SPECIFICATE DEL RENE;CISTOURETROPLASTICA E CHIRURGIA PLASTICA DEL COLLO VESCICALE;5785;
7533;ALTRE ANOMALIE SPECIFICATE DEL RENE;DILATAZIONE URETRALE;586;
7533;ALTRE ANOMALIE SPECIFICATE DEL RENE;ESTRAZIONE ENDOSCOPICA DALL'URETERE E PELVI RENALE DI: COAGULO DI SANGUE, CALCOLO, CORPO ESTRANEO;560;
7533;ALTRE ANOMALIE SPECIFICATE DEL RENE;IMPIANTO PER INIEZIONE NELL'URETRA E/O NEL COLLO VESCICALE;5972;
7533;ALTRE ANOMALIE SPECIFICATE DEL RENE;MEATOPLASTICA URETRALE;5847;
7533;ALTRE ANOMALIE SPECIFICATE DEL RENE;MEATOTOMIA URETRALE;581;
7533;ALTRE ANOMALIE SPECIFICATE DEL RENE;NEFRECTOMIA PARZIALE (SENZA URETERECTOMIA);554;
7533;ALTRE ANOMALIE SPECIFICATE DEL RENE;NEFROURETERECTOMIA;5551;
7533;ALTRE ANOMALIE SPECIFICATE DEL RENE;PAPILLOTOMIA O MEATOTOMIA URETERALE (ENDOSCOPICA E NON);561;
7533;ALTRE ANOMALIE SPECIFICATE DEL RENE;REVISIONE DI CISTOSTOMIA;5722;
7533;ALTRE ANOMALIE SPECIFICATE DEL RENE;RICOSTRUZIONE DI VESCICA ESTROFICA;5786;
7533;ALTRE ANOMALIE SPECIFICATE DEL RENE;URETERECTOMIA PARZIALE O SEGMENTARIA;5641;
7533;ALTRE ANOMALIE SPECIFICATE DEL RENE;URETERO-NEOCISTOSTOMIA DIRETTA, CON PLASTICA ANTIREFLUSSO O CON FLAP VESCICALE;5674;
7533;ALTRE ANOMALIE SPECIFICATE DEL RENE;URETEROSCOPIA;5631;
7533;ALTRE ANOMALIE SPECIFICATE DEL RENE;URETEROTOMIA ENDOSCOPICA;5681;
7533;ALTRE ANOMALIE SPECIFICATE DEL RENE;URETERO-TRANS-URETEROANASTOMOSI;5675;
7534;ALTRE ANOMALIE SPECIFICATE DELL'URETERE;ALTRA CHIRURGIA VESCICALE A CIELO APERTO;5759;
7534;ALTRE ANOMALIE SPECIFICATE DELL'URETERE;ALTRA RESEZIONE TRANSURETRALE DI LESIONE VESCICALE O NEOPLASIA;5749;
7534;ALTRE ANOMALIE SPECIFICATE DELL'URETERE;ALTRA RIPARAZIONE DELL'URETERE;5689;
7534;ALTRE ANOMALIE SPECIFICATE DELL'URETERE;ALTRI INTERVENTI SULL'URETERE;5699;
7534;ALTRE ANOMALIE SPECIFICATE DELL'URETERE;ASPIRAZIONE PERCUTANEA RENALE;5592;
7534;ALTRE ANOMALIE SPECIFICATE DELL'URETERE;CISTOURETROPLASTICA E CHIRURGIA PLASTICA DEL COLLO VESCICALE;5785;
7534;ALTRE ANOMALIE SPECIFICATE DELL'URETERE;IMPIANTO PER INIEZIONE NELL'URETRA E/O NEL COLLO VESCICALE;5972;
7534;ALTRE ANOMALIE SPECIFICATE DELL'URETERE;NEFRECTOMIA PARZIALE (SENZA URETERECTOMIA);554;
7534;ALTRE ANOMALIE SPECIFICATE DELL'URETERE;NEFROSTOMIA CHIRURGICA;5502;
7534;ALTRE ANOMALIE SPECIFICATE DELL'URETERE;NEFROSTOMIA PERCUTANEA SENZA FRAMMENTAZIONE;5503;
7534;ALTRE ANOMALIE SPECIFICATE DELL'URETERE;NEFROURETERECTOMIA;5551;
7534;ALTRE ANOMALIE SPECIFICATE DELL'URETERE;PAPILLOTOMIA O MEATOTOMIA URETERALE (ENDOSCOPICA E NON);561;
7534;ALTRE ANOMALIE SPECIFICATE DELL'URETERE;PIELOPLASTICHE;5587;
7534;ALTRE ANOMALIE SPECIFICATE DELL'URETERE;SUTURA DI URETEROSTOMIA;5683;
7534;ALTRE ANOMALIE SPECIFICATE DELL'URETERE;URETERECTOMIA PARZIALE O SEGMENTARIA;5641;
7534;ALTRE ANOMALIE SPECIFICATE DELL'URETERE;URETERECTOMIA TOTALE;5642;
7534;ALTRE ANOMALIE SPECIFICATE DELL'URETERE;URETERO-NEOCISTOSTOMIA DIRETTA, CON PLASTICA ANTIREFLUSSO O CON FLAP VESCICALE;5674;
7534;ALTRE ANOMALIE SPECIFICATE DELL'URETERE;URETEROTOMIA;562;
7534;ALTRE ANOMALIE SPECIFICATE DELL'URETERE;URETEROTOMIA ENDOSCOPICA;5681;
7534;ALTRE ANOMALIE SPECIFICATE DELL'URETERE;URETERO-TRANS-URETEROANASTOMOSI;5675;
7534;ALTRE ANOMALIE SPECIFICATE DELL'URETERE;URETROSCOPIA;5822;
7535;ESTROFIA DELLA VESCICA URINARIA;ALTRA CHIRURGIA PLASTICA VESCICALE SOSPENSIONE VESCICALE NON CLASSIFICATA ALTROVE;5789;
7535;ESTROFIA DELLA VESCICA URINARIA;ALTRE RICOSTRUZIONI URETRALI;5846;
7535;ESTROFIA DELLA VESCICA URINARIA;CHIUSURA DI FISTOLA VESCICO-INTESTINALE;5783;
7535;ESTROFIA DELLA VESCICA URINARIA;CISTOURETROPLASTICA E CHIRURGIA PLASTICA DEL COLLO VESCICALE;5785;
7535;ESTROFIA DELLA VESCICA URINARIA;NEFROSTOMIA CHIRURGICA;5502;
7535;ESTROFIA DELLA VESCICA URINARIA;NEFROSTOMIA PERCUTANEA SENZA FRAMMENTAZIONE;5503;
7535;ESTROFIA DELLA VESCICA URINARIA;NEOVESCICA CONTINENTE ED AMPLIAMENTO VESCICALE;5787;
7535;ESTROFIA DELLA VESCICA URINARIA;RICOSTRUZIONE DI VESCICA ESTROFICA;5786;
7536;ATRESIA E STENOSI DELL'URETRA E DEL COLLO VESCICALE;ALTRA ASPORTAZIONE O DEMOLIZIONE LOCALE DI LESIONE O TESSUTO DELL'URETRA;5839;
7536;ATRESIA E STENOSI DELL'URETRA E DEL COLLO VESCICALE;ALTRA RESEZIONE TRANSURETRALE DI LESIONE VESCICALE O NEOPLASIA;5749;
7536;ATRESIA E STENOSI DELL'URETRA E DEL COLLO VESCICALE;ALTRA RIPARAZIONE DELL'URETERE;5689;
7536;ATRESIA E STENOSI DELL'URETRA E DEL COLLO VESCICALE;ALTRI INTERVENTI SULL'URETERE;5699;
7536;ATRESIA E STENOSI DELL'URETRA E DEL COLLO VESCICALE;ALTRI INTERVENTI SULL'URETRA E SUL TESSUTO PERIURETRALE;5899;
7536;ATRESIA E STENOSI DELL'URETRA E DEL COLLO VESCICALE;ASPORTAZIONE O DEMOLIZIONE ENDOSCOPICA DI LESIONE O TESSUTO DELL'URETRA;5831;
7536;ATRESIA E STENOSI DELL'URETRA E DEL COLLO VESCICALE;CHIUSURA DI CISTOSTOMIA;5782;
7536;ATRESIA E STENOSI DELL'URETRA E DEL COLLO VESCICALE;CISTECTOMIA PARZIALE;576;
7536;ATRESIA E STENOSI DELL'URETRA E DEL COLLO VESCICALE;CISTOSCOPIA (TRANSURETRALE) CON BIOPSIA;5733;
7536;ATRESIA E STENOSI DELL'URETRA E DEL COLLO VESCICALE;CISTOSCOPIA ATTRAVERSO STOMA ARTIFICIALE;5731;
7536;ATRESIA E STENOSI DELL'URETRA E DEL COLLO VESCICALE;CISTOSTOMIA E CISTOLITOTOMIA SOVRAPUBICA;5718;
7536;ATRESIA E STENOSI DELL'URETRA E DEL COLLO VESCICALE;CREAZIONE DI CISTOSTOMIA SOVRAPUBICA PERMANENTE;5721;
7536;ATRESIA E STENOSI DELL'URETRA E DEL COLLO VESCICALE;DILATAZIONE DELLA PAPILLA URETERALE;5691;
7536;ATRESIA E STENOSI DELL'URETRA E DEL COLLO VESCICALE;DILATAZIONE URETRALE;586;
7536;ATRESIA E STENOSI DELL'URETRA E DEL COLLO VESCICALE;IMPIANTO PER INIEZIONE NELL'URETRA E/O NEL COLLO VESCICALE;5972;
7536;ATRESIA E STENOSI DELL'URETRA E DEL COLLO VESCICALE;MEATOPLASTICA URETRALE;5847;
7536;ATRESIA E STENOSI DELL'URETRA E DEL COLLO VESCICALE;MEATOTOMIA URETRALE;581;
7536;ATRESIA E STENOSI DELL'URETRA E DEL COLLO VESCICALE;NEOVESCICA CONTINENTE ED AMPLIAMENTO VESCICALE;5787;
7536;ATRESIA E STENOSI DELL'URETRA E DEL COLLO VESCICALE;PIELOPLASTICHE;5587;
7536;ATRESIA E STENOSI DELL'URETRA E DEL COLLO VESCICALE;URETEROCUTANEOSTOMIA;5661;
7536;ATRESIA E STENOSI DELL'URETRA E DEL COLLO VESCICALE;URETERO-NEOCISTOSTOMIA DIRETTA, CON PLASTICA ANTIREFLUSSO O CON FLAP VESCICALE;5674;
7536;ATRESIA E STENOSI DELL'URETRA E DEL COLLO VESCICALE;URETEROSCOPIA;5631;
7536;ATRESIA E STENOSI DELL'URETRA E DEL COLLO VESCICALE;URETROSCOPIA;5822;
7536;ATRESIA E STENOSI DELL'URETRA E DEL COLLO VESCICALE;URETROTOMIA;580;
7536;ATRESIA E STENOSI DELL'URETRA E DEL COLLO VESCICALE;URETROTOMIA ENDOSCOPICA;585;
7537;ANOMALIE DELL'URACO;ALTRA ERNIORRAFIA OMBELICALE;5349;
7537;ANOMALIE DELL'URACO;ASPORTAZIONE DELL'URACO;5751;
7537;ANOMALIE DELL'URACO;ASPORTAZIONE O DEMOLIZIONE DI LESIONE O TESSUTO DI PARETE ADDOMINALE O DELL'OMBELICO;543;
7537;ANOMALIE DELL'URACO;ASPORTAZIONE O DEMOLIZIONE ENDOSCOPICA DI LESIONE O TESSUTO DELL'URETRA;5831;
7538;ALTRE ANOMALIE SPECIFICATE DELLA VESCICA E DELL'URETRA;ALTRA ASPORTAZIONE O DEMOLIZIONE LOCALE DI LESIONE O TESSUTO DELL'URETRA;5839;
7538;ALTRE ANOMALIE SPECIFICATE DELLA VESCICA E DELL'URETRA;ALTRA RIPARAZIONE URETRALE;5849;
7538;ALTRE ANOMALIE SPECIFICATE DELLA VESCICA E DELL'URETRA;ALTRI INTERVENTI SULLA VESCICA;5799;
7538;ALTRE ANOMALIE SPECIFICATE DELLA VESCICA E DELL'URETRA;ASPORTAZIONE O DEMOLIZIONE ENDOSCOPICA DI LESIONE O TESSUTO DELL'URETRA;5831;
7538;ALTRE ANOMALIE SPECIFICATE DELLA VESCICA E DELL'URETRA;CHIUSURA DI FISTOLA URETRALE;5843;
7538;ALTRE ANOMALIE SPECIFICATE DELLA VESCICA E DELL'URETRA;CISTOSTOMIA E CISTOLITOTOMIA SOVRAPUBICA;5718;
7538;ALTRE ANOMALIE SPECIFICATE DELLA VESCICA E DELL'URETRA;CISTOURETROPLASTICA E CHIRURGIA PLASTICA DEL COLLO VESCICALE;5785;
7538;ALTRE ANOMALIE SPECIFICATE DELLA VESCICA E DELL'URETRA;INTERVENTI SUL CLITORIDE;714;
7538;ALTRE ANOMALIE SPECIFICATE DELLA VESCICA E DELL'URETRA;MEATOPLASTICA URETRALE;5847;
7538;ALTRE ANOMALIE SPECIFICATE DELLA VESCICA E DELL'URETRA;PIELOPLASTICHE;5587;
7538;ALTRE ANOMALIE SPECIFICATE DELLA VESCICA E DELL'URETRA;URETROTOMIA ENDOSCOPICA;585;
7539;ANOMALIE NON SPECIFICATE DEL SISTEMA URINARIO;ALTRI INTERVENTI SULL'URETERE;5699;
7539;ANOMALIE NON SPECIFICATE DEL SISTEMA URINARIO;ANASTOMOSI RENO-PIELO-URETERALI;5586;
7539;ANOMALIE NON SPECIFICATE DEL SISTEMA URINARIO;CISTOSTOMIA E CISTOLITOTOMIA SOVRAPUBICA;5718;
7539;ANOMALIE NON SPECIFICATE DEL SISTEMA URINARIO;CISTOSTOMIA PERCUTANEA;5717;
7539;ANOMALIE NON SPECIFICATE DEL SISTEMA URINARIO;NEFROSTOMIA PERCUTANEA SENZA FRAMMENTAZIONE;5503;
7539;ANOMALIE NON SPECIFICATE DEL SISTEMA URINARIO;RIMOZIONE DI TAMPONE ED EMOSTASI VESCICALE POSTCHIRURGICA;5793;
7540;MALFORMAZIONI CONGENITE  DEL CRANIO, DELLA FACCIA E DELLA MASCELLA;ALTRA CRANIOTOMIA;0124;
7540;MALFORMAZIONI CONGENITE  DEL CRANIO, DELLA FACCIA E DELLA MASCELLA;ALTRA ORBITOTOMIA;1609;
7540;MALFORMAZIONI CONGENITE  DEL CRANIO, DELLA FACCIA E DELLA MASCELLA;ALTRA RIPARAZIONE PLASTICA DELLA BOCCA;2759;
7540;MALFORMAZIONI CONGENITE  DEL CRANIO, DELLA FACCIA E DELLA MASCELLA;ALTRA TRACHEOSTOMIA PERMANENTE;3129;
7540;MALFORMAZIONI CONGENITE  DEL CRANIO, DELLA FACCIA E DELLA MASCELLA;ALTRA TURBINECTOMIA;2169;
7540;MALFORMAZIONI CONGENITE  DEL CRANIO, DELLA FACCIA E DELLA MASCELLA;ALTRI INTERVENTI SULLE OSSA E ARTICOLAZIONI FACCIALI;7699;
7540;MALFORMAZIONI CONGENITE  DEL CRANIO, DELLA FACCIA E DELLA MASCELLA;ALTRI TIPI DI OSTEOPLASTICA DEL CRANIO;0206;
7540;MALFORMAZIONI CONGENITE  DEL CRANIO, DELLA FACCIA E DELLA MASCELLA;ASPORTAZIONE O DEMOLIZIONE DI ALTRA LESIONE DELL'ORECCHIO ESTERNO;1829;
7540;MALFORMAZIONI CONGENITE  DEL CRANIO, DELLA FACCIA E DELLA MASCELLA;ASPORTAZIONE O DEMOLIZIONE LOCALE DI ALTRA LESIONE DEL NASO;2132;
7540;MALFORMAZIONI CONGENITE  DEL CRANIO, DELLA FACCIA E DELLA MASCELLA;CHIUSURA DI ALTRA FISTOLA DELLA TRACHEA;3173;
7540;MALFORMAZIONI CONGENITE  DEL CRANIO, DELLA FACCIA E DELLA MASCELLA;CORREZIONE DI PALATOSCHISI;2762;
7540;MALFORMAZIONI CONGENITE  DEL CRANIO, DELLA FACCIA E DELLA MASCELLA;FASCIOTOMIA;8314;
7540;MALFORMAZIONI CONGENITE  DEL CRANIO, DELLA FACCIA E DELLA MASCELLA;GENGIVOPLASTICA;242;
7540;MALFORMAZIONI CONGENITE  DEL CRANIO, DELLA FACCIA E DELLA MASCELLA;INCISIONE DEL PALATO;271;
7540;MALFORMAZIONI CONGENITE  DEL CRANIO, DELLA FACCIA E DELLA MASCELLA;INCISIONE DI CAPSULA ARTICOLARE, LEGAMENTI O CARTILAGINE IN SEDE NON SPECIFICATA;8040;
7540;MALFORMAZIONI CONGENITE  DEL CRANIO, DELLA FACCIA E DELLA MASCELLA;INNESTO DI MUSCOLI O FASCE;8382;
7540;MALFORMAZIONI CONGENITE  DEL CRANIO, DELLA FACCIA E DELLA MASCELLA;OFTALMOSCOPIA;1621;
7540;MALFORMAZIONI CONGENITE  DEL CRANIO, DELLA FACCIA E DELLA MASCELLA;OSTEOPLASTICA SEGMENTARIA (OSTEOTOMIA) DELLA MASCELLA;7665;
7540;MALFORMAZIONI CONGENITE  DEL CRANIO, DELLA FACCIA E DELLA MASCELLA;OTOSCOPIA;1811;
7540;MALFORMAZIONI CONGENITE  DEL CRANIO, DELLA FACCIA E DELLA MASCELLA;REVISIONE DI RINOPLASTICA;2184;
7540;MALFORMAZIONI CONGENITE  DEL CRANIO, DELLA FACCIA E DELLA MASCELLA;RIMOZIONE DI TUBO TIMPANOSTOMICO;201;
7540;MALFORMAZIONI CONGENITE  DEL CRANIO, DELLA FACCIA E DELLA MASCELLA;RINOPLASTICA PARZIALE;2186;
7540;MALFORMAZIONI CONGENITE  DEL CRANIO, DELLA FACCIA E DELLA MASCELLA;RINOSCOPIA;2121;
7540;MALFORMAZIONI CONGENITE  DEL CRANIO, DELLA FACCIA E DELLA MASCELLA;RIPARAZIONE DI SCHISI DEL LABBRO;2754;
7540;MALFORMAZIONI CONGENITE  DEL CRANIO, DELLA FACCIA E DELLA MASCELLA;TRASFERIMENTO DI INNESTO PEDUNCOLATO A LEMBO IN ALTRE SEDI;8674;
75430;LUSSAZIONE CONGENITA DELL'ANCA, UNILATERALE;ALTRA SEZIONE DEL FEMORE;7735;
75430;LUSSAZIONE CONGENITA DELL'ANCA, UNILATERALE;FISSAZIONE INTERNA DEL FEMORE SENZA RIDUZIONE DI FRATTURA;7855;
75430;LUSSAZIONE CONGENITA DELL'ANCA, UNILATERALE;FISSAZIONE INTERNA DI TIBIA E FIBULA SENZA RIDUZIONE DI FRATTURA;7857;
75430;LUSSAZIONE CONGENITA DELL'ANCA, UNILATERALE;MESSA A PUNTO DI APPARECCHIO ORTESICO;9323;
75430;LUSSAZIONE CONGENITA DELL'ANCA, UNILATERALE;RIDUZIONE CRUENTA DI LUSSAZIONE DELL'ANCA;7985;
75430;LUSSAZIONE CONGENITA DELL'ANCA, UNILATERALE;RIDUZIONE INCRUENTA DI LUSSAZIONE DELL'ANCA;7975;
75430;LUSSAZIONE CONGENITA DELL'ANCA, UNILATERALE;RIDUZIONE INCRUENTA DI LUSSAZIONE IN ALTRA SEDE SPECIFICATA;7979;
75430;LUSSAZIONE CONGENITA DELL'ANCA, UNILATERALE;Rifusione lombare e lombosacrale, con approccio posteriore;8138;
75430;LUSSAZIONE CONGENITA DELL'ANCA, UNILATERALE;RIMOZIONE DI DISPOSITIVO IMPIANTATO DAL FEMORE;7865;
75430;LUSSAZIONE CONGENITA DELL'ANCA, UNILATERALE;TENOTOMIA DELL'ADDUTTORE DELL'ANCA;8312;
75431;LUSSAZIONE CONGENITA DELL'ANCA, BILATERALE;ALTRA INCISIONE DEL FEMORE SENZA SEZIONE;7715;
75431;LUSSAZIONE CONGENITA DELL'ANCA, BILATERALE;ALTRE PROCEDURE DIAGNOSTICHE SULLE STRUTTURE ARTICOLARI;8198;
75431;LUSSAZIONE CONGENITA DELL'ANCA, BILATERALE;ALTRI INTERVENTI DI PLASTICA SUI TENDINI;8388;
75431;LUSSAZIONE CONGENITA DELL'ANCA, BILATERALE;ARTROSCOPIA DELL'ANCA;8025;
75431;LUSSAZIONE CONGENITA DELL'ANCA, BILATERALE;INIEZIONE DI SOSTANZE TERAPEUTICHE NELL'ARTICOLAZIONE O NEL LEGAMENTO;8192;
75431;LUSSAZIONE CONGENITA DELL'ANCA, BILATERALE;MESSA A PUNTO DI APPARECCHIO ORTESICO;9323;
75431;LUSSAZIONE CONGENITA DELL'ANCA, BILATERALE;RESEZIONE CUNEIFORME DEL FEMORE;7725;
75431;LUSSAZIONE CONGENITA DELL'ANCA, BILATERALE;RIDUZIONE CRUENTA DI LUSSAZIONE DELL'ANCA;7985;
75431;LUSSAZIONE CONGENITA DELL'ANCA, BILATERALE;RIDUZIONE INCRUENTA DI LUSSAZIONE DELL'ANCA;7975;
75431;LUSSAZIONE CONGENITA DELL'ANCA, BILATERALE;SUTURA DELLA CAPSULA O DEL LEGAMENTO IN ALTRA PARTE DELL'ARTO INTERIORE;8195;
75431;LUSSAZIONE CONGENITA DELL'ANCA, BILATERALE;TENOTOMIA DELL'ADDUTTORE DELL'ANCA;8312;
75432;SUBLUSSAZIONE CONGENITA DELL'ANCA, UNILATERALE;ALTRI INTERVENTI DI PLASTICA SUI TENDINI;8388;
75435;LUSSAZIONE CONGENITA DI UN'ANCA CON SUBLUSSAZIONE DELL'ALTRA;RIDUZIONE INCRUENTA DI LUSSAZIONE DELL'ANCA;7975;
75440;GENU RECURVATUM;RIDUZIONE CRUENTA DI LUSSAZIONE DEL GINOCCHIO;7986;
75441;LUSSAZIONE CONGENITA DEL GINOCCHIO (CON GENU RECURVATUM);FISSAZIONE INTERNA DEL FEMORE SENZA RIDUZIONE DI FRATTURA;7855;
75441;LUSSAZIONE CONGENITA DEL GINOCCHIO (CON GENU RECURVATUM);FISSAZIONE INTERNA DI TIBIA E FIBULA SENZA RIDUZIONE DI FRATTURA;7857;
75441;LUSSAZIONE CONGENITA DEL GINOCCHIO (CON GENU RECURVATUM);RIDUZIONE CRUENTA DI LUSSAZIONE DEL GINOCCHIO;7986;
75441;LUSSAZIONE CONGENITA DEL GINOCCHIO (CON GENU RECURVATUM);RIDUZIONE INCRUENTA DI LUSSAZIONE DEL GINOCCHIO;7976;
75441;LUSSAZIONE CONGENITA DEL GINOCCHIO (CON GENU RECURVATUM);TENOTOMIA DELL'ACHILLEO;8311;
75442;CURVATURA CONGENITA DEL FEMORE;ALTRE PROCEDURE DIAGNOSTICHE SULLE STRUTTURE ARTICOLARI;8198;
75443;CURVATURA CONGENITA DI TIBIA E FIBULA;CORREZIONE DI PIEDE TORTO, NON CLASSIFICATO ALTROVE;8384;
75443;CURVATURA CONGENITA DI TIBIA E FIBULA;TENOTOMIA DELL'ACHILLEO;8311;
75450;PIEDE TALO VALGO;ALTRA SUTURA DI TENDINI;8364;
75450;PIEDE TALO VALGO;ALTRI CAMBIAMENTI DI LUNGHEZZA DI MUSCOLI E TENDINI;8385;
75450;PIEDE TALO VALGO;ALTRI INTERVENTI DI PLASTICA SUI TENDINI;8388;
75450;PIEDE TALO VALGO;ALTRI INTERVENTI DI RIPARAZIONE O PLASTICA SU TARSO E METATARSO;7848;
75450;PIEDE TALO VALGO;AVANZAMENTO DI TENDINI;8371;
75450;PIEDE TALO VALGO;CORREZIONE DI PIEDE TORTO, NON CLASSIFICATO ALTROVE;8384;
75450;PIEDE TALO VALGO;INCISIONE DI CAPSULA ARTICOLARE, LEGAMENTI O CARTILAGINE DELLA CAVIGLIA;8047;
75450;PIEDE TALO VALGO;LISI DI ADERENZE DI MUSCOLI, TENDINI, FASCE E BORSE;8391;
75450;PIEDE TALO VALGO;TENOTOMIA DELL'ACHILLEO;8311;
75451;PIEDE TALO EQUINO;ALTRA SUTURA DI TENDINI;8364;
75451;PIEDE TALO EQUINO;ALTRA TENOTOMIA;8313;
75451;PIEDE TALO EQUINO;ALTRI CAMBIAMENTI DI LUNGHEZZA DI MUSCOLI E TENDINI;8385;
75451;PIEDE TALO EQUINO;ALTRI INTERVENTI DI PLASTICA SUI TENDINI;8388;
75451;PIEDE TALO EQUINO;ALTRI INTERVENTI DI RIPARAZIONE O PLASTICA SU TARSO E METATARSO;7848;
75451;PIEDE TALO EQUINO;AVANZAMENTO DI TENDINI;8371;
75451;PIEDE TALO EQUINO;CORREZIONE DI PIEDE TORTO, NON CLASSIFICATO ALTROVE;8384;
75451;PIEDE TALO EQUINO;INCISIONE DI CAPSULA ARTICOLARE, LEGAMENTI O CARTILAGINE DELLA CAVIGLIA;8047;
75451;PIEDE TALO EQUINO;LISI DI ADERENZE DI MUSCOLI, TENDINI, FASCE E BORSE;8391;
75451;PIEDE TALO EQUINO;TENOTOMIA DELL'ACHILLEO;8311;
75453;METATARSO VARO;ALTRI INTERVENTI DI PLASTICA SUI TENDINI;8388;
75453;METATARSO VARO;TENOTOMIA DELL'ACHILLEO;8311;
75460;PIEDE TALO VALGO;ALTRA TENOTOMIA;8313;
75460;PIEDE TALO VALGO;ALTRI INTERVENTI DI PLASTICA SUI TENDINI;8388;
75460;PIEDE TALO VALGO;AMPUTAZIONE DI DITA DEL PIEDE;8411;
75460;PIEDE TALO VALGO;CORREZIONE DI PIEDE TORTO, NON CLASSIFICATO ALTROVE;8384;
75460;PIEDE TALO VALGO;TENOTOMIA DELL'ACHILLEO;8311;
75460;PIEDE TALO VALGO;VAGOTOMIA, SAI;4400;
75461;PIEDE PIATTO CONGENITO;ALTRI CAMBIAMENTI DI LUNGHEZZA DI MUSCOLI E TENDINI;8385;
75462;PIEDE TALO CALCANEO VALGO;ALTRA ASPORTAZIONE DELL'ARTICOLAZIONE DEL PIEDE E DEL LE DITA DEL PIEDE;8098;
75462;PIEDE TALO CALCANEO VALGO;ALTRA ASPORTAZIONE DELL'ARTICOLAZIONE DELLA CAVIGLIA;8097;
75462;PIEDE TALO CALCANEO VALGO;ALTRI CAMBIAMENTI DI LUNGHEZZA DI MUSCOLI E TENDINI;8385;
75462;PIEDE TALO CALCANEO VALGO;FASCIOTOMIA;8314;
75462;PIEDE TALO CALCANEO VALGO;RIMOZIONE DI DISPOSITIVO IMPIANTATO DA TARSO E METATARSO;7868;
75462;PIEDE TALO CALCANEO VALGO;TENOTOMIA DELL'ACHILLEO;8311;
75469;ALTRA MALFORMAZIONI DEL PIEDE IN VALGISMO;ALTRI INTERVENTI DI PLASTICA SUI TENDINI;8388;
75469;ALTRA MALFORMAZIONI DEL PIEDE IN VALGISMO;TENOTOMIA DELL'ACHILLEO;8311;
75470;PIEDE TORTO NON SPECIFICATO;ALTRA ARTROTOMIA DEL PIEDE E DELLE DITA DEL PIEDE;8018;S
75470;PIEDE TORTO NON SPECIFICATO;ALTRA ARTROTOMIA DELLA CAVIGLIA;8017;S
75470;PIEDE TORTO NON SPECIFICATO;ALTRA ASPORTAZIONE DELL'ARTICOLAZIONE DEL PIEDE E DEL LE DITA DEL PIEDE;8098;
75470;PIEDE TORTO NON SPECIFICATO;ALTRA ASPORTAZIONE DELL'ARTICOLAZIONE DELLA CAVIGLIA;8097;S
75470;PIEDE TORTO NON SPECIFICATO;ALTRA ASPORTAZIONE DELL'ARTICOLAZIONE IN SEDE NON SPECIFICATA;8090;
75470;PIEDE TORTO NON SPECIFICATO;ALTRA ASPORTAZIONE DI TESSUTI MOLLI;8349;
75470;PIEDE TORTO NON SPECIFICATO;ALTRA ASPORTAZIONE, FUSIONE O RIPARAZIONE DI DITA;7758;
75470;PIEDE TORTO NON SPECIFICATO;ALTRA OSTEOTOMIA PARZIALE IN SEDE NON SPECIFICATA;7780;
75470;PIEDE TORTO NON SPECIFICATO;ALTRA SEZIONE DEL TARSO E METATARSO;7738;S
75470;PIEDE TORTO NON SPECIFICATO;ALTRA TENDINECTOMIA;8342;
75470;PIEDE TORTO NON SPECIFICATO;ALTRA TENOTOMIA;8313;S
75470;PIEDE TORTO NON SPECIFICATO;ALTRI CAMBIAMENTI DI LUNGHEZZA DI MUSCOLI E TENDINI;8385;S
75470;PIEDE TORTO NON SPECIFICATO;ALTRI INTERVENTI DI PLASTICA SUI TENDINI;8388;S
75470;PIEDE TORTO NON SPECIFICATO;ALTRI INTERVENTI DI RIPARAZIONE O PLASTICA SU TARSO E METATARSO;7848;S
75470;PIEDE TORTO NON SPECIFICATO;AMPUTAZIONE DI DITA DEL PIEDE;8411;S
75470;PIEDE TORTO NON SPECIFICATO;CORREZIONE DI PIEDE TORTO, NON CLASSIFICATO ALTROVE;8384;S
75470;PIEDE TORTO NON SPECIFICATO;FASCIOTOMIA;8314;
75470;PIEDE TORTO NON SPECIFICATO;FISSAZIONE INTERNA DI TARSO E METATARSO SENZA RIDUZIONE DI FRATTURA;7858;S
75470;PIEDE TORTO NON SPECIFICATO;FUSIONE SOTTOASTRAGALICA;8113;
75470;PIEDE TORTO NON SPECIFICATO;INCISIONE DI CAPSULA ARTICOLARE, LEGAMENTI O CARTILAGINE DEL PIEDE E DELLE DITA DEL PIEDE;8048;S
75470;PIEDE TORTO NON SPECIFICATO;REINSERZIONE DI TENDINI;8373;
75470;PIEDE TORTO NON SPECIFICATO;RIDUZIONE INCRUENTA DI FRATTURA DI TARSO E METATARSO SENZA FISSAZIONE INTERNA;7907;
75470;PIEDE TORTO NON SPECIFICATO;RIMOZIONE DI DISPOSITIVO IMPIANTATO DA TARSO E METATARSO;7868;S
75470;PIEDE TORTO NON SPECIFICATO;TENOTOMIA DELL'ACHILLEO;8311;S
75470;PIEDE TORTO NON SPECIFICATO;TENOTOMIA DELL'ADDUTTORE DELL'ANCA;8312;
75471;PIEDE TALO CAVO;TENOTOMIA DELL'ACHILLEO;8311;
75479;ALTRE MALFORMAZIONI DEL PIEDE NON SPECIFICATE;ALTRI INTERVENTI DI PLASTICA SUI TENDINI;8388;
75479;ALTRE MALFORMAZIONI DEL PIEDE NON SPECIFICATE;TENOTOMIA DELL'ACHILLEO;8311;
7550;POLIDATTILIA;ALTRA ASPORTAZIONE, FUSIONE O RIPARAZIONE DI DITA;7758;
7550;POLIDATTILIA;AMPUTAZIONE E DISARTICOLAZIONE DI DITA DELLA MANO;8401;
75500;POLIDATTILIA, DITA NON SPECIFICATE;ALTRA ASPORTAZIONE DELL'ARTICOLAZIONE DEL PIEDE E DEL LE DITA DEL PIEDE;8098;
75500;POLIDATTILIA, DITA NON SPECIFICATE;ALTRA ASPORTAZIONE DELL'ARTICOLAZIONE DELLA MANO E DELLE DITA DELLA MANO;8094;
75500;POLIDATTILIA, DITA NON SPECIFICATE;ALTRA ASPORTAZIONE DI TESSUTI MOLLI;8349;
75500;POLIDATTILIA, DITA NON SPECIFICATE;ALTRA ASPORTAZIONE O DEMOLIZIONE LOCALE DI LESIONE DELL'ARTICOLAZIONE DELLA MANO E DELLE DITA DELLA MANO;8084;
75500;POLIDATTILIA, DITA NON SPECIFICATE;ALTRA ASPORTAZIONE, FUSIONE O RIPARAZIONE DI DITA;7758;
75500;POLIDATTILIA, DITA NON SPECIFICATE;ALTRA INCISIONE DEI TESSUTI MOLLI;8309;
75500;POLIDATTILIA, DITA NON SPECIFICATE;ALTRI INTERVENTI SULL'APPARATO MUSCOLOSCHELETRICO;8499;
75500;POLIDATTILIA, DITA NON SPECIFICATE;ALTRO INNESTO DI CUTE SULLA MANO;8662;
75500;POLIDATTILIA, DITA NON SPECIFICATE;AMPUTAZIONE A LIVELLO DELLA MANO;8403;
75500;POLIDATTILIA, DITA NON SPECIFICATE;AMPUTAZIONE DI DITA DEL PIEDE;8411;
75500;POLIDATTILIA, DITA NON SPECIFICATE;AMPUTAZIONE E DISARTICOLAZIONE DEL POLLICE;8402;
75500;POLIDATTILIA, DITA NON SPECIFICATE;AMPUTAZIONE E DISARTICOLAZIONE DI DITA DELLA MANO;8401;
75500;POLIDATTILIA, DITA NON SPECIFICATE;AMPUTAZIONE, SAI;8491;
75500;POLIDATTILIA, DITA NON SPECIFICATE;ASPORTAZIONE DI ALTRE LESIONI DEI TESSUTI MOLLI DELLA MANO;8229;
75500;POLIDATTILIA, DITA NON SPECIFICATE;ASPORTAZIONE RADICALE DI LESIONE DELLA CUTE;864;
75500;POLIDATTILIA, DITA NON SPECIFICATE;CORREZIONE DI CICATRICE O BRIGLIA RETRATTILE DELLA CUTE;8684;
75500;POLIDATTILIA, DITA NON SPECIFICATE;INCISIONE DI CAPSULA ARTICOLARE, LEGAMENTI O CARTILAGINE DEL PIEDE E DELLE DITA DEL PIEDE;8048;
75500;POLIDATTILIA, DITA NON SPECIFICATE;LEGATURA DI APPENDICE DERMICA;8626;
75500;POLIDATTILIA, DITA NON SPECIFICATE;LISI DI ALTRE SINECHIE ANTERIORI;1232;
75500;POLIDATTILIA, DITA NON SPECIFICATE;RIPARAZIONE DI DIFETTI DELLA MANO;8282;
75501;DI DITA DELLA MANO;ALTRA ASPORTAZIONE DELL'ARTICOLAZIONE DELLA MANO E DELLE DITA DELLA MANO;8094;
75501;DI DITA DELLA MANO;ALTRA ASPORTAZIONE O DEMOLIZIONE LOCALE DI LESIONE DELL'ARTICOLAZIONE DELLA MANO E DELLE DITA DELLA MANO;8084;
75501;DI DITA DELLA MANO;ALTRA ASPORTAZIONE, FUSIONE O RIPARAZIONE DI DITA;7758;
75501;DI DITA DELLA MANO;ALTRA INCISIONE DEI TESSUTI MOLLI DELLA MANO;8209;
75501;DI DITA DELLA MANO;ALTRA TENOPLASTICA DELLA MANO;8286;
75501;DI DITA DELLA MANO;ALTRI CAMBIAMENTI DI LUNGHEZZA DI MUSCOLI E TENDINI;8385;
75501;DI DITA DELLA MANO;ALTRI INTERVENTI DI PLASTICA SULLA MANO;8289;
75501;DI DITA DELLA MANO;AMPUTAZIONE A LIVELLO DEL PIEDE;8412;
75501;DI DITA DELLA MANO;AMPUTAZIONE DI DITA DEL PIEDE;8411;
75501;DI DITA DELLA MANO;AMPUTAZIONE E DISARTICOLAZIONE DEL POLLICE;8402;
75501;DI DITA DELLA MANO;AMPUTAZIONE E DISARTICOLAZIONE DI DITA DELLA MANO;8401;
75501;DI DITA DELLA MANO;AMPUTAZIONE, SAI;8491;
75501;DI DITA DELLA MANO;ASPORTAZIONE DI ALTRE LESIONI DEI TESSUTI MOLLI DELLA MANO;8229;
75501;DI DITA DELLA MANO;ASPORTAZIONE RADICALE DI LESIONE DELLA CUTE;864;
75501;DI DITA DELLA MANO;Chiusura di cute e tessuto sottocutaneo di altre sedi;8659;
75501;DI DITA DELLA MANO;CORREZIONE DI SINDATTILIA;8685;
75501;DI DITA DELLA MANO;INNESTO DI CUTE A TUTTO SPESSORE SULLA MANO;8661;
75501;DI DITA DELLA MANO;RIPARAZIONE DI DIFETTI DELLA MANO;8282;
75501;DI DITA DELLA MANO;SEQUESTRECTOMIA DI ALTRE OSSA, ESCLUSE QUELLE FACCIALI;7709;
75501;DI DITA DELLA MANO;TENOTOMIA DELLA MANO SEZIONE DI TENDINE DELLA MANO;8211;
75501;DI DITA DELLA MANO;TRASFERIMENTO DI DITA, AD ECCEZIONE DEL POLLICE;8281;
75501;DI DITA DELLA MANO;TRASFERIMENTO DI INNESTO PEDUNCOLATO A LEMBO IN ALTRE SEDI;8674;
75501;POLIDATTILIA DI DITA DELLA MANO;LEGATURA DI APPENDICE DERMICA;8626;
75502;DI DITA DEL PIEDE;ALTRA ASPORTAZIONE DELL'ARTICOLAZIONE DEL PIEDE E DEL LE DITA DEL PIEDE;8098;
75502;DI DITA DEL PIEDE;ALTRA ASPORTAZIONE DI TESSUTI MOLLI;8349;
75502;DI DITA DEL PIEDE;ALTRA ASPORTAZIONE, FUSIONE O RIPARAZIONE DI DITA;7758;
75502;DI DITA DEL PIEDE;AMPUTAZIONE A LIVELLO DEL PIEDE;8412;
75502;DI DITA DEL PIEDE;AMPUTAZIONE DI DITA DEL PIEDE;8411;
75502;DI DITA DEL PIEDE;ASPORTAZIONE DI LESIONE DEI MUSCOLI;8332;
75502;DI DITA DEL PIEDE;ASPORTAZIONE LOCALE DI LESIONE O TESSUTO DI TARSO E METATARSO;7768;
75502;DI DITA DEL PIEDE;CORREZIONE DI SINDATTILIA;8685;
7551;SINDATTILIA;ALTRA ASPORTAZIONE, FUSIONE O RIPARAZIONE DI DITA;7758;
75510;DI SITI MULTIPLI E NON SPECIFICATI;AMPUTAZIONE DI DITA DEL PIEDE;8411;
75510;DI SITI MULTIPLI E NON SPECIFICATI;CORREZIONE DI SINDATTILIA;8685;
75510;DI SITI MULTIPLI E NON SPECIFICATI;INNESTO CUTANEO LIBERO, SAI;8660;
75510;DI SITI MULTIPLI E NON SPECIFICATI;RIPARAZIONE DI DIFETTI DELLA MANO;8282;
75510;DI SITI MULTIPLI E NON SPECIFICATI;TENOTOMIA DELL'ACHILLEO;8311;
75511;DI DITA DELLA MANO SENZA FUSIONE DELL'OSSO;ALTRA ASPORTAZIONE DELL'ARTICOLAZIONE DELLA MANO E DELLE DITA DELLA MANO;8094;
75511;DI DITA DELLA MANO SENZA FUSIONE DELL'OSSO;ALTRA ASPORTAZIONE O DEMOLIZIONE LOCALE DI LESIONE DELL'ARTICOLAZIONE DELLA MANO E DELLE DITA DELLA MANO;8084;
75511;DI DITA DELLA MANO SENZA FUSIONE DELL'OSSO;ALTRO INNESTO DI CUTE SULLA MANO;8662;
75511;DI DITA DELLA MANO SENZA FUSIONE DELL'OSSO;CORREZIONE DI SINDATTILIA;8685;
75511;DI DITA DELLA MANO SENZA FUSIONE DELL'OSSO;INNESTO DI CUTE A TUTTO SPESSORE SULLA MANO;8661;
75511;DI DITA DELLA MANO SENZA FUSIONE DELL'OSSO;INTERVENTO DI PLASTICA SULLA MANO CON ALTRO INNESTO O IMPIANTO;8279;
75511;DI DITA DELLA MANO SENZA FUSIONE DELL'OSSO;RIMOZIONE DI UNGHIA, MATRICE UNGUEALE O PLICA UNGUEALE;8623;
75511;DI DITA DELLA MANO SENZA FUSIONE DELL'OSSO;RIPARAZIONE DI DIFETTI DELLA MANO;8282;
75511;DI DITA DELLA MANO SENZA FUSIONE DELL'OSSO;TRASFERIMENTO DI INNESTO PEDUNCOLATO A LEMBO IN ALTRE SEDI;8674;
75511;SINDATTILIA DI DITA DELLA MANO SENZA FUSIONE DELL'OSSO;Innesto di derma rigenerativo;8667;
75511;SINDATTILIA DI DITA DELLA MANO SENZA FUSIONE DELL'OSSO;SUTURA DELLA CAPSULA O DEI LEGAMENTI DELL'ARTO SUPERIORE;8193;
75512;DI DITA DELLA MANO CON FUSIONE DELL'OSSO;AVANZAMENTO DI LEMBO PEDUNCOLATO;8672;
75512;DI DITA DELLA MANO CON FUSIONE DELL'OSSO;CORREZIONE DI SINDATTILIA;8685;
75512;DI DITA DELLA MANO CON FUSIONE DELL'OSSO;FISSAZIONE INTERNA DI ALTRO OSSO, SENZA RIDUZIONE DI FRATTURA;7859;
75512;DI DITA DELLA MANO CON FUSIONE DELL'OSSO;INNESTO DI CUTE A TUTTO SPESSORE SULLA MANO;8661;
75513;DI DITA DEL PIEDE SENZA FUSIONE DELL'OSSO;ALTRA ASPORTAZIONE O DEMOLIZIONE LOCALE DI LESIONE O TESSUTO CUTANEO E SOTTOCUTANEO;863;
75513;DI DITA DEL PIEDE SENZA FUSIONE DELL'OSSO;AMPUTAZIONE, SAI;8491;
75513;DI DITA DEL PIEDE SENZA FUSIONE DELL'OSSO;CORREZIONE DI SINDATTILIA;8685;
75513;DI DITA DEL PIEDE SENZA FUSIONE DELL'OSSO;RIPARAZIONE DI DIFETTI DELLA MANO;8282;
75513;DI DITA DEL PIEDE SENZA FUSIONE DELL'OSSO;SEQUESTRECTOMIA DI ALTRE OSSA, ESCLUSE QUELLE FACCIALI;7709;
75513;DI DITA DEL PIEDE SENZA FUSIONE DELL'OSSO;TENOTOMIA DELL'ACHILLEO;8311;
75520;DIFETTO IN RIDUZIONE NON SPECIFICATA DELL'ARTO SUPERIORE;ALTRI INTERVENTI SU MUSCOLI, TENDINI E FASCE DELLA MANO;8299;
75520;DIFETTO IN RIDUZIONE NON SPECIFICATA DELL'ARTO SUPERIORE;CORREZIONE DI CICATRICE O BRIGLIA RETRATTILE DELLA CUTE;8684;
75520;DIFETTO IN RIDUZIONE NON SPECIFICATA DELL'ARTO SUPERIORE;RIPARAZIONE DI DIFETTI DELLA MANO;8282;
75520;DIFETTO IN RIDUZIONE NON SPECIFICATA DELL'ARTO SUPERIORE;TRASPOSIZIONE O TRAPIANTO DI MUSCOLI;8377;
75521;DIFETTO IN RIDUZIONE TRASVERSO DELL'ARTO SUPERIORE;CORREZIONE DI SINDATTILIA;8685;
75521;DIFETTO IN RIDUZIONE TRASVERSO DELL'ARTO SUPERIORE;Innesto di derma rigenerativo;8667;
75522;DIFETTO LONGITUDINALE DELL'ARTO SUPERIORE, NON CLASSIFICATO ALTROVE;ALTRI INTERVENTI DI PLASTICA SULLA MANO;8289;
75522;DIFETTO LONGITUDINALE DELL'ARTO SUPERIORE, NON CLASSIFICATO ALTROVE;APPLICAZIONE DI FISSATORE ESTERNO DI RADIO E ULNA;7813;
75522;DIFETTO LONGITUDINALE DELL'ARTO SUPERIORE, NON CLASSIFICATO ALTROVE;ARTROPLASTICA DELLA ARTICOLAZIONE CARPOCARPALE O CARPOMETACARPALE SENZA IMPIANTO;8175;
75528;DIFETTO LONGITUDINALE, CARPALE O METACARPALE, COMPLETO O PARZIALE (CON O SENZA DIFETTO INCOMPLETO DE;RIMOZIONE DI UNGHIA, MATRICE UNGUEALE O PLICA UNGUEALE;8623;
75529;DIFETTO LONGITUDINALE DELLE FALANGI, COMPLETO O PARZIALE;ALTRA TENOTOMIA;8313;
75529;DIFETTO LONGITUDINALE DELLE FALANGI, COMPLETO O PARZIALE;CORREZIONE DI SINDATTILIA;8685;
75529;DIFETTO LONGITUDINALE DELLE FALANGI, COMPLETO O PARZIALE;INNESTO OSSEO, SEDE NON SPECIFICATA;7800;
75529;DIFETTO LONGITUDINALE DELLE FALANGI, COMPLETO O PARZIALE;RIMOZIONE DI DISPOSITIVO IMPIANTATO DA TARSO E METATARSO;7868;
75529;DIFETTO LONGITUDINALE DELLE FALANGI, COMPLETO O PARZIALE;TENOTOMIA DELL'ACHILLEO;8311;
75530;DIFETTO IN RIDUZIONE DI MALFORMAZIONI DELL'ARTO INFERIORE, NON SPECIFICATO;CORREZIONE DI SINDATTILIA;8685;
75530;DIFETTO IN RIDUZIONE DI MALFORMAZIONI DELL'ARTO INFERIORE, NON SPECIFICATO;RIPARAZIONE DI DIFETTI DELLA MANO;8282;
75538;DIFETTO LONGITUDINALE, DEL TARSO O METATARSO, COMPLETO O PARZIALE (CON O SENZA DIFETTO INCOMPLETO DELLE FALANGI);TENOTOMIA DELL'ACHILLEO;8311;
75539;DIFETTO LONGITUDINALE, DELLE FALANGI, COMPLETO O PARZIALE;ALTRA TENOTOMIA;8313;
75539;DIFETTO LONGITUDINALE, DELLE FALANGI, COMPLETO O PARZIALE;ASPORTAZIONE RADICALE DI LESIONE DELLA CUTE;864;
75539;DIFETTO LONGITUDINALE, DELLE FALANGI, COMPLETO O PARZIALE;AVANZAMENTO DI LEMBO PEDUNCOLATO;8672;
75539;DIFETTO LONGITUDINALE, DELLE FALANGI, COMPLETO O PARZIALE;RIPARAZIONE DI DIFETTI DELLA MANO;8282;
75539;DIFETTO LONGITUDINALE, DELLE FALANGI, COMPLETO O PARZIALE;TRASFERIMENTO DI INNESTO PEDUNCOLATO A LEMBO IN ALTRE SEDI;8674;
75550;ANOMALIE DELL'ARTO SUPERIORE, NON SPECIFICATE;ALTRA RIPARAZIONE ARTICOLARE;8196;
75550;ANOMALIE DELL'ARTO SUPERIORE, NON SPECIFICATE;ALTRA TENOTOMIA;8313;
75550;ANOMALIE DELL'ARTO SUPERIORE, NON SPECIFICATE;AMPUTAZIONE E DISARTICOLAZIONE DI DITA DELLA MANO;8401;
75550;ANOMALIE DELL'ARTO SUPERIORE, NON SPECIFICATE;CORREZIONE DI SINDATTILIA;8685;
75550;ANOMALIE DELL'ARTO SUPERIORE, NON SPECIFICATE;INTERVENTO DI PLASTICA SULLA MANO CON INNESTO DI MUSCOLO O FASCIA MUSCOLARE;8272;
75555;ACROCEFALOSINDATTILIA;ALTRE PROCEDURE DIAGNOSTICHE SULLE STRUTTURE ARTICOLARI;8198;
75555;ACROCEFALOSINDATTILIA;AVANZAMENTO DI LEMBO PEDUNCOLATO;8672;
75555;ACROCEFALOSINDATTILIA;RIMOZIONE DI DISPOSITIVO IMPIANTATO DA TARSO E METATARSO;7868;
75555;ACROCEFALOSINDATTILIA;TENOTOMIA DELL'ACHILLEO;8311;
75558;ECTRODATTILIA, CONGENITA;AMPUTAZIONE E DISARTICOLAZIONE DEL POLLICE;8402;
75558;ECTRODATTILIA, CONGENITA;RIDUZIONE CRUENTA DI FRATTURA DELLE FALANGI DELLA MANO, CON FISSAZIONE INTERNA;7934;
75558;ECTRODATTILIA, CONGENITA;SUTURA DIFFERITA DI ALTRI TENDINI DELLA MANO;8243;
75559;ALTRE ANOMALIE DELL'ARTO SUPERIORE NON SPECIFICATE;INCISIONE DI CAPSULA ARTICOLARE, LEGAMENTI O CARTILAGINE DELLA MANO E DELLE DITA DELLA MANO;8044;
75560;ANOMALIE NON SPECIFICATE DELL'ARTO INFERIORE;ALTRA SEZIONE DEI TESSUTI MOLLI;8319;
75560;ANOMALIE NON SPECIFICATE DELL'ARTO INFERIORE;ALTRI CAMBIAMENTI DI LUNGHEZZA DI MUSCOLI E TENDINI;8385;
75563;ALTRE MALFORMAZIONI CONGENITE DELL'ANCA (ARTICOLAZIONE);ALTRA SEZIONE DEL FEMORE;7735;S
75563;ALTRE MALFORMAZIONI CONGENITE DELL'ANCA (ARTICOLAZIONE);MESSA A PUNTO DI APPARECCHIO ORTESICO;9323;
75563;ALTRE MALFORMAZIONI CONGENITE DELL'ANCA (ARTICOLAZIONE);RIDUZIONE CRUENTA DI LUSSAZIONE DELL'ANCA;7985;S
75563;ALTRE MALFORMAZIONI CONGENITE DELL'ANCA (ARTICOLAZIONE);RIDUZIONE INCRUENTA DI LUSSAZIONE DELL'ANCA;7975;S
75563;ALTRE MALFORMAZIONI CONGENITE DELL'ANCA (ARTICOLAZIONE);SOSTITUZIONE TOTALE DELL'ANCA;8151;S
75566;ALTRE ANOMALIE DELLE DITA DEL PIEDE;AMPUTAZIONE DI DITA DEL PIEDE;8411;
75566;ALTRE ANOMALIE DELLE DITA DEL PIEDE;LEGATURA DI APPENDICE DERMICA;8626;
75566;ALTRE ANOMALIE DELLE DITA DEL PIEDE;TENOTOMIA DELL'ACHILLEO;8311;
75567;ANOMALIE DEL PIEDE, NON CLASSIFICATE ALTROVE;ALTRA RIPARAZIONE ARTICOLARE;8196;
75567;ANOMALIE DEL PIEDE, NON CLASSIFICATE ALTROVE;CORREZIONE DI SINDATTILIA;8685;
75567;ANOMALIE DEL PIEDE, NON CLASSIFICATE ALTROVE;LEGATURA DI APPENDICE DERMICA;8626;
75569;ALTRE ANOMALIE DELL'ARTO INFERIORE NON SPECIFICATE;ALTRA OSTEOTOMIA PARZIALE DI ALTRE OSSA;7789;
7558;ALTRE ANOMALIE SPECIFICATE DI ARTO NON SPECIFICATO;AMPUTAZIONE E DISARTICOLAZIONE DI DITA DELLA MANO;8401;
7559;ANOMALIE NON SPECIFICATE DI ARTO NON SPECIFICATO;TENOTOMIA DELL'ACHILLEO;8311;
7560;ANOMALIE DEL CRANIO E DELLE OSSA DELLA FACCIA;ALTRA ASPORTAZIONE DELLA BOCCA;2749;
7560;ANOMALIE DEL CRANIO E DELLE OSSA DELLA FACCIA;ALTRA CRANIECTOMIA;0125;
7560;ANOMALIE DEL CRANIO E DELLE OSSA DELLA FACCIA;ALTRA CRANIOTOMIA;0124;
7560;ANOMALIE DEL CRANIO E DELLE OSSA DELLA FACCIA;ALTRA MANDIBOLECTOMIA TOTALE;7642;
7560;ANOMALIE DEL CRANIO E DELLE OSSA DELLA FACCIA;ALTRA OCCLUSIONE CHIRURGICA DI VASI INTRACRANICI;3881;
7560;ANOMALIE DEL CRANIO E DELLE OSSA DELLA FACCIA;ALTRA ORBITOTOMIA;1609;
7560;ANOMALIE DEL CRANIO E DELLE OSSA DELLA FACCIA;ALTRA RIPARAZIONE PLASTICA DEL PALATO;2769;
7560;ANOMALIE DEL CRANIO E DELLE OSSA DELLA FACCIA;ALTRA TRACHEOSTOMIA PERMANENTE;3129;
7560;ANOMALIE DEL CRANIO E DELLE OSSA DELLA FACCIA;ALTRI INTERVENTI DI RIPARAZIONE E PLASTICA SULLA LINGUA;2559;
7560;ANOMALIE DEL CRANIO E DELLE OSSA DELLA FACCIA;ALTRI INTERVENTI SUL CRANIO, SUL CERVELLO E SULLE MENINGI;0299;
7560;ANOMALIE DEL CRANIO E DELLE OSSA DELLA FACCIA;ALTRI INTERVENTI SULLE OSSA E ARTICOLAZIONI FACCIALI;7699;
7560;ANOMALIE DEL CRANIO E DELLE OSSA DELLA FACCIA;ALTRI TIPI DI OSTEOPLASTICA DEL CRANIO;0206;
7560;ANOMALIE DEL CRANIO E DELLE OSSA DELLA FACCIA;APERTURA DI SUTURE DEL CRANIO;0201;
7560;ANOMALIE DEL CRANIO E DELLE OSSA DELLA FACCIA;ASPORTAZIONE DI LESIONI DEL CRANIO;016;
7560;ANOMALIE DEL CRANIO E DELLE OSSA DELLA FACCIA;ASPORTAZIONE O DEMOLIZIONE DI LESIONE O TESSUTO DELLA LINGUA;251;
7560;ANOMALIE DEL CRANIO E DELLE OSSA DELLA FACCIA;ASPORTAZIONE O DEMOLIZIONE LOCALE DI LESIONE O TESSUTO DELLA TRACHEA;315;
7560;ANOMALIE DEL CRANIO E DELLE OSSA DELLA FACCIA;CHIUSURA DI ALTRA FISTOLA DELLA TRACHEA;3173;
7560;ANOMALIE DEL CRANIO E DELLE OSSA DELLA FACCIA;CORREZIONE DI BLEFAROPTOSI CON ALTRE TECNICHE;0836;
7560;ANOMALIE DEL CRANIO E DELLE OSSA DELLA FACCIA;CORREZIONE DI PALATOSCHISI;2762;
7560;ANOMALIE DEL CRANIO E DELLE OSSA DELLA FACCIA;GENGIVOPLASTICA;242;
7560;ANOMALIE DEL CRANIO E DELLE OSSA DELLA FACCIA;INCISIONE DEL PALATO;271;
7560;ANOMALIE DEL CRANIO E DELLE OSSA DELLA FACCIA;INNESTO OSSEO SU OSSA FACCIALI;7691;
7560;ANOMALIE DEL CRANIO E DELLE OSSA DELLA FACCIA;LISI DI ADERENZE DEL NASO;2191;
7560;ANOMALIE DEL CRANIO E DELLE OSSA DELLA FACCIA;OSTEOTOMIA TOTALE DI ALTRE OSSA FACCIALI CON CONTEMPORANEA RICOSTRUZIONE;7644;
7560;ANOMALIE DEL CRANIO E DELLE OSSA DELLA FACCIA;REVISIONE DELLA TRACHEOSTOMIA;3174;
7560;ANOMALIE DEL CRANIO E DELLE OSSA DELLA FACCIA;RIDUZIONE DI FRATTURA DELLA FACCIA, SAI;7670;
7560;ANOMALIE DEL CRANIO E DELLE OSSA DELLA FACCIA;RIMOZIONE DI DISPOSITIVO IMPIANTATO DA ALTRE OSSA;7869;
7560;ANOMALIE DEL CRANIO E DELLE OSSA DELLA FACCIA;RIPARAZIONE DI SCHISI DEL LABBRO;2754;
7560;ANOMALIE DEL CRANIO E DELLE OSSA DELLA FACCIA;TRASFERIMENTO DI INNESTO PEDUNCOLATO A LEMBO IN ALTRE SEDI;8674;
75610;ANOMALIE DELLA COLONNA, NON SPECIFICATE;APERTURA DI SUTURE DEL CRANIO;0201;
75617;SPINA BIFIDA OCCULTA;ALTRA ESPLORAZIONE E DECOMPRESSIONE DEL CANALE VERTEBRALE;0309;
75617;SPINA BIFIDA OCCULTA;ALTRI INTERVENTI DI RIPARAZIONE E DI PLASTICA SUL MIDOLLO SPINALE;0359;
75617;SPINA BIFIDA OCCULTA;RIPARAZIONE DI MENINGOCELE SPINALE;0351;
7564;CONDRODISTROFIA;ALLUNGAMENTO DI ALTRO OSSO;7839;
7564;CONDRODISTROFIA;ALTRA ASPORTAZIONE O DEMOLIZIONE DI LESIONE O TESSUTO CEREBRALE;0159;
7564;CONDRODISTROFIA;ALTRA CRANIOTOMIA;0124;
7564;CONDRODISTROFIA;ALTRI CAMBIAMENTI DI LUNGHEZZA DI MUSCOLI E TENDINI;8385;
7564;CONDRODISTROFIA;RIDUZIONE INCRUENTA DI FRATTURA DEL FEMORE SENZA FISSAZIONE INTERNA;7905;
75651;OSTEOGENESI IMPERFETTA;ALLUNGAMENTO DI ALTRO OSSO;7839;
75651;OSTEOGENESI IMPERFETTA;ALTRI CAMBIAMENTI DI LUNGHEZZA DI MUSCOLI E TENDINI;8385;
75651;OSTEOGENESI IMPERFETTA;RIDUZIONE INCRUENTA DI FRATTURA DEL FEMORE SENZA FISSAZIONE INTERNA;7905;
75659;ALTRE OSTEODISTROFIE;APERTURA DI SUTURE DEL CRANIO;0201;
7566;ANOMALIE DEL DIAFRAMMA;ALTRA GASTROSTOMIA;4319;
7566;ANOMALIE DEL DIAFRAMMA;ALTRA RIPARAZIONE DEL DIAFRAMMA;3484;
7566;ANOMALIE DEL DIAFRAMMA;ALTRE LISI DI ADESIONI PERITONEALI;5459;
7566;ANOMALIE DEL DIAFRAMMA;ALTRI INTERVENTI SUL DIAFRAMMA;3489;
7566;ANOMALIE DEL DIAFRAMMA;ALTRI INTERVENTI SUL POLMONE;3399;
7566;ANOMALIE DEL DIAFRAMMA;APPENDECTOMIA LAPAROSCOPICA IN CORSO DI ALTRO INTERVENTO;4711;
7566;ANOMALIE DEL DIAFRAMMA;PLICATURA DEL DIAFRAMMA;5381;
7566;ANOMALIE DEL DIAFRAMMA;RIPARAZIONE DI ERNIA DIAFRAMMATICA PER VIA TORACICA, SAI;5380;
7566;ANOMALIE DEL DIAFRAMMA;RIPARAZIONE DI ERNIA DIAFRAMMATICA, PER VIA ADDOMINALE;537;
7566;ANOMALIE DEL DIAFRAMMA;RIPARAZIONE DI ERNIA PARASTERNALE;5382;
7566;ANOMALIE DEL DIAFRAMMA;SUTURA DI LACERAZIONE DEL DIAFRAMMA;3482;
7567;ANOMALIE DELLA PARETE ADDOMINALE;ALTRA SUTURA DELLA PARETE ADDOMINALE;5463;
7567;ANOMALIE DELLA PARETE ADDOMINALE;RIPARAZIONE DI ALTRA ERNIA DELLA PARETE ADDOMINALE ANTERIORE CON PROTESI;5369;
7567;ANOMALIE DELLA PARETE ADDOMINALE;RIPARAZIONE DI ERNIA SU INCISIONE CON PROTESI;5361;
7567;ANOMALIE DELLA PARETE ADDOMINALE;RIPARAZIONE DI GASTROSCHISI;5471;
75670;ANOMALIA DELLA PARETE ADDOMINALE,NON SPECIFICATA;ALTRA ERNIORRAFIA OMBELICALE;5349;
75670;ANOMALIA DELLA PARETE ADDOMINALE,NON SPECIFICATA;ALTRA RIPARAZIONE DELLA PARETE ADDOMINALE;5472;
75670;ANOMALIA DELLA PARETE ADDOMINALE,NON SPECIFICATA;INTERVENTO DI PLASTICA PER LA RIDUZIONE DI AMPIEZZA;8683;
75670;ANOMALIA DELLA PARETE ADDOMINALE,NON SPECIFICATA;MANIPOLAZIONE INTRAADDOMINALE DELL'INTESTINO, NON ALTRIMENTI SPECIFICATO;4680;
75670;ANOMALIA DELLA PARETE ADDOMINALE,NON SPECIFICATA;RIPARAZIONE DI ALTRA ERNIA DELLA PARETE ADDOMINALE ANTERIORE;5359;
75671;SINDROME DI PRUNE BELLY;ALTRA RIPARAZIONE DELLA PARETE ADDOMINALE;5472;
75671;SINDROME DI PRUNE BELLY;RIPARAZIONE DI GASTROSCHISI;5471;
75679;ALTRE ANOMALIE CONGENITE DELLA PARETE ADDOMINALE;ALTRA ANASTOMOSI INTESTINALE TENUE-CRASSO;4593;
75679;ALTRE ANOMALIE CONGENITE DELLA PARETE ADDOMINALE;ALTRA ERNIORRAFIA OMBELICALE;5349;
75679;ALTRE ANOMALIE CONGENITE DELLA PARETE ADDOMINALE;ALTRA GASTROSTOMIA;4319;
75679;ALTRE ANOMALIE CONGENITE DELLA PARETE ADDOMINALE;ALTRA INCISIONE DELL'INTESTINO TENUE;4502;
75679;ALTRE ANOMALIE CONGENITE DELLA PARETE ADDOMINALE;ALTRA RESEZIONE DEL RETTO;4869;
75679;ALTRE ANOMALIE CONGENITE DELLA PARETE ADDOMINALE;ALTRA RESEZIONE PARZIALE DELL'INTESTINO TENUE;4562;
75679;ALTRE ANOMALIE CONGENITE DELLA PARETE ADDOMINALE;ALTRA RIPARAZIONE DELLA PARETE ADDOMINALE;5472;
75679;ALTRE ANOMALIE CONGENITE DELLA PARETE ADDOMINALE;ALTRA SUTURA DELLA PARETE ADDOMINALE;5463;
75679;ALTRE ANOMALIE CONGENITE DELLA PARETE ADDOMINALE;ALTRE LISI DI ADESIONI PERITONEALI;5459;
75679;ALTRE ANOMALIE CONGENITE DELLA PARETE ADDOMINALE;ALTRI INTERVENTI SULL'INTESTINO;4699;
75679;ALTRE ANOMALIE CONGENITE DELLA PARETE ADDOMINALE;ANASTOMOSI FRA VENTRICOLO, CAVITA' ADDOMINALE E SUOI ORGANI;0234;
75679;ALTRE ANOMALIE CONGENITE DELLA PARETE ADDOMINALE;ASPORTAZIONE O DEMOLIZIONE DI LESIONE O TESSUTO DI PARETE ADDOMINALE O DELL'OMBELICO;543;
75679;ALTRE ANOMALIE CONGENITE DELLA PARETE ADDOMINALE;EMICOLECTOMIA DESTRA;4573;
75679;ALTRE ANOMALIE CONGENITE DELLA PARETE ADDOMINALE;ILEOSTOMIA TEMPORANEA;4621;
75679;ALTRE ANOMALIE CONGENITE DELLA PARETE ADDOMINALE;RESEZIONE DI SEGMENTO ESTERIORIZZATO DELL'INTESTINO TENUE;4602;
75679;ALTRE ANOMALIE CONGENITE DELLA PARETE ADDOMINALE;RESEZIONE SEGMENTARIA MULTIPLA DELL'INTESTINO TENUE;4561;
75679;ALTRE ANOMALIE CONGENITE DELLA PARETE ADDOMINALE;RIPARAZIONE DI ALTRA ERNIA DELLA PARETE ADDOMINALE ANTERIORE;5359;
75679;ALTRE ANOMALIE CONGENITE DELLA PARETE ADDOMINALE;RIPARAZIONE DI GASTROSCHISI;5471;
75689;ALTRE ANOMALIE NON SPECIFICATE DI MUSCOLI, TENDINI, FASCIA E TESSUTO CONNETTIVO;ALTRI INTERVENTI SU MUSCOLI E TENDINI EXTRAOCULARI;159;
75689;ALTRE ANOMALIE NON SPECIFICATE DI MUSCOLI, TENDINI, FASCIA E TESSUTO CONNETTIVO;ASPORTAZIONE DI LESIONE DELLA FASCIA TENDINEA DELLA MANO;8221;
75689;ALTRE ANOMALIE NON SPECIFICATE DI MUSCOLI, TENDINI, FASCIA E TESSUTO CONNETTIVO;RIPARAZIONE MONOLATERALE DI ERNIA INGUINALE INDIRETTA;5302;
7569;ALTRE E NON SPECIFICATE ANOMALIE DEL SISTEMA MUSCOLOSCHELETRICO;ALTRA SEZIONE DI ALTRE OSSA, ESCLUSE QUELLE FACCIALI;7739;
7569;ALTRE E NON SPECIFICATE ANOMALIE DEL SISTEMA MUSCOLOSCHELETRICO;ALTRI INTERVENTI SU MUSCOLI, TENDINI E FASCE DELLA MANO;8299;
7569;ALTRE E NON SPECIFICATE ANOMALIE DEL SISTEMA MUSCOLOSCHELETRICO;RICOSTRUZIONE DEL PENE;6444;
7569;ALTRE E NON SPECIFICATE ANOMALIE DEL SISTEMA MUSCOLOSCHELETRICO;RIDUZIONE INCRUENTA DI FRATTURA DI ALTRO OSSO SPECIFICATO, CON FISSAZIONE INTERNA;7919;
7569;ALTRE E NON SPECIFICATE ANOMALIE DEL SISTEMA MUSCOLOSCHELETRICO;RIPARAZIONE DI IPOSPADIA O EPISPADIA;5845;
7571;ITTIOSI CONGENITA;ALTRE PROCEDURE DIAGNOSTICHE SU CUTE E TESSUTO SOTTOCUTANEO;8619;
7571;ITTIOSI CONGENITA;ALTRI INTERVENTI SULLA CUTE E SUL TESSUTO SOTTOCUTANEO;8699;
75731;DISPLASIA ECTODERMICA CONGENITA;ALTRE PROCEDURE DIAGNOSTICHE SU CUTE E TESSUTO SOTTOCUTANEO;8619;
75732;AMARTOMI VASCOLARI;ALTRA ASPORTAZIONE O DEMOLIZIONE LOCALE DI LESIONE O TESSUTO CUTANEO E SOTTOCUTANEO;863;
75732;AMARTOMI VASCOLARI;ASPORTAZIONE RADICALE DI LESIONE DELLA CUTE;864;
75739;ALTRE ANOMALIE NON SPECIFICATE DELLA CUTE;ASPORTAZIONE O DEMOLIZIONE DI ALTRA LESIONE DELL'ORECCHIO ESTERNO;1829;
75739;ALTRE ANOMALIE NON SPECIFICATE DELLA CUTE;CORREZIONE DI BLEFAROPTOSI CON ALTRE TECNICHE;0836;
7586;DISGENESIA GONADICA;RIMOZIONE DI ENTRAMBE LE OVAIE NELLO STESSO INTERVENTO;6551;
7590;ANOMALIE DELLA MILZA;INTERVENTI DI RIPARAZIONE E DI PLASTICA SULLA MILZA;4195;
7592;ANOMALIE DI ALTRE GHIANDOLE ENDOCRINE;ASPORTAZIONE DEL TRATTO O DOTTO TIREOGLOSSO;067;
7593;SITUS INVERSUS;ANASTOMOSI ARTERIOSO SISTEMICO POLMONARE;390;
7593;SITUS INVERSUS;CORREZIONE TOTALE DI TETRALOGIA DI FALLOT;3581;
7593;SITUS INVERSUS;VALVULOPLASTICA A CUORE APERTO DELLA VALVOLA TRICUSPIDE SENZA SOSTITUZIONE;3514;
V4561;STATO POSTCHIRURGICO SUCCESSIVO AD ESTRAZIONE DI CATARATTA;ALTRI INTERVENTI SULLA CORNEA;1199;
V4561;STATO POSTCHIRURGICO SUCCESSIVO AD ESTRAZIONE DI CATARATTA;ESAME DELL'OCCHIO SOTTO ANESTESIA;9504;
V4561;STATO POSTCHIRURGICO SUCCESSIVO AD ESTRAZIONE DI CATARATTA;ESTRAZIONE EXTRACAPSULARE DEL CRISTALLINO CON TECNICA DI ASPIRAZIONE SEMPLICE (E DI IRRIGAZIONE);133;
75550;ANOMALIE DELL'ARTO SUPERIORE, NON SPECIFICATE;ALTRA ASPORTAZIONE, FUSIONE O RIPARAZIONE DI DITA;7758;
74303;CISTI DELL'OCCHIO, CONGENITA;ASPORTAZIONE DI LESIONE DELL'ORBITA;1692;
74910;LABIOSCHISI, NON SPECIFICATA;ALTRA PLASTICA DEL SETTO;2188;
74921;PALATOSCHISI CON LABIOSCHISI UNILATERALE, COMPLETA;INSERZIONE DI IMPIANTO PALATALE;2764;
74903;PALATOSCHISI BILATERALE, COMPLETA;RIPARAZIONE DELL'UGOLA;2773;
74920;PALATOSCHISI CON LABIOSCHISI, NON SPECIFICATA;ALTRI INTERVENTI SULLA TRACHEA;3199;
74783;CIRCOLAZIONE FETALE PERSISTENTE;INCISIONE DEL POLMONE;331;
74602;STENOSI, CONGENITA;SOSTITUZIONE DELLA VALVOLA MITRALE CON BIOPROTESI;3523;
7465;STENOSI MITRALICA CONGENITA;SOSTITUZIONE DELLA VALVOLA MITRALE CON BIOPROTESI;3523;
7466;INSUFFICIENZA MITRALICA CONGENITA;SOSTITUZIONE DELLA VALVOLA MITRALE CON BIOPROTESI;3523;
7597;ANOMALIE CONGENITE MULTIPLE, COSI DESCRITTE;ALLARGAMENTO DI DIFETTO ESISTENTE DEL SETTO ATRIALE;3541;
74510;TRASPOSIZIONE COMPLETA DEI GROSSI VASI;RIPARAZIONE DI DIFETTO DEL SETTO INTERVENTRICOLARE CON INNESTO TISSUTALE;3562;
74711;INTERRUZIONE DELL'ARCO AORTICO;RIPARAZIONE DI DIFETTO DEL SETTO INTERVENTRICOLARE CON INNESTO TISSUTALE;3562;
74602;STENOSI, CONGENITA;RIPARAZIONE DI DIFETTO DEI CUSCINETTI ENDOCARDICI CON INNESTO TISSUTALE;3563;
74689;ALTRE ANOMALIE NON SPECIFICATE DEL CUORE;CORREZIONE TOTALE DI COMPLETA ANOMALIA DELLA CONNESSIONE VENOSA POLMONARE;3582;
74711;INTERRUZIONE DELL'ARCO AORTICO;CORREZIONE TOTALE DEL TRONCO ARTERIOSO;3583;
74512;TRASPOSIZIONE CORRETTA DEI GROSSI VASI;CORREZIONE TOTALE DI TRASPOSIZIONE DI GRANDE VASO NON CLASSIFICATO ALTROVE;3584;
74689;ALTRE ANOMALIE NON SPECIFICATE DEL CUORE;CORREZIONE TOTALE DI TRASPOSIZIONE DI GRANDE VASO NON CLASSIFICATO ALTROVE;3584;
74711;INTERRUZIONE DELL'ARCO AORTICO;CORREZIONE TOTALE DI TRASPOSIZIONE DI GRANDE VASO NON CLASSIFICATO ALTROVE;3584;
7597;ANOMALIE CONGENITE MULTIPLE, COSI DESCRITTE;CORREZIONE TOTALE DI TRASPOSIZIONE DI GRANDE VASO NON CLASSIFICATO ALTROVE;3584;
74512;TRASPOSIZIONE CORRETTA DEI GROSSI VASI;CREAZIONE DI CONDOTTO FRA IL VENTRICOLO SINISTRO E L'AORTA;3593;
7599;ANOMALIE CONGENITE, NON SPECIFICATE;RESEZIONE DELL'AORTA CON ANASTOMOSI;3834;
74569;ALTRI DIFETTI DEI CUSCINETTI ENDOCARDICI;RESEZIONE DI ALTRI VASI TORACICI CON ANASTOMOSI;3835;
74687;MALPOSIZIONE DEL CUORE E DELL'APICE CARDIACO;RESEZIONE DI ALTRI VASI TORACICI CON ANASTOMOSI;3835;
74512;TRASPOSIZIONE CORRETTA DEI GROSSI VASI;RESEZIONE DI ALTRI VASI TORACICI CON SOSTITUZIONE;3845;
7599;ANOMALIE CONGENITE, NON SPECIFICATE;RESEZIONE DI ALTRI VASI TORACICI CON SOSTITUZIONE;3845;
7599;ANOMALIE CONGENITE, NON SPECIFICATE;RESEZIONE DI ALTRI VASI TORACICI CON SOSTITUZIONE;3845;
74710;COARTAZIONE AORTICA (PREDUTTALE) (POSTDUTTALE);ANASTOMOSI ARTERIA CAVA E POLMONARE;3921;
74512;TRASPOSIZIONE CORRETTA DEI GROSSI VASI;ALTRA RIPARAZIONE DI VASI;3959;
74601;ATRESIA, CONGENITA;ALTRA RIPARAZIONE DI VASI;3959;
7473;ANOMALIE DELL'ARTERIA POLMONARE;ALTRI INTERVENTI SUI VASI;3999;
7599;ANOMALIE CONGENITE, NON SPECIFICATE;ANASTOMOSI INTESTINALE TENUE-TENUE;4591;
7511;ATRESIA E STENOSI DELL'INTESTINO TENUE;ANASTOMOSI INTESTINALE CRASSO-CRASSO;4594;
7599;ANOMALIE CONGENITE, NON SPECIFICATE;ALTRA RESEZIONE DEL RETTO;4869;
7599;ANOMALIE CONGENITE, NON SPECIFICATE;ALTRA RIPARAZIONE DELLO SFINTERE ANALE;4979;
7510;DIVERTICOLO DI MECKEL;ALTRA SUTURA DELLA PARETE ADDOMINALE;5463;
7599;ANOMALIE CONGENITE, NON SPECIFICATE;URETEROCUTANEOSTOMIA;5661;
75319;ALTRE MALATTIE CISTICHE DEL RENE SPECIFICATE;ALTRI INTERVENTI SULLA VESCICA;5799;
7533;ALTRE ANOMALIE SPECIFICATE DEL RENE;ALTRI INTERVENTI SULLA VESCICA;5799;
7536;ATRESIA E STENOSI DELL'URETRA E DEL COLLO VESCICALE;ALTRI INTERVENTI SULLA VESCICA;5799;
75319;ALTRE MALATTIE CISTICHE DEL RENE SPECIFICATE;ALTRI INTERVENTI SULL'URETRA E SUL TESSUTO PERIURETRALE;5899;
75322;OSTRUZIONE CONGENITA DELLA GIUNZIONE URETERO-VESCICALE;ALTRI INTERVENTI SULL'URETRA E SUL TESSUTO PERIURETRALE;5899;
7599;ANOMALIE CONGENITE, NON SPECIFICATE;ALTRA ASPORTAZIONE, FUSIONE O RIPARAZIONE DI DITA;7758;
75530;DIFETTO IN RIDUZIONE DI MALFORMAZIONI DELL'ARTO INFERIORE, NON SPECIFICATO;TENOTOMIA DELL'ACHILLEO;8311;
75563;ALTRE MALFORMAZIONI CONGENITE DELL'ANCA (ARTICOLAZIONE);ALTRA TENOTOMIA;8313;
75565;MACRODATTILIA DELLE DITA DEL PIEDE;AMPUTAZIONE DI DITA DEL PIEDE;8411;
74910;LABIOSCHISI, NON SPECIFICATA;LEGATURA DI APPENDICE DERMICA;8626;
7596;ALTRI AMARTOMI, NON CLASSIFICATI ALTROVE;CHIUSURA DI CUTE E TESSUTO SOTTOCUTANEO DI ALTRE SEDI;8659;
74910;LABIOSCHISI, NON SPECIFICATA;ALTRA RIPARAZIONE O RICOSTRUZIONE DI CUTE E TESSUTO SOTTOCUTANEO;8689;
74922;PALATOSCHISI CON LABIOSCHISI UNILATERALE, INCOMPLETA;ALTRA RIPARAZIONE O RICOSTRUZIONE DI CUTE E TESSUTO SOTTOCUTANEO;8689;
75470;PIEDE TORTO NON SPECIFICATO;ALTRA RIPARAZIONE O RICOSTRUZIONE DI CUTE E TESSUTO SOTTOCUTANEO;8689;
74910;LABIOSCHISI, NON SPECIFICATA;ALTRI INTERVENTI SULLA CUTE E SUL TESSUTO SOTTOCUTANEO;8699;
75470;PIEDE TORTO NON SPECIFICATO;ALTRI INTERVENTI SULLA CUTE E SUL TESSUTO SOTTOCUTANEO;8699;
7467;SINDROME DEL CUORE SINISTRO IPOPLASICO;PROCEDURE SU DI UN SINGOLO VASO;0040;
74710;COARTAZIONE AORTICA (PREDUTTALE) (POSTDUTTALE);PROCEDURE SULLA BIFORCAZIONE DEI VASI;0044;
74334;CATARATTA CONGENITA TOTALE E SUBTOTALE;ALTRI INTERVENTI SULLA CORNEA;1199;
74330;CATARATTA CONGENITA, NON SPECIFICATA;ALTRA FISTOLIZZAZIONE SCLERALE CON IRIDECTOMIA;1265;
7480;ATRESIA DELLE COANE;FARINGECTOMIA (PARZIALE);2933;
7485;AGENESIA, IPOPLASIA E DISPLASIA DEL POLMONE;TORACOTOMIA ESPLORATIVA;3402;
74721;ANOMALIE DELL'ARCO AORTICO;REVISIONE DI PROCEDURE CORRETTIVE DEL CUORE;3595;
7454;DIFETTO DEL SETTO INTERVENTRICOLARE;ASPORTAZIONE O DISTRUZIONE DI ALTRA LESIONE O TESSUTO DEL CUORE, APPROCCIO APERTO;3733;
74721;ANOMALIE DELL'ARCO AORTICO;ANASTOMOSI ARTERIOSO SISTEMICO POLMONARE;390;
7462;ANOMALIA DI EBSTEIN;IPOTERMIA (SISTEMICA) INCIDENTALE PER CHIRURGIA A CUORE APERTO;3962;
7462;ANOMALIA DI EBSTEIN;CARDIOPLEGIA;3963;
75679;ALTRE ANOMALIE CONGENITE DELLA PARETE ADDOMINALE;ALTRA RIPARAZIONE DELL'INTESTINO;4679;
7519;ANOMALIE NON SPECIFICATE DEL SISTEMA DIGESTIVO;ALTRA RESEZIONE DEL RETTO CON PULL-THROUGH;4849;
7537;ANOMALIE DELL'URACO;INCISIONE DELLA PARETE ADDOMINALE;540;
75670;ANOMALIA DELLA PARETE ADDOMINALE,NON SPECIFICATA;ALTRA SUTURA DELLA PARETE ADDOMINALE;5463;
7537;ANOMALIE DELL'URACO;ALTRI INTERVENTI SULL'APPARATO URINARIO;5999;
591;IDRONEFROSI;URETROTOMIA ENDOSCOPICA;585;
7566;ANOMALIE DEL DIAFRAMMA;LAPARATOMIA ESPLORATIVA;5411;
7515;ALTRE ANOMALIE DELL'INTESTINO;ALTRA RIPARAZIONE DEL RETTO;4879;
7455;DIFETTO DEL SETTO ATRIALE TIPO OSTIUM SECUNDUM;RICOSTRUZIONE DELLA PALPEBRA, SAI;0870;
5609;OCCLUSIONE INTESTINALE NON SPECIFICATA;COLOSTOMIA TEMPORANEA;4611;
74560;DIFETTO DEI CUSCINETTI ENDOCARDICI, DI TIPO NON SPECIFICATO;MASSAGGIO CARDIACO A TORACE APERTO;3791;
5523;ERNIA DIAFRAMMATICA, CON OSTRUZIONE;MASSAGGIO CARDIACO A TORACE APERTO;3791;
5533;ERNIA DIAFRAMMATICA, SENZA MENZIONE DI OSTRUZIONE O GANGRENA;RIPARAZIONE DI ERNIA DIAFRAMMATICA, PER VIA ADDOMINALE;537;
7485;AGENESIA, IPOPLASIA E DISPLASIA DEL POLMONE;RIPARAZIONE DI ERNIA DIAFRAMMATICA, PER VIA ADDOMINALE;537;
7455;DIFETTO DEL SETTO ATRIALE TIPO OSTIUM SECUNDUM;CORREZIONE TOTALE DI COMPLETA ANOMALIA DELLA CONNESSIONE VENOSA POLMONARE;3582;
7711;INFEZIONE CONGENITA DA VIRUS CITOMEGALICO;ALTRA TRACHEOSTOMIA PERMANENTE;3129;
591;IDRONEFROSI;ALTRA RIPARAZIONE DELL'INTESTINO;4679;
5935;IDROURETERE;ALTRA RIPARAZIONE DELL'INTESTINO;4679;
7455;DIFETTO DEL SETTO ATRIALE TIPO OSTIUM SECUNDUM;RIPARAZIONE CON PROTESI DI DIFETTO DEL SETTO INTERVENTRICOLARE;3553;
591;IDRONEFROSI;ALTRI INTERVENTI SULL'URETERE;5699;
3313;IDROCEFALO COMUNICANTE;ALTRA CRANIOTOMIA;0124;
3313;IDROCEFALO COMUNICANTE;ALTRA CRANIECTOMIA;0125;
3313;IDROCEFALO COMUNICANTE;INCISIONE DELLE MENINGI CEREBRALI;0131;
3313;IDROCEFALO COMUNICANTE;ALTRA ASPORTAZIONE O DEMOLIZIONE DI LESIONE O TESSUTO CEREBRALE;0159;
3313;IDROCEFALO COMUNICANTE;VENTRICOLOSTOMIA;022;
3313;IDROCEFALO COMUNICANTE;ANASTOMOSI FRA VENTRICOLO E STRUTTURE DELLA TESTA E DEL COLLO;0231;
3313;IDROCEFALO COMUNICANTE;ANASTOMOSI FRA VENTRICOLO, CAVITA' ADDOMINALE E SUOI ORGANI;0234;
3313;IDROCEFALO COMUNICANTE;ALTRI INTERVENTI PER IL DRENAGGIO VENTRICOLARE;0239;
3313;IDROCEFALO COMUNICANTE;SOSTITUZIONE DI ANASTOMOSI VENTRICOLARE;0242;
3313;IDROCEFALO COMUNICANTE;RIMOZIONE DI ANASTOMOSI VENTRICOLARE;0243;
3313;IDROCEFALO COMUNICANTE;ANASTOMOSI SPINALE SUBARACNOIDEO-PERITONEALE;0371;
3313;IDROCEFALO COMUNICANTE;ALTRA OCCLUSIONE CHIRURGICA DI ALTRI VASI TORACICI;3885;
